
=======================================================================
  B881 NR5G MAC UL TB Stats — Parsed Records
=======================================================================
  Pkt   Ver    Delta Tx (Bytes)   Cumul Tx        ReTx      
  -------------------------------------------------------------------
  0     3.1    0                  1119312309      94803055  
  1     3.1    0                  1119312309      94803055  
  2     3.1    0                  1119312309      94803055  
  3     3.1    301                1119312610      94803055  
  4     3.1    301                1119312911      94803055  
  5     3.1    0                  1119312911      94803055  
  6     3.1    0                  1119312911      94803055  
  7     3.1    0                  1119312911      94803055  
  8     3.1    309                1119313220      94803055  
  9     3.1    309                1119313529      94803055  
  10    3.1    0                  1119313529      94803055  
  11    3.1    0                  1119313529      94803055  
  12    3.1    0                  1119313529      94803055  
  13    3.1    0                  1119313529      94803055  
  14    3.1    0                  1119313529      94803055  
  15    3.1    0                  1119313529      94803055  
  16    3.1    0                  1119313529      94803055  
  17    3.1    0                  1119313529      94803055  
  18    3.1    0                  1119313529      94803055  
  19    3.1    0                  1119313529      94803055  
  20    3.1    0                  1119313529      94803055  
  21    3.1    285                1119313814      94803055  
  22    3.1    0                  1119313814      94803055  
  23    3.1    0                  1119313814      94803055  
  24    3.1    0                  1119313814      94803055  
  25    3.1    0                  1119313814      94803055  
  26    3.1    0                  1119313814      94803055  
  27    3.1    0                  1119313814      94803055  
  28    3.1    0                  1119313814      94803055  
  29    3.1    0                  1119313814      94803055  
  30    3.1    0                  1119313814      94803055  
  31    3.1    0                  1119313814      94803055  
  32    3.1    0                  1119313814      94803055  
  33    3.1    0                  1119313814      94803055  
  34    3.1    0                  1119313814      94803055  
  35    3.1    0                  1119313814      94803055  
  36    3.1    0                  1119313814      94803055  
  37    3.1    0                  1119313814      94803055  
  38    3.1    0                  1119313814      94803055  
  39    3.1    0                  1119313814      94803055  
  40    3.1    0                  1119313814      94803055  
  41    3.1    0                  1119313814      94803055  
  42    3.1    0                  1119313814      94803055  
  43    3.1    0                  1119313814      94803055  
  44    3.1    309                1119314123      94803055  
  45    3.1    0                  1119314123      94803055  
  46    3.1    0                  1119314123      94803055  
  47    3.1    0                  1119314123      94803055  
  48    3.1    301                1119314424      94803055  
  49    3.1    325                1119314749      94803055  
  50    3.1    309                1119315058      94803055  
  51    3.1    325                1119315383      94803055  
  52    3.1    0                  1119315383      94803055  
  53    3.1    0                  1119315383      94803055  
  54    3.1    0                  1119315383      94803055  
  55    3.1    0                  1119315383      94803055  
  56    3.1    325                1119315708      94803055  
  57    3.1    1505               1119317213      94803055  
  58    3.1    0                  1119317213      94803055  
  59    3.1    0                  1119317213      94803055  
  60    3.1    0                  1119317213      94803055  
  61    3.1    0                  1119317213      94803055  
  62    3.1    301                1119317514      94803055  
  63    3.1    997                1119318511      94803055  
  64    3.1    0                  1119318511      94803055  
  65    3.1    0                  1119318511      94803055  
  66    3.1    0                  1119318511      94803055  
  67    3.1    325                1119318836      94803055  
  68    3.1    989                1119319825      94803055  
  69    3.1    285                1119320110      94803055  
  70    3.1    0                  1119320110      94803055  
  71    3.1    0                  1119320110      94803055  
  72    3.1    301                1119320411      94803055  
  73    3.1    1013               1119321424      94803055  
  74    3.1    325                1119321749      94803055  
  75    3.1    0                  1119321749      94803055  
  76    3.1    325                1119322074      94803055  
  77    3.1    0                  1119322074      94803055  
  78    3.1    301                1119322375      94803055  
  79    3.1    1021               1119323396      94803055  
  80    3.1    309                1119323705      94803055  
  81    3.1    0                  1119323705      94803055  
  82    3.1    0                  1119323705      94803055  
  83    3.1    309                1119324014      94803055  
  84    3.1    576                1119324590      94803055  
  85    3.1    0                  1119324590      94803055  
  86    3.1    0                  1119324590      94803055  
  87    3.1    0                  1119324590      94803055  
  88    3.1    325                1119324915      94803055  
  89    3.1    1029               1119325944      94803055  
  90    3.1    0                  1119325944      94803055  
  91    3.1    0                  1119325944      94803055  
  92    3.1    309                1119326253      94803055  
  93    3.1    309                1119326562      94803055  
  94    3.1    309                1119326871      94803055  
  95    3.1    0                  1119326871      94803055  
  96    3.1    0                  1119326871      94803055  
  97    3.1    0                  1119326871      94803055  
  98    3.1    309                1119327180      94803055  
  99    3.1    325                1119327505      94803055  
  100   3.1    0                  1119327505      94803055  
  101   3.1    0                  1119327505      94803055  
  102   3.1    325                1119327830      94803055  
  103   3.1    309                1119328139      94803055  
  104   3.1    0                  1119328139      94803055  
  105   3.1    0                  1119328139      94803055  
  106   3.1    0                  1119328139      94803055  
  107   3.1    1377               1119329516      94803055  
  108   3.1    0                  1119329516      94803055  
  109   3.1    0                  1119329516      94803055  
  110   3.1    0                  1119329516      94803055  
  111   3.1    349                1119329865      94803055  
  112   3.1    325                1119330190      94803055  
  113   3.1    325                1119330515      94803055  
  114   3.1    0                  1119330515      94803055  
  115   3.1    0                  1119330515      94803055  
  116   3.1    325                1119330840      94803055  
  117   3.1    325                1119331165      94803055  
  118   3.1    0                  1119331165      94803055  
  119   3.1    0                  1119331165      94803055  
  120   3.1    0                  1119331165      94803055  
  121   3.1    309                1119331474      94803055  
  122   3.1    0                  1119331474      94803055  
  123   3.1    309                1119331783      94803055  
  124   3.1    0                  1119331783      94803055  
  125   3.1    325                1119332108      94803055  
  126   3.1    0                  1119332108      94803055  
  127   3.1    0                  1119332108      94803055  
  128   3.1    309                1119332417      94803055  
  129   3.1    0                  1119332417      94803055  
  130   3.1    309                1119332726      94803055  
  131   3.1    0                  1119332726      94803055  
  132   3.1    0                  1119332726      94803055  
  133   3.1    0                  1119332726      94803055  
  134   3.1    0                  1119332726      94803055  
  135   3.1    0                  1119332726      94803055  
  136   3.1    301                1119333027      94803055  
  137   3.1    0                  1119333027      94803055  
  138   3.1    0                  1119333027      94803055  
  139   3.1    0                  1119333027      94803055  
  140   3.1    349                1119333376      94803055  
  141   3.1    0                  1119333376      94803055  
  142   3.1    0                  1119333376      94803055  
  143   3.1    0                  1119333376      94803055  
  144   3.1    0                  1119333376      94803055  
  145   3.1    0                  1119333376      94803055  
  146   3.1    0                  1119333376      94803055  
  147   3.1    309                1119333685      94803055  
  148   3.1    0                  1119333685      94803055  
  149   3.1    0                  1119333685      94803055  
  150   3.1    0                  1119333685      94803055  
  151   3.1    0                  1119333685      94803055  
  152   3.1    301                1119333986      94803055  
  153   3.1    0                  1119333986      94803055  
  154   3.1    349                1119334335      94803055  
  155   3.1    0                  1119334335      94803055  
  156   3.1    0                  1119334335      94803055  
  157   3.1    0                  1119334335      94803055  
  158   3.1    0                  1119334335      94803055  
  159   3.1    0                  1119334335      94803055  
  160   3.1    349                1119334684      94803055  
  161   3.1    285                1119334969      94803055  
  162   3.1    0                  1119334969      94803055  
  163   3.1    0                  1119334969      94803055  
  164   3.1    0                  1119334969      94803055  
  165   3.1    0                  1119334969      94803055  
  166   3.1    0                  1119334969      94803055  
  167   3.1    0                  1119334969      94803055  
  168   3.1    570                1119335539      94803055  
  169   3.1    0                  1119335539      94803055  
  170   3.1    0                  1119335539      94803055  
  171   3.1    0                  1119335539      94803055  
  172   3.1    0                  1119335539      94803055  
  173   3.1    0                  1119335539      94803055  
  174   3.1    0                  1119335539      94803055  
  175   3.1    0                  1119335539      94803055  
  176   3.1    0                  1119335539      94803055  
  177   3.1    0                  1119335539      94803055  
  178   3.1    0                  1119335539      94803055  
  179   3.1    0                  1119335539      94803055  
  180   3.1    0                  1119335539      94803055  
  181   3.1    0                  1119335539      94803055  
  182   3.1    0                  1119335539      94803055  
  183   3.1    0                  1119335539      94803055  
  184   3.1    0                  1119335539      94803055  
  185   3.1    0                  1119335539      94803055  
  186   3.1    0                  1119335539      94803055  
  187   3.1    0                  1119335539      94803055  
  188   3.1    0                  1119335539      94803055  
  189   3.1    0                  1119335539      94803055  
  190   3.1    0                  1119335539      94803055  
  191   3.1    0                  1119335539      94803055  
  192   3.1    0                  1119335539      94803055  
  193   3.1    0                  1119335539      94803055  
  194   3.1    0                  1119335539      94803055  
  195   3.1    0                  1119335539      94803055  
  196   3.1    0                  1119335539      94803055  
  197   3.1    0                  1119335539      94803055  
  198   3.1    0                  1119335539      94803055  
  199   3.1    0                  1119335539      94803055  
  200   3.1    325                1119335864      94803055  
  201   3.1    0                  1119335864      94803055  
  202   3.1    0                  1119335864      94803055  
  203   3.1    0                  1119335864      94803055  
  204   3.1    0                  1119335864      94803055  
  205   3.1    0                  1119335864      94803055  
  206   3.1    0                  1119335864      94803055  
  207   3.1    0                  1119335864      94803055  
  208   3.1    0                  1119335864      94803055  
  209   3.1    0                  1119335864      94803055  
  210   3.1    0                  1119335864      94803055  
  211   3.1    0                  1119335864      94803055  
  212   3.1    0                  1119335864      94803055  
  213   3.1    0                  1119335864      94803055  
  214   3.1    0                  1119335864      94803055  
  215   3.1    0                  1119335864      94803055  
  216   3.1    0                  1119335864      94803055  
  217   3.1    0                  1119335864      94803055  
  218   3.1    0                  1119335864      94803055  
  219   3.1    0                  1119335864      94803055  
  220   3.1    0                  1119335864      94803055  
  221   3.1    0                  1119335864      94803055  
  222   3.1    0                  1119335864      94803055  
  223   3.1    0                  1119335864      94803055  
  224   3.1    0                  1119335864      94803055  
  225   3.1    0                  1119335864      94803055  
  226   3.1    0                  1119335864      94803055  
  227   3.1    0                  1119335864      94803055  
  228   3.1    0                  1119335864      94803055  
  229   3.1    0                  1119335864      94803055  
  230   3.1    0                  1119335864      94803055  
  231   3.1    0                  1119335864      94803055  
  232   3.1    0                  1119335864      94803055  
  233   3.1    301                1119336165      94803055  
  234   3.1    0                  1119336165      94803055  
  235   3.1    0                  1119336165      94803055  
  236   3.1    349                1119336514      94803055  
  237   3.1    0                  1119336514      94803055  
  238   3.1    0                  1119336514      94803055  
  239   3.1    0                  1119336514      94803055  
  240   3.1    0                  1119336514      94803055  
  241   3.1    349                1119336863      94803055  
  242   3.1    0                  1119336863      94803055  
  243   3.1    0                  1119336863      94803055  
  244   3.1    0                  1119336863      94803055  
  245   3.1    0                  1119336863      94803055  
  246   3.1    0                  1119336863      94803055  
  247   3.1    0                  1119336863      94803055  
  248   3.1    0                  1119336863      94803055  
  249   3.1    0                  1119336863      94803055  
  250   3.1    0                  1119336863      94803055  
  251   3.1    0                  1119336863      94803055  
  252   3.1    0                  1119336863      94803055  
  253   3.1    0                  1119336863      94803055  
  254   3.1    0                  1119336863      94803055  
  255   3.1    0                  1119336863      94803055  
  256   3.1    0                  1119336863      94803055  
  257   3.1    0                  1119336863      94803055  
  258   3.1    0                  1119336863      94803055  
  259   3.1    0                  1119336863      94803055  
  260   3.1    0                  1119336863      94803055  
  261   3.1    0                  1119336863      94803055  
  262   3.1    0                  1119336863      94803055  
  263   3.1    0                  1119336863      94803055  
  264   3.1    0                  1119336863      94803055  
  265   3.1    0                  1119336863      94803055  
  266   3.1    0                  1119336863      94803055  
  267   3.1    0                  1119336863      94803055  
  268   3.1    0                  1119336863      94803055  
  269   3.1    0                  1119336863      94803055  
  270   3.1    0                  1119336863      94803055  
  271   3.1    0                  1119336863      94803055  
  272   3.1    0                  1119336863      94803055  
  273   3.1    0                  1119336863      94803055  
  274   3.1    0                  1119336863      94803055  
  275   3.1    0                  1119336863      94803055  
  276   3.1    0                  1119336863      94803055  
  277   3.1    0                  1119336863      94803055  
  278   3.1    0                  1119336863      94803055  
  279   3.1    0                  1119336863      94803055  
  280   3.1    0                  1119336863      94803055  
  281   3.1    301                1119337164      94803055  
  282   3.1    0                  1119337164      94803055  
  283   3.1    349                1119337513      94803055  
  284   3.1    0                  1119337513      94803055  
  285   3.1    0                  1119337513      94803055  
  286   3.1    0                  1119337513      94803055  
  287   3.1    0                  1119337513      94803055  
  288   3.1    0                  1119337513      94803055  
  289   3.1    0                  1119337513      94803055  
  290   3.1    0                  1119337513      94803055  
  291   3.1    0                  1119337513      94803055  
  292   3.1    0                  1119337513      94803055  
  293   3.1    0                  1119337513      94803055  
  294   3.1    0                  1119337513      94803055  
  295   3.1    0                  1119337513      94803055  
  296   3.1    0                  1119337513      94803055  
  297   3.1    0                  1119337513      94803055  
  298   3.1    0                  1119337513      94803055  
  299   3.1    0                  1119337513      94803055  
  300   3.1    0                  1119337513      94803055  
  301   3.1    0                  1119337513      94803055  
  302   3.1    0                  1119337513      94803055  
  303   3.1    0                  1119337513      94803055  
  304   3.1    0                  1119337513      94803055  
  305   3.1    0                  1119337513      94803055  
  306   3.1    0                  1119337513      94803055  
  307   3.1    0                  1119337513      94803055  
  308   3.1    0                  1119337513      94803055  
  309   3.1    0                  1119337513      94803055  
  310   3.1    0                  1119337513      94803055  
  311   3.1    0                  1119337513      94803055  
  312   3.1    349                1119337862      94803055  
  313   3.1    0                  1119337862      94803055  
  314   3.1    0                  1119337862      94803055  
  315   3.1    301                1119338163      94803055  
  316   3.1    0                  1119338163      94803055  
  317   3.1    0                  1119338163      94803055  
  318   3.1    301                1119338464      94803055  
  319   3.1    0                  1119338464      94803055  
  320   3.1    0                  1119338464      94803055  
  321   3.1    349                1119338813      94803055  
  322   3.1    0                  1119338813      94803055  
  323   3.1    0                  1119338813      94803055  
  324   3.1    698                1119339511      94803055  
  325   3.1    0                  1119339511      94803055  
  326   3.1    0                  1119339511      94803055  
  327   3.1    0                  1119339511      94803055  
  328   3.1    309                1119339820      94803055  
  329   3.1    0                  1119339820      94803055  
  330   3.1    0                  1119339820      94803055  
  331   3.1    309                1119340129      94803055  
  332   3.1    0                  1119340129      94803055  
  333   3.1    0                  1119340129      94803055  
  334   3.1    309                1119340438      94803055  
  335   3.1    0                  1119340438      94803055  
  336   3.1    0                  1119340438      94803055  
  337   3.1    309                1119340747      94803055  
  338   3.1    0                  1119340747      94803055  
  339   3.1    0                  1119340747      94803055  
  340   3.1    309                1119341056      94803055  
  341   3.1    0                  1119341056      94803055  
  342   3.1    0                  1119341056      94803055  
  343   3.1    0                  1119341056      94803055  
  344   3.1    309                1119341365      94803055  
  345   3.1    0                  1119341365      94803055  
  346   3.1    0                  1119341365      94803055  
  347   3.1    0                  1119341365      94803055  
  348   3.1    309                1119341674      94803055  
  349   3.1    0                  1119341674      94803055  
  350   3.1    0                  1119341674      94803055  
  351   3.1    0                  1119341674      94803055  
  352   3.1    0                  1119341674      94803055  
  353   3.1    0                  1119341674      94803055  
  354   3.1    0                  1119341674      94803055  
  355   3.1    0                  1119341674      94803055  
  356   3.1    0                  1119341674      94803055  
  357   3.1    0                  1119341674      94803055  
  358   3.1    0                  1119341674      94803055  
  359   3.1    0                  1119341674      94803055  
  360   3.1    0                  1119341674      94803055  
  361   3.1    0                  1119341674      94803055  
  362   3.1    0                  1119341674      94803055  
  363   3.1    0                  1119341674      94803055  
  364   3.1    0                  1119341674      94803055  
  365   3.1    0                  1119341674      94803055  
  366   3.1    0                  1119341674      94803055  
  367   3.1    0                  1119341674      94803055  
  368   3.1    0                  1119341674      94803055  
  369   3.1    0                  1119341674      94803055  
  370   3.1    0                  1119341674      94803055  
  371   3.1    0                  1119341674      94803055  
  372   3.1    0                  1119341674      94803055  
  373   3.1    0                  1119341674      94803055  
  374   3.1    0                  1119341674      94803055  
  375   3.1    0                  1119341674      94803055  
  376   3.1    0                  1119341674      94803055  
  377   3.1    0                  1119341674      94803055  
  378   3.1    0                  1119341674      94803055  
  379   3.1    0                  1119341674      94803055  
  380   3.1    0                  1119341674      94803055  
  381   3.1    0                  1119341674      94803055  
  382   3.1    0                  1119341674      94803055  
  383   3.1    0                  1119341674      94803055  
  384   3.1    0                  1119341674      94803055  
  385   3.1    325                1119341999      94803055  
  386   3.1    0                  1119341999      94803055  
  387   3.1    0                  1119341999      94803055  
  388   3.1    325                1119342324      94803055  
  389   3.1    0                  1119342324      94803055  
  390   3.1    0                  1119342324      94803055  
  391   3.1    0                  1119342324      94803055  
  392   3.1    0                  1119342324      94803055  
  393   3.1    325                1119342649      94803055  
  394   3.1    0                  1119342649      94803055  
  395   3.1    0                  1119342649      94803055  
  396   3.1    0                  1119342649      94803055  
  397   3.1    0                  1119342649      94803055  
  398   3.1    0                  1119342649      94803055  
  399   3.1    0                  1119342649      94803055  
  400   3.1    0                  1119342649      94803055  
  401   3.1    0                  1119342649      94803055  
  402   3.1    0                  1119342649      94803055  
  403   3.1    0                  1119342649      94803055  
  404   3.1    0                  1119342649      94803055  
  405   3.1    0                  1119342649      94803055  
  406   3.1    0                  1119342649      94803055  
  407   3.1    0                  1119342649      94803055  
  408   3.1    0                  1119342649      94803055  
  409   3.1    0                  1119342649      94803055  
  410   3.1    0                  1119342649      94803055  
  411   3.1    0                  1119342649      94803055  
  412   3.1    0                  1119342649      94803055  
  413   3.1    0                  1119342649      94803055  
  414   3.1    0                  1119342649      94803055  
  415   3.1    0                  1119342649      94803055  
  416   3.1    0                  1119342649      94803055  
  417   3.1    0                  1119342649      94803055  
  418   3.1    0                  1119342649      94803055  
  419   3.1    0                  1119342649      94803055  
  420   3.1    0                  1119342649      94803055  
  421   3.1    0                  1119342649      94803055  
  422   3.1    0                  1119342649      94803055  
  423   3.1    309                1119342958      94803055  
  424   3.1    0                  1119342958      94803364  
  425   3.1    0                  1119342958      94803364  
  426   3.1    0                  1119342958      94803364  
  427   3.1    0                  1119342958      94803364  
  428   3.1    0                  1119342958      94803364  
  429   3.1    0                  1119342958      94803364  
  430   3.1    0                  1119342958      94803364  
  431   3.1    0                  1119342958      94803364  
  432   3.1    0                  1119342958      94803364  
  433   3.1    0                  1119342958      94803364  
  434   3.1    0                  1119342958      94803364  
  435   3.1    0                  1119342958      94803364  
  436   3.1    0                  1119342958      94803364  
  437   3.1    0                  1119342958      94803364  
  438   3.1    0                  1119342958      94803364  
  439   3.1    0                  1119342958      94803364  
  440   3.1    0                  1119342958      94803364  
  441   3.1    0                  1119342958      94803364  
  442   3.1    0                  1119342958      94803364  
  443   3.1    0                  1119342958      94803364  
  444   3.1    0                  1119342958      94803364  
  445   3.1    0                  1119342958      94803364  
  446   3.1    0                  1119342958      94803364  
  447   3.1    0                  1119342958      94803364  
  448   3.1    0                  1119342958      94803364  
  449   3.1    0                  1119342958      94803364  
  450   3.1    0                  1119342958      94803364  
  451   3.1    0                  1119342958      94803364  
  452   3.1    0                  1119342958      94803364  
  453   3.1    0                  1119342958      94803364  
  454   3.1    0                  1119342958      94803364  
  455   3.1    0                  1119342958      94803364  
  456   3.1    0                  1119342958      94803364  
  457   3.1    0                  1119342958      94803364  
  458   3.1    285                1119343243      94803364  
  459   3.1    0                  1119343243      94803364  
  460   3.1    0                  1119343243      94803364  
  461   3.1    0                  1119343243      94803364  
  462   3.1    0                  1119343243      94803364  
  463   3.1    0                  1119343243      94803364  
  464   3.1    0                  1119343243      94803364  
  465   3.1    0                  1119343243      94803364  
  466   3.1    0                  1119343243      94803364  
  467   3.1    0                  1119343243      94803364  
  468   3.1    0                  1119343243      94803364  
  469   3.1    0                  1119343243      94803364  
  470   3.1    0                  1119343243      94803364  
  471   3.1    0                  1119343243      94803364  
  472   3.1    0                  1119343243      94803364  
  473   3.1    0                  1119343243      94803364  
  474   3.1    0                  1119343243      94803364  
  475   3.1    0                  1119343243      94803364  
  476   3.1    0                  1119343243      94803364  
  477   3.1    0                  1119343243      94803364  
  478   3.1    0                  1119343243      94803364  
  479   3.1    0                  1119343243      94803364  
  480   3.1    0                  1119343243      94803364  
  481   3.1    0                  1119343243      94803364  
  482   3.1    0                  1119343243      94803364  
  483   3.1    0                  1119343243      94803364  
  484   3.1    325                1119343568      94803364  
  485   3.1    0                  1119343568      94803364  
  486   3.1    0                  1119343568      94803364  
  487   3.1    0                  1119343568      94803364  
  488   3.1    0                  1119343568      94803364  
  489   3.1    0                  1119343568      94803364  
  490   3.1    0                  1119343568      94803364  
  491   3.1    0                  1119343568      94803364  
  492   3.1    0                  1119343568      94803364  
  493   3.1    0                  1119343568      94803364  
  494   3.1    0                  1119343568      94803364  
  495   3.1    0                  1119343568      94803364  
  496   3.1    0                  1119343568      94803364  
  497   3.1    0                  1119343568      94803364  
  498   3.1    0                  1119343568      94803364  
  499   3.1    0                  1119343568      94803364  
  500   3.1    0                  1119343568      94803364  
  501   3.1    0                  1119343568      94803364  
  502   3.1    0                  1119343568      94803364  
  503   3.1    0                  1119343568      94803364  
  504   3.1    0                  1119343568      94803364  
  505   3.1    0                  1119343568      94803364  
  506   3.1    0                  1119343568      94803364  
  507   3.1    0                  1119343568      94803364  
  508   3.1    0                  1119343568      94803364  
  509   3.1    0                  1119343568      94803364  
  510   3.1    0                  1119343568      94803364  
  511   3.1    0                  1119343568      94803364  
  512   3.1    0                  1119343568      94803364  
  513   3.1    0                  1119343568      94803364  
  514   3.1    0                  1119343568      94803364  
  515   3.1    0                  1119343568      94803364  
  516   3.1    0                  1119343568      94803364  
  517   3.1    0                  1119343568      94803364  
  518   3.1    0                  1119343568      94803364  
  519   3.1    0                  1119343568      94803364  
  520   3.1    0                  1119343568      94803364  
  521   3.1    0                  1119343568      94803364  
  522   3.1    0                  1119343568      94803364  
  523   3.1    0                  1119343568      94803364  
  524   3.1    0                  1119343568      94803364  
  525   3.1    0                  1119343568      94803364  
  526   3.1    0                  1119343568      94803364  
  527   3.1    0                  1119343568      94803364  
  528   3.1    0                  1119343568      94803364  
  529   3.1    0                  1119343568      94803364  
  530   3.1    0                  1119343568      94803364  
  531   3.1    12                 1119343580      94803364  
  532   3.1    233                1119343813      94803364  
  533   3.1    0                  1119343813      94803364  
  534   3.1    0                  1119343813      94803364  
  535   3.1    285                1119344098      94803364  
  536   3.1    0                  1119344098      94803364  
  537   3.1    0                  1119344098      94803364  
  538   3.1    233                1119344331      94803364  
  539   3.1    253                1119344584      94803364  
  540   3.1    0                  1119344584      94803364  
  541   3.1    0                  1119344584      94803364  
  542   3.1    253                1119344837      94803364  
  543   3.1    0                  1119344837      94803617  
  544   3.1    0                  1119344837      94803617  
  545   3.1    0                  1119344837      94803617  
  546   3.1    0                  1119344837      94803617  
  547   3.1    233                1119345070      94803617  
  548   3.1    0                  1119345070      94803617  
  549   3.1    0                  1119345070      94803617  
  550   3.1    0                  1119345070      94803617  
  551   3.1    253                1119345323      94803617  
  552   3.1    0                  1119345323      94803617  
  553   3.1    0                  1119345323      94803617  
  554   3.1    0                  1119345323      94803617  
  555   3.1    233                1119345556      94803617  
  556   3.1    0                  1119345556      94803617  
  557   3.1    0                  1119345556      94803617  
  558   3.1    896                1119346452      94803617  
  559   3.1    0                  1119346452      94803617  
  560   3.1    0                  1119346452      94803617  
  561   3.1    253                1119346705      94803617  
  562   3.1    0                  1119346705      94803617  
  563   3.1    0                  1119346705      94803617  
  564   3.1    253                1119346958      94803617  
  565   3.1    0                  1119346958      94803617  
  566   3.1    0                  1119346958      94803617  
  567   3.1    253                1119347211      94803617  
  568   3.1    0                  1119347211      94803617  
  569   3.1    0                  1119347211      94803617  
  570   3.1    253                1119347464      94803617  
  571   3.1    592                1119348056      94803617  
  572   3.1    0                  1119348056      94803617  
  573   3.1    0                  1119348056      94803617  
  574   3.1    0                  1119348056      94803617  
  575   3.1    253                1119348309      94803617  
  576   3.1    1505               1119349814      94803617  
  577   3.1    0                  1119349814      94803617  
  578   3.1    0                  1119349814      94803617  
  579   3.1    0                  1119349814      94803617  
  580   3.1    0                  1119349814      94803617  
  581   3.1    0                  1119349814      94803617  
  582   3.1    0                  1119349814      94803617  
  583   3.1    269                1119350083      94803617  
  584   3.1    309                1119350392      94803617  
  585   3.1    0                  1119350392      94803617  
  586   3.1    0                  1119350392      94803617  
  587   3.1    269                1119350661      94803617  
  588   3.1    269                1119350930      94803617  
  589   3.1    285                1119351215      94803617  
  590   3.1    0                  1119351215      94803617  
  591   3.1    285                1119351500      94803617  
  592   3.1    1121               1119352621      94803617  
  593   3.1    421                1119353042      94803617  
  594   3.1    0                  1119353042      94803617  
  595   3.1    0                  1119353042      94803617  
  596   3.1    0                  1119353042      94803617  
  597   3.1    0                  1119353042      94803617  
  598   3.1    0                  1119353042      94803617  
  599   3.1    269                1119353311      94803617  
  600   3.1    2847               1119356158      94803617  
  601   3.1    0                  1119356158      94803617  
  602   3.1    0                  1119356158      94803617  
  603   3.1    285                1119356443      94803617  
  604   3.1    421                1119356864      94803617  
  605   3.1    1121               1119357985      94803617  
  606   3.1    1505               1119359490      94803617  
  607   3.1    1121               1119360611      94803617  
  608   3.1    1121               1119361732      94803617  
  609   3.1    1121               1119362853      94803617  
  610   3.1    1121               1119363974      94803617  
  611   3.1    2078               1119366052      94803617  
  612   3.1    2593               1119368645      94803617  
  613   3.1    253                1119368898      94805218  
  614   3.1    1537               1119370435      94806819  
  615   3.1    2433               1119372868      94806819  
  616   3.1    1601               1119374469      94806819  
  617   3.1    269                1119374738      94806819  
  618   3.1    3682               1119378420      94806819  
  619   3.1    1438               1119379858      94806819  
  620   3.1    2338               1119382196      94806819  
  621   3.1    2688               1119384884      94807908  
  622   3.1    4577               1119389461      94807908  
  623   3.1    5697               1119395158      94807908  
  624   3.1    2946               1119398104      94807908  
  625   3.1    301                1119398405      94807908  
  626   3.1    7876               1119406281      94807908  
  627   3.1    2946               1119409227      94807908  
  628   3.1    10371              1119419598      94807908  
  629   3.1    2625               1119422223      94807908  
  630   3.1    1121               1119423344      94807908  
  631   3.1    4352               1119427696      94807908  
  632   3.1    5537               1119433233      94807908  
  633   3.1    6661               1119439894      94807908  
  634   3.1    3138               1119443032      94807908  
  635   3.1    5763               1119448795      94807908  
  636   3.1    4227               1119453022      94807908  
  637   3.1    3937               1119456959      94807908  
  638   3.1    7136               1119464095      94807908  
  639   3.1    3649               1119467744      94807908  
  640   3.1    0                  1119467744      94811557  
  641   3.1    1694               1119469438      94811557  
  642   3.1    0                  1119469438      94812966  
  643   3.1    7877               1119477315      94812966  
  644   3.1    7588               1119484903      94812966  
  645   3.1    592                1119485495      94812966  
  646   3.1    269                1119485764      94812966  
  647   3.1    4352               1119490116      94812966  
  648   3.1    0                  1119490116      94812966  
  649   3.1    0                  1119490116      94812966  
  650   3.1    0                  1119490116      94812966  
  651   3.1    285                1119490401      94812966  
  652   3.1    3586               1119493987      94812966  
  653   3.1    3585               1119497572      94812966  
  654   3.1    2754               1119500326      94814439  
  655   3.1    2914               1119503240      94814439  
  656   3.1    976                1119504216      94815944  
  657   3.1    2817               1119507033      94815944  
  658   3.1    592                1119507625      94815944  
  659   3.1    269                1119507894      94815944  
  660   3.1    1505               1119509399      94815944  
  661   3.1    0                  1119509399      94815944  
  662   3.1    0                  1119509399      94815944  
  663   3.1    269                1119509668      94815944  
  664   3.1    5697               1119515365      94815944  
  665   3.1    1313               1119516678      94815944  
  666   3.1    5634               1119522312      94815944  
  667   3.1    1281               1119523593      94815944  
  668   3.1    1505               1119525098      94815944  
  669   3.1    2049               1119527147      94815944  
  670   3.1    6147               1119533294      94815944  
  671   3.1    3969               1119537263      94815944  
  672   3.1    3921               1119541184      94815944  
  673   3.1    0                  1119541184      94815944  
  674   3.1    0                  1119541184      94815944  
  675   3.1    285                1119541469      94815944  
  676   3.1    5026               1119546495      94815944  
  677   3.1    2688               1119549183      94815944  
  678   3.1    5124               1119554307      94815944  
  679   3.1    2800               1119557107      94815944  
  680   3.1    4545               1119561652      94815944  
  681   3.1    3072               1119564724      94818185  
  682   3.1    2049               1119566773      94818185  
  683   3.1    301                1119567074      94818185  
  684   3.1    2049               1119569123      94818185  
  685   3.1    0                  1119569123      94820234  
  686   3.1    3986               1119573109      94820234  
  687   3.1    5122               1119578231      94820234  
  688   3.1    5505               1119583736      94820234  
  689   3.1    1121               1119584857      94820234  
  690   3.1    2049               1119586906      94820234  
  691   3.1    1601               1119588507      94820234  
  692   3.1    285                1119588792      94820234  
  693   3.1    2049               1119590841      94820234  
  694   3.1    800                1119591641      94820234  
  695   3.1    1121               1119592762      94820234  
  696   3.1    5763               1119598525      94820234  
  697   3.1    4227               1119602752      94820234  
  698   3.1    5505               1119608257      94820234  
  699   3.1    2838               1119611095      94820234  
  700   3.1    1121               1119612216      94820234  
  701   3.1    269                1119612485      94820234  
  702   3.1    285                1119612770      94820234  
  703   3.1    2049               1119614819      94820234  
  704   3.1    800                1119615619      94820234  
  705   3.1    4352               1119619971      94820234  
  706   3.1    797                1119620768      94820234  
  707   3.1    0                  1119620768      94820746  
  708   3.1    6275               1119627043      94820746  
  709   3.1    6722               1119633765      94820746  
  710   3.1    8773               1119642538      94820746  
  711   3.1    7747               1119650285      94820746  
  712   3.1    6145               1119656430      94820746  
  713   3.1    1185               1119657615      94820746  
  714   3.1    5697               1119663312      94820746  
  715   3.1    4769               1119668081      94820746  
  716   3.1    2049               1119670130      94820746  
  717   3.1    5025               1119675155      94820746  
  718   3.1    4034               1119679189      94820746  
  719   3.1    4737               1119683926      94820746  
  720   3.1    1505               1119685431      94823050  
  721   3.1    3490               1119688921      94823050  
  722   3.1    2882               1119691803      94823050  
  723   3.1    1121               1119692924      94823050  
  724   3.1    301                1119693225      94823050  
  725   3.1    4416               1119697641      94823050  
  726   3.1    3298               1119700939      94823050  
  727   3.1    3873               1119704812      94823050  
  728   3.1    1793               1119706605      94825162  
  729   3.1    4609               1119711214      94825162  
  730   3.1    6722               1119717936      94825162  
  731   3.1    5376               1119723312      94825162  
  732   3.1    285                1119723597      94827850  
  733   3.1    2065               1119725662      94827850  
  734   3.1    1462               1119727124      94827850  
  735   3.1    233                1119727357      94828159  
  736   3.1    3682               1119731039      94828159  
  737   3.1    4386               1119735425      94828159  
  738   3.1    4098               1119739523      94828159  
  739   3.1    3650               1119743173      94828159  
  740   3.1    3650               1119746823      94828159  
  741   3.1    3138               1119749961      94828159  
  742   3.1    285                1119750246      94828159  
  743   3.1    2049               1119752295      94828159  
  744   3.1    1505               1119753800      94828159  
  745   3.1    0                  1119753800      94828159  
  746   3.1    0                  1119753800      94828159  
  747   3.1    269                1119754069      94828159  
  748   3.1    6915               1119760984      94828159  
  749   3.1    1057               1119762041      94828159  
  750   3.1    1537               1119763578      94828159  
  751   3.1    4002               1119767580      94828159  
  752   3.1    2304               1119769884      94828159  
  753   3.1    0                  1119769884      94828159  
  754   3.1    301                1119770185      94828159  
  755   3.1    2017               1119772202      94828159  
  756   3.1    3858               1119776060      94828159  
  757   3.1    1409               1119777469      94828159  
  758   3.1    1089               1119778558      94828159  
  759   3.1    0                  1119778558      94829248  
  760   3.1    1601               1119780159      94829248  
  761   3.1    2054               1119782213      94829248  
  762   3.1    2447               1119784660      94829248  
  763   3.1    3712               1119788372      94829248  
  764   3.1    4739               1119793111      94829248  
  765   3.1    1409               1119794520      94829248  
  766   3.1    0                  1119794520      94829248  
  767   3.1    0                  1119794520      94829248  
  768   3.1    0                  1119794520      94829248  
  769   3.1    0                  1119794520      94829248  
  770   3.1    301                1119794821      94829248  
  771   3.1    7809               1119802630      94829248  
  772   3.1    0                  1119802630      94829248  
  773   3.1    301                1119802931      94829248  
  774   3.1    4206               1119807137      94829248  
  775   3.1    1761               1119808898      94829248  
  776   3.1    421                1119809319      94829248  
  777   3.1    0                  1119809319      94829669  
  778   3.1    421                1119809740      94829669  
  779   3.1    421                1119810161      94829669  
  780   3.1    269                1119810430      94829669  
  781   3.1    0                  1119810430      94829669  
  782   3.1    0                  1119810430      94829669  
  783   3.1    269                1119810699      94829669  
  784   3.1    1121               1119811820      94829669  
  785   3.1    0                  1119811820      94829669  
  786   3.1    0                  1119811820      94829669  
  787   3.1    285                1119812105      94829669  
  788   3.1    800                1119812905      94829669  
  789   3.1    592                1119813497      94829669  
  790   3.1    800                1119814297      94829669  
  791   3.1    285                1119814582      94829669  
  792   3.1    301                1119814883      94829669  
  793   3.1    0                  1119814883      94829669  
  794   3.1    301                1119815184      94829669  
  795   3.1    1089               1119816273      94829669  
  796   3.1    309                1119816582      94829669  
  797   3.1    285                1119816867      94829669  
  798   3.1    285                1119817152      94829669  
  799   3.1    592                1119817744      94829669  
  800   3.1    253                1119817997      94830261  
  801   3.1    1057               1119819054      94830261  
  802   3.1    0                  1119819054      94831318  
  803   3.1    253                1119819307      94831318  
  804   3.1    1473               1119820780      94831318  
  805   3.1    405                1119821185      94831318  
  806   3.1    560                1119821745      94831318  
  807   3.1    1121               1119822866      94831318  
  808   3.1    592                1119823458      94831318  
  809   3.1    784                1119824242      94831318  
  810   3.1    592                1119824834      94831318  
  811   3.1    592                1119825426      94831318  
  812   3.1    309                1119825735      94831318  
  813   3.1    784                1119826519      94831318  
  814   3.1    992                1119827511      94831318  
  815   3.1    269                1119827780      94831318  
  816   3.1    309                1119828089      94831318  
  817   3.1    592                1119828681      94831318  
  818   3.1    421                1119829102      94831318  
  819   3.1    309                1119829411      94831318  
  820   3.1    800                1119830211      94831318  
  821   3.1    1057               1119831268      94831318  
  822   3.1    309                1119831577      94831318  
  823   3.1    309                1119831886      94831318  
  824   3.1    592                1119832478      94831318  
  825   3.1    592                1119833070      94831318  
  826   3.1    784                1119833854      94831318  
  827   3.1    592                1119834446      94831318  
  828   3.1    285                1119834731      94831318  
  829   3.1    269                1119835000      94831318  
  830   3.1    309                1119835309      94831318  
  831   3.1    784                1119836093      94831318  
  832   3.1    269                1119836362      94831318  
  833   3.1    309                1119836671      94831318  
  834   3.1    1229               1119837900      94831318  
  835   3.1    538                1119838438      94831318  
  836   3.1    269                1119838707      94831318  
  837   3.1    269                1119838976      94831318  
  838   3.1    592                1119839568      94831318  
  839   3.1    269                1119839837      94831318  
  840   3.1    592                1119840429      94831318  
  841   3.1    1057               1119841486      94831318  
  842   3.1    309                1119841795      94831318  
  843   3.1    421                1119842216      94831318  
  844   3.1    0                  1119842216      94831739  
  845   3.1    269                1119842485      94831739  
  846   3.1    1057               1119843542      94831739  
  847   3.1    0                  1119843542      94831739  
  848   3.1    269                1119843811      94831739  
  849   3.1    421                1119844232      94831739  
  850   3.1    309                1119844541      94831739  
  851   3.1    421                1119844962      94831739  
  852   3.1    800                1119845762      94831739  
  853   3.1    0                  1119845762      94832539  
  854   3.1    309                1119846071      94832539  
  855   3.1    2049               1119848120      94832539  
  856   3.1    0                  1119848120      94832539  
  857   3.1    0                  1119848120      94832539  
  858   3.1    0                  1119848120      94832539  
  859   3.1    269                1119848389      94832539  
  860   3.1    1505               1119849894      94832539  
  861   3.1    592                1119850486      94832539  
  862   3.1    309                1119850795      94832539  
  863   3.1    285                1119851080      94832539  
  864   3.1    0                  1119851080      94832539  
  865   3.1    0                  1119851080      94832539  
  866   3.1    0                  1119851080      94832539  
  867   3.1    269                1119851349      94832539  
  868   3.1    592                1119851941      94832539  
  869   3.1    592                1119852533      94832539  
  870   3.1    301                1119852834      94832539  
  871   3.1    0                  1119852834      94832539  
  872   3.1    0                  1119852834      94832539  
  873   3.1    0                  1119852834      94832539  
  874   3.1    0                  1119852834      94832539  
  875   3.1    285                1119853119      94832539  
  876   3.1    1520               1119854639      94832539  
  877   3.1    0                  1119854639      94832539  
  878   3.1    0                  1119854639      94832539  
  879   3.1    285                1119854924      94832539  
  880   3.1    1630               1119856554      94832539  
  881   3.1    0                  1119856554      94832539  
  882   3.1    0                  1119856554      94832539  
  883   3.1    269                1119856823      94832539  
  884   3.1    2046               1119858869      94832539  
  885   3.1    309                1119859178      94832539  
  886   3.1    592                1119859770      94832539  
  887   3.1    421                1119860191      94832539  
  888   3.1    269                1119860460      94832539  
  889   3.1    421                1119860881      94832539  
  890   3.1    421                1119861302      94832539  
  891   3.1    0                  1119861302      94832960  
  892   3.1    269                1119861571      94832960  
  893   3.1    1121               1119862692      94832960  
  894   3.1    0                  1119862692      94832960  
  895   3.1    269                1119862961      94832960  
  896   3.1    0                  1119862961      94833229  
  897   3.1    0                  1119862961      94833229  
  898   3.1    0                  1119862961      94833229  
  899   3.1    233                1119863194      94833229  
  900   3.1    1662               1119864856      94833229  
  901   3.1    0                  1119864856      94833229  
  902   3.1    0                  1119864856      94833229  
  903   3.1    233                1119865089      94833229  
  904   3.1    405                1119865494      94833229  
  905   3.1    592                1119866086      94833229  
  906   3.1    592                1119866678      94833229  
  907   3.1    0                  1119866678      94833229  
  908   3.1    0                  1119866678      94833229  
  909   3.1    0                  1119866678      94833229  
  910   3.1    0                  1119866678      94833229  
  911   3.1    253                1119866931      94833229  
  912   3.1    1229               1119868160      94833229  
  913   3.1    0                  1119868160      94834205  
  914   3.1    309                1119868469      94834205  
  915   3.1    1057               1119869526      94834205  
  916   3.1    0                  1119869526      94835262  
  917   3.1    1145               1119870671      94835262  
  918   3.1    2817               1119873488      94835262  
  919   3.1    0                  1119873488      94835262  
  920   3.1    0                  1119873488      94835262  
  921   3.1    269                1119873757      94835262  
  922   3.1    800                1119874557      94835262  
  923   3.1    0                  1119874557      94836062  
  924   3.1    921                1119875478      94836062  
  925   3.1    912                1119876390      94836062  
  926   3.1    784                1119877174      94836062  
  927   3.1    560                1119877734      94836062  
  928   3.1    301                1119878035      94836062  
  929   3.1    253                1119878288      94836062  
  930   3.1    253                1119878541      94836062  
  931   3.1    560                1119879101      94836062  
  932   3.1    784                1119879885      94836062  
  933   3.1    1245               1119881130      94836062  
  934   3.1    560                1119881690      94836062  
  935   3.1    421                1119882111      94836062  
  936   3.1    0                  1119882111      94836483  
  937   3.1    761                1119882872      94836483  
  938   3.1    1889               1119884761      94836483  
  939   3.1    969                1119885730      94836483  
  940   3.1    1838               1119887568      94836483  
  941   3.1    2206               1119889774      94836483  
  942   3.1    2038               1119891812      94836483  
  943   3.1    592                1119892404      94836483  
  944   3.1    253                1119892657      94836483  
  945   3.1    784                1119893441      94836483  
  946   3.1    301                1119893742      94836483  
  947   3.1    405                1119894147      94836483  
  948   3.1    0                  1119894147      94836483  
  949   3.1    0                  1119894147      94836483  
  950   3.1    0                  1119894147      94836483  
  951   3.1    233                1119894380      94836483  
  952   3.1    0                  1119894380      94836483  
  953   3.1    0                  1119894380      94836483  
  954   3.1    0                  1119894380      94836483  
  955   3.1    233                1119894613      94836483  
  956   3.1    1121               1119895734      94836483  
  957   3.1    969                1119896703      94836483  
  958   3.1    592                1119897295      94836483  
  959   3.1    405                1119897700      94836483  
  960   3.1    405                1119898105      94836483  
  961   3.1    784                1119898889      94836483  
  962   3.1    253                1119899142      94836483  
  963   3.1    784                1119899926      94836483  
  964   3.1    560                1119900486      94836483  
  965   3.1    761                1119901247      94836483  
  966   3.1    357                1119901604      94836483  
  967   3.1    560                1119902164      94836483  
  968   3.1    1473               1119903637      94836483  
  969   3.1    560                1119904197      94836483  
  970   3.1    761                1119904958      94836483  
  971   3.1    0                  1119904958      94837011  
  972   3.1    0                  1119904958      94837011  
  973   3.1    0                  1119904958      94837011  
  974   3.1    0                  1119904958      94837011  
  975   3.1    233                1119905191      94837011  
  976   3.1    5697               1119910888      94837011  
  977   3.1    0                  1119910888      94837011  
  978   3.1    0                  1119910888      94837011  
  979   3.1    253                1119911141      94837011  
  980   3.1    5571               1119916712      94837011  
  981   3.1    0                  1119916712      94837011  
  982   3.1    0                  1119916712      94837011  
  983   3.1    285                1119916997      94837011  
  984   3.1    1505               1119918502      94837011  
  985   3.1    0                  1119918502      94837011  
  986   3.1    0                  1119918502      94837011  
  987   3.1    285                1119918787      94837011  
  988   3.1    2017               1119920804      94837011  
  989   3.1    0                  1119920804      94837011  
  990   3.1    0                  1119920804      94837011  
  991   3.1    301                1119921105      94837011  
  992   3.1    1089               1119922194      94837011  
  993   3.1    285                1119922479      94837011  
  994   3.1    0                  1119922479      94837296  
  995   3.1    253                1119922732      94837296  
  996   3.1    784                1119923516      94837296  
  997   3.1    784                1119924300      94837296  
  998   3.1    421                1119924721      94837296  
  999   3.1    421                1119925142      94837296  
  1000  3.1    800                1119925942      94837296  
  1001  3.1    421                1119926363      94837296  
  1002  3.1    592                1119926955      94837296  
  1003  3.1    421                1119927376      94837296  
  1004  3.1    253                1119927629      94837717  
  1005  3.1    969                1119928598      94837717  
  1006  3.1    992                1119929590      94837717  
  1007  3.1    688                1119930278      94837717  
  1008  3.1    800                1119931078      94837717  
  1009  3.1    269                1119931347      94837717  
  1010  3.1    0                  1119931347      94837986  
  1011  3.1    405                1119931752      94837986  
  1012  3.1    560                1119932312      94837986  
  1013  3.1    592                1119932904      94837986  
  1014  3.1    0                  1119932904      94838578  
  1015  3.1    301                1119933205      94838578  
  1016  3.1    1245               1119934450      94838578  
  1017  3.1    528                1119934978      94838578  
  1018  3.1    761                1119935739      94838578  
  1019  3.1    0                  1119935739      94838578  
  1020  3.1    253                1119935992      94838578  
  1021  3.1    560                1119936552      94838578  
  1022  3.1    969                1119937521      94838578  
  1023  3.1    0                  1119937521      94839314  
  1024  3.1    921                1119938442      94839314  
  1025  3.1    233                1119938675      94839314  
  1026  3.1    761                1119939436      94839314  
  1027  3.1    233                1119939669      94839314  
  1028  3.1    1145               1119940814      94839314  
  1029  3.1    592                1119941406      94839314  
  1030  3.1    0                  1119941406      94839314  
  1031  3.1    253                1119941659      94839314  
  1032  3.1    1145               1119942804      94839314  
  1033  3.1    233                1119943037      94839314  
  1034  3.1    921                1119943958      94839314  
  1035  3.1    560                1119944518      94839314  
  1036  3.1    301                1119944819      94839314  
  1037  3.1    421                1119945240      94839314  
  1038  3.1    864                1119946104      94839314  
  1039  3.1    421                1119946525      94839314  
  1040  3.1    784                1119947309      94839314  
  1041  3.1    233                1119947542      94839314  
  1042  3.1    233                1119947775      94839314  
  1043  3.1    592                1119948367      94839314  
  1044  3.1    405                1119948772      94839314  
  1045  3.1    301                1119949073      94839314  
  1046  3.1    233                1119949306      94839314  
  1047  3.1    233                1119949539      94839314  
  1048  3.1    301                1119949840      94839314  
  1049  3.1    405                1119950245      94839314  
  1050  3.1    253                1119950498      94839314  
  1051  3.1    253                1119950751      94839314  
  1052  3.1    784                1119951535      94839314  
  1053  3.1    309                1119951844      94839314  
  1054  3.1    969                1119952813      94839314  
  1055  3.1    233                1119953046      94839314  
  1056  3.1    253                1119953299      94839314  
  1057  3.1    309                1119953608      94839314  
  1058  3.1    253                1119953861      94839314  
  1059  3.1    253                1119954114      94839314  
  1060  3.1    253                1119954367      94839314  
  1061  3.1    592                1119954959      94839314  
  1062  3.1    592                1119955551      94839314  
  1063  3.1    309                1119955860      94839314  
  1064  3.1    269                1119956129      94839314  
  1065  3.1    309                1119956438      94839314  
  1066  3.1    309                1119956747      94839314  
  1067  3.1    800                1119957547      94839314  
  1068  3.1    269                1119957816      94839314  
  1069  3.1    269                1119958085      94839314  
  1070  3.1    976                1119959061      94839314  
  1071  3.1    0                  1119959061      94839314  
  1072  3.1    0                  1119959061      94839314  
  1073  3.1    0                  1119959061      94839314  
  1074  3.1    0                  1119959061      94839314  
  1075  3.1    269                1119959330      94839314  
  1076  3.1    752                1119960082      94839314  
  1077  3.1    309                1119960391      94839314  
  1078  3.1    421                1119960812      94839314  
  1079  3.1    421                1119961233      94839314  
  1080  3.1    592                1119961825      94839314  
  1081  3.1    0                  1119961825      94839906  
  1082  3.1    405                1119962230      94839906  
  1083  3.1    1145               1119963375      94839906  
  1084  3.1    592                1119963967      94839906  
  1085  3.1    421                1119964388      94839906  
  1086  3.1    0                  1119964388      94839906  
  1087  3.1    269                1119964657      94839906  
  1088  3.1    1057               1119965714      94839906  
  1089  3.1    0                  1119965714      94840963  
  1090  3.1    1145               1119966859      94840963  
  1091  3.1    1450               1119968309      94840963  
  1092  3.1    534                1119968843      94840963  
  1093  3.1    233                1119969076      94840963  
  1094  3.1    233                1119969309      94840963  
  1095  3.1    921                1119970230      94840963  
  1096  3.1    592                1119970822      94840963  
  1097  3.1    0                  1119970822      94841555  
  1098  3.1    466                1119971288      94841555  
  1099  3.1    985                1119972273      94841555  
  1100  3.1    0                  1119972273      94841555  
  1101  3.1    0                  1119972273      94841555  
  1102  3.1    0                  1119972273      94841555  
  1103  3.1    233                1119972506      94841555  
  1104  3.1    4001               1119976507      94841555  
  1105  3.1    0                  1119976507      94841555  
  1106  3.1    253                1119976760      94841555  
  1107  3.1    1057               1119977817      94841555  
  1108  3.1    784                1119978601      94841555  
  1109  3.1    309                1119978910      94841555  
  1110  3.1    0                  1119978910      94841864  
  1111  3.1    937                1119979847      94841864  
  1112  3.1    1345               1119981192      94841864  
  1113  3.1    0                  1119981192      94841864  
  1114  3.1    253                1119981445      94841864  
  1115  3.1    989                1119982434      94841864  
  1116  3.1    253                1119982687      94841864  
  1117  3.1    309                1119982996      94841864  
  1118  3.1    253                1119983249      94841864  
  1119  3.1    309                1119983558      94841864  
  1120  3.1    1245               1119984803      94841864  
  1121  3.1    301                1119985104      94841864  
  1122  3.1    1145               1119986249      94841864  
  1123  3.1    357                1119986606      94841864  
  1124  3.1    921                1119987527      94841864  
  1125  3.1    0                  1119987527      94841864  
  1126  3.1    233                1119987760      94841864  
  1127  3.1    1478               1119989238      94841864  
  1128  3.1    921                1119990159      94841864  
  1129  3.1    1001               1119991160      94841864  
  1130  3.1    233                1119991393      94841864  
  1131  3.1    0                  1119991393      94841864  
  1132  3.1    0                  1119991393      94841864  
  1133  3.1    0                  1119991393      94841864  
  1134  3.1    656                1119992049      94841864  
  1135  3.1    976                1119993025      94841864  
  1136  3.1    608                1119993633      94841864  
  1137  3.1    921                1119994554      94841864  
  1138  3.1    912                1119995466      94841864  
  1139  3.1    560                1119996026      94841864  
  1140  3.1    761                1119996787      94841864  
  1141  3.1    233                1119997020      94841864  
  1142  3.1    0                  1119997020      94841864  
  1143  3.1    233                1119997253      94841864  
  1144  3.1    560                1119997813      94841864  
  1145  3.1    592                1119998405      94841864  
  1146  3.1    253                1119998658      94841864  
  1147  3.1    405                1119999063      94841864  
  1148  3.1    253                1119999316      94841864  
  1149  3.1    269                1119999585      94841864  
  1150  3.1    309                1119999894      94841864  
  1151  3.1    800                1120000694      94841864  
  1152  3.1    592                1120001286      94841864  
  1153  3.1    421                1120001707      94841864  
  1154  3.1    592                1120002299      94841864  
  1155  3.1    0                  1120002299      94842456  
  1156  3.1    784                1120003083      94842456  
  1157  3.1    1057               1120004140      94842456  
  1158  3.1    309                1120004449      94842456  
  1159  3.1    0                  1120004449      94842765  
  1160  3.1    560                1120005009      94842765  
  1161  3.1    0                  1120005009      94843325  
  1162  3.1    1177               1120006186      94843325  
  1163  3.1    848                1120007034      94843325  
  1164  3.1    233                1120007267      94843325  
  1165  3.1    0                  1120007267      94843325  
  1166  3.1    0                  1120007267      94843325  
  1167  3.1    233                1120007500      94843325  
  1168  3.1    1225               1120008725      94843325  
  1169  3.1    233                1120008958      94843325  
  1170  3.1    405                1120009363      94843325  
  1171  3.1    405                1120009768      94843325  
  1172  3.1    301                1120010069      94843325  
  1173  3.1    761                1120010830      94843325  
  1174  3.1    233                1120011063      94843325  
  1175  3.1    0                  1120011063      94843325  
  1176  3.1    0                  1120011063      94843325  
  1177  3.1    253                1120011316      94843325  
  1178  3.1    1473               1120012789      94843325  
  1179  3.1    405                1120013194      94843325  
  1180  3.1    253                1120013447      94843325  
  1181  3.1    0                  1120013447      94843325  
  1182  3.1    0                  1120013447      94843325  
  1183  3.1    253                1120013700      94843325  
  1184  3.1    405                1120014105      94843325  
  1185  3.1    405                1120014510      94843325  
  1186  3.1    969                1120015479      94843325  
  1187  3.1    0                  1120015479      94843325  
  1188  3.1    233                1120015712      94843325  
  1189  3.1    253                1120015965      94843325  
  1190  3.1    560                1120016525      94843325  
  1191  3.1    560                1120017085      94843325  
  1192  3.1    560                1120017645      94843325  
  1193  3.1    301                1120017946      94843325  
  1194  3.1    301                1120018247      94843325  
  1195  3.1    1245               1120019492      94843325  
  1196  3.1    309                1120019801      94843325  
  1197  3.1    405                1120020206      94843325  
  1198  3.1    608                1120020814      94843325  
  1199  3.1    0                  1120020814      94843325  
  1200  3.1    0                  1120020814      94843325  
  1201  3.1    0                  1120020814      94843325  
  1202  3.1    0                  1120020814      94843325  
  1203  3.1    285                1120021099      94843325  
  1204  3.1    800                1120021899      94843325  
  1205  3.1    309                1120022208      94843325  
  1206  3.1    309                1120022517      94843325  
  1207  3.1    752                1120023269      94843325  
  1208  3.1    784                1120024053      94843325  
  1209  3.1    309                1120024362      94843325  
  1210  3.1    592                1120024954      94843325  
  1211  3.1    309                1120025263      94843325  
  1212  3.1    253                1120025516      94843325  
  1213  3.1    592                1120026108      94843325  
  1214  3.1    592                1120026700      94843325  
  1215  3.1    269                1120026969      94843325  
  1216  3.1    405                1120027374      94843325  
  1217  3.1    253                1120027627      94843325  
  1218  3.1    592                1120028219      94843325  
  1219  3.1    1245               1120029464      94843325  
  1220  3.1    253                1120029717      94843325  
  1221  3.1    253                1120029970      94843325  
  1222  3.1    0                  1120029970      94843325  
  1223  3.1    253                1120030223      94843325  
  1224  3.1    253                1120030476      94843325  
  1225  3.1    0                  1120030476      94843325  
  1226  3.1    0                  1120030476      94843325  
  1227  3.1    233                1120030709      94843325  
  1228  3.1    1504               1120032213      94843325  
  1229  3.1    528                1120032741      94843325  
  1230  3.1    928                1120033669      94843325  
  1231  3.1    0                  1120033669      94843325  
  1232  3.1    269                1120033938      94843325  
  1233  3.1    1057               1120034995      94843325  
  1234  3.1    421                1120035416      94843325  
  1235  3.1    800                1120036216      94843325  
  1236  3.1    269                1120036485      94843325  
  1237  3.1    405                1120036890      94843325  
  1238  3.1    309                1120037199      94843325  
  1239  3.1    0                  1120037199      94843325  
  1240  3.1    0                  1120037199      94843325  
  1241  3.1    0                  1120037199      94843325  
  1242  3.1    269                1120037468      94843325  
  1243  3.1    1057               1120038525      94843325  
  1244  3.1    592                1120039117      94843325  
  1245  3.1    592                1120039709      94843325  
  1246  3.1    253                1120039962      94843325  
  1247  3.1    405                1120040367      94843325  
  1248  3.1    309                1120040676      94843325  
  1249  3.1    309                1120040985      94843325  
  1250  3.1    592                1120041577      94843325  
  1251  3.1    253                1120041830      94843325  
  1252  3.1    0                  1120041830      94843325  
  1253  3.1    0                  1120041830      94843325  
  1254  3.1    0                  1120041830      94843325  
  1255  3.1    269                1120042099      94843325  
  1256  3.1    1505               1120043604      94843325  
  1257  3.1    0                  1120043604      94843325  
  1258  3.1    0                  1120043604      94843325  
  1259  3.1    269                1120043873      94843325  
  1260  3.1    592                1120044465      94843325  
  1261  3.1    309                1120044774      94843325  
  1262  3.1    1057               1120045831      94843325  
  1263  3.1    0                  1120045831      94843325  
  1264  3.1    269                1120046100      94843325  
  1265  3.1    1229               1120047329      94843325  
  1266  3.1    0                  1120047329      94843325  
  1267  3.1    253                1120047582      94843325  
  1268  3.1    800                1120048382      94843325  
  1269  3.1    421                1120048803      94843325  
  1270  3.1    800                1120049603      94843325  
  1271  3.1    309                1120049912      94843325  
  1272  3.1    269                1120050181      94843325  
  1273  3.1    1121               1120051302      94843325  
  1274  3.1    309                1120051611      94843325  
  1275  3.1    285                1120051896      94843325  
  1276  3.1    0                  1120051896      94843325  
  1277  3.1    0                  1120051896      94843325  
  1278  3.1    0                  1120051896      94843325  
  1279  3.1    285                1120052181      94843325  
  1280  3.1    592                1120052773      94843325  
  1281  3.1    752                1120053525      94843325  
  1282  3.1    784                1120054309      94843325  
  1283  3.1    0                  1120054309      94843325  
  1284  3.1    269                1120054578      94843325  
  1285  3.1    1057               1120055635      94843325  
  1286  3.1    0                  1120055635      94843325  
  1287  3.1    269                1120055904      94843325  
  1288  3.1    1057               1120056961      94843325  
  1289  3.1    784                1120057745      94843325  
  1290  3.1    405                1120058150      94843325  
  1291  3.1    0                  1120058150      94843730  
  1292  3.1    233                1120058383      94843730  
  1293  3.1    405                1120058788      94843730  
  1294  3.1    768                1120059556      94843730  
  1295  3.1    0                  1120059556      94843730  
  1296  3.1    0                  1120059556      94843730  
  1297  3.1    233                1120059789      94843730  
  1298  3.1    592                1120060381      94843730  
  1299  3.1    253                1120060634      94843730  
  1300  3.1    309                1120060943      94843730  
  1301  3.1    269                1120061212      94843730  
  1302  3.1    421                1120061633      94843730  
  1303  3.1    1121               1120062754      94843730  
  1304  3.1    797                1120063551      94843730  
  1305  3.1    512                1120064063      94843730  
  1306  3.1    797                1120064860      94843730  
  1307  3.1    301                1120065161      94843730  
  1308  3.1    285                1120065446      94843730  
  1309  3.1    1121               1120066567      94843730  
  1310  3.1    269                1120066836      94844851  
  1311  3.1    592                1120067428      94844851  
  1312  3.1    269                1120067697      94844851  
  1313  3.1    269                1120067966      94844851  
  1314  3.1    421                1120068387      94844851  
  1315  3.1    309                1120068696      94844851  
  1316  3.1    797                1120069493      94844851  
  1317  3.1    309                1120069802      94844851  
  1318  3.1    0                  1120069802      94844851  
  1319  3.1    570                1120070372      94844851  
  1320  3.1    1217               1120071589      94844851  
  1321  3.1    0                  1120071589      94844851  
  1322  3.1    269                1120071858      94844851  
  1323  3.1    592                1120072450      94844851  
  1324  3.1    309                1120072759      94844851  
  1325  3.1    309                1120073068      94844851  
  1326  3.1    928                1120073996      94844851  
  1327  3.1    2914               1120076910      94844851  
  1328  3.1    3874               1120080784      94844851  
  1329  3.1    3009               1120083793      94845908  
  1330  3.1    592                1120084385      94845908  
  1331  3.1    0                  1120084385      94846500  
  1332  3.1    0                  1120084385      94846500  
  1333  3.1    0                  1120084385      94846500  
  1334  3.1    253                1120084638      94846500  
  1335  3.1    3922               1120088560      94846500  
  1336  3.1    0                  1120088560      94846500  
  1337  3.1    269                1120088829      94846500  
  1338  3.1    752                1120089581      94846500  
  1339  3.1    592                1120090173      94846500  
  1340  3.1    592                1120090765      94846500  
  1341  3.1    269                1120091034      94846500  
  1342  3.1    1505               1120092539      94846500  
  1343  3.1    0                  1120092539      94846500  
  1344  3.1    269                1120092808      94846500  
  1345  3.1    2049               1120094857      94846500  
  1346  3.1    1057               1120095914      94846500  
  1347  3.1    1057               1120096971      94846500  
  1348  3.1    4033               1120101004      94846500  
  1349  3.1    0                  1120101004      94846500  
  1350  3.1    269                1120101273      94846500  
  1351  3.1    1505               1120102778      94846500  
  1352  3.1    269                1120103047      94846500  
  1353  3.1    269                1120103316      94846500  
  1354  3.1    421                1120103737      94846500  
  1355  3.1    0                  1120103737      94846921  
  1356  3.1    253                1120103990      94846921  
  1357  3.1    1153               1120105143      94846921  
  1358  3.1    992                1120106135      94846921  
  1359  3.1    0                  1120106135      94846921  
  1360  3.1    0                  1120106135      94846921  
  1361  3.1    0                  1120106135      94846921  
  1362  3.1    253                1120106388      94846921  
  1363  3.1    5282               1120111670      94846921  
  1364  3.1    800                1120112470      94846921  
  1365  3.1    269                1120112739      94846921  
  1366  3.1    1505               1120114244      94846921  
  1367  3.1    592                1120114836      94846921  
  1368  3.1    421                1120115257      94846921  
  1369  3.1    269                1120115526      94846921  
  1370  3.1    421                1120115947      94846921  
  1371  3.1    285                1120116232      94846921  
  1372  3.1    592                1120116824      94846921  
  1373  3.1    800                1120117624      94846921  
  1374  3.1    592                1120118216      94846921  
  1375  3.1    0                  1120118216      94846921  
  1376  3.1    285                1120118501      94846921  
  1377  3.1    0                  1120118501      94846921  
  1378  3.1    269                1120118770      94846921  
  1379  3.1    800                1120119570      94846921  
  1380  3.1    269                1120119839      94846921  
  1381  3.1    800                1120120639      94846921  
  1382  3.1    269                1120120908      94846921  
  1383  3.1    421                1120121329      94846921  
  1384  3.1    0                  1120121329      94847342  
  1385  3.1    405                1120121734      94847342  
  1386  3.1    752                1120122486      94847342  
  1387  3.1    0                  1120122486      94848094  
  1388  3.1    560                1120123046      94848094  
  1389  3.1    832                1120123878      94848094  
  1390  3.1    928                1120124806      94848094  
  1391  3.1    0                  1120124806      94848094  
  1392  3.1    0                  1120124806      94848094  
  1393  3.1    253                1120125059      94848094  
  1394  3.1    784                1120125843      94848094  
  1395  3.1    253                1120126096      94848094  
  1396  3.1    309                1120126405      94848094  
  1397  3.1    269                1120126674      94848094  
  1398  3.1    253                1120126927      94848094  
  1399  3.1    538                1120127465      94848094  
  1400  3.1    269                1120127734      94848094  
  1401  3.1    0                  1120127734      94848094  
  1402  3.1    253                1120127987      94848094  
  1403  3.1    253                1120128240      94848094  
  1404  3.1    784                1120129024      94848094  
  1405  3.1    253                1120129277      94848094  
  1406  3.1    253                1120129530      94848094  
  1407  3.1    592                1120130122      94848094  
  1408  3.1    309                1120130431      94848094  
  1409  3.1    784                1120131215      94848094  
  1410  3.1    560                1120131775      94848094  
  1411  3.1    0                  1120131775      94848654  
  1412  3.1    233                1120132008      94848654  
  1413  3.1    761                1120132769      94848654  
  1414  3.1    0                  1120132769      94848654  
  1415  3.1    233                1120133002      94848654  
  1416  3.1    233                1120133235      94848654  
  1417  3.1    233                1120133468      94848654  
  1418  3.1    784                1120134252      94848654  
  1419  3.1    0                  1120134252      94849438  
  1420  3.1    405                1120134657      94849438  
  1421  3.1    1057               1120135714      94849438  
  1422  3.1    928                1120136642      94849438  
  1423  3.1    0                  1120136642      94849438  
  1424  3.1    0                  1120136642      94849438  
  1425  3.1    0                  1120136642      94849438  
  1426  3.1    0                  1120136642      94849438  
  1427  3.1    233                1120136875      94849438  
  1428  3.1    1473               1120138348      94849438  
  1429  3.1    560                1120138908      94849438  
  1430  3.1    405                1120139313      94849438  
  1431  3.1    301                1120139614      94849438  
  1432  3.1    405                1120140019      94849438  
  1433  3.1    301                1120140320      94849438  
  1434  3.1    233                1120140553      94849438  
  1435  3.1    405                1120140958      94849438  
  1436  3.1    233                1120141191      94849438  
  1437  3.1    233                1120141424      94849438  
  1438  3.1    233                1120141657      94849438  
  1439  3.1    560                1120142217      94849438  
  1440  3.1    253                1120142470      94849438  
  1441  3.1    592                1120143062      94849438  
  1442  3.1    309                1120143371      94849438  
  1443  3.1    784                1120144155      94849438  
  1444  3.1    269                1120144424      94849438  
  1445  3.1    421                1120144845      94849438  
  1446  3.1    592                1120145437      94849438  
  1447  3.1    269                1120145706      94849438  
  1448  3.1    0                  1120145706      94849438  
  1449  3.1    0                  1120145706      94849438  
  1450  3.1    0                  1120145706      94849438  
  1451  3.1    269                1120145975      94849438  
  1452  3.1    1537               1120147512      94849438  
  1453  3.1    269                1120147781      94849438  
  1454  3.1    0                  1120147781      94849438  
  1455  3.1    253                1120148034      94849438  
  1456  3.1    253                1120148287      94849438  
  1457  3.1    0                  1120148287      94849438  
  1458  3.1    0                  1120148287      94849438  
  1459  3.1    269                1120148556      94849438  
  1460  3.1    253                1120148809      94849438  
  1461  3.1    253                1120149062      94849438  
  1462  3.1    800                1120149862      94849438  
  1463  3.1    592                1120150454      94849438  
  1464  3.1    0                  1120150454      94849438  
  1465  3.1    0                  1120150454      94849438  
  1466  3.1    0                  1120150454      94849438  
  1467  3.1    253                1120150707      94849438  
  1468  3.1    1245               1120151952      94849438  
  1469  3.1    269                1120152221      94849438  
  1470  3.1    421                1120152642      94849438  
  1471  3.1    752                1120153394      94849438  
  1472  3.1    309                1120153703      94849438  
  1473  3.1    269                1120153972      94849438  
  1474  3.1    269                1120154241      94849438  
  1475  3.1    0                  1120154241      94849438  
  1476  3.1    0                  1120154241      94849438  
  1477  3.1    0                  1120154241      94849438  
  1478  3.1    0                  1120154241      94849438  
  1479  3.1    269                1120154510      94849438  
  1480  3.1    800                1120155310      94849438  
  1481  3.1    0                  1120155310      94849438  
  1482  3.1    0                  1120155310      94849438  
  1483  3.1    269                1120155579      94849438  
  1484  3.1    269                1120155848      94849438  
  1485  3.1    269                1120156117      94849438  
  1486  3.1    0                  1120156117      94849438  
  1487  3.1    253                1120156370      94849438  
  1488  3.1    253                1120156623      94849438  
  1489  3.1    269                1120156892      94849438  
  1490  3.1    253                1120157145      94849438  
  1491  3.1    253                1120157398      94849438  
  1492  3.1    253                1120157651      94849438  
  1493  3.1    0                  1120157651      94849438  
  1494  3.1    0                  1120157651      94849438  
  1495  3.1    253                1120157904      94849438  
  1496  3.1    1165               1120159069      94849438  
  1497  3.1    253                1120159322      94849438  
  1498  3.1    592                1120159914      94849438  
  1499  3.1    253                1120160167      94849438  
  1500  3.1    253                1120160420      94849438  
  1501  3.1    800                1120161220      94849438  
  1502  3.1    421                1120161641      94849438  
  1503  3.1    0                  1120161641      94849438  
  1504  3.1    269                1120161910      94849438  
  1505  3.1    405                1120162315      94849438  
  1506  3.1    592                1120162907      94849438  
  1507  3.1    784                1120163691      94849438  
  1508  3.1    421                1120164112      94849438  
  1509  3.1    0                  1120164112      94849859  
  1510  3.1    233                1120164345      94849859  
  1511  3.1    0                  1120164345      94849859  
  1512  3.1    233                1120164578      94849859  
  1513  3.1    233                1120164811      94849859  
  1514  3.1    534                1120165345      94849859  
  1515  3.1    0                  1120165345      94849859  
  1516  3.1    233                1120165578      94849859  
  1517  3.1    1057               1120166635      94849859  
  1518  3.1    688                1120167323      94849859  
  1519  3.1    421                1120167744      94849859  
  1520  3.1    253                1120167997      94849859  
  1521  3.1    560                1120168557      94849859  
  1522  3.1    309                1120168866      94849859  
  1523  3.1    421                1120169287      94849859  
  1524  3.1    592                1120169879      94849859  
  1525  3.1    421                1120170300      94849859  
  1526  3.1    269                1120170569      94849859  
  1527  3.1    253                1120170822      94849859  
  1528  3.1    253                1120171075      94849859  
  1529  3.1    405                1120171480      94849859  
  1530  3.1    309                1120171789      94849859  
  1531  3.1    405                1120172194      94849859  
  1532  3.1    0                  1120172194      94849859  
  1533  3.1    0                  1120172194      94849859  
  1534  3.1    0                  1120172194      94849859  
  1535  3.1    253                1120172447      94849859  
  1536  3.1    784                1120173231      94849859  
  1537  3.1    269                1120173500      94849859  
  1538  3.1    269                1120173769      94849859  
  1539  3.1    309                1120174078      94849859  
  1540  3.1    269                1120174347      94849859  
  1541  3.1    309                1120174656      94849859  
  1542  3.1    309                1120174965      94849859  
  1543  3.1    405                1120175370      94849859  
  1544  3.1    309                1120175679      94849859  
  1545  3.1    421                1120176100      94849859  
  1546  3.1    592                1120176692      94849859  
  1547  3.1    0                  1120176692      94850451  
  1548  3.1    0                  1120176692      94850451  
  1549  3.1    0                  1120176692      94850451  
  1550  3.1    0                  1120176692      94850451  
  1551  3.1    253                1120176945      94850451  
  1552  3.1    784                1120177729      94850451  
  1553  3.1    253                1120177982      94850451  
  1554  3.1    309                1120178291      94850451  
  1555  3.1    309                1120178600      94850451  
  1556  3.1    253                1120178853      94850451  
  1557  3.1    253                1120179106      94850451  
  1558  3.1    0                  1120179106      94850451  
  1559  3.1    269                1120179375      94850451  
  1560  3.1    253                1120179628      94850451  
  1561  3.1    253                1120179881      94850451  
  1562  3.1    269                1120180150      94850451  
  1563  3.1    269                1120180419      94850451  
  1564  3.1    309                1120180728      94850451  
  1565  3.1    405                1120181133      94850451  
  1566  3.1    592                1120181725      94850451  
  1567  3.1    269                1120181994      94850451  
  1568  3.1    309                1120182303      94850451  
  1569  3.1    0                  1120182303      94850451  
  1570  3.1    0                  1120182303      94850451  
  1571  3.1    269                1120182572      94850451  
  1572  3.1    2190               1120184762      94850451  
  1573  3.1    0                  1120184762      94850451  
  1574  3.1    0                  1120184762      94850451  
  1575  3.1    253                1120185015      94850451  
  1576  3.1    1229               1120186244      94850451  
  1577  3.1    0                  1120186244      94850451  
  1578  3.1    0                  1120186244      94850451  
  1579  3.1    253                1120186497      94850451  
  1580  3.1    0                  1120186497      94850451  
  1581  3.1    1153               1120187650      94850451  
  1582  3.1    0                  1120187650      94850451  
  1583  3.1    269                1120187919      94850451  
  1584  3.1    421                1120188340      94850451  
  1585  3.1    309                1120188649      94850451  
  1586  3.1    0                  1120188649      94850451  
  1587  3.1    285                1120188934      94850451  
  1588  3.1    800                1120189734      94850451  
  1589  3.1    592                1120190326      94850451  
  1590  3.1    800                1120191126      94850451  
  1591  3.1    285                1120191411      94850451  
  1592  3.1    765                1120192176      94850451  
  1593  3.1    765                1120192941      94850451  
  1594  3.1    0                  1120192941      94850451  
  1595  3.1    269                1120193210      94850451  
  1596  3.1    0                  1120193210      94850451  
  1597  3.1    0                  1120193210      94850451  
  1598  3.1    269                1120193479      94850451  
  1599  3.1    592                1120194071      94850451  
  1600  3.1    421                1120194492      94850451  
  1601  3.1    592                1120195084      94850451  
  1602  3.1    421                1120195505      94850451  
  1603  3.1    269                1120195774      94850451  
  1604  3.1    269                1120196043      94850451  
  1605  3.1    421                1120196464      94850451  
  1606  3.1    309                1120196773      94850451  
  1607  3.1    592                1120197365      94850451  
  1608  3.1    0                  1120197365      94850451  
  1609  3.1    0                  1120197365      94850451  
  1610  3.1    0                  1120197365      94850451  
  1611  3.1    269                1120197634      94850451  
  1612  3.1    2038               1120199672      94850451  
  1613  3.1    1121               1120200793      94850451  
  1614  3.1    928                1120201721      94850451  
  1615  3.1    0                  1120201721      94850451  
  1616  3.1    269                1120201990      94850451  
  1617  3.1    309                1120202299      94850451  
  1618  3.1    253                1120202552      94850451  
  1619  3.1    309                1120202861      94850451  
  1620  3.1    269                1120203130      94850451  
  1621  3.1    269                1120203399      94850451  
  1622  3.1    592                1120203991      94850451  
  1623  3.1    0                  1120203991      94850451  
  1624  3.1    269                1120204260      94850451  
  1625  3.1    592                1120204852      94850451  
  1626  3.1    269                1120205121      94850451  
  1627  3.1    309                1120205430      94850451  
  1628  3.1    421                1120205851      94850451  
  1629  3.1    0                  1120205851      94850872  
  1630  3.1    309                1120206160      94850872  
  1631  3.1    800                1120206960      94850872  
  1632  3.1    309                1120207269      94850872  
  1633  3.1    592                1120207861      94850872  
  1634  3.1    421                1120208282      94850872  
  1635  3.1    592                1120208874      94850872  
  1636  3.1    592                1120209466      94850872  
  1637  3.1    269                1120209735      94850872  
  1638  3.1    309                1120210044      94850872  
  1639  3.1    0                  1120210044      94851181  
  1640  3.1    405                1120210449      94851181  
  1641  3.1    1245               1120211694      94851181  
  1642  3.1    560                1120212254      94851181  
  1643  3.1    233                1120212487      94851181  
  1644  3.1    253                1120212740      94851181  
  1645  3.1    233                1120212973      94851181  
  1646  3.1    0                  1120212973      94851181  
  1647  3.1    0                  1120212973      94851181  
  1648  3.1    0                  1120212973      94851181  
  1649  3.1    0                  1120212973      94851181  
  1650  3.1    233                1120213206      94851181  
  1651  3.1    1245               1120214451      94851181  
  1652  3.1    560                1120215011      94851181  
  1653  3.1    784                1120215795      94851181  
  1654  3.1    421                1120216216      94851181  
  1655  3.1    421                1120216637      94851181  
  1656  3.1    269                1120216906      94851181  
  1657  3.1    0                  1120216906      94851181  
  1658  3.1    0                  1120216906      94851181  
  1659  3.1    253                1120217159      94851181  
  1660  3.1    1473               1120218632      94851181  
  1661  3.1    309                1120218941      94851181  
  1662  3.1    592                1120219533      94851181  
  1663  3.1    592                1120220125      94851181  
  1664  3.1    592                1120220717      94851181  
  1665  3.1    592                1120221309      94851181  
  1666  3.1    309                1120221618      94851181  
  1667  3.1    309                1120221927      94851181  
  1668  3.1    421                1120222348      94851181  
  1669  3.1    421                1120222769      94851181  
  1670  3.1    301                1120223070      94851181  
  1671  3.1    0                  1120223070      94851181  
  1672  3.1    0                  1120223070      94851181  
  1673  3.1    0                  1120223070      94851181  
  1674  3.1    0                  1120223070      94851181  
  1675  3.1    269                1120223339      94851181  
  1676  3.1    1381               1120224720      94851181  
  1677  3.1    0                  1120224720      94851181  
  1678  3.1    0                  1120224720      94851181  
  1679  3.1    253                1120224973      94851181  
  1680  3.1    592                1120225565      94851181  
  1681  3.1    421                1120225986      94851181  
  1682  3.1    421                1120226407      94851181  
  1683  3.1    592                1120226999      94851181  
  1684  3.1    421                1120227420      94851181  
  1685  3.1    592                1120228012      94851181  
  1686  3.1    285                1120228297      94851181  
  1687  3.1    0                  1120228297      94851181  
  1688  3.1    0                  1120228297      94851181  
  1689  3.1    0                  1120228297      94851181  
  1690  3.1    0                  1120228297      94851181  
  1691  3.1    269                1120228566      94851181  
  1692  3.1    1505               1120230071      94851181  
  1693  3.1    421                1120230492      94851181  
  1694  3.1    269                1120230761      94851181  
  1695  3.1    309                1120231070      94851181  
  1696  3.1    752                1120231822      94851181  
  1697  3.1    269                1120232091      94851181  
  1698  3.1    269                1120232360      94851181  
  1699  3.1    421                1120232781      94851181  
  1700  3.1    309                1120233090      94851181  
  1701  3.1    285                1120233375      94851181  
  1702  3.1    1121               1120234496      94851181  
  1703  3.1    421                1120234917      94851181  
  1704  3.1    421                1120235338      94851181  
  1705  3.1    269                1120235607      94851181  
  1706  3.1    0                  1120235607      94851181  
  1707  3.1    269                1120235876      94851181  
  1708  3.1    269                1120236145      94851181  
  1709  3.1    269                1120236414      94851181  
  1710  3.1    1057               1120237471      94851181  
  1711  3.1    0                  1120237471      94852238  
  1712  3.1    0                  1120237471      94852238  
  1713  3.1    0                  1120237471      94852238  
  1714  3.1    0                  1120237471      94852238  
  1715  3.1    253                1120237724      94852238  
  1716  3.1    1472               1120239196      94852238  
  1717  3.1    285                1120239481      94852238  
  1718  3.1    0                  1120239481      94852238  
  1719  3.1    285                1120239766      94852238  
  1720  3.1    285                1120240051      94852238  
  1721  3.1    269                1120240320      94852238  
  1722  3.1    269                1120240589      94852238  
  1723  3.1    421                1120241010      94852238  
  1724  3.1    285                1120241295      94852238  
  1725  3.1    0                  1120241295      94852238  
  1726  3.1    0                  1120241295      94852238  
  1727  3.1    285                1120241580      94852238  
  1728  3.1    800                1120242380      94852238  
  1729  3.1    269                1120242649      94852238  
  1730  3.1    421                1120243070      94852238  
  1731  3.1    285                1120243355      94852238  
  1732  3.1    285                1120243640      94852238  
  1733  3.1    269                1120243909      94852238  
  1734  3.1    0                  1120243909      94852238  
  1735  3.1    269                1120244178      94852238  
  1736  3.1    309                1120244487      94852238  
  1737  3.1    592                1120245079      94852238  
  1738  3.1    269                1120245348      94852238  
  1739  3.1    253                1120245601      94852238  
  1740  3.1    592                1120246193      94852238  
  1741  3.1    592                1120246785      94852238  
  1742  3.1    864                1120247649      94852238  
  1743  3.1    269                1120247918      94852238  
  1744  3.1    0                  1120247918      94852238  
  1745  3.1    0                  1120247918      94852238  
  1746  3.1    269                1120248187      94852238  
  1747  3.1    1121               1120249308      94852238  
  1748  3.1    0                  1120249308      94853359  
  1749  3.1    0                  1120249308      94853359  
  1750  3.1    0                  1120249308      94853359  
  1751  3.1    253                1120249561      94853359  
  1752  3.1    1057               1120250618      94853359  
  1753  3.1    592                1120251210      94853359  
  1754  3.1    269                1120251479      94853359  
  1755  3.1    0                  1120251479      94853359  
  1756  3.1    0                  1120251479      94853359  
  1757  3.1    0                  1120251479      94853359  
  1758  3.1    0                  1120251479      94853359  
  1759  3.1    269                1120251748      94853359  
  1760  3.1    2049               1120253797      94853359  
  1761  3.1    0                  1120253797      94853359  
  1762  3.1    0                  1120253797      94853359  
  1763  3.1    269                1120254066      94853359  
  1764  3.1    592                1120254658      94853359  
  1765  3.1    269                1120254927      94853359  
  1766  3.1    421                1120255348      94853359  
  1767  3.1    800                1120256148      94853359  
  1768  3.1    309                1120256457      94853359  
  1769  3.1    0                  1120256457      94853359  
  1770  3.1    0                  1120256457      94853359  
  1771  3.1    269                1120256726      94853359  
  1772  3.1    1088               1120257814      94853359  
  1773  3.1    0                  1120257814      94853359  
  1774  3.1    992                1120258806      94853359  
  1775  3.1    0                  1120258806      94853359  
  1776  3.1    269                1120259075      94853359  
  1777  3.1    421                1120259496      94853359  
  1778  3.1    269                1120259765      94853359  
  1779  3.1    0                  1120259765      94853359  
  1780  3.1    0                  1120259765      94853359  
  1781  3.1    0                  1120259765      94853359  
  1782  3.1    285                1120260050      94853359  
  1783  3.1    5184               1120265234      94853359  
  1784  3.1    4929               1120270163      94853359  
  1785  3.1    1616               1120271779      94853359  
  1786  3.1    0                  1120271779      94853359  
  1787  3.1    285                1120272064      94853359  
  1788  3.1    421                1120272485      94853359  
  1789  3.1    421                1120272906      94853359  
  1790  3.1    269                1120273175      94853359  
  1791  3.1    0                  1120273175      94853359  
  1792  3.1    0                  1120273175      94853359  
  1793  3.1    0                  1120273175      94853359  
  1794  3.1    0                  1120273175      94853359  
  1795  3.1    269                1120273444      94853359  
  1796  3.1    1057               1120274501      94853359  
  1797  3.1    309                1120274810      94853359  
  1798  3.1    285                1120275095      94853359  
  1799  3.1    0                  1120275095      94853359  
  1800  3.1    0                  1120275095      94853359  
  1801  3.1    0                  1120275095      94853359  
  1802  3.1    0                  1120275095      94853359  
  1803  3.1    285                1120275380      94853359  
  1804  3.1    1088               1120276468      94853359  
  1805  3.1    233                1120276701      94853951  
  1806  3.1    0                  1120276701      94853951  
  1807  3.1    253                1120276954      94853951  
  1808  3.1    784                1120277738      94853951  
  1809  3.1    269                1120278007      94853951  
  1810  3.1    309                1120278316      94853951  
  1811  3.1    269                1120278585      94853951  
  1812  3.1    0                  1120278585      94853951  
  1813  3.1    0                  1120278585      94853951  
  1814  3.1    0                  1120278585      94853951  
  1815  3.1    285                1120278870      94853951  
  1816  3.1    1121               1120279991      94853951  
  1817  3.1    285                1120280276      94853951  
  1818  3.1    269                1120280545      94853951  
  1819  3.1    285                1120280830      94853951  
  1820  3.1    309                1120281139      94853951  
  1821  3.1    309                1120281448      94853951  
  1822  3.1    797                1120282245      94853951  
  1823  3.1    0                  1120282245      94853951  
  1824  3.1    0                  1120282245      94853951  
  1825  3.1    0                  1120282245      94853951  
  1826  3.1    285                1120282530      94853951  
  1827  3.1    1473               1120284003      94853951  
  1828  3.1    269                1120284272      94853951  
  1829  3.1    285                1120284557      94853951  
  1830  3.1    309                1120284866      94853951  
  1831  3.1    285                1120285151      94853951  
  1832  3.1    0                  1120285151      94853951  
  1833  3.1    0                  1120285151      94853951  
  1834  3.1    0                  1120285151      94853951  
  1835  3.1    285                1120285436      94853951  
  1836  3.1    592                1120286028      94853951  
  1837  3.1    0                  1120286028      94853951  
  1838  3.1    0                  1120286028      94853951  
  1839  3.1    285                1120286313      94853951  
  1840  3.1    421                1120286734      94853951  
  1841  3.1    301                1120287035      94853951  
  1842  3.1    797                1120287832      94853951  
  1843  3.1    0                  1120287832      94853951  
  1844  3.1    0                  1120287832      94853951  
  1845  3.1    0                  1120287832      94853951  
  1846  3.1    301                1120288133      94853951  
  1847  3.1    797                1120288930      94853951  
  1848  3.1    0                  1120288930      94853951  
  1849  3.1    0                  1120288930      94853951  
  1850  3.1    0                  1120288930      94853951  
  1851  3.1    285                1120289215      94853951  
  1852  3.1    2049               1120291264      94853951  
  1853  3.1    0                  1120291264      94853951  
  1854  3.1    0                  1120291264      94853951  
  1855  3.1    285                1120291549      94853951  
  1856  3.1    1505               1120293054      94853951  
  1857  3.1    0                  1120293054      94853951  
  1858  3.1    0                  1120293054      94853951  
  1859  3.1    269                1120293323      94853951  
  1860  3.1    800                1120294123      94853951  
  1861  3.1    0                  1120294123      94853951  
  1862  3.1    0                  1120294123      94853951  
  1863  3.1    269                1120294392      94853951  
  1864  3.1    800                1120295192      94853951  
  1865  3.1    0                  1120295192      94854751  
  1866  3.1    269                1120295461      94854751  
  1867  3.1    309                1120295770      94854751  
  1868  3.1    421                1120296191      94854751  
  1869  3.1    285                1120296476      94854751  
  1870  3.1    976                1120297452      94854751  
  1871  3.1    285                1120297737      94854751  
  1872  3.1    0                  1120297737      94854751  
  1873  3.1    0                  1120297737      94854751  
  1874  3.1    0                  1120297737      94854751  
  1875  3.1    285                1120298022      94854751  
  1876  3.1    421                1120298443      94854751  
  1877  3.1    285                1120298728      94854751  
  1878  3.1    0                  1120298728      94854751  
  1879  3.1    285                1120299013      94854751  
  1880  3.1    0                  1120299013      94855036  
  1881  3.1    800                1120299813      94855036  
  1882  3.1    0                  1120299813      94855036  
  1883  3.1    269                1120300082      94855036  
  1884  3.1    421                1120300503      94855036  
  1885  3.1    797                1120301300      94855036  
  1886  3.1    285                1120301585      94855036  
  1887  3.1    309                1120301894      94855036  
  1888  3.1    421                1120302315      94855036  
  1889  3.1    421                1120302736      94855036  
  1890  3.1    285                1120303021      94855036  
  1891  3.1    0                  1120303021      94855036  
  1892  3.1    0                  1120303021      94855036  
  1893  3.1    0                  1120303021      94855036  
  1894  3.1    0                  1120303021      94855036  
  1895  3.1    285                1120303306      94855036  
  1896  3.1    800                1120304106      94855036  
  1897  3.1    0                  1120304106      94855836  
  1898  3.1    0                  1120304106      94855836  
  1899  3.1    233                1120304339      94855836  
  1900  3.1    560                1120304899      94855836  
  1901  3.1    301                1120305200      94855836  
  1902  3.1    896                1120306096      94855836  
  1903  3.1    0                  1120306096      94855836  
  1904  3.1    0                  1120306096      94855836  
  1905  3.1    0                  1120306096      94855836  
  1906  3.1    0                  1120306096      94855836  
  1907  3.1    269                1120306365      94855836  
  1908  3.1    800                1120307165      94855836  
  1909  3.1    269                1120307434      94855836  
  1910  3.1    269                1120307703      94855836  
  1911  3.1    269                1120307972      94855836  
  1912  3.1    269                1120308241      94855836  
  1913  3.1    269                1120308510      94855836  
  1914  3.1    269                1120308779      94855836  
  1915  3.1    269                1120309048      94855836  
  1916  3.1    0                  1120309048      94855836  
  1917  3.1    0                  1120309048      94855836  
  1918  3.1    0                  1120309048      94855836  
  1919  3.1    269                1120309317      94855836  
  1920  3.1    800                1120310117      94855836  
  1921  3.1    1505               1120311622      94855836  
  1922  3.1    269                1120311891      94855836  
  1923  3.1    309                1120312200      94855836  
  1924  3.1    285                1120312485      94855836  
  1925  3.1    421                1120312906      94855836  
  1926  3.1    421                1120313327      94855836  
  1927  3.1    285                1120313612      94855836  
  1928  3.1    0                  1120313612      94855836  
  1929  3.1    0                  1120313612      94855836  
  1930  3.1    0                  1120313612      94855836  
  1931  3.1    269                1120313881      94855836  
  1932  3.1    1057               1120314938      94855836  
  1933  3.1    0                  1120314938      94855836  
  1934  3.1    0                  1120314938      94855836  
  1935  3.1    285                1120315223      94855836  
  1936  3.1    1057               1120316280      94855836  
  1937  3.1    0                  1120316280      94855836  
  1938  3.1    0                  1120316280      94855836  
  1939  3.1    269                1120316549      94855836  
  1940  3.1    800                1120317349      94855836  
  1941  3.1    421                1120317770      94855836  
  1942  3.1    269                1120318039      94855836  
  1943  3.1    0                  1120318039      94855836  
  1944  3.1    0                  1120318039      94855836  
  1945  3.1    0                  1120318039      94855836  
  1946  3.1    0                  1120318039      94855836  
  1947  3.1    269                1120318308      94855836  
  1948  3.1    1889               1120320197      94855836  
  1949  3.1    405                1120320602      94855836  
  1950  3.1    269                1120320871      94855836  
  1951  3.1    309                1120321180      94855836  
  1952  3.1    309                1120321489      94855836  
  1953  3.1    800                1120322289      94855836  
  1954  3.1    0                  1120322289      94855836  
  1955  3.1    285                1120322574      94855836  
  1956  3.1    592                1120323166      94855836  
  1957  3.1    269                1120323435      94855836  
  1958  3.1    309                1120323744      94855836  
  1959  3.1    309                1120324053      94855836  
  1960  3.1    421                1120324474      94855836  
  1961  3.1    301                1120324775      94855836  
  1962  3.1    285                1120325060      94855836  
  1963  3.1    285                1120325345      94855836  
  1964  3.1    285                1120325630      94855836  
  1965  3.1    285                1120325915      94855836  
  1966  3.1    1185               1120327100      94855836  
  1967  3.1    0                  1120327100      94855836  
  1968  3.1    0                  1120327100      94855836  
  1969  3.1    0                  1120327100      94855836  
  1970  3.1    0                  1120327100      94855836  
  1971  3.1    285                1120327385      94855836  
  1972  3.1    800                1120328185      94855836  
  1973  3.1    309                1120328494      94855836  
  1974  3.1    0                  1120328494      94855836  
  1975  3.1    269                1120328763      94855836  
  1976  3.1    421                1120329184      94855836  
  1977  3.1    285                1120329469      94855836  
  1978  3.1    0                  1120329469      94855836  
  1979  3.1    285                1120329754      94855836  
  1980  3.1    269                1120330023      94855836  
  1981  3.1    309                1120330332      94855836  
  1982  3.1    309                1120330641      94855836  
  1983  3.1    0                  1120330641      94856145  
  1984  3.1    729                1120331370      94856145  
  1985  3.1    1345               1120332715      94856145  
  1986  3.1    253                1120332968      94856145  
  1987  3.1    309                1120333277      94856145  
  1988  3.1    269                1120333546      94856145  
  1989  3.1    285                1120333831      94856145  
  1990  3.1    285                1120334116      94856145  
  1991  3.1    285                1120334401      94856145  
  1992  3.1    285                1120334686      94856145  
  1993  3.1    0                  1120334686      94856145  
  1994  3.1    0                  1120334686      94856145  
  1995  3.1    285                1120334971      94856145  
  1996  3.1    285                1120335256      94856145  
  1997  3.1    0                  1120335256      94856145  
  1998  3.1    0                  1120335256      94856145  
  1999  3.1    285                1120335541      94856145  
  2000  3.1    800                1120336341      94856145  
  2001  3.1    0                  1120336341      94856145  
  2002  3.1    0                  1120336341      94856145  
  2003  3.1    269                1120336610      94856145  
  2004  3.1    253                1120336863      94856145  
  2005  3.1    0                  1120336863      94856145  
  2006  3.1    0                  1120336863      94856145  
  2007  3.1    253                1120337116      94856145  
  2008  3.1    253                1120337369      94856145  
  2009  3.1    0                  1120337369      94856145  
  2010  3.1    0                  1120337369      94856145  
  2011  3.1    0                  1120337369      94856145  
  2012  3.1    0                  1120337369      94856145  
  2013  3.1    0                  1120337369      94856145  
  2014  3.1    0                  1120337369      94856145  
  2015  3.1    253                1120337622      94856145  
  2016  3.1    1229               1120338851      94856145  
  2017  3.1    0                  1120338851      94857121  
  2018  3.1    0                  1120338851      94857121  
  2019  3.1    253                1120339104      94857121  
  2020  3.1    560                1120339664      94857121  
  2021  3.1    253                1120339917      94857121  
  2022  3.1    253                1120340170      94857121  
  2023  3.1    309                1120340479      94857121  
  2024  3.1    421                1120340900      94857121  
  2025  3.1    309                1120341209      94857121  
  2026  3.1    592                1120341801      94857121  
  2027  3.1    285                1120342086      94857121  
  2028  3.1    0                  1120342086      94857121  
  2029  3.1    0                  1120342086      94857121  
  2030  3.1    0                  1120342086      94857121  
  2031  3.1    285                1120342371      94857121  
  2032  3.1    285                1120342656      94857121  
  2033  3.1    0                  1120342656      94857121  
  2034  3.1    0                  1120342656      94857121  
  2035  3.1    269                1120342925      94857121  
  2036  3.1    1121               1120344046      94857121  
  2037  3.1    0                  1120344046      94857121  
  2038  3.1    0                  1120344046      94857121  
  2039  3.1    269                1120344315      94857121  
  2040  3.1    800                1120345115      94857121  
  2041  3.1    309                1120345424      94857121  
  2042  3.1    285                1120345709      94857121  
  2043  3.1    285                1120345994      94857121  
  2044  3.1    269                1120346263      94857121  
  2045  3.1    0                  1120346263      94857121  
  2046  3.1    0                  1120346263      94857121  
  2047  3.1    285                1120346548      94857121  
  2048  3.1    800                1120347348      94857121  
  2049  3.1    0                  1120347348      94857121  
  2050  3.1    0                  1120347348      94857121  
  2051  3.1    269                1120347617      94857121  
  2052  3.1    634                1120348251      94857121  
  2053  3.1    0                  1120348251      94857121  
  2054  3.1    0                  1120348251      94857121  
  2055  3.1    285                1120348536      94857121  
  2056  3.1    0                  1120348536      94857121  
  2057  3.1    0                  1120348536      94857121  
  2058  3.1    0                  1120348536      94857121  
  2059  3.1    285                1120348821      94857121  
  2060  3.1    285                1120349106      94857121  
  2061  3.1    285                1120349391      94857121  
  2062  3.1    0                  1120349391      94857121  
  2063  3.1    285                1120349676      94857121  
  2064  3.1    285                1120349961      94857121  
  2065  3.1    301                1120350262      94857121  
  2066  3.1    0                  1120350262      94857121  
  2067  3.1    269                1120350531      94857121  
  2068  3.1    269                1120350800      94857121  
  2069  3.1    0                  1120350800      94857121  
  2070  3.1    0                  1120350800      94857121  
  2071  3.1    269                1120351069      94857121  
  2072  3.1    592                1120351661      94857121  
  2073  3.1    309                1120351970      94857121  
  2074  3.1    309                1120352279      94857121  
  2075  3.1    1505               1120353784      94857121  
  2076  3.1    0                  1120353784      94857121  
  2077  3.1    0                  1120353784      94857121  
  2078  3.1    0                  1120353784      94857121  
  2079  3.1    269                1120354053      94857121  
  2080  3.1    1057               1120355110      94857121  
  2081  3.1    421                1120355531      94857121  
  2082  3.1    0                  1120355531      94857121  
  2083  3.1    269                1120355800      94857121  
  2084  3.1    592                1120356392      94857121  
  2085  3.1    285                1120356677      94857121  
  2086  3.1    269                1120356946      94857121  
  2087  3.1    309                1120357255      94857121  
  2088  3.1    592                1120357847      94857121  
  2089  3.1    0                  1120357847      94857121  
  2090  3.1    0                  1120357847      94857121  
  2091  3.1    269                1120358116      94857121  
  2092  3.1    784                1120358900      94857121  
  2093  3.1    253                1120359153      94857121  
  2094  3.1    864                1120360017      94857121  
  2095  3.1    0                  1120360017      94857121  
  2096  3.1    0                  1120360017      94857121  
  2097  3.1    0                  1120360017      94857121  
  2098  3.1    0                  1120360017      94857121  
  2099  3.1    253                1120360270      94857121  
  2100  3.1    1514               1120361784      94857121  
  2101  3.1    253                1120362037      94857121  
  2102  3.1    253                1120362290      94857121  
  2103  3.1    253                1120362543      94857121  
  2104  3.1    405                1120362948      94857121  
  2105  3.1    592                1120363540      94857121  
  2106  3.1    0                  1120363540      94857713  
  2107  3.1    233                1120363773      94857713  
  2108  3.1    1472               1120365245      94857713  
  2109  3.1    0                  1120365245      94857713  
  2110  3.1    0                  1120365245      94857713  
  2111  3.1    233                1120365478      94857713  
  2112  3.1    1473               1120366951      94857713  
  2113  3.1    405                1120367356      94857713  
  2114  3.1    592                1120367948      94857713  
  2115  3.1    405                1120368353      94857713  
  2116  3.1    592                1120368945      94857713  
  2117  3.1    592                1120369537      94857713  
  2118  3.1    269                1120369806      94857713  
  2119  3.1    269                1120370075      94857713  
  2120  3.1    269                1120370344      94857713  
  2121  3.1    285                1120370629      94857713  
  2122  3.1    0                  1120370629      94857713  
  2123  3.1    285                1120370914      94857713  
  2124  3.1    269                1120371183      94857713  
  2125  3.1    0                  1120371183      94857713  
  2126  3.1    0                  1120371183      94857713  
  2127  3.1    269                1120371452      94857713  
  2128  3.1    752                1120372204      94857713  
  2129  3.1    253                1120372457      94857713  
  2130  3.1    0                  1120372457      94857713  
  2131  3.1    253                1120372710      94857713  
  2132  3.1    233                1120372943      94857713  
  2133  3.1    253                1120373196      94857713  
  2134  3.1    0                  1120373196      94857713  
  2135  3.1    253                1120373449      94857713  
  2136  3.1    253                1120373702      94857713  
  2137  3.1    253                1120373955      94857713  
  2138  3.1    0                  1120373955      94857713  
  2139  3.1    0                  1120373955      94857713  
  2140  3.1    0                  1120373955      94857713  
  2141  3.1    253                1120374208      94857713  
  2142  3.1    2049               1120376257      94857713  
  2143  3.1    269                1120376526      94857713  
  2144  3.1    269                1120376795      94857713  
  2145  3.1    0                  1120376795      94857713  
  2146  3.1    0                  1120376795      94857713  
  2147  3.1    269                1120377064      94857713  
  2148  3.1    0                  1120377064      94857713  
  2149  3.1    0                  1120377064      94857713  
  2150  3.1    0                  1120377064      94857713  
  2151  3.1    538                1120377602      94857713  
  2152  3.1    269                1120377871      94857713  
  2153  3.1    253                1120378124      94857713  
  2154  3.1    253                1120378377      94857713  
  2155  3.1    269                1120378646      94857713  
  2156  3.1    269                1120378915      94857713  
  2157  3.1    0                  1120378915      94857713  
  2158  3.1    0                  1120378915      94857713  
  2159  3.1    253                1120379168      94857713  
  2160  3.1    752                1120379920      94857713  
  2161  3.1    269                1120380189      94857713  
  2162  3.1    253                1120380442      94857713  
  2163  3.1    0                  1120380442      94857713  
  2164  3.1    0                  1120380442      94857713  
  2165  3.1    253                1120380695      94857713  
  2166  3.1    2046               1120382741      94857713  
  2167  3.1    285                1120383026      94857713  
  2168  3.1    0                  1120383026      94857713  
  2169  3.1    0                  1120383026      94857713  
  2170  3.1    269                1120383295      94857713  
  2171  3.1    405                1120383700      94857713  
  2172  3.1    592                1120384292      94857713  
  2173  3.1    421                1120384713      94857713  
  2174  3.1    0                  1120384713      94858134  
  2175  3.1    301                1120385014      94858134  
  2176  3.1    405                1120385419      94858134  
  2177  3.1    405                1120385824      94858134  
  2178  3.1    761                1120386585      94858134  
  2179  3.1    0                  1120386585      94858134  
  2180  3.1    0                  1120386585      94858134  
  2181  3.1    0                  1120386585      94858134  
  2182  3.1    0                  1120386585      94858134  
  2183  3.1    233                1120386818      94858134  
  2184  3.1    1537               1120388355      94858134  
  2185  3.1    0                  1120388355      94858134  
  2186  3.1    0                  1120388355      94858134  
  2187  3.1    233                1120388588      94858134  
  2188  3.1    832                1120389420      94858134  
  2189  3.1    233                1120389653      94858134  
  2190  3.1    832                1120390485      94858134  
  2191  3.1    0                  1120390485      94858134  
  2192  3.1    0                  1120390485      94858134  
  2193  3.1    233                1120390718      94858134  
  2194  3.1    1193               1120391911      94858134  
  2195  3.1    0                  1120391911      94858134  
  2196  3.1    0                  1120391911      94858134  
  2197  3.1    253                1120392164      94858134  
  2198  3.1    592                1120392756      94858134  
  2199  3.1    405                1120393161      94858134  
  2200  3.1    253                1120393414      94858134  
  2201  3.1    421                1120393835      94858134  
  2202  3.1    269                1120394104      94858134  
  2203  3.1    421                1120394525      94858134  
  2204  3.1    0                  1120394525      94858134  
  2205  3.1    0                  1120394525      94858134  
  2206  3.1    0                  1120394525      94858134  
  2207  3.1    269                1120394794      94858134  
  2208  3.1    800                1120395594      94858134  
  2209  3.1    421                1120396015      94858134  
  2210  3.1    285                1120396300      94858134  
  2211  3.1    421                1120396721      94858134  
  2212  3.1    421                1120397142      94858134  
  2213  3.1    544                1120397686      94858134  
  2214  3.1    421                1120398107      94858134  
  2215  3.1    421                1120398528      94858134  
  2216  3.1    0                  1120398528      94858134  
  2217  3.1    0                  1120398528      94858134  
  2218  3.1    0                  1120398528      94858134  
  2219  3.1    301                1120398829      94858134  
  2220  3.1    973                1120399802      94858134  
  2221  3.1    301                1120400103      94858134  
  2222  3.1    1281               1120401384      94858134  
  2223  3.1    0                  1120401384      94858134  
  2224  3.1    0                  1120401384      94858134  
  2225  3.1    0                  1120401384      94858134  
  2226  3.1    0                  1120401384      94858134  
  2227  3.1    301                1120401685      94858134  
  2228  3.1    1505               1120403190      94858134  
  2229  3.1    301                1120403491      94858134  
  2230  3.1    309                1120403800      94858134  
  2231  3.1    301                1120404101      94858134  
  2232  3.1    0                  1120404101      94858134  
  2233  3.1    301                1120404402      94858134  
  2234  3.1    421                1120404823      94858134  
  2235  3.1    285                1120405108      94858555  
  2236  3.1    301                1120405409      94858555  
  2237  3.1    301                1120405710      94858555  
  2238  3.1    309                1120406019      94858555  
  2239  3.1    0                  1120406019      94858555  
  2240  3.1    0                  1120406019      94858555  
  2241  3.1    0                  1120406019      94858555  
  2242  3.1    0                  1120406019      94858555  
  2243  3.1    301                1120406320      94858555  
  2244  3.1    544                1120406864      94858555  
  2245  3.1    421                1120407285      94858555  
  2246  3.1    309                1120407594      94858555  
  2247  3.1    0                  1120407594      94858555  
  2248  3.1    285                1120407879      94858555  
  2249  3.1    421                1120408300      94858555  
  2250  3.1    285                1120408585      94858555  
  2251  3.1    0                  1120408585      94858555  
  2252  3.1    0                  1120408585      94858555  
  2253  3.1    269                1120408854      94858555  
  2254  3.1    1185               1120410039      94858555  
  2255  3.1    0                  1120410039      94858555  
  2256  3.1    0                  1120410039      94858555  
  2257  3.1    0                  1120410039      94858555  
  2258  3.1    301                1120410340      94858555  
  2259  3.1    800                1120411140      94858555  
  2260  3.1    0                  1120411140      94859355  
  2261  3.1    253                1120411393      94859355  
  2262  3.1    405                1120411798      94859355  
  2263  3.1    0                  1120411798      94859760  
  2264  3.1    921                1120412719      94859760  
  2265  3.1    848                1120413567      94859760  
  2266  3.1    405                1120413972      94859760  
  2267  3.1    405                1120414377      94859760  
  2268  3.1    405                1120414782      94859760  
  2269  3.1    0                  1120414782      94860165  
  2270  3.1    301                1120415083      94860165  
  2271  3.1    768                1120415851      94860165  
  2272  3.1    233                1120416084      94860165  
  2273  3.1    233                1120416317      94860165  
  2274  3.1    405                1120416722      94860165  
  2275  3.1    301                1120417023      94860165  
  2276  3.1    721                1120417744      94860165  
  2277  3.1    0                  1120417744      94860165  
  2278  3.1    233                1120417977      94860165  
  2279  3.1    761                1120418738      94860165  
  2280  3.1    233                1120418971      94860165  
  2281  3.1    301                1120419272      94860165  
  2282  3.1    233                1120419505      94860165  
  2283  3.1    253                1120419758      94860165  
  2284  3.1    253                1120420011      94860165  
  2285  3.1    0                  1120420011      94860165  
  2286  3.1    0                  1120420011      94860165  
  2287  3.1    253                1120420264      94860165  
  2288  3.1    560                1120420824      94860165  
  2289  3.1    0                  1120420824      94860725  
  2290  3.1    301                1120421125      94860725  
  2291  3.1    560                1120421685      94860725  
  2292  3.1    405                1120422090      94860725  
  2293  3.1    0                  1120422090      94860725  
  2294  3.1    253                1120422343      94860725  
  2295  3.1    1630               1120423973      94860725  
  2296  3.1    0                  1120423973      94860725  
  2297  3.1    0                  1120423973      94860725  
  2298  3.1    0                  1120423973      94860725  
  2299  3.1    233                1120424206      94860725  
  2300  3.1    969                1120425175      94860725  
  2301  3.1    0                  1120425175      94860725  
  2302  3.1    253                1120425428      94860725  
  2303  3.1    0                  1120425428      94860725  
  2304  3.1    233                1120425661      94860725  
  2305  3.1    405                1120426066      94860725  
  2306  3.1    0                  1120426066      94861130  
  2307  3.1    702                1120426768      94861130  
  2308  3.1    832                1120427600      94861130  
  2309  3.1    421                1120428021      94861130  
  2310  3.1    405                1120428426      94861130  
  2311  3.1    0                  1120428426      94861130  
  2312  3.1    0                  1120428426      94861130  
  2313  3.1    0                  1120428426      94861130  
  2314  3.1    253                1120428679      94861130  
  2315  3.1    1245               1120429924      94861130  
  2316  3.1    0                  1120429924      94861130  
  2317  3.1    0                  1120429924      94861130  
  2318  3.1    0                  1120429924      94861130  
  2319  3.1    253                1120430177      94861130  
  2320  3.1    405                1120430582      94861130  
  2321  3.1    253                1120430835      94861130  
  2322  3.1    253                1120431088      94861130  
  2323  3.1    560                1120431648      94861130  
  2324  3.1    233                1120431881      94861130  
  2325  3.1    405                1120432286      94861130  
  2326  3.1    1245               1120433531      94861130  
  2327  3.1    0                  1120433531      94861130  
  2328  3.1    0                  1120433531      94861130  
  2329  3.1    0                  1120433531      94861130  
  2330  3.1    0                  1120433531      94861130  
  2331  3.1    253                1120433784      94861130  
  2332  3.1    1057               1120434841      94861130  
  2333  3.1    309                1120435150      94861130  
  2334  3.1    253                1120435403      94861130  
  2335  3.1    421                1120435824      94861130  
  2336  3.1    421                1120436245      94861130  
  2337  3.1    269                1120436514      94861130  
  2338  3.1    269                1120436783      94861130  
  2339  3.1    592                1120437375      94861130  
  2340  3.1    405                1120437780      94861130  
  2341  3.1    309                1120438089      94861130  
  2342  3.1    309                1120438398      94861130  
  2343  3.1    253                1120438651      94861130  
  2344  3.1    269                1120438920      94861130  
  2345  3.1    0                  1120438920      94861130  
  2346  3.1    0                  1120438920      94861130  
  2347  3.1    253                1120439173      94861130  
  2348  3.1    405                1120439578      94861130  
  2349  3.1    405                1120439983      94861130  
  2350  3.1    0                  1120439983      94861535  
  2351  3.1    761                1120440744      94861535  
  2352  3.1    357                1120441101      94861535  
  2353  3.1    0                  1120441101      94861535  
  2354  3.1    0                  1120441101      94861535  
  2355  3.1    233                1120441334      94861535  
  2356  3.1    560                1120441894      94861535  
  2357  3.1    253                1120442147      94861535  
  2358  3.1    253                1120442400      94861535  
  2359  3.1    253                1120442653      94861535  
  2360  3.1    0                  1120442653      94861535  
  2361  3.1    0                  1120442653      94861535  
  2362  3.1    0                  1120442653      94861535  
  2363  3.1    233                1120442886      94861535  
  2364  3.1    969                1120443855      94861535  
  2365  3.1    253                1120444108      94861535  
  2366  3.1    309                1120444417      94861535  
  2367  3.1    269                1120444686      94861535  
  2368  3.1    405                1120445091      94861535  
  2369  3.1    309                1120445400      94861535  
  2370  3.1    309                1120445709      94861535  
  2371  3.1    309                1120446018      94861535  
  2372  3.1    253                1120446271      94861535  
  2373  3.1    0                  1120446271      94861535  
  2374  3.1    0                  1120446271      94861535  
  2375  3.1    269                1120446540      94861535  
  2376  3.1    752                1120447292      94861535  
  2377  3.1    253                1120447545      94861535  
  2378  3.1    309                1120447854      94861535  
  2379  3.1    1057               1120448911      94861535  
  2380  3.1    0                  1120448911      94862592  
  2381  3.1    0                  1120448911      94862592  
  2382  3.1    0                  1120448911      94862592  
  2383  3.1    253                1120449164      94862592  
  2384  3.1    736                1120449900      94862592  
  2385  3.1    233                1120450133      94863328  
  2386  3.1    405                1120450538      94864064  
  2387  3.1    405                1120450943      94864064  
  2388  3.1    253                1120451196      94864064  
  2389  3.1    592                1120451788      94864064  
  2390  3.1    405                1120452193      94864064  
  2391  3.1    0                  1120452193      94864469  
  2392  3.1    0                  1120452193      94864469  
  2393  3.1    0                  1120452193      94864469  
  2394  3.1    0                  1120452193      94864469  
  2395  3.1    233                1120452426      94864469  
  2396  3.1    857                1120453283      94864469  
  2397  3.1    0                  1120453283      94864469  
  2398  3.1    0                  1120453283      94864469  
  2399  3.1    233                1120453516      94864469  
  2400  3.1    857                1120454373      94864469  
  2401  3.1    0                  1120454373      94864469  
  2402  3.1    0                  1120454373      94864469  
  2403  3.1    233                1120454606      94864469  
  2404  3.1    1193               1120455799      94864469  
  2405  3.1    534                1120456333      94864469  
  2406  3.1    233                1120456566      94864469  
  2407  3.1    233                1120456799      94864469  
  2408  3.1    0                  1120456799      94864469  
  2409  3.1    0                  1120456799      94864469  
  2410  3.1    0                  1120456799      94864469  
  2411  3.1    233                1120457032      94864469  
  2412  3.1    721                1120457753      94864469  
  2413  3.1    233                1120457986      94864469  
  2414  3.1    656                1120458642      94864469  
  2415  3.1    0                  1120458642      94864469  
  2416  3.1    0                  1120458642      94864469  
  2417  3.1    0                  1120458642      94864469  
  2418  3.1    0                  1120458642      94864469  
  2419  3.1    233                1120458875      94864469  
  2420  3.1    1440               1120460315      94864469  
  2421  3.1    233                1120460548      94864469  
  2422  3.1    253                1120460801      94864469  
  2423  3.1    301                1120461102      94864469  
  2424  3.1    301                1120461403      94864469  
  2425  3.1    405                1120461808      94864469  
  2426  3.1    0                  1120461808      94864874  
  2427  3.1    0                  1120461808      94864874  
  2428  3.1    0                  1120461808      94864874  
  2429  3.1    0                  1120461808      94864874  
  2430  3.1    0                  1120461808      94864874  
  2431  3.1    233                1120462041      94864874  
  2432  3.1    1825               1120463866      94864874  
  2433  3.1    0                  1120463866      94864874  
  2434  3.1    0                  1120463866      94864874  
  2435  3.1    233                1120464099      94864874  
  2436  3.1    301                1120464400      94864874  
  2437  3.1    0                  1120464400      94864874  
  2438  3.1    0                  1120464400      94864874  
  2439  3.1    233                1120464633      94864874  
  2440  3.1    560                1120465193      94864874  
  2441  3.1    233                1120465426      94864874  
  2442  3.1    969                1120466395      94864874  
  2443  3.1    0                  1120466395      94864874  
  2444  3.1    0                  1120466395      94864874  
  2445  3.1    0                  1120466395      94864874  
  2446  3.1    0                  1120466395      94864874  
  2447  3.1    233                1120466628      94864874  
  2448  3.1    721                1120467349      94864874  
  2449  3.1    233                1120467582      94864874  
  2450  3.1    0                  1120467582      94864874  
  2451  3.1    233                1120467815      94864874  
  2452  3.1    405                1120468220      94864874  
  2453  3.1    233                1120468453      94864874  
  2454  3.1    253                1120468706      94864874  
  2455  3.1    0                  1120468706      94864874  
  2456  3.1    0                  1120468706      94864874  
  2457  3.1    233                1120468939      94864874  
  2458  3.1    592                1120469531      94864874  
  2459  3.1    0                  1120469531      94864874  
  2460  3.1    0                  1120469531      94864874  
  2461  3.1    253                1120469784      94864874  
  2462  3.1    592                1120470376      94864874  
  2463  3.1    253                1120470629      94864874  
  2464  3.1    309                1120470938      94864874  
  2465  3.1    592                1120471530      94864874  
  2466  3.1    269                1120471799      94864874  
  2467  3.1    233                1120472032      94864874  
  2468  3.1    301                1120472333      94864874  
  2469  3.1    309                1120472642      94864874  
  2470  3.1    592                1120473234      94864874  
  2471  3.1    405                1120473639      94864874  
  2472  3.1    800                1120474439      94864874  
  2473  3.1    0                  1120474439      94864874  
  2474  3.1    269                1120474708      94864874  
  2475  3.1    800                1120475508      94864874  
  2476  3.1    269                1120475777      94864874  
  2477  3.1    233                1120476010      94864874  
  2478  3.1    768                1120476778      94864874  
  2479  3.1    0                  1120476778      94864874  
  2480  3.1    0                  1120476778      94864874  
  2481  3.1    0                  1120476778      94864874  
  2482  3.1    0                  1120476778      94864874  
  2483  3.1    253                1120477031      94864874  
  2484  3.1    1057               1120478088      94864874  
  2485  3.1    421                1120478509      94864874  
  2486  3.1    269                1120478778      94864874  
  2487  3.1    269                1120479047      94864874  
  2488  3.1    309                1120479356      94864874  
  2489  3.1    269                1120479625      94864874  
  2490  3.1    0                  1120479625      94864874  
  2491  3.1    269                1120479894      94864874  
  2492  3.1    253                1120480147      94864874  
  2493  3.1    253                1120480400      94864874  
  2494  3.1    269                1120480669      94864874  
  2495  3.1    309                1120480978      94864874  
  2496  3.1    421                1120481399      94864874  
  2497  3.1    309                1120481708      94864874  
  2498  3.1    592                1120482300      94864874  
  2499  3.1    253                1120482553      94864874  
  2500  3.1    269                1120482822      94864874  
  2501  3.1    421                1120483243      94864874  
  2502  3.1    0                  1120483243      94864874  
  2503  3.1    269                1120483512      94864874  
  2504  3.1    421                1120483933      94864874  
  2505  3.1    269                1120484202      94864874  
  2506  3.1    285                1120484487      94864874  
  2507  3.1    421                1120484908      94864874  
  2508  3.1    309                1120485217      94864874  
  2509  3.1    309                1120485526      94864874  
  2510  3.1    0                  1120485526      94865183  
  2511  3.1    405                1120485931      94865183  
  2512  3.1    752                1120486683      94865183  
  2513  3.1    784                1120487467      94865183  
  2514  3.1    421                1120487888      94865183  
  2515  3.1    405                1120488293      94865183  
  2516  3.1    253                1120488546      94865183  
  2517  3.1    253                1120488799      94865183  
  2518  3.1    309                1120489108      94865183  
  2519  3.1    233                1120489341      94865492  
  2520  3.1    253                1120489594      94865492  
  2521  3.1    253                1120489847      94865492  
  2522  3.1    253                1120490100      94865492  
  2523  3.1    309                1120490409      94865492  
  2524  3.1    269                1120490678      94865492  
  2525  3.1    269                1120490947      94865492  
  2526  3.1    0                  1120490947      94865492  
  2527  3.1    253                1120491200      94865492  
  2528  3.1    592                1120491792      94865492  
  2529  3.1    0                  1120491792      94865492  
  2530  3.1    0                  1120491792      94865492  
  2531  3.1    253                1120492045      94865492  
  2532  3.1    2241               1120494286      94865492  
  2533  3.1    0                  1120494286      94865492  
  2534  3.1    0                  1120494286      94865492  
  2535  3.1    269                1120494555      94865492  
  2536  3.1    0                  1120494555      94865761  
  2537  3.1    2786               1120497341      94865761  
  2538  3.1    233                1120497574      94865761  
  2539  3.1    233                1120497807      94865761  
  2540  3.1    0                  1120497807      94865761  
  2541  3.1    0                  1120497807      94865761  
  2542  3.1    0                  1120497807      94865761  
  2543  3.1    233                1120498040      94865761  
  2544  3.1    6210               1120504250      94865761  
  2545  3.1    2562               1120506812      94865761  
  2546  3.1    269                1120507081      94865761  
  2547  3.1    2839               1120509920      94865761  
  2548  3.1    832                1120510752      94866230  
  2549  3.1    233                1120510985      94866230  
  2550  3.1    253                1120511238      94866230  
  2551  3.1    405                1120511643      94866230  
  2552  3.1    800                1120512443      94866230  
  2553  3.1    1153               1120513596      94866230  
  2554  3.1    592                1120514188      94866230  
  2555  3.1    253                1120514441      94866230  
  2556  3.1    269                1120514710      94866230  
  2557  3.1    0                  1120514710      94866230  
  2558  3.1    269                1120514979      94866230  
  2559  3.1    253                1120515232      94866230  
  2560  3.1    253                1120515485      94866230  
  2561  3.1    309                1120515794      94866230  
  2562  3.1    800                1120516594      94866230  
  2563  3.1    269                1120516863      94866230  
  2564  3.1    269                1120517132      94866230  
  2565  3.1    269                1120517401      94866230  
  2566  3.1    269                1120517670      94866230  
  2567  3.1    253                1120517923      94866230  
  2568  3.1    0                  1120517923      94866230  
  2569  3.1    0                  1120517923      94866230  
  2570  3.1    0                  1120517923      94866230  
  2571  3.1    269                1120518192      94866230  
  2572  3.1    784                1120518976      94866230  
  2573  3.1    269                1120519245      94866230  
  2574  3.1    864                1120520109      94866230  
  2575  3.1    0                  1120520109      94866230  
  2576  3.1    0                  1120520109      94866230  
  2577  3.1    253                1120520362      94866230  
  2578  3.1    4034               1120524396      94866230  
  2579  3.1    0                  1120524396      94867447  
  2580  3.1    253                1120524649      94868664  
  2581  3.1    3457               1120528106      94869881  
  2582  3.1    5184               1120533290      94869881  
  2583  3.1    1153               1120534443      94869881  
  2584  3.1    0                  1120534443      94869881  
  2585  3.1    0                  1120534443      94869881  
  2586  3.1    269                1120534712      94869881  
  2587  3.1    309                1120535021      94869881  
  2588  3.1    269                1120535290      94869881  
  2589  3.1    309                1120535599      94869881  
  2590  3.1    253                1120535852      94869881  
  2591  3.1    0                  1120535852      94869881  
  2592  3.1    0                  1120535852      94869881  
  2593  3.1    0                  1120535852      94869881  
  2594  3.1    269                1120536121      94869881  
  2595  3.1    2049               1120538170      94869881  
  2596  3.1    269                1120538439      94869881  
  2597  3.1    0                  1120538439      94869881  
  2598  3.1    0                  1120538439      94869881  
  2599  3.1    253                1120538692      94869881  
  2600  3.1    1505               1120540197      94869881  
  2601  3.1    1505               1120541702      94869881  
  2602  3.1    285                1120541987      94869881  
  2603  3.1    285                1120542272      94869881  
  2604  3.1    0                  1120542272      94869881  
  2605  3.1    0                  1120542272      94869881  
  2606  3.1    0                  1120542272      94869881  
  2607  3.1    285                1120542557      94869881  
  2608  3.1    2817               1120545374      94869881  
  2609  3.1    309                1120545683      94869881  
  2610  3.1    285                1120545968      94869881  
  2611  3.1    309                1120546277      94869881  
  2612  3.1    285                1120546562      94869881  
  2613  3.1    0                  1120546562      94869881  
  2614  3.1    0                  1120546562      94869881  
  2615  3.1    285                1120546847      94869881  
  2616  3.1    285                1120547132      94869881  
  2617  3.1    0                  1120547132      94869881  
  2618  3.1    0                  1120547132      94869881  
  2619  3.1    269                1120547401      94869881  
  2620  3.1    269                1120547670      94869881  
  2621  3.1    0                  1120547670      94869881  
  2622  3.1    0                  1120547670      94869881  
  2623  3.1    269                1120547939      94869881  
  2624  3.1    269                1120548208      94869881  
  2625  3.1    0                  1120548208      94869881  
  2626  3.1    0                  1120548208      94869881  
  2627  3.1    269                1120548477      94869881  
  2628  3.1    309                1120548786      94869881  
  2629  3.1    309                1120549095      94869881  
  2630  3.1    592                1120549687      94869881  
  2631  3.1    421                1120550108      94869881  
  2632  3.1    285                1120550393      94869881  
  2633  3.1    309                1120550702      94869881  
  2634  3.1    421                1120551123      94869881  
  2635  3.1    301                1120551424      94869881  
  2636  3.1    285                1120551709      94869881  
  2637  3.1    0                  1120551709      94869881  
  2638  3.1    0                  1120551709      94869881  
  2639  3.1    285                1120551994      94869881  
  2640  3.1    1121               1120553115      94869881  
  2641  3.1    301                1120553416      94869881  
  2642  3.1    0                  1120553416      94869881  
  2643  3.1    285                1120553701      94869881  
  2644  3.1    797                1120554498      94869881  
  2645  3.1    0                  1120554498      94869881  
  2646  3.1    0                  1120554498      94869881  
  2647  3.1    285                1120554783      94869881  
  2648  3.1    309                1120555092      94869881  
  2649  3.1    309                1120555401      94869881  
  2650  3.1    0                  1120555401      94870190  
  2651  3.1    421                1120555822      94870190  
  2652  3.1    0                  1120555822      94870611  
  2653  3.1    421                1120556243      94870611  
  2654  3.1    309                1120556552      94870611  
  2655  3.1    269                1120556821      94870611  
  2656  3.1    253                1120557074      94870611  
  2657  3.1    233                1120557307      94870611  
  2658  3.1    301                1120557608      94870611  
  2659  3.1    301                1120557909      94870611  
  2660  3.1    405                1120558314      94870611  
  2661  3.1    233                1120558547      94870611  
  2662  3.1    0                  1120558547      94870611  
  2663  3.1    233                1120558780      94870611  
  2664  3.1    301                1120559081      94870611  
  2665  3.1    405                1120559486      94870611  
  2666  3.1    405                1120559891      94870611  
  2667  3.1    253                1120560144      94870611  
  2668  3.1    592                1120560736      94870611  
  2669  3.1    269                1120561005      94870611  
  2670  3.1    960                1120561965      94870611  
  2671  3.1    0                  1120561965      94870611  
  2672  3.1    0                  1120561965      94870611  
  2673  3.1    0                  1120561965      94870611  
  2674  3.1    0                  1120561965      94870611  
  2675  3.1    269                1120562234      94870611  
  2676  3.1    421                1120562655      94870611  
  2677  3.1    269                1120562924      94870611  
  2678  3.1    269                1120563193      94870611  
  2679  3.1    3921               1120567114      94870611  
  2680  3.1    2370               1120569484      94870611  
  2681  3.1    0                  1120569484      94870611  
  2682  3.1    0                  1120569484      94870611  
  2683  3.1    285                1120569769      94870611  
  2684  3.1    1057               1120570826      94870611  
  2685  3.1    0                  1120570826      94871668  
  2686  3.1    1505               1120572331      94871668  
  2687  3.1    3138               1120575469      94871668  
  2688  3.1    0                  1120575469      94871668  
  2689  3.1    0                  1120575469      94871668  
  2690  3.1    0                  1120575469      94871668  
  2691  3.1    269                1120575738      94871668  
  2692  3.1    2049               1120577787      94871668  
  2693  3.1    1505               1120579292      94871668  
  2694  3.1    1486               1120580778      94871668  
  2695  3.1    1761               1120582539      94871668  
  2696  3.1    0                  1120582539      94871668  
  2697  3.1    269                1120582808      94871668  
  2698  3.1    592                1120583400      94871668  
  2699  3.1    269                1120583669      94871668  
  2700  3.1    0                  1120583669      94871668  
  2701  3.1    0                  1120583669      94871668  
  2702  3.1    0                  1120583669      94871668  
  2703  3.1    269                1120583938      94871668  
  2704  3.1    800                1120584738      94871668  
  2705  3.1    253                1120584991      94871668  
  2706  3.1    0                  1120584991      94871668  
  2707  3.1    269                1120585260      94871668  
  2708  3.1    421                1120585681      94871668  
  2709  3.1    309                1120585990      94871668  
  2710  3.1    269                1120586259      94871668  
  2711  3.1    253                1120586512      94871668  
  2712  3.1    253                1120586765      94871668  
  2713  3.1    421                1120587186      94871668  
  2714  3.1    421                1120587607      94871668  
  2715  3.1    269                1120587876      94871668  
  2716  3.1    269                1120588145      94871668  
  2717  3.1    285                1120588430      94871668  
  2718  3.1    253                1120588683      94871953  
  2719  3.1    592                1120589275      94871953  
  2720  3.1    253                1120589528      94871953  
  2721  3.1    969                1120590497      94871953  
  2722  3.1    253                1120590750      94871953  
  2723  3.1    592                1120591342      94871953  
  2724  3.1    761                1120592103      94871953  
  2725  3.1    528                1120592631      94871953  
  2726  3.1    405                1120593036      94871953  
  2727  3.1    233                1120593269      94871953  
  2728  3.1    560                1120593829      94871953  
  2729  3.1    309                1120594138      94871953  
  2730  3.1    784                1120594922      94871953  
  2731  3.1    253                1120595175      94871953  
  2732  3.1    233                1120595408      94871953  
  2733  3.1    0                  1120595408      94871953  
  2734  3.1    0                  1120595408      94871953  
  2735  3.1    253                1120595661      94871953  
  2736  3.1    1473               1120597134      94871953  
  2737  3.1    309                1120597443      94871953  
  2738  3.1    538                1120597981      94871953  
  2739  3.1    749                1120598730      94871953  
  2740  3.1    269                1120598999      94871953  
  2741  3.1    421                1120599420      94871953  
  2742  3.1    285                1120599705      94871953  
  2743  3.1    309                1120600014      94871953  
  2744  3.1    592                1120600606      94871953  
  2745  3.1    592                1120601198      94871953  
  2746  3.1    592                1120601790      94871953  
  2747  3.1    301                1120602091      94871953  
  2748  3.1    301                1120602392      94871953  
  2749  3.1    0                  1120602392      94871953  
  2750  3.1    0                  1120602392      94871953  
  2751  3.1    285                1120602677      94871953  
  2752  3.1    797                1120603474      94871953  
  2753  3.1    0                  1120603474      94871953  
  2754  3.1    0                  1120603474      94871953  
  2755  3.1    285                1120603759      94871953  
  2756  3.1    309                1120604068      94871953  
  2757  3.1    285                1120604353      94871953  
  2758  3.1    421                1120604774      94871953  
  2759  3.1    309                1120605083      94871953  
  2760  3.1    301                1120605384      94871953  
  2761  3.1    301                1120605685      94871953  
  2762  3.1    0                  1120605685      94871953  
  2763  3.1    301                1120605986      94871953  
  2764  3.1    301                1120606287      94871953  
  2765  3.1    301                1120606588      94871953  
  2766  3.1    1185               1120607773      94871953  
  2767  3.1    0                  1120607773      94871953  
  2768  3.1    0                  1120607773      94871953  
  2769  3.1    285                1120608058      94871953  
  2770  3.1    285                1120608343      94871953  
  2771  3.1    285                1120608628      94871953  
  2772  3.1    800                1120609428      94871953  
  2773  3.1    592                1120610020      94871953  
  2774  3.1    421                1120610441      94871953  
  2775  3.1    797                1120611238      94871953  
  2776  3.1    0                  1120611238      94871953  
  2777  3.1    0                  1120611238      94871953  
  2778  3.1    0                  1120611238      94871953  
  2779  3.1    301                1120611539      94871953  
  2780  3.1    797                1120612336      94871953  
  2781  3.1    0                  1120612336      94871953  
  2782  3.1    0                  1120612336      94871953  
  2783  3.1    269                1120612605      94871953  
  2784  3.1    3937               1120616542      94871953  
  2785  3.1    4482               1120621024      94871953  
  2786  3.1    0                  1120621024      94871953  
  2787  3.1    285                1120621309      94871953  
  2788  3.1    285                1120621594      94871953  
  2789  3.1    269                1120621863      94871953  
  2790  3.1    0                  1120621863      94871953  
  2791  3.1    0                  1120621863      94871953  
  2792  3.1    0                  1120621863      94871953  
  2793  3.1    0                  1120621863      94871953  
  2794  3.1    0                  1120621863      94871953  
  2795  3.1    269                1120622132      94871953  
  2796  3.1    2688               1120624820      94871953  
  2797  3.1    592                1120625412      94871953  
  2798  3.1    1185               1120626597      94871953  
  2799  3.1    0                  1120626597      94871953  
  2800  3.1    0                  1120626597      94871953  
  2801  3.1    301                1120626898      94871953  
  2802  3.1    544                1120627442      94871953  
  2803  3.1    301                1120627743      94871953  
  2804  3.1    2880               1120630623      94871953  
  2805  3.1    0                  1120630623      94871953  
  2806  3.1    0                  1120630623      94871953  
  2807  3.1    301                1120630924      94871953  
  2808  3.1    544                1120631468      94871953  
  2809  3.1    301                1120631769      94871953  
  2810  3.1    0                  1120631769      94871953  
  2811  3.1    301                1120632070      94871953  
  2812  3.1    301                1120632371      94871953  
  2813  3.1    0                  1120632371      94871953  
  2814  3.1    0                  1120632371      94871953  
  2815  3.1    301                1120632672      94871953  
  2816  3.1    989                1120633661      94871953  
  2817  3.1    0                  1120633661      94871953  
  2818  3.1    301                1120633962      94871953  
  2819  3.1    421                1120634383      94871953  
  2820  3.1    301                1120634684      94871953  
  2821  3.1    0                  1120634684      94871953  
  2822  3.1    285                1120634969      94871953  
  2823  3.1    285                1120635254      94871953  
  2824  3.1    0                  1120635254      94871953  
  2825  3.1    0                  1120635254      94871953  
  2826  3.1    0                  1120635254      94871953  
  2827  3.1    285                1120635539      94871953  
  2828  3.1    1121               1120636660      94871953  
  2829  3.1    269                1120636929      94871953  
  2830  3.1    944                1120637873      94871953  
  2831  3.1    269                1120638142      94871953  
  2832  3.1    253                1120638395      94871953  
  2833  3.1    269                1120638664      94871953  
  2834  3.1    0                  1120638664      94871953  
  2835  3.1    253                1120638917      94871953  
  2836  3.1    421                1120639338      94871953  
  2837  3.1    421                1120639759      94871953  
  2838  3.1    1505               1120641264      94871953  
  2839  3.1    285                1120641549      94871953  
  2840  3.1    2049               1120643598      94871953  
  2841  3.1    592                1120644190      94871953  
  2842  3.1    1505               1120645695      94871953  
  2843  3.1    2112               1120647807      94871953  
  2844  3.1    800                1120648607      94871953  
  2845  3.1    301                1120648908      94871953  
  2846  3.1    0                  1120648908      94871953  
  2847  3.1    301                1120649209      94871953  
  2848  3.1    1089               1120650298      94871953  
  2849  3.1    309                1120650607      94871953  
  2850  3.1    309                1120650916      94871953  
  2851  3.1    421                1120651337      94871953  
  2852  3.1    0                  1120651337      94871953  
  2853  3.1    0                  1120651337      94871953  
  2854  3.1    0                  1120651337      94871953  
  2855  3.1    301                1120651638      94871953  
  2856  3.1    1060               1120652698      94871953  
  2857  3.1    989                1120653687      94871953  
  2858  3.1    0                  1120653687      94871953  
  2859  3.1    0                  1120653687      94871953  
  2860  3.1    0                  1120653687      94871953  
  2861  3.1    285                1120653972      94871953  
  2862  3.1    1089               1120655061      94871953  
  2863  3.1    0                  1120655061      94871953  
  2864  3.1    0                  1120655061      94871953  
  2865  3.1    285                1120655346      94871953  
  2866  3.1    1293               1120656639      94871953  
  2867  3.1    0                  1120656639      94871953  
  2868  3.1    285                1120656924      94871953  
  2869  3.1    1089               1120658013      94871953  
  2870  3.1    3042               1120661055      94871953  
  2871  3.1    1665               1120662720      94873682  
  2872  3.1    1790               1120664510      94873682  
  2873  3.1    848                1120665358      94873682  
  2874  3.1    3810               1120669168      94873682  
  2875  3.1    0                  1120669168      94873682  
  2876  3.1    0                  1120669168      94873682  
  2877  3.1    0                  1120669168      94873682  
  2878  3.1    0                  1120669168      94873682  
  2879  3.1    285                1120669453      94873682  
  2880  3.1    1601               1120671054      94873682  
  2881  3.1    0                  1120671054      94873682  
  2882  3.1    285                1120671339      94873682  
  2883  3.1    285                1120671624      94873682  
  2884  3.1    285                1120671909      94873682  
  2885  3.1    1121               1120673030      94873682  
  2886  3.1    421                1120673451      94873682  
  2887  3.1    309                1120673760      94873682  
  2888  3.1    544                1120674304      94873682  
  2889  3.1    421                1120674725      94873682  
  2890  3.1    309                1120675034      94873682  
  2891  3.1    301                1120675335      94873682  
  2892  3.1    301                1120675636      94873682  
  2893  3.1    301                1120675937      94873682  
  2894  3.1    864                1120676801      94873682  
  2895  3.1    602                1120677403      94873682  
  2896  3.1    0                  1120677403      94873682  
  2897  3.1    0                  1120677403      94873682  
  2898  3.1    301                1120677704      94873682  
  2899  3.1    544                1120678248      94873682  
  2900  3.1    301                1120678549      94873682  
  2901  3.1    421                1120678970      94873682  
  2902  3.1    0                  1120678970      94874103  
  2903  3.1    0                  1120678970      94874103  
  2904  3.1    269                1120679239      94874103  
  2905  3.1    592                1120679831      94874103  
  2906  3.1    269                1120680100      94874103  
  2907  3.1    421                1120680521      94874103  
  2908  3.1    421                1120680942      94874103  
  2909  3.1    285                1120681227      94874103  
  2910  3.1    0                  1120681227      94874103  
  2911  3.1    285                1120681512      94874103  
  2912  3.1    309                1120681821      94874103  
  2913  3.1    269                1120682090      94874103  
  2914  3.1    0                  1120682090      94874372  
  2915  3.1    466                1120682556      94874372  
  2916  3.1    562                1120683118      94874372  
  2917  3.1    0                  1120683118      94874681  
  2918  3.1    638                1120683756      94874681  
  2919  3.1    269                1120684025      94874681  
  2920  3.1    253                1120684278      94874681  
  2921  3.1    253                1120684531      94874681  
  2922  3.1    253                1120684784      94874681  
  2923  3.1    253                1120685037      94874681  
  2924  3.1    253                1120685290      94874681  
  2925  3.1    253                1120685543      94874681  
  2926  3.1    0                  1120685543      94874681  
  2927  3.1    253                1120685796      94874681  
  2928  3.1    752                1120686548      94874681  
  2929  3.1    421                1120686969      94874681  
  2930  3.1    269                1120687238      94874681  
  2931  3.1    309                1120687547      94874681  
  2932  3.1    2022               1120689569      94874681  
  2933  3.1    2625               1120692194      94874681  
  2934  3.1    2049               1120694243      94874681  
  2935  3.1    3969               1120698212      94874681  
  2936  3.1    4227               1120702439      94874681  
  2937  3.1    3138               1120705577      94874681  
  2938  3.1    5473               1120711050      94874681  
  2939  3.1    1761               1120712811      94875802  
  2940  3.1    1505               1120714316      94875802  
  2941  3.1    285                1120714601      94875802  
  2942  3.1    2049               1120716650      94875802  
  2943  3.1    2049               1120718699      94875802  
  2944  3.1    2946               1120721645      94875802  
  2945  3.1    5508               1120727153      94875802  
  2946  3.1    309                1120727462      94876698  
  2947  3.1    4257               1120731719      94876698  
  2948  3.1    6082               1120737801      94876698  
  2949  3.1    5443               1120743244      94876698  
  2950  3.1    4110               1120747354      94876698  
  2951  3.1    5538               1120752892      94876698  
  2952  3.1    5568               1120758460      94876698  
  2953  3.1    421                1120758881      94876698  
  2954  3.1    285                1120759166      94876698  
  2955  3.1    6210               1120765376      94876698  
  2956  3.1    3202               1120768578      94876698  
  2957  3.1    2673               1120771251      94876698  
  2958  3.1    2562               1120773813      94876698  
  2959  3.1    2357               1120776170      94876698  
  2960  3.1    4866               1120781036      94876698  
  2961  3.1    5761               1120786797      94876698  
  2962  3.1    9989               1120796786      94876698  
  2963  3.1    4992               1120801778      94876698  
  2964  3.1    5826               1120807604      94876698  
  2965  3.1    6659               1120814263      94876698  
  2966  3.1    3009               1120817272      94879836  
  2967  3.1    6210               1120823482      94879836  
  2968  3.1    5121               1120828603      94879836  
  2969  3.1    8194               1120836797      94879836  
  2970  3.1    10119              1120846916      94879836  
  2971  3.1    11274              1120858190      94879836  
  2972  3.1    7748               1120865938      94879836  
  2973  3.1    11015              1120876953      94879836  
  2974  3.1    6723               1120883676      94879836  
  2975  3.1    5697               1120889373      94879836  
  2976  3.1    10371              1120899744      94879836  
  2977  3.1    11650              1120911394      94879836  
  2978  3.1    5637               1120917031      94884958  
  2979  3.1    5826               1120922857      94884958  
  2980  3.1    3426               1120926283      94884958  
  2981  3.1    8453               1120934736      94884958  
  2982  3.1    5571               1120940307      94884958  
  2983  3.1    11143              1120951450      94884958  
  2984  3.1    11910              1120963360      94884958  
  2985  3.1    8321               1120971681      94884958  
  2986  3.1    3969               1120975650      94884958  
  2987  3.1    0                  1120975650      94888927  
  2988  3.1    301                1120975951      94888927  
  2989  3.1    8964               1120984915      94888927  
  2990  3.1    6498               1120991413      94888927  
  2991  3.1    10246              1121001659      94888927  
  2992  3.1    469                1121002128      94893794  
  2993  3.1    11016              1121013144      94893794  
  2994  3.1    0                  1121013144      94893794  
  2995  3.1    0                  1121013144      94893794  
  2996  3.1    0                  1121013144      94893794  
  2997  3.1    0                  1121013144      94893794  
  2998  3.1    0                  1121013144      94893794  
  2999  3.1    0                  1121013144      94893794  
  3000  3.1    0                  1121013144      94893794  
  3001  3.1    0                  1121013144      94893794  
  3002  3.1    0                  1121013144      94893794  
  3003  3.1    0                  1121013144      94893794  
  3004  3.1    0                  1121013144      94893794  
  3005  3.1    0                  1121013144      94893794  
  3006  3.1    0                  1121013144      94893794  
  3007  3.1    0                  1121013144      94893794  
  3008  3.1    0                  1121013144      94893794  
  3009  3.1    0                  1121013144      94893794  
  3010  3.1    0                  1121013144      94893794  
  3011  3.1    0                  1121013144      94893794  
  3012  3.1    0                  1121013144      94893794  
  3013  3.1    0                  1121013144      94893794  
  3014  3.1    0                  1121013144      94893794  
  3015  3.1    0                  1121013144      94893794  
  3016  3.1    0                  1121013144      94893794  
  3017  3.1    0                  1121013144      94893794  
  3018  3.1    0                  1121013144      94893794  
  3019  3.1    0                  1121013144      94893794  
  3020  3.1    0                  1121013144      94893794  
  3021  3.1    0                  1121013144      94893794  
  3022  3.1    0                  1121013144      94893794  
  3023  3.1    309                1121013453      94893794  
  3024  3.1    0                  1121013453      94894103  
  3025  3.1    0                  1121013453      94894103  
  3026  3.1    0                  1121013453      94894103  
  3027  3.1    0                  1121013453      94894103  
  3028  3.1    0                  1121013453      94894103  
  3029  3.1    0                  1121013453      94894103  
  3030  3.1    0                  1121013453      94894103  
  3031  3.1    0                  1121013453      94894103  
  3032  3.1    0                  1121013453      94894103  
  3033  3.1    0                  1121013453      94894103  
  3034  3.1    0                  1121013453      94894103  
  3035  3.1    0                  1121013453      94894103  
  3036  3.1    0                  1121013453      94894103  
  3037  3.1    0                  1121013453      94894103  
  3038  3.1    0                  1121013453      94894103  
  3039  3.1    0                  1121013453      94894103  
  3040  3.1    0                  1121013453      94894103  
  3041  3.1    0                  1121013453      94894103  
  3042  3.1    0                  1121013453      94894103  
  3043  3.1    0                  1121013453      94894103  
  3044  3.1    0                  1121013453      94894103  
  3045  3.1    0                  1121013453      94894103  
  3046  3.1    0                  1121013453      94894103  
  3047  3.1    0                  1121013453      94894103  
  3048  3.1    0                  1121013453      94894103  
  3049  3.1    0                  1121013453      94894103  
  3050  3.1    0                  1121013453      94894103  
  3051  3.1    285                1121013738      94894103  
  3052  3.1    797                1121014535      94894103  
  3053  3.1    0                  1121014535      94894103  
  3054  3.1    0                  1121014535      94894103  
  3055  3.1    301                1121014836      94894103  
  3056  3.1    421                1121015257      94894103  
  3057  3.1    1021               1121016278      94894103  
  3058  3.1    0                  1121016278      94894103  
  3059  3.1    0                  1121016278      94894103  
  3060  3.1    0                  1121016278      94894103  
  3061  3.1    0                  1121016278      94894103  
  3062  3.1    301                1121016579      94894103  
  3063  3.1    8388               1121024967      94894103  
  3064  3.1    5814               1121030781      94894103  
  3065  3.1    10497              1121041278      94894103  
  3066  3.1    2178               1121043456      94894103  
  3067  3.1    0                  1121043456      94894103  
  3068  3.1    0                  1121043456      94894103  
  3069  3.1    309                1121043765      94894103  
  3070  3.1    8324               1121052089      94894103  
  3071  3.1    9089               1121061178      94894103  
  3072  3.1    8964               1121070142      94894103  
  3073  3.1    8451               1121078593      94894103  
  3074  3.1    9029               1121087622      94894103  
  3075  3.1    14729              1121102351      94894103  
  3076  3.1    10244              1121112595      94894103  
  3077  3.1    13063              1121125658      94894103  
  3078  3.1    14218              1121139876      94894103  
  3079  3.1    13193              1121153069      94894103  
  3080  3.1    14601              1121167670      94894103  
  3081  3.1    12934              1121180604      94894103  
  3082  3.1    14856              1121195460      94894103  
  3083  3.1    18183              1121213643      94894103  
  3084  3.1    12683              1121226326      94894103  
  3085  3.1    17932              1121244258      94894103  
  3086  3.1    19474              1121263732      94894103  
  3087  3.1    20744              1121284476      94894103  
  3088  3.1    7685               1121292161      94904600  
  3089  3.1    13830              1121305991      94904600  
  3090  3.1    24594              1121330585      94904600  
  3091  3.1    25355              1121355940      94904600  
  3092  3.1    26384              1121382324      94904600  
  3093  3.1    12297              1121394621      94917922  
  3094  3.1    11268              1121405889      94917922  
  3095  3.1    19724              1121425613      94917922  
  3096  3.1    20484              1121446097      94917922  
  3097  3.1    25099              1121471196      94917922  
  3098  3.1    11008              1121482204      94930219  
  3099  3.1    24330              1121506534      94930219  
  3100  3.1    27149              1121533683      94930219  
  3101  3.1    12297              1121545980      94944566  
  3102  3.1    23049              1121569029      94944566  
  3103  3.1    0                  1121569029      94967615  
  3104  3.1    21769              1121590798      94967615  
  3105  3.1    10755              1121601553      94978887  
  3106  3.1    22280              1121623833      94978887  
  3107  3.1    18059              1121641892      94978887  
  3108  3.1    21009              1121662901      94978887  
  3109  3.1    22544              1121685445      94978887  
  3110  3.1    13315              1121698760      94978887  
  3111  3.1    12934              1121711694      94978887  
  3112  3.1    13833              1121725527      94978887  
  3113  3.1    11139              1121736666      94978887  
  3114  3.1    12808              1121749474      94978887  
  3115  3.1    14216              1121763690      94978887  
  3116  3.1    15114              1121778804      94978887  
  3117  3.1    5505               1121784309      94986444  
  3118  3.1    13574              1121797883      94986444  
  3119  3.1    17922              1121815805      94986444  
  3120  3.1    8197               1121824002      94995405  
  3121  3.1    15882              1121839884      94995405  
  3122  3.1    13319              1121853203      94995405  
  3123  3.1    22790              1121875993      94995405  
  3124  3.1    24837              1121900830      94995405  
  3125  3.1    13322              1121914152      95009234  
  3126  3.1    25351              1121939503      95009234  
  3127  3.1    26891              1121966394      95009234  
  3128  3.1    24846              1121991240      95009234  
  3129  3.1    22544              1122013784      95009234  
  3130  3.1    23305              1122037089      95009234  
  3131  3.1    21770              1122058859      95009234  
  3132  3.1    25099              1122083958      95009234  
  3133  3.1    27650              1122111608      95009234  
  3134  3.1    8961               1122120569      95023315  
  3135  3.1    24074              1122144643      95023315  
  3136  3.1    15234              1122159877      95023315  
  3137  3.1    16906              1122176783      95023315  
  3138  3.1    13569              1122190352      95031512  
  3139  3.1    26891              1122217243      95031512  
  3140  3.1    27910              1122245153      95031512  
  3141  3.1    27398              1122272551      95031512  
  3142  3.1    11781              1122284332      95045341  
  3143  3.1    25602              1122309934      95045341  
  3144  3.1    25098              1122335032      95045341  
  3145  3.1    17418              1122352450      95045341  
  3146  3.1    11525              1122363975      95054050  
  3147  3.1    20615              1122384590      95054050  
  3148  3.1    19854              1122404444      95054050  
  3149  3.1    16906              1122421350      95054050  
  3150  3.1    13830              1122435180      95054050  
  3151  3.1    16138              1122451318      95054050  
  3152  3.1    5379               1122456697      95061479  
  3153  3.1    12933              1122469630      95061479  
  3154  3.1    17800              1122487430      95061479  
  3155  3.1    19077              1122506507      95061479  
  3156  3.1    19077              1122525584      95061479  
  3157  3.1    20742              1122546326      95061479  
  3158  3.1    23814              1122570140      95061479  
  3159  3.1    22280              1122592420      95061479  
  3160  3.1    18438              1122610858      95061479  
  3161  3.1    16650              1122627508      95061479  
  3162  3.1    20102              1122647610      95061479  
  3163  3.1    23053              1122670663      95061479  
  3164  3.1    25871              1122696534      95061479  
  3165  3.1    14599              1122711133      95072751  
  3166  3.1    28176              1122739309      95072751  
  3167  3.1    29716              1122769025      95072751  
  3168  3.1    27921              1122796946      95072751  
  3169  3.1    28946              1122825892      95072751  
  3170  3.1    25350              1122851242      95072751  
  3171  3.1    25614              1122876856      95072751  
  3172  3.1    17678              1122894534      95072751  
  3173  3.1    9474               1122904008      95082488  
  3174  3.1    17418              1122921426      95082488  
  3175  3.1    18444              1122939870      95082488  
  3176  3.1    17418              1122957288      95082488  
  3177  3.1    9474               1122966762      95091197  
  3178  3.1    14475              1122981237      95091197  
  3179  3.1    20230              1123001467      95091197  
  3180  3.1    18435              1123019902      95091197  
  3181  3.1    17163              1123037065      95091197  
  3182  3.1    8961               1123046026      95099138  
  3183  3.1    16002              1123062028      95099138  
  3184  3.1    17934              1123079962      95099138  
  3185  3.1    18314              1123098276      95099138  
  3186  3.1    6147               1123104423      95112200  
  3187  3.1    14983              1123119406      95112200  
  3188  3.1    23822              1123143228      95112200  
  3189  3.1    11008              1123154236      95123725  
  3190  3.1    19085              1123173321      95123725  
  3191  3.1    11525              1123184846      95134997  
  3192  3.1    13957              1123198803      95134997  
  3193  3.1    23304              1123222107      95134997  
  3194  3.1    23557              1123245664      95134997  
  3195  3.1    16133              1123261797      95134997  
  3196  3.1    12934              1123274731      95134997  
  3197  3.1    12676              1123287407      95134997  
  3198  3.1    12804              1123300211      95134997  
  3199  3.1    12166              1123312377      95134997  
  3200  3.1    7046               1123319423      95140502  
  3201  3.1    13448              1123332871      95140502  
  3202  3.1    14470              1123347341      95140502  
  3203  3.1    13448              1123360789      95140502  
  3204  3.1    14470              1123375259      95140502  
  3205  3.1    13959              1123389218      95140502  
  3206  3.1    6402               1123395620      95147415  
  3207  3.1    13959              1123409579      95147415  
  3208  3.1    17931              1123427510      95147415  
  3209  3.1    13569              1123441079      95156637  
  3210  3.1    17418              1123458497      95156637  
  3211  3.1    24324              1123482821      95156637  
  3212  3.1    23308              1123506129      95156637  
  3213  3.1    13829              1123519958      95170984  
  3214  3.1    25351              1123545309      95170984  
  3215  3.1    27916              1123573225      95170984  
  3216  3.1    27669              1123600894      95170984  
  3217  3.1    26631              1123627525      95170984  
  3218  3.1    16135              1123643660      95170984  
  3219  3.1    17158              1123660818      95170984  
  3220  3.1    23053              1123683871      95170984  
  3221  3.1    29464              1123713335      95170984  
  3222  3.1    22668              1123736003      95170984  
  3223  3.1    24582              1123760585      95170984  
  3224  3.1    11781              1123772366      95183533  
  3225  3.1    23558              1123795924      95183533  
  3226  3.1    19717              1123815641      95183533  
  3227  3.1    22536              1123838177      95183533  
  3228  3.1    25351              1123863528      95183533  
  3229  3.1    26643              1123890171      95183533  
  3230  3.1    24327              1123914498      95183533  
  3231  3.1    29209              1123943707      95183533  
  3232  3.1    20366              1123964073      95183533  
  3233  3.1    28680              1123992753      95183533  
  3234  3.1    20356              1124013109      95183533  
  3235  3.1    29974              1124043083      95183533  
  3236  3.1    0                  1124043083      95213507  
  3237  3.1    24846              1124067929      95213507  
  3238  3.1    20494              1124088423      95213507  
  3239  3.1    24066              1124112489      95213507  
  3240  3.1    18444              1124130933      95213507  
  3241  3.1    17922              1124148855      95213507  
  3242  3.1    0                  1124148855      95231429  
  3243  3.1    16133              1124164988      95231429  
  3244  3.1    20366              1124185354      95231429  
  3245  3.1    12802              1124198156      95243726  
  3246  3.1    23558              1124221714      95243726  
  3247  3.1    20745              1124242459      95243726  
  3248  3.1    20234              1124262693      95243726  
  3249  3.1    16138              1124278831      95243726  
  3250  3.1    20106              1124298937      95243726  
  3251  3.1    24334              1124323271      95243726  
  3252  3.1    26891              1124350162      95243726  
  3253  3.1    0                  1124350162      95270617  
  3254  3.1    22533              1124372695      95270617  
  3255  3.1    18696              1124391391      95270617  
  3256  3.1    13319              1124404710      95270617  
  3257  3.1    20742              1124425452      95270617  
  3258  3.1    21768              1124447220      95270617  
  3259  3.1    24078              1124471298      95270617  
  3260  3.1    24846              1124496144      95270617  
  3261  3.1    21382              1124517526      95270617  
  3262  3.1    23049              1124540575      95270617  
  3263  3.1    17158              1124557733      95270617  
  3264  3.1    16394              1124574127      95270617  
  3265  3.1    17157              1124591284      95270617  
  3266  3.1    13060              1124604344      95270617  
  3267  3.1    15750              1124620094      95270617  
  3268  3.1    17922              1124638016      95270617  
  3269  3.1    17550              1124655566      95270617  
  3270  3.1    16907              1124672473      95270617  
  3271  3.1    8709               1124681182      95278302  
  3272  3.1    17409              1124698591      95278302  
  3273  3.1    16522              1124715113      95278302  
  3274  3.1    16394              1124731507      95278302  
  3275  3.1    18183              1124749690      95278302  
  3276  3.1    17922              1124767612      95278302  
  3277  3.1    18948              1124786560      95278302  
  3278  3.1    8709               1124795269      95287263  
  3279  3.1    19211              1124814480      95287263  
  3280  3.1    19844              1124834324      95287263  
  3281  3.1    25878              1124860202      95287263  
  3282  3.1    29714              1124889916      95287263  
  3283  3.1    29724              1124919640      95287263  
  3284  3.1    28946              1124948586      95287263  
  3285  3.1    15117              1124963703      95301862  
  3286  3.1    28176              1124991879      95301862  
  3287  3.1    29198              1125021077      95301862  
  3288  3.1    13569              1125034646      95316461  
  3289  3.1    11525              1125046171      95330030  
  3290  3.1    21772              1125067943      95330030  
  3291  3.1    24078              1125092021      95330030  
  3292  3.1    15495              1125107516      95330030  
  3293  3.1    17157              1125124673      95330030  
  3294  3.1    13061              1125137734      95330030  
  3295  3.1    15489              1125153223      95330030  
  3296  3.1    18698              1125171921      95330030  
  3297  3.1    9474               1125181395      95339767  
  3298  3.1    17409              1125198804      95339767  
  3299  3.1    16902              1125215706      95339767  
  3300  3.1    24334              1125240040      95339767  
  3301  3.1    22278              1125262318      95339767  
  3302  3.1    12549              1125274867      95348476  
  3303  3.1    26883              1125301750      95348476  
  3304  3.1    24835              1125326585      95348476  
  3305  3.1    24841              1125351426      95348476  
  3306  3.1    25099              1125376525      95348476  
  3307  3.1    25355              1125401880      95348476  
  3308  3.1    15363              1125417243      95348476  
  3309  3.1    27650              1125444893      95348476  
  3310  3.1    13062              1125457955      95362557  
  3311  3.1    27658              1125485613      95362557  
  3312  3.1    17931              1125503544      95362557  
  3313  3.1    12033              1125515577      95371266  
  3314  3.1    24847              1125540424      95371266  
  3315  3.1    26631              1125567055      95371266  
  3316  3.1    24330              1125591385      95371266  
  3317  3.1    12802              1125604187      95383563  
  3318  3.1    25359              1125629546      95383563  
  3319  3.1    17670              1125647216      95383563  
  3320  3.1    25866              1125673082      95383563  
  3321  3.1    16261              1125689343      95383563  
  3322  3.1    13576              1125702919      95383563  
  3323  3.1    17157              1125720076      95383563  
  3324  3.1    16774              1125736850      95383563  
  3325  3.1    16646              1125753496      95383563  
  3326  3.1    8961               1125762457      95390735  
  3327  3.1    19847              1125782304      95390735  
  3328  3.1    24078              1125806382      95390735  
  3329  3.1    24324              1125830706      95390735  
  3330  3.1    27159              1125857865      95390735  
  3331  3.1    28184              1125886049      95390735  
  3332  3.1    23817              1125909866      95390735  
  3333  3.1    61461              1125971327      95403797  
  3334  3.1    27910              1125999237      95403797  
  3335  3.1    28168              1126027405      95403797  
  3336  3.1    38675              1126066080      95416094  
  3337  3.1    25611              1126091691      95416094  
  3338  3.1    26631              1126118322      95416094  
  3339  3.1    68137              1126186459      95416094  
  3340  3.1    28168              1126214627      95416094  
  3341  3.1    28680              1126243307      95416094  
  3342  3.1    79662              1126322969      95446838  
  3343  3.1    20875              1126343844      95446838  
  3344  3.1    22284              1126366128      95446838  
  3345  3.1    93103              1126459231      95456825  
  3346  3.1    15620              1126474851      95456825  
  3347  3.1    17157              1126492008      95456825  
  3348  3.1    87593              1126579601      95473731  
  3349  3.1    25862              1126605463      95473731  
  3350  3.1    76948              1126682411      95482179  
  3351  3.1    15494              1126697905      95482179  
  3352  3.1    17030              1126714935      95482179  
  3353  3.1    75432              1126790367      95482179  
  3354  3.1    19982              1126810349      95482179  
  3355  3.1    22028              1126832377      95482179  
  3356  3.1    25355              1126857732      95482179  
  3357  3.1    13062              1126870794      95493187  
  3358  3.1    28176              1126898970      95521363  
  3359  3.1    23569              1126922539      95521363  
  3360  3.1    41752              1126964291      95530072  
  3361  3.1    69408              1127033699      95533529  
  3362  3.1    12800              1127046499      95533529  
  3363  3.1    8961               1127055460      95541977  
  3364  3.1    13828              1127069288      95541977  
  3365  3.1    70947              1127140235      95541977  
  3366  3.1    20744              1127160979      95541977  
  3367  3.1    8448               1127169427      95552224  
  3368  3.1    19469              1127188896      95552224  
  3369  3.1    42394              1127231290      95561446  
  3370  3.1    14601              1127245891      95561446  
  3371  3.1    5252               1127251143      95568618  
  3372  3.1    15242              1127266385      95568618  
  3373  3.1    39312              1127305697      95568618  
  3374  3.1    12934              1127318631      95568618  
  3375  3.1    5889               1127324520      95574639  
  3376  3.1    8324               1127332844      95574639  
  3377  3.1    8133               1127340977      95574639  
  3378  3.1    5122               1127346099      95579251  
  3379  3.1    3969               1127350068      95583863  
  3380  3.1    10249              1127360317      95583863  
  3381  3.1    10759              1127371076      95583863  
  3382  3.1    17283              1127388359      95583863  
  3383  3.1    19210              1127407569      95583863  
  3384  3.1    18435              1127426004      95583863  
  3385  3.1    12802              1127438806      95583863  
  3386  3.1    7557               1127446363      95592824  
  3387  3.1    17035              1127463398      95592824  
  3388  3.1    16261              1127479659      95592824  
  3389  3.1    8258               1127487917      95592824  
  3390  3.1    14089              1127502006      95592824  
  3391  3.1    22788              1127524794      95592824  
  3392  3.1    19463              1127544257      95592824  
  3393  3.1    19590              1127563847      95592824  
  3394  3.1    20743              1127584590      95592824  
  3395  3.1    15626              1127600216      95592824  
  3396  3.1    25355              1127625571      95592824  
  3397  3.1    17798              1127643369      95592824  
  3398  3.1    26644              1127670013      95592824  
  3399  3.1    25604              1127695617      95592824  
  3400  3.1    0                  1127695617      95618428  
  3401  3.1    12936              1127708553      95618428  
  3402  3.1    17800              1127726353      95618428  
  3403  3.1    23306              1127749659      95618428  
  3404  3.1    23053              1127772712      95618428  
  3405  3.1    22284              1127794996      95618428  
  3406  3.1    12549              1127807545      95628415  
  3407  3.1    24066              1127831611      95628415  
  3408  3.1    23562              1127855173      95628415  
  3409  3.1    7429               1127862602      95640196  
  3410  3.1    4737               1127867339      95647625  
  3411  3.1    9224               1127876563      95647625  
  3412  3.1    9219               1127885782      95647625  
  3413  3.1    8323               1127894105      95647625  
  3414  3.1    11273              1127905378      95647625  
  3415  3.1    13833              1127919211      95647625  
  3416  3.1    13063              1127932274      95647625  
  3417  3.1    18183              1127950457      95647625  
  3418  3.1    15239              1127965696      95647625  
  3419  3.1    13574              1127979270      95647625  
  3420  3.1    5505               1127984775      95655310  
  3421  3.1    14599              1127999374      95655310  
  3422  3.1    19977              1128019351      95655310  
  3423  3.1    20234              1128039585      95655310  
  3424  3.1    9987               1128049572      95665047  
  3425  3.1    16896              1128066468      95665047  
  3426  3.1    17157              1128083625      95665047  
  3427  3.1    0                  1128083625      95682204  
  3428  3.1    12033              1128095658      95682204  
  3429  3.1    9089               1128104747      95682204  
  3430  3.1    7554               1128112301      95682204  
  3431  3.1    8964               1128121265      95682204  
  3432  3.1    11268              1128132533      95682204  
  3433  3.1    10630              1128143163      95682204  
  3434  3.1    13319              1128156482      95682204  
  3435  3.1    11652              1128168134      95682204  
  3436  3.1    11784              1128179918      95682204  
  3437  3.1    12808              1128192726      95682204  
  3438  3.1    13063              1128205789      95682204  
  3439  3.1    13700              1128219489      95682204  
  3440  3.1    9737               1128229226      95688732  
  3441  3.1    16774              1128246000      95688732  
  3442  3.1    8709               1128254709      95695519  
  3443  3.1    14858              1128269567      95695519  
  3444  3.1    10504              1128280071      95695519  
  3445  3.1    8705               1128288776      95695519  
  3446  3.1    5379               1128294155      95699232  
  3447  3.1    12168              1128306323      95699232  
  3448  3.1    9604               1128315927      95699232  
  3449  3.1    17670              1128333597      95699232  
  3450  3.1    19724              1128353321      95699232  
  3451  3.1    19458              1128372779      95699232  
  3452  3.1    16644              1128389423      95699232  
  3453  3.1    9222               1128398645      95705379  
  3454  3.1    16138              1128414783      95705379  
  3455  3.1    8964               1128423747      95705379  
  3456  3.1    11016              1128434763      95705379  
  3457  3.1    10885              1128445648      95705379  
  3458  3.1    12424              1128458072      95705379  
  3459  3.1    7557               1128465629      95711142  
  3460  3.1    13826              1128479455      95711142  
  3461  3.1    10631              1128490086      95711142  
  3462  3.1    10501              1128500587      95711142  
  3463  3.1    11273              1128511860      95711142  
  3464  3.1    10503              1128522363      95711142  
  3465  3.1    16908              1128539271      95711142  
  3466  3.1    15489              1128554760      95711142  
  3467  3.1    15114              1128569874      95711142  
  3468  3.1    20742              1128590616      95711142  
  3469  3.1    12036              1128602652      95711142  
  3470  3.1    17419              1128620071      95711142  
  3471  3.1    17922              1128637993      95711142  
  3472  3.1    8961               1128646954      95720103  
  3473  3.1    6021               1128652975      95729064  
  3474  3.1    17035              1128670010      95729064  
  3475  3.1    0                  1128670010      95746099  
  3476  3.1    14085              1128684095      95746099  
  3477  3.1    6528               1128690623      95753397  
  3478  3.1    12292              1128702915      95753397  
  3479  3.1    11654              1128714569      95753397  
  3480  3.1    12808              1128727377      95753397  
  3481  3.1    16138              1128743515      95753397  
  3482  3.1    12102              1128755617      95753397  
  3483  3.1    10244              1128765861      95753397  
  3484  3.1    9094               1128774955      95753397  
  3485  3.1    6849               1128781804      95753397  
  3486  3.1    11015              1128792819      95753397  
  3487  3.1    9602               1128802421      95753397  
  3488  3.1    10625              1128813046      95753397  
  3489  3.1    12165              1128825211      95753397  
  3490  3.1    13440              1128838651      95753397  
  3491  3.1    12804              1128851455      95753397  
  3492  3.1    15495              1128866950      95753397  
  3493  3.1    9219               1128876169      95753397  
  3494  3.1    9991               1128886160      95753397  
  3495  3.1    8193               1128894353      95753397  
  3496  3.1    12039              1128906392      95753397  
  3497  3.1    8899               1128915291      95753397  
  3498  3.1    11524              1128926815      95753397  
  3499  3.1    15370              1128942185      95753397  
  3500  3.1    12551              1128954736      95753397  
  3501  3.1    7813               1128962549      95760826  
  3502  3.1    14218              1128976767      95760826  
  3503  3.1    7365               1128984132      95760826  
  3504  3.1    11206              1128995338      95760826  
  3505  3.1    10374              1129005712      95760826  
  3506  3.1    14469              1129020181      95760826  
  3507  3.1    13700              1129033881      95760826  
  3508  3.1    13061              1129046942      95760826  
  3509  3.1    14216              1129061158      95760826  
  3510  3.1    16259              1129077417      95760826  
  3511  3.1    9737               1129087154      95768124  
  3512  3.1    18696              1129105850      95768124  
  3513  3.1    17922              1129123772      95768124  
  3514  3.1    18948              1129142720      95768124  
  3515  3.1    19211              1129161931      95768124  
  3516  3.1    19969              1129181900      95768124  
  3517  3.1    20745              1129202645      95768124  
  3518  3.1    21505              1129224150      95768124  
  3519  3.1    19461              1129243611      95768124  
  3520  3.1    9222               1129252833      95777598  
  3521  3.1    17931              1129270764      95777598  
  3522  3.1    19079              1129289843      95777598  
  3523  3.1    9474               1129299317      95784644  
  3524  3.1    19724              1129319041      95784644  
  3525  3.1    9474               1129328515      95794381  
  3526  3.1    16648              1129345163      95794381  
  3527  3.1    17927              1129363090      95794381  
  3528  3.1    18053              1129381143      95794381  
  3529  3.1    17676              1129398819      95794381  
  3530  3.1    20234              1129419053      95794381  
  3531  3.1    9474               1129428527      95794381  
  3532  3.1    10374              1129438901      95794381  
  3533  3.1    7492               1129446393      95794381  
  3534  3.1    10629              1129457022      95794381  
  3535  3.1    12675              1129469697      95794381  
  3536  3.1    6528               1129476225      95800783  
  3537  3.1    6402               1129482627      95807185  
  3538  3.1    11525              1129494152      95813587  
  3539  3.1    15499              1129509651      95813587  
  3540  3.1    20744              1129530395      95813587  
  3541  3.1    18694              1129549089      95813587  
  3542  3.1    22020              1129571109      95813587  
  3543  3.1    21262              1129592371      95813587  
  3544  3.1    0                  1129592371      95834849  
  3545  3.1    17544              1129609915      95834849  
  3546  3.1    18695              1129628610      95834849  
  3547  3.1    21002              1129649612      95834849  
  3548  3.1    19724              1129669336      95834849  
  3549  3.1    20492              1129689828      95834849  
  3550  3.1    21002              1129710830      95834849  
  3551  3.1    14092              1129724922      95834849  
  3552  3.1    13189              1129738111      95834849  
  3553  3.1    13959              1129752070      95834849  
  3554  3.1    13574              1129765644      95834849  
  3555  3.1    6528               1129772172      95841377  
  3556  3.1    14092              1129786264      95841377  
  3557  3.1    5252               1129791516      95848423  
  3558  3.1    10884              1129802400      95848423  
  3559  3.1    5379               1129807779      95853160  
  3560  3.1    12166              1129819945      95853160  
  3561  3.1    11142              1129831087      95853160  
  3562  3.1    5763               1129836850      95858797  
  3563  3.1    14601              1129851451      95858797  
  3564  3.1    15367              1129866818      95858797  
  3565  3.1    13315              1129880133      95858797  
  3566  3.1    12801              1129892934      95858797  
  3567  3.1    13448              1129906382      95858797  
  3568  3.1    12417              1129918799      95858797  
  3569  3.1    5505               1129924304      95864686  
  3570  3.1    11652              1129935956      95864686  
  3571  3.1    10371              1129946327      95864686  
  3572  3.1    10244              1129956571      95864686  
  3573  3.1    12168              1129968739      95864686  
  3574  3.1    10881              1129979620      95864686  
  3575  3.1    5252               1129984872      95869678  
  3576  3.1    13060              1129997932      95869678  
  3577  3.1    11011              1130008943      95869678  
  3578  3.1    13441              1130022384      95869678  
  3579  3.1    14602              1130036986      95869678  
  3580  3.1    7298               1130044284      95876339  
  3581  3.1    15495              1130059779      95876339  
  3582  3.1    15754              1130075533      95876339  
  3583  3.1    15370              1130090903      95876339  
  3584  3.1    18825              1130109728      95876339  
  3585  3.1    24066              1130133794      95876339  
  3586  3.1    12033              1130145827      95888372  
  3587  3.1    19847              1130165674      95888372  
  3588  3.1    17546              1130183220      95888372  
  3589  3.1    22278              1130205498      95888372  
  3590  3.1    23810              1130229308      95888372  
  3591  3.1    25359              1130254667      95888372  
  3592  3.1    25094              1130279761      95888372  
  3593  3.1    22022              1130301783      95888372  
  3594  3.1    22544              1130324327      95888372  
  3595  3.1    24078              1130348405      95888372  
  3596  3.1    22789              1130371194      95888372  
  3597  3.1    21518              1130392712      95888372  
  3598  3.1    24078              1130416790      95888372  
  3599  3.1    22280              1130439070      95888372  
  3600  3.1    11008              1130450078      95899897  
  3601  3.1    11008              1130461086      95910905  
  3602  3.1    19984              1130481070      95910905  
  3603  3.1    13322              1130494392      95910905  
  3604  3.1    13192              1130507584      95910905  
  3605  3.1    18829              1130526413      95910905  
  3606  3.1    14088              1130540501      95910905  
  3607  3.1    25099              1130565600      95910905  
  3608  3.1    21255              1130586855      95910905  
  3609  3.1    21255              1130608110      95910905  
  3610  3.1    11525              1130619635      95922938  
  3611  3.1    13833              1130633468      95922938  
  3612  3.1    9987               1130643455      95929984  
  3613  3.1    20492              1130663947      95929984  
  3614  3.1    19458              1130683405      95929984  
  3615  3.1    13063              1130696468      95929984  
  3616  3.1    11269              1130707737      95929984  
  3617  3.1    12417              1130720154      95929984  
  3618  3.1    13574              1130733728      95929984  
  3619  3.1    17157              1130750885      95929984  
  3620  3.1    18184              1130769069      95929984  
  3621  3.1    20997              1130790066      95929984  
  3622  3.1    13569              1130803635      95938432  
  3623  3.1    15363              1130818998      95938432  
  3624  3.1    8961               1130827959      95947393  
  3625  3.1    16138              1130844097      95947393  
  3626  3.1    14598              1130858695      95947393  
  3627  3.1    17157              1130875852      95947393  
  3628  3.1    23817              1130899669      95947393  
  3629  3.1    12549              1130912218      95958148  
  3630  3.1    24074              1130936292      95958148  
  3631  3.1    12033              1130948325      95969673  
  3632  3.1    15369              1130963694      95969673  
  3633  3.1    16394              1130980088      95969673  
  3634  3.1    6787               1130986875      95976845  
  3635  3.1    12549              1130999424      95976845  
  3636  3.1    13706              1131013130      95976845  
  3637  3.1    12675              1131025805      95976845  
  3638  3.1    11525              1131037330      95976845  
  3639  3.1    11265              1131048595      95976845  
  3640  3.1    13066              1131061661      95976845  
  3641  3.1    15754              1131077415      95976845  
  3642  3.1    21519              1131098934      95976845  
  3643  3.1    26891              1131125825      95976845  
  3644  3.1    26644              1131152469      95976845  
  3645  3.1    15370              1131167839      95976845  
  3646  3.1    8069               1131175908      95985554  
  3647  3.1    12423              1131188331      95985554  
  3648  3.1    21250              1131209581      95985554  
  3649  3.1    27149              1131236730      95985554  
  3650  3.1    22544              1131259274      95985554  
  3651  3.1    18183              1131277457      95985554  
  3652  3.1    8709               1131286166      95994515  
  3653  3.1    15877              1131302043      95994515  
  3654  3.1    21259              1131323302      95994515  
  3655  3.1    27916              1131351218      95994515  
  3656  3.1    28439              1131379657      95994515  
  3657  3.1    20357              1131400014      95994515  
  3658  3.1    19211              1131419225      95994515  
  3659  3.1    8961               1131428186      96003989  
  3660  3.1    18698              1131446884      96003989  
  3661  3.1    17670              1131464554      96003989  
  3662  3.1    17670              1131482224      96003989  
  3663  3.1    17931              1131500155      96003989  
  3664  3.1    8709               1131508864      96013211  
  3665  3.1    11907              1131520771      96013211  
  3666  3.1    13315              1131534086      96013211  
  3667  3.1    5889               1131539975      96020124  
  3668  3.1    13063              1131553038      96020124  
  3669  3.1    13193              1131566231      96020124  
  3670  3.1    12935              1131579166      96020124  
  3671  3.1    16266              1131595432      96020124  
  3672  3.1    7941               1131603373      96028321  
  3673  3.1    15498              1131618871      96028321  
  3674  3.1    16138              1131635009      96028321  
  3675  3.1    10757              1131645766      96028321  
  3676  3.1    11400              1131657166      96028321  
  3677  3.1    11269              1131668435      96028321  
  3678  3.1    12930              1131681365      96028321  
  3679  3.1    4737               1131686102      96034849  
  3680  3.1    9219               1131695321      96034849  
  3681  3.1    12290              1131707611      96034849  
  3682  3.1    12551              1131720162      96034849  
  3683  3.1    16907              1131737069      96034849  
  3684  3.1    14857              1131751926      96034849  
  3685  3.1    7429               1131759355      96042021  
  3686  3.1    18183              1131777538      96042021  
  3687  3.1    5379               1131782917      96051495  
  3688  3.1    14597              1131797514      96051495  
  3689  3.1    7557               1131805071      96058023  
  3690  3.1    15882              1131820953      96058023  
  3691  3.1    15626              1131836579      96058023  
  3692  3.1    16010              1131852589      96058023  
  3693  3.1    16138              1131868727      96058023  
  3694  3.1    14976              1131883703      96058023  
  3695  3.1    17030              1131900733      96058023  
  3696  3.1    8069               1131908802      96066984  
  3697  3.1    15882              1131924684      96066984  
  3698  3.1    12297              1131936981      96074669  
  3699  3.1    21003              1131957984      96074669  
  3700  3.1    22789              1131980773      96074669  
  3701  3.1    22028              1132002801      96074669  
  3702  3.1    12297              1132015098      96084916  
  3703  3.1    23822              1132038920      96084916  
  3704  3.1    24582              1132063502      96084916  
  3705  3.1    22028              1132085530      96084916  
  3706  3.1    23810              1132109340      96084916  
  3707  3.1    16517              1132125857      96084916  
  3708  3.1    21772              1132147629      96084916  
  3709  3.1    23569              1132171198      96084916  
  3710  3.1    24583              1132195781      96084916  
  3711  3.1    25864              1132221645      96084916  
  3712  3.1    26631              1132248276      96084916  
  3713  3.1    24843              1132273119      96084916  
  3714  3.1    22283              1132295402      96084916  
  3715  3.1    20742              1132316144      96084916  
  3716  3.1    26118              1132342262      96084916  
  3717  3.1    19464              1132361726      96084916  
  3718  3.1    17922              1132379648      96084916  
  3719  3.1    22277              1132401925      96084916  
  3720  3.1    29971              1132431896      96084916  
  3721  3.1    27650              1132459546      96084916  
  3722  3.1    26896              1132486442      96084916  
  3723  3.1    28943              1132515385      96084916  
  3724  3.1    13322              1132528707      96098997  
  3725  3.1    19462              1132548169      96098997  
  3726  3.1    25103              1132573272      96098997  
  3727  3.1    17415              1132590687      96098997  
  3728  3.1    17922              1132608609      96098997  
  3729  3.1    18183              1132626792      96098997  
  3730  3.1    8709               1132635501      96107958  
  3731  3.1    16138              1132651639      96107958  
  3732  3.1    15622              1132667261      96107958  
  3733  3.1    15498              1132682759      96107958  
  3734  3.1    13576              1132696335      96107958  
  3735  3.1    12549              1132708884      96107958  
  3736  3.1    15496              1132724380      96107958  
  3737  3.1    15621              1132740001      96107958  
  3738  3.1    11016              1132751017      96107958  
  3739  3.1    17035              1132768052      96107958  
  3740  3.1    13702              1132781754      96107958  
  3741  3.1    21512              1132803266      96107958  
  3742  3.1    31768              1132835034      96107958  
  3743  3.1    15117              1132850151      96124099  
  3744  3.1    32024              1132882175      96124099  
  3745  3.1    15627              1132897802      96139726  
  3746  3.1    19721              1132917523      96139726  
  3747  3.1    26387              1132943910      96139726  
  3748  3.1    12802              1132956712      96151251  
  3749  3.1    20490              1132977202      96151251  
  3750  3.1    25103              1133002305      96151251  
  3751  3.1    27658              1133029963      96151251  
  3752  3.1    30747              1133060710      96151251  
  3753  3.1    13829              1133074539      96167136  
  3754  3.1    18183              1133092722      96167136  
  3755  3.1    19211              1133111933      96167136  
  3756  3.1    19461              1133131394      96167136  
  3757  3.1    11525              1133142919      96177123  
  3758  3.1    29198              1133172117      96177123  
  3759  3.1    0                  1133172117      96206321  
  3760  3.1    25351              1133197468      96206321  
  3761  3.1    25095              1133222563      96206321  
  3762  3.1    25099              1133247662      96206321  
  3763  3.1    8197               1133255859      96219123  
  3764  3.1    6147               1133262006      96227320  
  3765  3.1    10881              1133272887      96227320  
  3766  3.1    10501              1133283388      96227320  
  3767  3.1    14600              1133297988      96227320  
  3768  3.1    16010              1133313998      96227320  
  3769  3.1    16645              1133330643      96227320  
  3770  3.1    12549              1133343192      96235768  
  3771  3.1    20494              1133363686      96235768  
  3772  3.1    25099              1133388785      96235768  
  3773  3.1    25098              1133413883      96235768  
  3774  3.1    23566              1133437449      96235768  
  3775  3.1    25351              1133462800      96235768  
  3776  3.1    17158              1133479958      96235768  
  3777  3.1    18435              1133498393      96235768  
  3778  3.1    15237              1133513630      96235768  
  3779  3.1    15114              1133528744      96235768  
  3780  3.1    16389              1133545133      96235768  
  3781  3.1    17418              1133562551      96235768  
  3782  3.1    17419              1133579970      96235768  
  3783  3.1    27669              1133607639      96235768  
  3784  3.1    27409              1133635048      96235768  
  3785  3.1    12802              1133647850      96250115  
  3786  3.1    26644              1133674494      96250115  
  3787  3.1    18696              1133693190      96250115  
  3788  3.1    8709               1133701899      96259337  
  3789  3.1    16266              1133718165      96259337  
  3790  3.1    19589              1133737754      96259337  
  3791  3.1    25864              1133763618      96259337  
  3792  3.1    27924              1133791542      96259337  
  3793  3.1    27151              1133818693      96259337  
  3794  3.1    28943              1133847636      96259337  
  3795  3.1    13829              1133861465      96273418  
  3796  3.1    19209              1133880674      96273418  
  3797  3.1    21519              1133902193      96273418  
  3798  3.1    11693              1133913886      96273418  
  3799  3.1    24327              1133938213      96273418  
  3800  3.1    23819              1133962032      96273418  
  3801  3.1    24582              1133986614      96273418  
  3802  3.1    21638              1134008252      96273418  
  3803  3.1    13062              1134021314      96280975  
  3804  3.1    25098              1134046412      96280975  
  3805  3.1    27148              1134073560      96280975  
  3806  3.1    29198              1134102758      96280975  
  3807  3.1    28428              1134131186      96280975  
  3808  3.1    29719              1134160905      96280975  
  3809  3.1    13322              1134174227      96296347  
  3810  3.1    11525              1134185752      96309669  
  3811  3.1    23558              1134209310      96309669  
  3812  3.1    24835              1134234145      96309669  
  3813  3.1    24582              1134258727      96309669  
  3814  3.1    13959              1134272686      96309669  
  3815  3.1    11654              1134284340      96309669  
  3816  3.1    9861               1134294201      96309669  
  3817  3.1    4612               1134298813      96314151  
  3818  3.1    14857              1134313670      96314151  
  3819  3.1    12677              1134326347      96314151  
  3820  3.1    13060              1134339407      96314151  
  3821  3.1    13315              1134352722      96314151  
  3822  3.1    13833              1134366555      96314151  
  3823  3.1    15882              1134382437      96314151  
  3824  3.1    7298               1134389735      96322348  
  3825  3.1    12809              1134402544      96322348  
  3826  3.1    6273               1134408817      96327985  
  3827  3.1    11907              1134420724      96327985  
  3828  3.1    6147               1134426871      96334513  
  3829  3.1    8065               1134434936      96334513  
  3830  3.1    8839               1134443775      96334513  
  3831  3.1    0                  1134443775      96343352  
  3832  3.1    9479               1134453254      96343352  
  3833  3.1    8964               1134462218      96343352  
  3834  3.1    11910              1134474128      96343352  
  3835  3.1    13056              1134487184      96343352  
  3836  3.1    13315              1134500499      96343352  
  3837  3.1    9989               1134510488      96343352  
  3838  3.1    5889               1134516377      96348219  
  3839  3.1    8449               1134524826      96348219  
  3840  3.1    10504              1134535330      96348219  
  3841  3.1    9219               1134544549      96348219  
  3842  3.1    8642               1134553191      96348219  
  3843  3.1    9282               1134562473      96348219  
  3844  3.1    11395              1134573868      96348219  
  3845  3.1    8964               1134582832      96348219  
  3846  3.1    9474               1134592306      96348219  
  3847  3.1    7618               1134599924      96348219  
  3848  3.1    9734               1134609658      96348219  
  3849  3.1    4737               1134614395      96352701  
  3850  3.1    9474               1134623869      96352701  
  3851  3.1    9729               1134633598      96352701  
  3852  3.1    9859               1134643457      96352701  
  3853  3.1    10627              1134654084      96352701  
  3854  3.1    12033              1134666117      96352701  
  3855  3.1    12550              1134678667      96352701  
  3856  3.1    6528               1134685195      96358464  
  3857  3.1    12417              1134697612      96358464  
  3858  3.1    12420              1134710032      96358464  
  3859  3.1    11525              1134721557      96358464  
  3860  3.1    11658              1134733215      96358464  
  3861  3.1    5379               1134738594      96364101  
  3862  3.1    9089               1134747683      96364101  
  3863  3.1    4227               1134751910      96368838  
  3864  3.1    3969               1134755879      96373575  
  3865  3.1    6339               1134762218      96373575  
  3866  3.1    8837               1134771055      96373575  
  3867  3.1    9474               1134780529      96373575  
  3868  3.1    7492               1134788021      96373575  
  3869  3.1    8321               1134796342      96373575  
  3870  3.1    10888              1134807230      96373575  
  3871  3.1    9474               1134816704      96373575  
  3872  3.1    9989               1134826693      96373575  
  3873  3.1    11526              1134838219      96373575  
  3874  3.1    12551              1134850770      96373575  
  3875  3.1    10627              1134861397      96373575  
  3876  3.1    11265              1134872662      96373575  
  3877  3.1    5122               1134877784      96378312  
  3878  3.1    8837               1134886621      96378312  
  3879  3.1    5763               1134892384      96383564  
  3880  3.1    12682              1134905066      96383564  
  3881  3.1    5637               1134910703      96390225  
  3882  3.1    12039              1134922742      96390225  
  3883  3.1    10755              1134933497      96390225  
  3884  3.1    12549              1134946046      96390225  
  3885  3.1    11011              1134957057      96390225  
  3886  3.1    10244              1134967301      96390225  
  3887  3.1    3841               1134971142      96395347  
  3888  3.1    3072               1134974214      96399188  
  3889  3.1    5508               1134979722      96399188  
  3890  3.1    6466               1134986188      96399188  
  3891  3.1    5826               1134992014      96399188  
  3892  3.1    6146               1134998160      96399188  
  3893  3.1    6018               1135004178      96399188  
  3894  3.1    3841               1135008019      96399188  
  3895  3.1    9349               1135017368      96399188  
  3896  3.1    8705               1135026073      96399188  
  3897  3.1    8131               1135034204      96399188  
  3898  3.1    9734               1135043938      96399188  
  3899  3.1    10625              1135054563      96399188  
  3900  3.1    14729              1135069292      96399188  
  3901  3.1    9604               1135078896      96399188  
  3902  3.1    11142              1135090038      96399188  
  3903  3.1    10242              1135100280      96399188  
  3904  3.1    4352               1135104632      96403925  
  3905  3.1    6722               1135111354      96403925  
  3906  3.1    8004               1135119358      96403925  
  3907  3.1    8770               1135128128      96403925  
  3908  3.1    10504              1135138632      96403925  
  3909  3.1    10627              1135149259      96403925  
  3910  3.1    10882              1135160141      96403925  
  3911  3.1    15755              1135175896      96403925  
  3912  3.1    17422              1135193318      96403925  
  3913  3.1    8197               1135201515      96411610  
  3914  3.1    16778              1135218293      96411610  
  3915  3.1    17030              1135235323      96411610  
  3916  3.1    16138              1135251461      96411610  
  3917  3.1    17157              1135268618      96411610  
  3918  3.1    16645              1135285263      96411610  
  3919  3.1    17157              1135302420      96411610  
  3920  3.1    9222               1135311642      96420058  
  3921  3.1    17670              1135329312      96420058  
  3922  3.1    13060              1135342372      96420058  
  3923  3.1    10242              1135352614      96420058  
  3924  3.1    18956              1135371570      96420058  
  3925  3.1    7429               1135378999      96430305  
  3926  3.1    14344              1135393343      96430305  
  3927  3.1    11141              1135404484      96430305  
  3928  3.1    11143              1135415627      96430305  
  3929  3.1    13189              1135428816      96430305  
  3930  3.1    15242              1135444058      96430305  
  3931  3.1    12803              1135456861      96430305  
  3932  3.1    10626              1135467487      96430305  
  3933  3.1    6787               1135474274      96435042  
  3934  3.1    11652              1135485926      96435042  
  3935  3.1    5889               1135491815      96440421  
  3936  3.1    11526              1135503341      96440421  
  3937  3.1    16389              1135519730      96440421  
  3938  3.1    13702              1135533432      96440421  
  3939  3.1    7813               1135541245      96445926  
  3940  3.1    19847              1135561092      96445926  
  3941  3.1    11525              1135572617      96453224  
  3942  3.1    18954              1135591571      96453224  
  3943  3.1    21512              1135613083      96453224  
  3944  3.1    24074              1135637157      96453224  
  3945  3.1    22530              1135659687      96453224  
  3946  3.1    20231              1135679918      96453224  
  3947  3.1    15626              1135695544      96453224  
  3948  3.1    14859              1135710403      96453224  
  3949  3.1    16902              1135727305      96453224  
  3950  3.1    16390              1135743695      96453224  
  3951  3.1    27669              1135771364      96453224  
  3952  3.1    25359              1135796723      96453224  
  3953  3.1    12802              1135809525      96465521  
  3954  3.1    19722              1135829247      96465521  
  3955  3.1    14987              1135844234      96465521  
  3956  3.1    16138              1135860372      96465521  
  3957  3.1    6787               1135867159      96473462  
  3958  3.1    16778              1135883937      96473462  
  3959  3.1    11781              1135895718      96481531  
  3960  3.1    23305              1135919023      96481531  
  3961  3.1    19338              1135938361      96481531  
  3962  3.1    13574              1135951935      96481531  
  3963  3.1    15626              1135967561      96481531  
  3964  3.1    25359              1135992920      96481531  
  3965  3.1    10247              1136003167      96493828  
  3966  3.1    20234              1136023401      96493828  
  3967  3.1    20994              1136044395      96493828  
  3968  3.1    23053              1136067448      96493828  
  3969  3.1    23306              1136090754      96493828  
  3970  3.1    22280              1136113034      96493828  
  3971  3.1    24835              1136137869      96493828  
  3972  3.1    25095              1136162964      96493828  
  3973  3.1    17934              1136180898      96493828  
  3974  3.1    10247              1136191145      96503565  
  3975  3.1    15884              1136207029      96503565  
  3976  3.1    25098              1136232127      96503565  
  3977  3.1    16138              1136248265      96503565  
  3978  3.1    15754              1136264019      96503565  
  3979  3.1    12675              1136276694      96503565  
  3980  3.1    13060              1136289754      96503565  
  3981  3.1    9474               1136299228      96510352  
  3982  3.1    17670              1136316898      96510352  
  3983  3.1    14724              1136331622      96510352  
  3984  3.1    17409              1136349031      96510352  
  3985  3.1    13704              1136362735      96510352  
  3986  3.1    17409              1136380144      96510352  
  3987  3.1    16394              1136396538      96510352  
  3988  3.1    9479               1136406017      96510352  
  3989  3.1    6528               1136412545      96514579  
  3990  3.1    11273              1136423818      96514579  
  3991  3.1    6787               1136430605      96519191  
  3992  3.1    14858              1136445463      96519191  
  3993  3.1    16394              1136461857      96519191  
  3994  3.1    18183              1136480040      96519191  
  3995  3.1    16520              1136496560      96519191  
  3996  3.1    8709               1136505269      96526237  
  3997  3.1    15626              1136520895      96526237  
  3998  3.1    7298               1136528193      96534434  
  3999  3.1    15620              1136543813      96534434  
  4000  3.1    13833              1136557646      96534434  
  4001  3.1    13833              1136571479      96534434  
  4002  3.1    6787               1136578266      96541221  
  4003  3.1    9479               1136587745      96541221  
  4004  3.1    9734               1136597479      96541221  
  4005  3.1    13063              1136610542      96541221  
  4006  3.1    16517              1136627059      96541221  
  4007  3.1    16646              1136643705      96541221  
  4008  3.1    22283              1136665988      96541221  
  4009  3.1    25095              1136691083      96541221  
  4010  3.1    8961               1136700044      96553254  
  4011  3.1    22027              1136722071      96553254  
  4012  3.1    21259              1136743330      96553254  
  4013  3.1    22027              1136765357      96553254  
  4014  3.1    14596              1136779953      96553254  
  4015  3.1    10497              1136790450      96553254  
  4016  3.1    21510              1136811960      96553254  
  4017  3.1    0                  1136811960      96574764  
  4018  3.1    18948              1136830908      96574764  
  4019  3.1    17931              1136848839      96574764  
  4020  3.1    19971              1136868810      96574764  
  4021  3.1    15366              1136884176      96574764  
  4022  3.1    19461              1136903637      96574764  
  4023  3.1    21510              1136925147      96574764  
  4024  3.1    19209              1136944356      96574764  
  4025  3.1    17159              1136961515      96574764  
  4026  3.1    22544              1136984059      96574764  
  4027  3.1    17544              1137001603      96574764  
  4028  3.1    20745              1137022348      96574764  
  4029  3.1    9987               1137032335      96584501  
  4030  3.1    18444              1137050779      96584501  
  4031  3.1    15495              1137066274      96584501  
  4032  3.1    18440              1137084714      96584501  
  4033  3.1    24074              1137108788      96584501  
  4034  3.1    22794              1137131582      96584501  
  4035  3.1    27151              1137158733      96584501  
  4036  3.1    26124              1137184857      96584501  
  4037  3.1    0                  1137184857      96610625  
  4038  3.1    24835              1137209692      96610625  
  4039  3.1    23558              1137233250      96610625  
  4040  3.1    23822              1137257072      96610625  
  4041  3.1    17543              1137274615      96610625  
  4042  3.1    13445              1137288060      96610625  
  4043  3.1    9156               1137297216      96610625  
  4044  3.1    11526              1137308742      96610625  
  4045  3.1    8579               1137317321      96610625  
  4046  3.1    13320              1137330641      96610625  
  4047  3.1    15496              1137346137      96610625  
  4048  3.1    6913               1137353050      96619334  
  4049  3.1    19721              1137372771      96619334  
  4050  3.1    12036              1137384807      96619334  
  4051  3.1    12033              1137396840      96619334  
  4052  3.1    14603              1137411443      96619334  
  4053  3.1    4867               1137416310      96626891  
  4054  3.1    12679              1137428989      96626891  
  4055  3.1    5122               1137434111      96634448  
  4056  3.1    9991               1137444102      96634448  
  4057  3.1    14086              1137458188      96634448  
  4058  3.1    21518              1137479706      96634448  
  4059  3.1    14854              1137494560      96634448  
  4060  3.1    13960              1137508520      96634448  
  4061  3.1    7172               1137515692      96642645  
  4062  3.1    11394              1137527086      96642645  
  4063  3.1    13315              1137540401      96642645  
  4064  3.1    15370              1137555771      96642645  
  4065  3.1    20745              1137576516      96642645  
  4066  3.1    13962              1137590478      96642645  
  4067  3.1    12675              1137603153      96642645  
  4068  3.1    11268              1137614421      96642645  
  4069  3.1    9991               1137624412      96642645  
  4070  3.1    9987               1137634399      96642645  
  4071  3.1    11652              1137646051      96642645  
  4072  3.1    12423              1137658474      96642645  
  4073  3.1    8069               1137666543      96648666  
  4074  3.1    15114              1137681657      96648666  
  4075  3.1    16138              1137697795      96648666  
  4076  3.1    13064              1137710859      96648666  
  4077  3.1    16005              1137726864      96648666  
  4078  3.1    12294              1137739158      96648666  
  4079  3.1    17157              1137756315      96648666  
  4080  3.1    12802              1137769117      96657375  
  4081  3.1    24330              1137793447      96657375  
  4082  3.1    8448               1137801895      96668383  
  4083  3.1    19205              1137821100      96668383  
  4084  3.1    6787               1137827887      96675555  
  4085  3.1    14475              1137842362      96675555  
  4086  3.1    18568              1137860930      96675555  
  4087  3.1    11525              1137872455      96682342  
  4088  3.1    10755              1137883210      96693867  
  4089  3.1    19338              1137902548      96693867  
  4090  3.1    23562              1137926110      96693867  
  4091  3.1    11272              1137937382      96705648  
  4092  3.1    17932              1137955314      96705648  
  4093  3.1    21505              1137976819      96705648  
  4094  3.1    22280              1137999099      96705648  
  4095  3.1    22016              1138021115      96705648  
  4096  3.1    10497              1138031612      96716656  
  4097  3.1    18948              1138050560      96716656  
  4098  3.1    17166              1138067726      96716656  
  4099  3.1    19974              1138087700      96716656  
  4100  3.1    20484              1138108184      96716656  
  4101  3.1    17410              1138125594      96716656  
  4102  3.1    21259              1138146853      96716656  
  4103  3.1    6528               1138153381      96726643  
  4104  3.1    12934              1138166315      96726643  
  4105  3.1    10374              1138176689      96726643  
  4106  3.1    18188              1138194877      96726643  
  4107  3.1    12677              1138207554      96726643  
  4108  3.1    6661               1138214215      96732022  
  4109  3.1    20484              1138234699      96732022  
  4110  3.1    21252              1138255951      96732022  
  4111  3.1    18695              1138274646      96732022  
  4112  3.1    20744              1138295390      96732022  
  4113  3.1    12801              1138308191      96732022  
  4114  3.1    13959              1138322150      96732022  
  4115  3.1    18182              1138340332      96732022  
  4116  3.1    15876              1138356208      96732022  
  4117  3.1    11079              1138367287      96732022  
  4118  3.1    20746              1138388033      96732022  
  4119  3.1    20744              1138408777      96732022  
  4120  3.1    22788              1138431565      96732022  
  4121  3.1    12165              1138443730      96732022  
  4122  3.1    12294              1138456024      96732022  
  4123  3.1    20366              1138476390      96732022  
  4124  3.1    19338              1138495728      96732022  
  4125  3.1    10884              1138506612      96732022  
  4126  3.1    20746              1138527358      96732022  
  4127  3.1    15622              1138542980      96732022  
  4128  3.1    8448               1138551428      96738935  
  4129  3.1    14858              1138566286      96738935  
  4130  3.1    15754              1138582040      96738935  
  4131  3.1    11394              1138593434      96738935  
  4132  3.1    12294              1138605728      96738935  
  4133  3.1    11400              1138617128      96738935  
  4134  3.1    13190              1138630318      96738935  
  4135  3.1    11272              1138641590      96744440  
  4136  3.1    23050              1138664640      96744440  
  4137  3.1    20747              1138685387      96744440  
  4138  3.1    24078              1138709465      96744440  
  4139  3.1    14986              1138724451      96744440  
  4140  3.1    0                  1138724451      96759426  
  4141  3.1    14090              1138738541      96759426  
  4142  3.1    14857              1138753398      96759426  
  4143  3.1    13322              1138766720      96759426  
  4144  3.1    7172               1138773892      96765063  
  4145  3.1    17927              1138791819      96765063  
  4146  3.1    13959              1138805778      96765063  
  4147  3.1    16265              1138822043      96765063  
  4148  3.1    18696              1138840739      96765063  
  4149  3.1    17934              1138858673      96765063  
  4150  3.1    11778              1138870451      96765063  
  4151  3.1    16522              1138886973      96765063  
  4152  3.1    13700              1138900673      96765063  
  4153  3.1    14986              1138915659      96765063  
  4154  3.1    11525              1138927184      96772492  
  4155  3.1    23557              1138950741      96772492  
  4156  3.1    24074              1138974815      96772492  
  4157  3.1    6787               1138981602      96784017  
  4158  3.1    14346              1138995948      96784017  
  4159  3.1    17419              1139013367      96784017  
  4160  3.1    13445              1139026812      96784017  
  4161  3.1    21002              1139047814      96784017  
  4162  3.1    19981              1139067795      96784017  
  4163  3.1    6661               1139074456      96792726  
  4164  3.1    13189              1139087645      96792726  
  4165  3.1    12809              1139100454      96792726  
  4166  3.1    13061              1139113515      96792726  
  4167  3.1    13833              1139127348      96792726  
  4168  3.1    15622              1139142970      96792726  
  4169  3.1    22536              1139165506      96792726  
  4170  3.1    8709               1139174215      96803481  
  4171  3.1    12550              1139186765      96803481  
  4172  3.1    6913               1139193678      96809118  
  4173  3.1    13441              1139207119      96809118  
  4174  3.1    12168              1139219287      96809118  
  4175  3.1    9987               1139229274      96814240  
  4176  3.1    22016              1139251290      96814240  
  4177  3.1    16648              1139267938      96814240  
  4178  3.1    9987               1139277925      96824227  
  4179  3.1    14596              1139292521      96824227  
  4180  3.1    14730              1139307251      96824227  
  4181  3.1    17158              1139324409      96824227  
  4182  3.1    9987               1139334396      96832424  
  4183  3.1    12164              1139346560      96832424  
  4184  3.1    11010              1139357570      96832424  
  4185  3.1    13189              1139370759      96832424  
  4186  3.1    20234              1139390993      96832424  
  4187  3.1    15369              1139406362      96832424  
  4188  3.1    15363              1139421725      96832424  
  4189  3.1    17035              1139438760      96832424  
  4190  3.1    18446              1139457206      96832424  
  4191  3.1    12420              1139469626      96832424  
  4192  3.1    5889               1139475515      96838697  
  4193  3.1    10503              1139486018      96838697  
  4194  3.1    14216              1139500234      96838697  
  4195  3.1    16266              1139516500      96838697  
  4196  3.1    14215              1139530715      96838697  
  4197  3.1    19203              1139549918      96838697  
  4198  3.1    19461              1139569379      96838697  
  4199  3.1    13959              1139583338      96838697  
  4200  3.1    17670              1139601008      96838697  
  4201  3.1    18570              1139619578      96838697  
  4202  3.1    23557              1139643135      96838697  
  4203  3.1    24330              1139667465      96838697  
  4204  3.1    16772              1139684237      96838697  
  4205  3.1    7046               1139691283      96845995  
  4206  3.1    21262              1139712545      96845995  
  4207  3.1    14731              1139727276      96845995  
  4208  3.1    8197               1139735473      96853680  
  4209  3.1    17418              1139752891      96853680  
  4210  3.1    8961               1139761852      96862389  
  4211  3.1    18060              1139779912      96862389  
  4212  3.1    13322              1139793234      96862389  
  4213  3.1    11778              1139805012      96862389  
  4214  3.1    6402               1139811414      96867894  
  4215  3.1    12424              1139823838      96867894  
  4216  3.1    13186              1139837024      96867894  
  4217  3.1    11778              1139848802      96867894  
  4218  3.1    11781              1139860583      96867894  
  4219  3.1    12420              1139873003      96867894  
  4220  3.1    11269              1139884272      96867894  
  4221  3.1    12549              1139896821      96867894  
  4222  3.1    14601              1139911422      96867894  
  4223  3.1    12291              1139923713      96867894  
  4224  3.1    7046               1139930759      96873657  
  4225  3.1    10244              1139941003      96873657  
  4226  3.1    15367              1139956370      96873657  
  4227  3.1    14085              1139970455      96873657  
  4228  3.1    17676              1139988131      96873657  
  4229  3.1    17922              1140006053      96873657  
  4230  3.1    20494              1140026547      96873657  
  4231  3.1    19474              1140046021      96873657  
  4232  3.1    11525              1140057546      96883394  
  4233  3.1    16645              1140074191      96883394  
  4234  3.1    24330              1140098521      96883394  
  4235  3.1    24074              1140122595      96883394  
  4236  3.1    21255              1140143850      96883394  
  4237  3.1    9987               1140153837      96895427  
  4238  3.1    24330              1140178167      96895427  
  4239  3.1    18827              1140196994      96895427  
  4240  3.1    14216              1140211210      96895427  
  4241  3.1    15114              1140226324      96895427  
  4242  3.1    21771              1140248095      96895427  
  4243  3.1    0                  1140248095      96917198  
  4244  3.1    17159              1140265254      96917198  
  4245  3.1    14724              1140279978      96917198  
  4246  3.1    19203              1140299181      96917198  
  4247  3.1    19594              1140318775      96917198  
  4248  3.1    14728              1140333503      96917198  
  4249  3.1    22789              1140356292      96917198  
  4250  3.1    11272              1140367564      96928979  
  4251  3.1    18183              1140385747      96928979  
  4252  3.1    21262              1140407009      96928979  
  4253  3.1    18824              1140425833      96928979  
  4254  3.1    10247              1140436080      96937048  
  4255  3.1    15499              1140451579      96937048  
  4256  3.1    12682              1140464261      96937048  
  4257  3.1    6147               1140470408      96943069  
  4258  3.1    16259              1140486667      96943069  
  4259  3.1    19209              1140505876      96943069  
  4260  3.1    17922              1140523798      96943069  
  4261  3.1    15108              1140538906      96943069  
  4262  3.1    13953              1140552859      96943069  
  4263  3.1    14344              1140567203      96943069  
  4264  3.1    14211              1140581414      96943069  
  4265  3.1    16646              1140598060      96943069  
  4266  3.1    15374              1140613434      96943069  
  4267  3.1    17419              1140630853      96943069  
  4268  3.1    20490              1140651343      96943069  
  4269  3.1    20234              1140671577      96943069  
  4270  3.1    13190              1140684767      96943069  
  4271  3.1    17281              1140702048      96943069  
  4272  3.1    15108              1140717156      96943069  
  4273  3.1    14346              1140731502      96943069  
  4274  3.1    10888              1140742390      96943069  
  4275  3.1    15882              1140758272      96943069  
  4276  3.1    15242              1140773514      96943069  
  4277  3.1    11525              1140785039      96948574  
  4278  3.1    14721              1140799760      96948574  
  4279  3.1    19082              1140818842      96948574  
  4280  3.1    11008              1140829850      96956131  
  4281  3.1    16771              1140846621      96956131  
  4282  3.1    9474               1140856095      96961894  
  4283  3.1    12291              1140868386      96961894  
  4284  3.1    13193              1140881579      96961894  
  4285  3.1    5252               1140886831      96968041  
  4286  3.1    12807              1140899638      96968041  
  4287  3.1    15241              1140914879      96968041  
  4288  3.1    14211              1140929090      96968041  
  4289  3.1    16518              1140945608      96968041  
  4290  3.1    8709               1140954317      96975598  
  4291  3.1    12549              1140966866      96975598  
  4292  3.1    7813               1140974679      96981745  
  4293  3.1    15626              1140990305      96981745  
  4294  3.1    22788              1141013093      96981745  
  4295  3.1    22284              1141035377      96981745  
  4296  3.1    11008              1141046385      96994042  
  4297  3.1    14985              1141061370      96994042  
  4298  3.1    13578              1141074948      96994042  
  4299  3.1    5763               1141080711      97001599  
  4300  3.1    6021               1141086732      97009156  
  4301  3.1    13064              1141099796      97009156  
  4302  3.1    19847              1141119643      97009156  
  4303  3.1    23821              1141143464      97009156  
  4304  3.1    12033              1141155497      97021705  
  4305  3.1    6147               1141161644      97034254  
  4306  3.1    15369              1141177013      97034254  
  4307  3.1    15626              1141192639      97034254  
  4308  3.1    15113              1141207752      97034254  
  4309  3.1    16777              1141224529      97034254  
  4310  3.1    12424              1141236953      97034254  
  4311  3.1    10758              1141247711      97034254  
  4312  3.1    5505               1141253216      97038991  
  4313  3.1    8704               1141261920      97038991  
  4314  3.1    4992               1141266912      97043343  
  4315  3.1    3457               1141270369      97043343  
  4316  3.1    8261               1141278630      97043343  
  4317  3.1    8196               1141286826      97043343  
  4318  3.1    9987               1141296813      97043343  
  4319  3.1    10374              1141307187      97043343  
  4320  3.1    10629              1141317816      97043343  
  4321  3.1    4737               1141322553      97048335  
  4322  3.1    7362               1141329915      97048335  
  4323  3.1    8836               1141338751      97048335  
  4324  3.1    6786               1141345537      97048335  
  4325  3.1    6914               1141352451      97048335  
  4326  3.1    8259               1141360710      97048335  
  4327  3.1    8964               1141369674      97048335  
  4328  3.1    8964               1141378638      97048335  
  4329  3.1    8066               1141386704      97048335  
  4330  3.1    11143              1141397847      97048335  
  4331  3.1    4227               1141402074      97052817  
  4332  3.1    10633              1141412707      97052817  
  4333  3.1    12298              1141425005      97052817  
  4334  3.1    11269              1141436274      97052817  
  4335  3.1    11265              1141447539      97052817  
  4336  3.1    11143              1141458682      97052817  
  4337  3.1    5889               1141464571      97057299  
  4338  3.1    10631              1141475202      97057299  
  4339  3.1    4737               1141479939      97062678  
  4340  3.1    8067               1141488006      97062678  
  4341  3.1    7298               1141495304      97062678  
  4342  3.1    8579               1141503883      97062678  
  4343  3.1    8770               1141512653      97062678  
  4344  3.1    8964               1141521617      97062678  
  4345  3.1    8385               1141530002      97062678  
  4346  3.1    4352               1141534354      97066071  
  4347  3.1    7106               1141541460      97066071  
  4348  3.1    7554               1141549014      97066071  
  4349  3.1    8389               1141557403      97066071  
  4350  3.1    9349               1141566752      97066071  
  4351  3.1    9859               1141576611      97066071  
  4352  3.1    9474               1141586085      97066071  
  4353  3.1    10116              1141596201      97066071  
  4354  3.1    11016              1141607217      97066071  
  4355  3.1    10757              1141617974      97066071  
  4356  3.1    10884              1141628858      97066071  
  4357  3.1    4737               1141633595      97071576  
  4358  3.1    4097               1141637692      97076313  
  4359  3.1    8385               1141646077      97076313  
  4360  3.1    4227               1141650304      97080665  
  4361  3.1    8834               1141659138      97080665  
  4362  3.1    9474               1141668612      97080665  
  4363  3.1    8579               1141677191      97080665  
  4364  3.1    3649               1141680840      97085147  
  4365  3.1    10246              1141691086      97085147  
  4366  3.1    8772               1141699858      97085147  
  4367  3.1    11780              1141711638      97085147  
  4368  3.1    9219               1141720857      97085147  
  4369  3.1    12033              1141732890      97085147  
  4370  3.1    12677              1141745567      97085147  
  4371  3.1    12933              1141758500      97085147  
  4372  3.1    3393               1141761893      97085147  
  4373  3.1    8448               1141770341      97085147  
  4374  3.1    9349               1141779690      97085147  
  4375  3.1    6273               1141785963      97085147  
  4376  3.1    13702              1141799665      97085147  
  4377  3.1    10756              1141810421      97085147  
  4378  3.1    11783              1141822204      97085147  
  4379  3.1    19716              1141841920      97085147  
  4380  3.1    12809              1141854729      97085147  
  4381  3.1    13319              1141868048      97085147  
  4382  3.1    8709               1141876757      97092193  
  4383  3.1    16007              1141892764      97092193  
  4384  3.1    5379               1141898143      97099491  
  4385  3.1    10759              1141908902      97099491  
  4386  3.1    12551              1141921453      97099491  
  4387  3.1    14470              1141935923      97099491  
  4388  3.1    9224               1141945147      97099491  
  4389  3.1    13056              1141958203      97099491  
  4390  3.1    15239              1141973442      97099491  
  4391  3.1    12546              1141985988      97099491  
  4392  3.1    11016              1141997004      97099491  
  4393  3.1    12036              1142009040      97099491  
  4394  3.1    8964               1142018004      97099491  
  4395  3.1    11394              1142029398      97099491  
  4396  3.1    15369              1142044767      97099491  
  4397  3.1    21006              1142065773      97099491  
  4398  3.1    12802              1142078575      97108200  
  4399  3.1    24074              1142102649      97108200  
  4400  3.1    7685               1142110334      97119472  
  4401  3.1    9667               1142120001      97119472  
  4402  3.1    8451               1142128452      97119472  
  4403  3.1    5412               1142133864      97119472  
  4404  3.1    4612               1142138476      97120272  
  4405  3.1    6275               1142144751      97120272  
  4406  3.1    8706               1142153457      97120272  
  4407  3.1    7045               1142160502      97120272  
  4408  3.1    4612               1142165114      97125139  
  4409  3.1    14730              1142179844      97125139  
  4410  3.1    13576              1142193420      97125139  
  4411  3.1    19719              1142213139      97125139  
  4412  3.1    21252              1142234391      97125139  
  4413  3.1    9474               1142243865      97135894  
  4414  3.1    19456              1142263321      97135894  
  4415  3.1    12294              1142275615      97135894  
  4416  3.1    12934              1142288549      97135894  
  4417  3.1    0                  1142288549      97148828  
  4418  3.1    11462              1142300011      97148828  
  4419  3.1    17926              1142317937      97148828  
  4420  3.1    20234              1142338171      97148828  
  4421  3.1    19984              1142358155      97148828  
  4422  3.1    18697              1142376852      97148828  
  4423  3.1    22536              1142399388      97148828  
  4424  3.1    10755              1142410143      97159583  
  4425  3.1    15499              1142425642      97159583  
  4426  3.1    21255              1142446897      97159583  
  4427  3.1    13959              1142460856      97159583  
  4428  3.1    0                  1142460856      97173542  
  4429  3.1    19469              1142480325      97173542  
  4430  3.1    19203              1142499528      97173542  
  4431  3.1    13061              1142512589      97173542  
  4432  3.1    5763               1142518352      97180840  
  4433  3.1    11400              1142529752      97180840  
  4434  3.1    11907              1142541659      97180840  
  4435  3.1    10756              1142552415      97180840  
  4436  3.1    10756              1142563171      97180840  
  4437  3.1    11268              1142574439      97180840  
  4438  3.1    9731               1142584170      97180840  
  4439  3.1    12802              1142596972      97180840  
  4440  3.1    9986               1142606958      97180840  
  4441  3.1    9219               1142616177      97180840  
  4442  3.1    12935              1142629112      97180840  
  4443  3.1    15495              1142644607      97180840  
  4444  3.1    12294              1142656901      97180840  
  4445  3.1    9734               1142666635      97180840  
  4446  3.1    4867               1142671502      97185962  
  4447  3.1    9860               1142681362      97185962  
  4448  3.1    5252               1142686614      97191725  
  4449  3.1    10885              1142697499      97191725  
  4450  3.1    9219               1142706718      97191725  
  4451  3.1    10881              1142717599      97191725  
  4452  3.1    11011              1142728610      97191725  
  4453  3.1    10629              1142739239      97191725  
  4454  3.1    9219               1142748458      97191725  
  4455  3.1    10884              1142759342      97191725  
  4456  3.1    11400              1142770742      97191725  
  4457  3.1    11143              1142781885      97191725  
  4458  3.1    11141              1142793026      97191725  
  4459  3.1    10627              1142803653      97191725  
  4460  3.1    8772               1142812425      97191725  
  4461  3.1    10375              1142822800      97191725  
  4462  3.1    10374              1142833174      97191725  
  4463  3.1    6273               1142839447      97196977  
  4464  3.1    10884              1142850331      97196977  
  4465  3.1    9989               1142860320      97196977  
  4466  3.1    5379               1142865699      97202614  
  4467  3.1    5762               1142871461      97202614  
  4468  3.1    6850               1142878311      97202614  
  4469  3.1    7105               1142885416      97202614  
  4470  3.1    8321               1142893737      97202614  
  4471  3.1    17159              1142910896      97202614  
  4472  3.1    16520              1142927416      97202614  
  4473  3.1    6787               1142934203      97212088  
  4474  3.1    11015              1142945218      97212088  
  4475  3.1    10500              1142955718      97212088  
  4476  3.1    15234              1142970952      97212088  
  4477  3.1    12292              1142983244      97212088  
  4478  3.1    10889              1142994133      97212088  
  4479  3.1    11268              1143005401      97212088  
  4480  3.1    11526              1143016927      97212088  
  4481  3.1    12418              1143029345      97212088  
  4482  3.1    6787               1143036132      97219001  
  4483  3.1    9474               1143045606      97219001  
  4484  3.1    11650              1143057256      97219001  
  4485  3.1    4352               1143061608      97223353  
  4486  3.1    9222               1143070830      97227705  
  4487  3.1    17922              1143088752      97227705  
  4488  3.1    12808              1143101560      97227705  
  4489  3.1    8130               1143109690      97227705  
  4490  3.1    11905              1143121595      97227705  
  4491  3.1    11399              1143132994      97227705  
  4492  3.1    11010              1143144004      97227705  
  4493  3.1    12934              1143156938      97227705  
  4494  3.1    14085              1143171023      97227705  
  4495  3.1    14092              1143185115      97227705  
  4496  3.1    6913               1143192028      97234751  
  4497  3.1    13319              1143205347      97234751  
  4498  3.1    10249              1143215596      97234751  
  4499  3.1    10500              1143226096      97234751  
  4500  3.1    9989               1143236085      97234751  
  4501  3.1    8260               1143244345      97234751  
  4502  3.1    4867               1143249212      97238784  
  4503  3.1    14850              1143264062      97238784  
  4504  3.1    19719              1143283781      97238784  
  4505  3.1    18444              1143302225      97238784  
  4506  3.1    8448               1143310673      97246981  
  4507  3.1    9730               1143320403      97246981  
  4508  3.1    11526              1143331929      97246981  
  4509  3.1    12165              1143344094      97246981  
  4510  3.1    12677              1143356771      97246981  
  4511  3.1    10244              1143367015      97246981  
  4512  3.1    0                  1143367015      97257225  
  4513  3.1    10889              1143377904      97257225  
  4514  3.1    15237              1143393141      97257225  
  4515  3.1    16517              1143409658      97257225  
  4516  3.1    18185              1143427843      97257225  
  4517  3.1    19971              1143447814      97257225  
  4518  3.1    11008              1143458822      97266699  
  4519  3.1    14725              1143473547      97266699  
  4520  3.1    8197               1143481744      97273227  
  4521  3.1    18446              1143500190      97273227  
  4522  3.1    16139              1143516329      97273227  
  4523  3.1    8709               1143525038      97279629  
  4524  3.1    17671              1143542709      97279629  
  4525  3.1    13061              1143555770      97279629  
  4526  3.1    18185              1143573955      97279629  
  4527  3.1    17163              1143591118      97279629  
  4528  3.1    31252              1143622370      97279629  
  4529  3.1    16138              1143638508      97279629  
  4530  3.1    10565              1143649073      97279629  
  4531  3.1    13830              1143662903      97279629  
  4532  3.1    11844              1143674747      97279629  
  4533  3.1    9474               1143684221      97281999  
  4534  3.1    15499              1143699720      97281999  
  4535  3.1    21009              1143720729      97281999  
  4536  3.1    17410              1143738139      97281999  
  4537  3.1    21769              1143759908      97281999  
  4538  3.1    20994              1143780902      97281999  
  4539  3.1    22016              1143802918      97281999  
  4540  3.1    22797              1143825715      97281999  
  4541  3.1    24327              1143850042      97281999  
  4542  3.1    24582              1143874624      97281999  
  4543  3.1    24835              1143899459      97281999  
  4544  3.1    14727              1143914186      97281999  
  4545  3.1    17543              1143931729      97281999  
  4546  3.1    19209              1143950938      97281999  
  4547  3.1    17670              1143968608      97281999  
  4548  3.1    16646              1143985254      97281999  
  4549  3.1    16007              1144001261      97281999  
  4550  3.1    9737               1144010998      97289045  
  4551  3.1    10497              1144021495      97298782  
  4552  3.1    17670              1144039165      97298782  
  4553  3.1    8709               1144047874      97307491  
  4554  3.1    14337              1144062211      97307491  
  4555  3.1    16261              1144078472      97307491  
  4556  3.1    46110              1144124582      97307491  
  4557  3.1    11143              1144135725      97307491  
  4558  3.1    14595              1144150320      97307491  
  4559  3.1    8709               1144159029      97313638  
  4560  3.1    12551              1144171580      97313638  
  4561  3.1    7429               1144179009      97318760  
  4562  3.1    11526              1144190535      97318760  
  4563  3.1    19461              1144209996      97318760  
  4564  3.1    11139              1144221135      97318760  
  4565  3.1    13700              1144234835      97318760  
  4566  3.1    11265              1144246100      97318760  
  4567  3.1    20492              1144266592      97318760  
  4568  3.1    15622              1144282214      97318760  
  4569  3.1    10759              1144292973      97318760  
  4570  3.1    11268              1144304241      97318760  
  4571  3.1    11394              1144315635      97318760  
  4572  3.1    11398              1144327033      97318760  
  4573  3.1    0                  1144327033      97330158  
  4574  3.1    13700              1144340733      97330158  
  4575  3.1    23299              1144364032      97330158  
  4576  3.1    23558              1144387590      97330158  
  4577  3.1    24582              1144412172      97330158  
  4578  3.1    24843              1144437015      97330158  
  4579  3.1    12033              1144449048      97343220  
  4580  3.1    23306              1144472354      97343220  
  4581  3.1    23814              1144496168      97343220  
  4582  3.1    17934              1144514102      97343220  
  4583  3.1    20746              1144534848      97343220  
  4584  3.1    0                  1144534848      97363966  
  4585  3.1    19724              1144554572      97363966  
  4586  3.1    11008              1144565580      97373953  
  4587  3.1    21009              1144586589      97373953  
  4588  3.1    23558              1144610147      97373953  
  4589  3.1    23558              1144633705      97373953  
  4590  3.1    23814              1144657519      97373953  
  4591  3.1    24066              1144681585      97373953  
  4592  3.1    11909              1144693494      97373953  
  4593  3.1    14341              1144707835      97373953  
  4594  3.1    13449              1144721284      97373953  
  4595  3.1    11910              1144733194      97373953  
  4596  3.1    8704               1144741898      97373953  
  4597  3.1    8515               1144750413      97373953  
  4598  3.1    8579               1144758992      97373953  
  4599  3.1    6978               1144765970      97373953  
  4600  3.1    7682               1144773652      97373953  
  4601  3.1    8964               1144782616      97373953  
  4602  3.1    9989               1144792605      97373953  
  4603  3.1    11016              1144803621      97373953  
  4604  3.1    12292              1144815913      97373953  
  4605  3.1    15489              1144831402      97373953  
  4606  3.1    15496              1144846898      97373953  
  4607  3.1    18435              1144865333      97373953  
  4608  3.1    15489              1144880822      97373953  
  4609  3.1    18435              1144899257      97373953  
  4610  3.1    0                  1144899257      97392388  
  4611  3.1    5889               1144905146      97401349  
  4612  3.1    20742              1144925888      97401349  
  4613  3.1    16517              1144942405      97401349  
  4614  3.1    16517              1144958922      97401349  
  4615  3.1    16261              1144975183      97401349  
  4616  3.1    16010              1144991193      97401349  
  4617  3.1    26631              1145017824      97401349  
  4618  3.1    18312              1145036136      97401349  
  4619  3.1    24846              1145060982      97401349  
  4620  3.1    14850              1145075832      97401349  
  4621  3.1    17157              1145092989      97401349  
  4622  3.1    15620              1145108609      97401349  
  4623  3.1    15370              1145123979      97401349  
  4624  3.1    13445              1145137424      97401349  
  4625  3.1    17157              1145154581      97401349  
  4626  3.1    13953              1145168534      97401349  
  4627  3.1    15626              1145184160      97401349  
  4628  3.1    8197               1145192357      97408778  
  4629  3.1    17158              1145209515      97408778  
  4630  3.1    7813               1145217328      97416975  
  4631  3.1    14730              1145232058      97416975  
  4632  3.1    15626              1145247684      97416975  
  4633  3.1    15626              1145263310      97416975  
  4634  3.1    20366              1145283676      97416975  
  4635  3.1    5252               1145288928      97425044  
  4636  3.1    4352               1145293280      97433113  
  4637  3.1    6661               1145299941      97437465  
  4638  3.1    12036              1145311977      97437465  
  4639  3.1    12294              1145324271      97437465  
  4640  3.1    13319              1145337590      97437465  
  4641  3.1    13958              1145351548      97437465  
  4642  3.1    14341              1145365889      97437465  
  4643  3.1    10500              1145376389      97437465  
  4644  3.1    14987              1145391376      97437465  
  4645  3.1    7429               1145398805      97444511  
  4646  3.1    12298              1145411103      97444511  
  4647  3.1    23305              1145434408      97444511  
  4648  3.1    10247              1145444655      97455783  
  4649  3.1    13319              1145457974      97455783  
  4650  3.1    12809              1145470783      97455783  
  4651  3.1    0                  1145470783      97468592  
  4652  3.1    13959              1145484742      97468592  
  4653  3.1    20995              1145505737      97468592  
  4654  3.1    17934              1145523671      97468592  
  4655  3.1    11526              1145535197      97468592  
  4656  3.1    14979              1145550176      97468592  
  4657  3.1    11268              1145561444      97468592  
  4658  3.1    11272              1145572716      97468592  
  4659  3.1    19974              1145592690      97468592  
  4660  3.1    23558              1145616248      97468592  
  4661  3.1    18054              1145634302      97468592  
  4662  3.1    11778              1145646080      97468592  
  4663  3.1    20234              1145666314      97468592  
  4664  3.1    18561              1145684875      97468592  
  4665  3.1    20994              1145705869      97468592  
  4666  3.1    14343              1145720212      97468592  
  4667  3.1    14346              1145734558      97468592  
  4668  3.1    20106              1145754664      97468592  
  4669  3.1    12297              1145766961      97476149  
  4670  3.1    22536              1145789497      97476149  
  4671  3.1    11272              1145800769      97486904  
  4672  3.1    16268              1145817037      97486904  
  4673  3.1    19724              1145836761      97486904  
  4674  3.1    17927              1145854688      97486904  
  4675  3.1    15881              1145870569      97486904  
  4676  3.1    16134              1145886703      97486904  
  4677  3.1    0                  1145886703      97503038  
  4678  3.1    19211              1145905914      97503038  
  4679  3.1    18054              1145923968      97503038  
  4680  3.1    20484              1145944452      97503038  
  4681  3.1    13448              1145957900      97503038  
  4682  3.1    15876              1145973776      97503038  
  4683  3.1    6273               1145980049      97513535  
  4684  3.1    10501              1145990550      97513535  
  4685  3.1    18695              1146009245      97513535  
  4686  3.1    18435              1146027680      97513535  
  4687  3.1    20234              1146047914      97513535  
  4688  3.1    9222               1146057136      97524032  
  4689  3.1    10501              1146067637      97524032  
  4690  3.1    4033               1146071670      97529921  
  4691  3.1    8322               1146079992      97529921  
  4692  3.1    12808              1146092800      97529921  
  4693  3.1    10880              1146103680      97529921  
  4694  3.1    11781              1146115461      97529921  
  4695  3.1    12036              1146127497      97529921  
  4696  3.1    15626              1146143123      97529921  
  4697  3.1    22280              1146165403      97529921  
  4698  3.1    13833              1146179236      97529921  
  4699  3.1    13833              1146193069      97529921  
  4700  3.1    12935              1146206004      97529921  
  4701  3.1    6913               1146212917      97537219  
  4702  3.1    15114              1146228031      97537219  
  4703  3.1    11778              1146239809      97537219  
  4704  3.1    0                  1146239809      97548997  
  4705  3.1    10754              1146250563      97548997  
  4706  3.1    13319              1146263882      97548997  
  4707  3.1    11654              1146275536      97548997  
  4708  3.1    11143              1146286679      97548997  
  4709  3.1    13063              1146299742      97548997  
  4710  3.1    10371              1146310113      97548997  
  4711  3.1    11141              1146321254      97548997  
  4712  3.1    12036              1146333290      97548997  
  4713  3.1    11784              1146345074      97548997  
  4714  3.1    16137              1146361211      97548997  
  4715  3.1    12802              1146374013      97560522  
  4716  3.1    16138              1146390151      97560522  
  4717  3.1    16645              1146406796      97560522  
  4718  3.1    16644              1146423440      97560522  
  4719  3.1    12550              1146435990      97560522  
  4720  3.1    8961               1146444951      97567435  
  4721  3.1    12039              1146456990      97567435  
  4722  3.1    6913               1146463903      97572687  
  4723  3.1    7044               1146470947      97572687  
  4724  3.1    11016              1146481963      97572687  
  4725  3.1    12291              1146494254      97572687  
  4726  3.1    12801              1146507055      97572687  
  4727  3.1    12165              1146519220      97572687  
  4728  3.1    11268              1146530488      97572687  
  4729  3.1    11268              1146541756      97572687  
  4730  3.1    12291              1146554047      97572687  
  4731  3.1    12550              1146566597      97572687  
  4732  3.1    11526              1146578123      97572687  
  4733  3.1    10884              1146589007      97572687  
  4734  3.1    16005              1146605012      97572687  
  4735  3.1    13830              1146618842      97572687  
  4736  3.1    15626              1146634468      97572687  
  4737  3.1    7557               1146642025      97580372  
  4738  3.1    13193              1146655218      97580372  
  4739  3.1    18698              1146673916      97580372  
  4740  3.1    5637               1146679553      97589333  
  4741  3.1    11526              1146691079      97589333  
  4742  3.1    9604               1146700683      97589333  
  4743  3.1    8839               1146709522      97589333  
  4744  3.1    13959              1146723481      97589333  
  4745  3.1    3777               1146727258      97596120  
  4746  3.1    4227               1146731485      97599897  
  4747  3.1    13060              1146744545      97599897  
  4748  3.1    14859              1146759404      97599897  
  4749  3.1    11783              1146771187      97599897  
  4750  3.1    15746              1146786933      97599897  
  4751  3.1    13191              1146800124      97599897  
  4752  3.1    6787               1146806911      97605019  
  4753  3.1    15746              1146822657      97605019  
  4754  3.1    16389              1146839046      97605019  
  4755  3.1    10629              1146849675      97605019  
  4756  3.1    11526              1146861201      97605019  
  4757  3.1    17922              1146879123      97605019  
  4758  3.1    17931              1146897054      97605019  
  4759  3.1    13570              1146910624      97605019  
  4760  3.1    19469              1146930093      97605019  
  4761  3.1    17804              1146947897      97605019  
  4762  3.1    12549              1146960446      97605019  
  4763  3.1    12934              1146973380      97605019  
  4764  3.1    12808              1146986188      97605019  
  4765  3.1    13186              1146999374      97605019  
  4766  3.1    12935              1147012309      97605019  
  4767  3.1    14216              1147026525      97605019  
  4768  3.1    7172               1147033697      97613088  
  4769  3.1    14601              1147048298      97613088  
  4770  3.1    15242              1147063540      97613088  
  4771  3.1    6787               1147070327      97620645  
  4772  3.1    14474              1147084801      97620645  
  4773  3.1    12935              1147097736      97620645  
  4774  3.1    5379               1147103115      97626534  
  4775  3.1    10504              1147113619      97626534  
  4776  3.1    11399              1147125018      97626534  
  4777  3.1    6402               1147131420      97631786  
  4778  3.1    10371              1147141791      97631786  
  4779  3.1    5379               1147147170      97636778  
  4780  3.1    10885              1147158055      97636778  
  4781  3.1    4992               1147163047      97642541  
  4782  3.1    11014              1147174061      97642541  
  4783  3.1    4612               1147178673      97647408  
  4784  3.1    9984               1147188657      97647408  
  4785  3.1    9474               1147198131      97647408  
  4786  3.1    9729               1147207860      97647408  
  4787  3.1    9989               1147217849      97647408  
  4788  3.1    9349               1147227198      97647408  
  4789  3.1    4482               1147231680      97651505  
  4790  3.1    8964               1147240644      97651505  
  4791  3.1    9604               1147250248      97651505  
  4792  3.1    7298               1147257546      97651505  
  4793  3.1    4097               1147261643      97654706  
  4794  3.1    7682               1147269325      97654706  
  4795  3.1    9094               1147278419      97654706  
  4796  3.1    11269              1147289688      97654706  
  4797  3.1    11526              1147301214      97654706  
  4798  3.1    12294              1147313508      97654706  
  4799  3.1    11269              1147324777      97654706  
  4800  3.1    10757              1147335534      97654706  
  4801  3.1    10246              1147345780      97654706  
  4802  3.1    4992               1147350772      97660085  
  4803  3.1    10631              1147361403      97660085  
  4804  3.1    5121               1147366524      97660085  
  4805  3.1    6274               1147372798      97660085  
  4806  3.1    6338               1147379136      97660085  
  4807  3.1    6530               1147385666      97660085  
  4808  3.1    7618               1147393284      97660085  
  4809  3.1    6467               1147399751      97660085  
  4810  3.1    3138               1147402889      97663606  
  4811  3.1    6146               1147409035      97663606  
  4812  3.1    8704               1147417739      97663606  
  4813  3.1    4482               1147422221      97667958  
  4814  3.1    7554               1147429775      97667958  
  4815  3.1    3841               1147433616      97671479  
  4816  3.1    7426               1147441042      97671479  
  4817  3.1    8002               1147449044      97671479  
  4818  3.1    7684               1147456728      97671479  
  4819  3.1    5341               1147462069      97671479  
  4820  3.1    3329               1147465398      97671828  
  4821  3.1    9861               1147475259      97671828  
  4822  3.1    8451               1147483710      97671828  
  4823  3.1    8385               1147492095      97671828  
  4824  3.1    7426               1147499521      97671828  
  4825  3.1    6851               1147506372      97671828  
  4826  3.1    7298               1147513670      97671828  
  4827  3.1    6337               1147520007      97671828  
  4828  3.1    8003               1147528010      97671828  
  4829  3.1    4352               1147532362      97675349  
  4830  3.1    8133               1147540495      97675349  
  4831  3.1    8579               1147549074      97675349  
  4832  3.1    9282               1147558356      97675349  
  4833  3.1    5122               1147563478      97679126  
  4834  3.1    4867               1147568345      97682903  
  4835  3.1    8451               1147576796      97682903  
  4836  3.1    8004               1147584800      97682903  
  4837  3.1    8964               1147593764      97682903  
  4838  3.1    6660               1147600424      97682903  
  4839  3.1    7106               1147607530      97682903  
  4840  3.1    8579               1147616109      97682903  
  4841  3.1    9857               1147625966      97682903  
  4842  3.1    9094               1147635060      97682903  
  4843  3.1    9224               1147644284      97682903  
  4844  3.1    9474               1147653758      97682903  
  4845  3.1    12296              1147666054      97682903  
  4846  3.1    9991               1147676045      97682903  
  4847  3.1    11652              1147687697      97682903  
  4848  3.1    4737               1147692434      97688666  
  4849  3.1    10631              1147703065      97688666  
  4850  3.1    4992               1147708057      97693918  
  4851  3.1    7107               1147715164      97693918  
  4852  3.1    8770               1147723934      97693918  
  4853  3.1    4482               1147728416      97697951  
  4854  3.1    8260               1147736676      97697951  
  4855  3.1    0                  1147736676      97706211  
  4856  3.1    7234               1147743910      97706211  
  4857  3.1    8130               1147752040      97706211  
  4858  3.1    8258               1147760298      97706211  
  4859  3.1    8834               1147769132      97706211  
  4860  3.1    0                  1147769132      97715045  
  4861  3.1    7554               1147776686      97715045  
  4862  3.1    6977               1147783663      97715045  
  4863  3.1    8067               1147791730      97715045  
  4864  3.1    7810               1147799540      97715045  
  4865  3.1    7426               1147806966      97715045  
  4866  3.1    8260               1147815226      97715045  
  4867  3.1    9474               1147824700      97715045  
  4868  3.1    7810               1147832510      97715045  
  4869  3.1    4867               1147837377      97718758  
  4870  3.1    8704               1147846081      97718758  
  4871  3.1    4033               1147850114      97723110  
  4872  3.1    7106               1147857220      97723110  
  4873  3.1    7874               1147865094      97723110  
  4874  3.1    7873               1147872967      97723110  
  4875  3.1    9349               1147882316      97723110  
  4876  3.1    8577               1147890893      97723110  
  4877  3.1    10497              1147901390      97723110  
  4878  3.1    9604               1147910994      97723110  
  4879  3.1    7490               1147918484      97723110  
  4880  3.1    7490               1147925974      97723110  
  4881  3.1    9349               1147935323      97723110  
  4882  3.1    7940               1147943263      97723110  
  4883  3.1    8066               1147951329      97723110  
  4884  3.1    8964               1147960293      97723110  
  4885  3.1    9729               1147970022      97723110  
  4886  3.1    10244              1147980266      97723110  
  4887  3.1    4992               1147985258      97728102  
  4888  3.1    8387               1147993645      97728102  
  4889  3.1    9219               1148002864      97728102  
  4890  3.1    4097               1148006961      97732839  
  4891  3.1    9864               1148016825      97732839  
  4892  3.1    8839               1148025664      97732839  
  4893  3.1    7746               1148033410      97732839  
  4894  3.1    4482               1148037892      97736616  
  4895  3.1    6785               1148044677      97736616  
  4896  3.1    3265               1148047942      97739688  
  4897  3.1    7106               1148055048      97739688  
  4898  3.1    7813               1148062861      97739688  
  4899  3.1    8261               1148071122      97739688  
  4900  3.1    4097               1148075219      97743337  
  4901  3.1    8449               1148083668      97743337  
  4902  3.1    7298               1148090966      97743337  
  4903  3.1    7234               1148098200      97743337  
  4904  3.1    7618               1148105818      97743337  
  4905  3.1    7812               1148113630      97743337  
  4906  3.1    4352               1148117982      97746922  
  4907  3.1    8709               1148126691      97746922  
  4908  3.1    10117              1148136808      97746922  
  4909  3.1    4033               1148140841      97752427  
  4910  3.1    8964               1148149805      97752427  
  4911  3.1    8066               1148157871      97752427  
  4912  3.1    4033               1148161904      97756396  
  4913  3.1    6082               1148167986      97756396  
  4914  3.1    7107               1148175093      97756396  
  4915  3.1    6914               1148182007      97756396  
  4916  3.1    5571               1148187578      97756396  
  4917  3.1    6210               1148193788      97756396  
  4918  3.1    7939               1148201727      97756396  
  4919  3.1    7682               1148209409      97756396  
  4920  3.1    7490               1148216899      97756396  
  4921  3.1    7938               1148224837      97756396  
  4922  3.1    9094               1148233931      97756396  
  4923  3.1    8578               1148242509      97756396  
  4924  3.1    5952               1148248461      97756396  
  4925  3.1    5889               1148254350      97756396  
  4926  3.1    8769               1148263119      97756396  
  4927  3.1    9158               1148272277      97756396  
  4928  3.1    8514               1148280791      97756396  
  4929  3.1    7813               1148288604      97756396  
  4930  3.1    9349               1148297953      97756396  
  4931  3.1    8834               1148306787      97756396  
  4932  3.1    4227               1148311014      97760748  
  4933  3.1    14211              1148325225      97760748  
  4934  3.1    12423              1148337648      97760748  
  4935  3.1    15110              1148352758      97760748  
  4936  3.1    15754              1148368512      97760748  
  4937  3.1    14218              1148382730      97760748  
  4938  3.1    14090              1148396820      97760748  
  4939  3.1    10754              1148407574      97760748  
  4940  3.1    9734               1148417308      97760748  
  4941  3.1    4737               1148422045      97765230  
  4942  3.1    9606               1148431651      97765230  
  4943  3.1    5122               1148436773      97769457  
  4944  3.1    8579               1148445352      97769457  
  4945  3.1    8066               1148453418      97769457  
  4946  3.1    6211               1148459629      97769457  
  4947  3.1    4352               1148463981      97772403  
  4948  3.1    4612               1148468593      97775349  
  4949  3.1    7106               1148475699      97775349  
  4950  3.1    7492               1148483191      97775349  
  4951  3.1    9219               1148492410      97775349  
  4952  3.1    8516               1148500926      97775349  
  4953  3.1    5505               1148506431      97778998  
  4954  3.1    8386               1148514817      97778998  
  4955  3.1    9094               1148523911      97778998  
  4956  3.1    9602               1148533513      97778998  
  4957  3.1    10755              1148544268      97778998  
  4958  3.1    11525              1148555793      97778998  
  4959  3.1    11781              1148567574      97778998  
  4960  3.1    7937               1148575511      97778998  
  4961  3.1    3905               1148579416      97782583  
  4962  3.1    3969               1148583385      97786488  
  4963  3.1    10115              1148593500      97786488  
  4964  3.1    9089               1148602589      97786488  
  4965  3.1    9349               1148611938      97786488  
  4966  3.1    9219               1148621157      97786488  
  4967  3.1    9734               1148630891      97786488  
  4968  3.1    9474               1148640365      97786488  
  4969  3.1    4737               1148645102      97791225  
  4970  3.1    7618               1148652720      97791225  
  4971  3.1    7170               1148659890      97791225  
  4972  3.1    6530               1148666420      97791225  
  4973  3.1    8389               1148674809      97791225  
  4974  3.1    3905               1148678714      97795002  
  4975  3.1    7426               1148686140      97795002  
  4976  3.1    4992               1148691132      97798331  
  4977  3.1    7043               1148698175      97798331  
  4978  3.1    7040               1148705215      97798331  
  4979  3.1    8770               1148713985      97798331  
  4980  3.1    3649               1148717634      97802364  
  4981  3.1    6722               1148724356      97802364  
  4982  3.1    9604               1148733960      97802364  
  4983  3.1    9344               1148743304      97802364  
  4984  3.1    9349               1148752653      97802364  
  4985  3.1    10119              1148762772      97802364  
  4986  3.1    7746               1148770518      97802364  
  4987  3.1    8386               1148778904      97802364  
  4988  3.1    7810               1148786714      97802364  
  4989  3.1    10758              1148797472      97802364  
  4990  3.1    7362               1148804834      97802364  
  4991  3.1    7746               1148812580      97802364  
  4992  3.1    9349               1148821929      97802364  
  4993  3.1    10755              1148832684      97802364  
  4994  3.1    7490               1148840174      97802364  
  4995  3.1    13193              1148853367      97802364  
  4996  3.1    8004               1148861371      97802364  
  4997  3.1    7042               1148868413      97802364  
  4998  3.1    3521               1148871934      97805757  
  4999  3.1    6209               1148878143      97805757  
  5000  3.1    7171               1148885314      97805757  
  5001  3.1    8704               1148894018      97805757  
  5002  3.1    10114              1148904132      97805757  
  5003  3.1    3969               1148908101      97810749  
  5004  3.1    10501              1148918602      97810749  
  5005  3.1    0                  1148918602      97821250  
  5006  3.1    6978               1148925580      97821250  
  5007  3.1    10371              1148935951      97821250  
  5008  3.1    6658               1148942609      97821250  
  5009  3.1    6659               1148949268      97821250  
  5010  3.1    6657               1148955925      97821250  
  5011  3.1    6211               1148962136      97821250  
  5012  3.1    7362               1148969498      97821250  
  5013  3.1    7810               1148977308      97821250  
  5014  3.1    7554               1148984862      97821250  
  5015  3.1    4097               1148988959      97825219  
  5016  3.1    5697               1148994656      97825219  
  5017  3.1    7042               1149001698      97825219  
  5018  3.1    5955               1149007653      97825219  
  5019  3.1    7490               1149015143      97825219  
  5020  3.1    4641               1149019784      97825219  
  5021  3.1    6467               1149026251      97825219  
  5022  3.1    0                  1149026251      97831686  
  5023  3.1    12930              1149039181      97831686  
  5024  3.1    8709               1149047890      97831686  
  5025  3.1    9094               1149056984      97831686  
  5026  3.1    9604               1149066588      97831686  
  5027  3.1    4227               1149070815      97836298  
  5028  3.1    6850               1149077665      97836298  
  5029  3.1    3009               1149080674      97839691  
  5030  3.1    6339               1149087013      97839691  
  5031  3.1    5634               1149092647      97839691  
  5032  3.1    6658               1149099305      97839691  
  5033  3.1    7365               1149106670      97839691  
  5034  3.1    10246              1149116916      97839691  
  5035  3.1    12934              1149129850      97839691  
  5036  3.1    12291              1149142141      97839691  
  5037  3.1    14472              1149156613      97839691  
  5038  3.1    6661               1149163274      97847376  
  5039  3.1    4737               1149168011      97854037  
  5040  3.1    7173               1149175184      97854037  
  5041  3.1    3777               1149178961      97858264  
  5042  3.1    6656               1149185617      97858264  
  5043  3.1    12550              1149198167      97858264  
  5044  3.1    6401               1149204568      97858264  
  5045  3.1    8130               1149212698      97858264  
  5046  3.1    4482               1149217180      97861657  
  5047  3.1    10630              1149227810      97861657  
  5048  3.1    12675              1149240485      97861657  
  5049  3.1    12808              1149253293      97861657  
  5050  3.1    11652              1149264945      97861657  
  5051  3.1    11778              1149276723      97861657  
  5052  3.1    10885              1149287608      97861657  
  5053  3.1    12168              1149299776      97861657  
  5054  3.1    12417              1149312193      97861657  
  5055  3.1    12423              1149324616      97861657  
  5056  3.1    9984               1149334600      97861657  
  5057  3.1    8963               1149343563      97861657  
  5058  3.1    8964               1149352527      97861657  
  5059  3.1    9604               1149362131      97861657  
  5060  3.1    4612               1149366743      97866524  
  5061  3.1    9859               1149376602      97866524  
  5062  3.1    11014              1149387616      97866524  
  5063  3.1    12039              1149399655      97866524  
  5064  3.1    10692              1149410347      97866524  
  5065  3.1    11524              1149421871      97866524  
  5066  3.1    13574              1149435445      97866524  
  5067  3.1    14727              1149450172      97866524  
  5068  3.1    9731               1149459903      97866524  
  5069  3.1    6147               1149466050      97870876  
  5070  3.1    13319              1149479369      97870876  
  5071  3.1    14470              1149493839      97870876  
  5072  3.1    8322               1149502161      97870876  
  5073  3.1    13063              1149515224      97870876  
  5074  3.1    7232               1149522456      97870876  
  5075  3.1    6018               1149528474      97870876  
  5076  3.1    9991               1149538465      97870876  
  5077  3.1    9474               1149547939      97870876  
  5078  3.1    10119              1149558058      97870876  
  5079  3.1    4612               1149562670      97875743  
  5080  3.1    9474               1149572144      97875743  
  5081  3.1    5763               1149577907      97880225  
  5082  3.1    11654              1149589561      97880225  
  5083  3.1    13056              1149602617      97880225  
  5084  3.1    13957              1149616574      97880225  
  5085  3.1    9729               1149626303      97880225  
  5086  3.1    8453               1149634756      97880225  
  5087  3.1    7618               1149642374      97880225  
  5088  3.1    4097               1149646471      97884002  
  5089  3.1    6914               1149653385      97884002  
  5090  3.1    7490               1149660875      97884002  
  5091  3.1    7490               1149668365      97884002  
  5092  3.1    9219               1149677584      97884002  
  5093  3.1    4097               1149681681      97888739  
  5094  3.1    7746               1149689427      97888739  
  5095  3.1    4482               1149693909      97893476  
  5096  3.1    8196               1149702105      97893476  
  5097  3.1    8194               1149710299      97893476  
  5098  3.1    8964               1149719263      97893476  
  5099  3.1    8834               1149728097      97893476  
  5100  3.1    3457               1149731554      97897958  
  5101  3.1    6914               1149738468      97897958  
  5102  3.1    6274               1149744742      97897958  
  5103  3.1    6209               1149750951      97897958  
  5104  3.1    8196               1149759147      97897958  
  5105  3.1    9989               1149769136      97897958  
  5106  3.1    10501              1149779637      97897958  
  5107  3.1    10500              1149790137      97897958  
  5108  3.1    13826              1149803963      97897958  
  5109  3.1    13833              1149817796      97897958  
  5110  3.1    13578              1149831374      97897958  
  5111  3.1    15239              1149846613      97897958  
  5112  3.1    14472              1149861085      97897958  
  5113  3.1    15882              1149876967      97897958  
  5114  3.1    16645              1149893612      97897958  
  5115  3.1    16650              1149910262      97897958  
  5116  3.1    17409              1149927671      97897958  
  5117  3.1    5763               1149933434      97906406  
  5118  3.1    10885              1149944319      97906406  
  5119  3.1    14083              1149958402      97906406  
  5120  3.1    14218              1149972620      97906406  
  5121  3.1    11141              1149983761      97906406  
  5122  3.1    10054              1149993815      97906406  
  5123  3.1    8709               1150002524      97910439  
  5124  3.1    16010              1150018534      97910439  
  5125  3.1    16778              1150035312      97910439  
  5126  3.1    16138              1150051450      97910439  
  5127  3.1    7941               1150059391      97917868  
  5128  3.1    17670              1150077061      97917868  
  5129  3.1    7685               1150084746      97926577  
  5130  3.1    16266              1150101012      97926577  
  5131  3.1    13578              1150114590      97926577  
  5132  3.1    13193              1150127783      97926577  
  5133  3.1    14344              1150142127      97926577  
  5134  3.1    7813               1150149940      97933364  
  5135  3.1    6273               1150156213      97941177  
  5136  3.1    8130               1150164343      97941177  
  5137  3.1    9349               1150173692      97941177  
  5138  3.1    8645               1150182337      97941177  
  5139  3.1    8068               1150190405      97941177  
  5140  3.1    7810               1150198215      97941177  
  5141  3.1    8965               1150207180      97941177  
  5142  3.1    8772               1150215952      97941177  
  5143  3.1    13060              1150229012      97941177  
  5144  3.1    12420              1150241432      97941177  
  5145  3.1    13315              1150254747      97941177  
  5146  3.1    12676              1150267423      97941177  
  5147  3.1    10690              1150278113      97941177  
  5148  3.1    12675              1150290788      97941177  
  5149  3.1    11784              1150302572      97941177  
  5150  3.1    11268              1150313840      97941177  
  5151  3.1    16645              1150330485      97941177  
  5152  3.1    8068               1150338553      97941177  
  5153  3.1    4482               1150343035      97945404  
  5154  3.1    10755              1150353790      97945404  
  5155  3.1    4482               1150358272      97949631  
  5156  3.1    8387               1150366659      97949631  
  5157  3.1    10754              1150377413      97949631  
  5158  3.1    6528               1150383941      97953983  
  5159  3.1    12549              1150396490      97953983  
  5160  3.1    12550              1150409040      97953983  
  5161  3.1    13959              1150422999      97953983  
  5162  3.1    12934              1150435933      97953983  
  5163  3.1    13315              1150449248      97953983  
  5164  3.1    12291              1150461539      97953983  
  5165  3.1    9094               1150470633      97953983  
  5166  3.1    3905               1150474538      97958595  
  5167  3.1    8513               1150483051      97958595  
  5168  3.1    3393               1150486444      97962116  
  5169  3.1    6211               1150492655      97962116  
  5170  3.1    0                  1150492655      97968327  
  5171  3.1    5313               1150497968      97968327  
  5172  3.1    8002               1150505970      97968327  
  5173  3.1    7299               1150513269      97968327  
  5174  3.1    10244              1150523513      97968327  
  5175  3.1    6786               1150530299      97968327  
  5176  3.1    6723               1150537022      97968327  
  5177  3.1    7042               1150544064      97968327  
  5178  3.1    3457               1150547521      97971720  
  5179  3.1    7809               1150555330      97971720  
  5180  3.1    4097               1150559427      97975177  
  5181  3.1    8839               1150568266      97975177  
  5182  3.1    7106               1150575372      97975177  
  5183  3.1    8900               1150584272      97975177  
  5184  3.1    8704               1150592976      97975177  
  5185  3.1    12550              1150605526      97975177  
  5186  3.1    10249              1150615775      97975177  
  5187  3.1    12550              1150628325      97975177  
  5188  3.1    5763               1150634088      97980814  
  5189  3.1    11268              1150645356      97980814  
  5190  3.1    12294              1150657650      97980814  
  5191  3.1    9155               1150666805      97980814  
  5192  3.1    10631              1150677436      97980814  
  5193  3.1    10758              1150688194      97980814  
  5194  3.1    11780              1150699974      97980814  
  5195  3.1    12808              1150712782      97980814  
  5196  3.1    13448              1150726230      97980814  
  5197  3.1    9224               1150735454      97980814  
  5198  3.1    7747               1150743201      97980814  
  5199  3.1    4482               1150747683      97985296  
  5200  3.1    8321               1150756004      97985296  
  5201  3.1    8709               1150764713      97985296  
  5202  3.1    0                  1150764713      97994005  
  5203  3.1    6787               1150771500      97994005  
  5204  3.1    5568               1150777068      97994005  
  5205  3.1    2304               1150779372      97996693  
  5206  3.1    4548               1150783920      97996693  
  5207  3.1    4353               1150788273      97996693  
  5208  3.1    5121               1150793394      97996693  
  5209  3.1    6339               1150799733      97996693  
  5210  3.1    4674               1150804407      97996693  
  5211  3.1    2625               1150807032      97999189  
  5212  3.1    6210               1150813242      97999189  
  5213  3.1    4482               1150817724      97999189  
  5214  3.1    7361               1150825085      97999189  
  5215  3.1    7426               1150832511      97999189  
  5216  3.1    9348               1150841859      97999189  
  5217  3.1    11273              1150853132      97999189  
  5218  3.1    10375              1150863507      97999189  
  5219  3.1    9604               1150873111      97999189  
  5220  3.1    8577               1150881688      97999189  
  5221  3.1    10889              1150892577      97999189  
  5222  3.1    12552              1150905129      97999189  
  5223  3.1    16522              1150921651      97999189  
  5224  3.1    13321              1150934972      97999189  
  5225  3.1    11011              1150945983      97999189  
  5226  3.1    12808              1150958791      97999189  
  5227  3.1    17931              1150976722      97999189  
  5228  3.1    9857               1150986579      97999189  
  5229  3.1    13064              1150999643      97999189  
  5230  3.1    17419              1151017062      97999189  
  5231  3.1    15750              1151032812      97999189  
  5232  3.1    16517              1151049329      97999189  
  5233  3.1    0                  1151049329      98015706  
  5234  3.1    13193              1151062522      98015706  
  5235  3.1    7490               1151070012      98015706  
  5236  3.1    9412               1151079424      98015706  
  5237  3.1    11400              1151090824      98015706  
  5238  3.1    9219               1151100043      98015706  
  5239  3.1    10051              1151110094      98015706  
  5240  3.1    12033              1151122127      98015706  
  5241  3.1    7106               1151129233      98015706  
  5242  3.1    7362               1151136595      98015706  
  5243  3.1    6338               1151142933      98015706  
  5244  3.1    6979               1151149912      98015706  
  5245  3.1    9666               1151159578      98015706  
  5246  3.1    4482               1151164060      98022234  
  5247  3.1    8770               1151172830      98022234  
  5248  3.1    8193               1151181023      98022234  
  5249  3.1    4612               1151185635      98026075  
  5250  3.1    9282               1151194917      98026075  
  5251  3.1    6337               1151201254      98026075  
  5252  3.1    8324               1151209578      98026075  
  5253  3.1    7554               1151217132      98026075  
  5254  3.1    10371              1151227503      98026075  
  5255  3.1    4867               1151232370      98031454  
  5256  3.1    6595               1151238965      98031454  
  5257  3.1    7170               1151246135      98031454  
  5258  3.1    3393               1151249528      98035167  
  5259  3.1    6467               1151255995      98035167  
  5260  3.1    7234               1151263229      98035167  
  5261  3.1    6978               1151270207      98035167  
  5262  3.1    6851               1151277058      98035167  
  5263  3.1    7490               1151284548      98035167  
  5264  3.1    6978               1151291526      98035167  
  5265  3.1    6018               1151297544      98035167  
  5266  3.1    7362               1151304906      98035167  
  5267  3.1    5571               1151310477      98035167  
  5268  3.1    6594               1151317071      98035167  
  5269  3.1    10374              1151327445      98035167  
  5270  3.1    0                  1151327445      98045541  
  5271  3.1    9219               1151336664      98045541  
  5272  3.1    9474               1151346138      98045541  
  5273  3.1    6785               1151352923      98045541  
  5274  3.1    9604               1151362527      98045541  
  5275  3.1    3138               1151365665      98050533  
  5276  3.1    7554               1151373219      98050533  
  5277  3.1    7362               1151380581      98050533  
  5278  3.1    7298               1151387879      98050533  
  5279  3.1    4867               1151392746      98054502  
  5280  3.1    6787               1151399533      98054502  
  5281  3.1    7298               1151406831      98054502  
  5282  3.1    8194               1151415025      98054502  
  5283  3.1    10503              1151425528      98054502  
  5284  3.1    11526              1151437054      98054502  
  5285  3.1    10885              1151447939      98054502  
  5286  3.1    5763               1151453702      98059114  
  5287  3.1    6593               1151460295      98059114  
  5288  3.1    10888              1151471183      98059114  
  5289  3.1    10503              1151481686      98059114  
  5290  3.1    10759              1151492445      98059114  
  5291  3.1    11011              1151503456      98059114  
  5292  3.1    11520              1151514976      98059114  
  5293  3.1    10501              1151525477      98059114  
  5294  3.1    4867               1151530344      98064493  
  5295  3.1    10504              1151540848      98064493  
  5296  3.1    3713               1151544561      98069745  
  5297  3.1    6723               1151551284      98069745  
  5298  3.1    3201               1151554485      98072691  
  5299  3.1    7490               1151561975      98072691  
  5300  3.1    7874               1151569849      98072691  
  5301  3.1    8515               1151578364      98072691  
  5302  3.1    11268              1151589632      98072691  
  5303  3.1    8708               1151598340      98072691  
  5304  3.1    8579               1151606919      98072691  
  5305  3.1    8004               1151614923      98072691  
  5306  3.1    7234               1151622157      98072691  
  5307  3.1    8517               1151630674      98072691  
  5308  3.1    9859               1151640533      98072691  
  5309  3.1    9094               1151649627      98072691  
  5310  3.1    8835               1151658462      98072691  
  5311  3.1    9474               1151667936      98072691  
  5312  3.1    5122               1151673058      98077813  
  5313  3.1    10246              1151683304      98077813  
  5314  3.1    8900               1151692204      98077813  
  5315  3.1    4737               1151696941      98082680  
  5316  3.1    7298               1151704239      98082680  
  5317  3.1    0                  1151704239      98089978  
  5318  3.1    8001               1151712240      98089978  
  5319  3.1    6146               1151718386      98089978  
  5320  3.1    3905               1151722291      98092219  
  5321  3.1    8194               1151730485      98092219  
  5322  3.1    6978               1151737463      98092219  
  5323  3.1    3329               1151740792      98095228  
  5324  3.1    5763               1151746555      98095228  
  5325  3.1    4866               1151751421      98095228  
  5326  3.1    6082               1151757503      98095228  
  5327  3.1    6276               1151763779      98095228  
  5328  3.1    6403               1151770182      98095228  
  5329  3.1    7937               1151778119      98095228  
  5330  3.1    5379               1151783498      98095228  
  5331  3.1    3458               1151786956      98095228  
  5332  3.1    3490               1151790446      98095228  
  5333  3.1    1473               1151791919      98097245  
  5334  3.1    3618               1151795537      98097245  
  5335  3.1    5313               1151800850      98097245  
  5336  3.1    6658               1151807508      98097245  
  5337  3.1    3072               1151810580      98100574  
  5338  3.1    7746               1151818326      98100574  
  5339  3.1    3009               1151821335      98104223  
  5340  3.1    5760               1151827095      98104223  
  5341  3.1    6531               1151833626      98104223  
  5342  3.1    6658               1151840284      98104223  
  5343  3.1    3713               1151843997      98107232  
  5344  3.1    8708               1151852705      98107232  
  5345  3.1    7940               1151860645      98107232  
  5346  3.1    4227               1151864872      98110945  
  5347  3.1    4866               1151869738      98110945  
  5348  3.1    5634               1151875372      98110945  
  5349  3.1    6081               1151881453      98110945  
  5350  3.1    6403               1151887856      98110945  
  5351  3.1    2688               1151890544      98114594  
  5352  3.1    5058               1151895602      98114594  
  5353  3.1    5505               1151901107      98114594  
  5354  3.1    8387               1151909494      98114594  
  5355  3.1    7682               1151917176      98114594  
  5356  3.1    5952               1151923128      98114594  
  5357  3.1    7426               1151930554      98114594  
  5358  3.1    6082               1151936636      98114594  
  5359  3.1    6786               1151943422      98114594  
  5360  3.1    7812               1151951234      98114594  
  5361  3.1    5763               1151956997      98114594  
  5362  3.1    8453               1151965450      98114594  
  5363  3.1    7810               1151973260      98114594  
  5364  3.1    8964               1151982224      98114594  
  5365  3.1    7426               1151989650      98114594  
  5366  3.1    6147               1151995797      98114594  
  5367  3.1    2880               1151998677      98117732  
  5368  3.1    5697               1152004374      98117732  
  5369  3.1    5697               1152010071      98117732  
  5370  3.1    6084               1152016155      98117732  
  5371  3.1    5889               1152022044      98117732  
  5372  3.1    5700               1152027744      98117732  
  5373  3.1    6722               1152034466      98117732  
  5374  3.1    6595               1152041061      98117732  
  5375  3.1    7298               1152048359      98117732  
  5376  3.1    7618               1152055977      98117732  
  5377  3.1    8133               1152064110      98117732  
  5378  3.1    9474               1152073584      98117732  
  5379  3.1    9989               1152083573      98117732  
  5380  3.1    10759              1152094332      98117732  
  5381  3.1    10119              1152104451      98117732  
  5382  3.1    8067               1152112518      98117732  
  5383  3.1    8704               1152121222      98117732  
  5384  3.1    11265              1152132487      98117732  
  5385  3.1    0                  1152132487      98128997  
  5386  3.1    10372              1152142859      98128997  
  5387  3.1    11274              1152154133      98128997  
  5388  3.1    11016              1152165149      98128997  
  5389  3.1    9989               1152175138      98128997  
  5390  3.1    6402               1152181540      98134119  
  5391  3.1    12033              1152193573      98134119  
  5392  3.1    4737               1152198310      98134119  
  5393  3.1    9219               1152207529      98134119  
  5394  3.1    6659               1152214188      98134119  
  5395  3.1    3969               1152218157      98136873  
  5396  3.1    9734               1152227891      98136873  
  5397  3.1    6145               1152234036      98136873  
  5398  3.1    9604               1152243640      98136873  
  5399  3.1    9474               1152253114      98136873  
  5400  3.1    11141              1152264255      98136873  
  5401  3.1    4992               1152269247      98142125  
  5402  3.1    10626              1152279873      98142125  
  5403  3.1    10114              1152289987      98142125  
  5404  3.1    9219               1152299206      98142125  
  5405  3.1    4352               1152303558      98146607  
  5406  3.1    7682               1152311240      98146607  
  5407  3.1    8324               1152319564      98146607  
  5408  3.1    3777               1152323341      98150834  
  5409  3.1    6978               1152330319      98150834  
  5410  3.1    3072               1152333391      98154291  
  5411  3.1    6850               1152340241      98154291  
  5412  3.1    6786               1152347027      98154291  
  5413  3.1    6211               1152353238      98154291  
  5414  3.1    6147               1152359385      98154291  
  5415  3.1    2625               1152362010      98157492  
  5416  3.1    5760               1152367770      98157492  
  5417  3.1    6658               1152374428      98157492  
  5418  3.1    6210               1152380638      98157492  
  5419  3.1    5058               1152385696      98157492  
  5420  3.1    5442               1152391138      98157492  
  5421  3.1    5187               1152396325      98157492  
  5422  3.1    5826               1152402151      98157492  
  5423  3.1    3329               1152405480      98160501  
  5424  3.1    5377               1152410857      98160501  
  5425  3.1    5314               1152416171      98160501  
  5426  3.1    8385               1152424556      98160501  
  5427  3.1    6658               1152431214      98160501  
  5428  3.1    9094               1152440308      98160501  
  5429  3.1    9859               1152450167      98160501  
  5430  3.1    0                  1152450167      98170360  
  5431  3.1    6722               1152456889      98170360  
  5432  3.1    5634               1152462523      98170360  
  5433  3.1    6914               1152469437      98170360  
  5434  3.1    6978               1152476415      98170360  
  5435  3.1    8449               1152484864      98170360  
  5436  3.1    7810               1152492674      98170360  
  5437  3.1    9094               1152501768      98170360  
  5438  3.1    9604               1152511372      98170360  
  5439  3.1    11011              1152522383      98170360  
  5440  3.1    4352               1152526735      98176249  
  5441  3.1    8004               1152534739      98176249  
  5442  3.1    6083               1152540822      98176249  
  5443  3.1    7554               1152548376      98176249  
  5444  3.1    3201               1152551577      98180026  
  5445  3.1    6466               1152558043      98180026  
  5446  3.1    6850               1152564893      98180026  
  5447  3.1    6658               1152571551      98180026  
  5448  3.1    7170               1152578721      98180026  
  5449  3.1    6659               1152585380      98180026  
  5450  3.1    7426               1152592806      98180026  
  5451  3.1    6789               1152599595      98180026  
  5452  3.1    7874               1152607469      98180026  
  5453  3.1    4097               1152611566      98183803  
  5454  3.1    7362               1152618928      98183803  
  5455  3.1    9091               1152628019      98183803  
  5456  3.1    7682               1152635701      98183803  
  5457  3.1    3649               1152639350      98187580  
  5458  3.1    6531               1152645881      98187580  
  5459  3.1    6338               1152652219      98187580  
  5460  3.1    3585               1152655804      98190205  
  5461  3.1    2688               1152658492      98193790  
  5462  3.1    6275               1152664767      98193790  
  5463  3.1    5760               1152670527      98193790  
  5464  3.1    6018               1152676545      98193790  
  5465  3.1    6339               1152682884      98193790  
  5466  3.1    6275               1152689159      98193790  
  5467  3.1    4992               1152694151      98193790  
  5468  3.1    6786               1152700937      98193790  
  5469  3.1    6403               1152707340      98193790  
  5470  3.1    5955               1152713295      98193790  
  5471  3.1    5826               1152719121      98193790  
  5472  3.1    5697               1152724818      98193790  
  5473  3.1    6786               1152731604      98193790  
  5474  3.1    0                  1152731604      98200576  
  5475  3.1    5184               1152736788      98200576  
  5476  3.1    5700               1152742488      98200576  
  5477  3.1    5955               1152748443      98200576  
  5478  3.1    2880               1152751323      98203522  
  5479  3.1    2688               1152754011      98206402  
  5480  3.1    5250               1152759261      98206402  
  5481  3.1    5376               1152764637      98206402  
  5482  3.1    5376               1152770013      98206402  
  5483  3.1    5250               1152775263      98206402  
  5484  3.1    5955               1152781218      98206402  
  5485  3.1    7106               1152788324      98206402  
  5486  3.1    3521               1152791845      98210115  
  5487  3.1    3713               1152795558      98213828  
  5488  3.1    5697               1152801255      98213828  
  5489  3.1    6786               1152808041      98213828  
  5490  3.1    5954               1152813995      98213828  
  5491  3.1    2433               1152816428      98216261  
  5492  3.1    2880               1152819308      98218694  
  5493  3.1    5187               1152824495      98218694  
  5494  3.1    4803               1152829298      98218694  
  5495  3.1    5571               1152834869      98218694  
  5496  3.1    5955               1152840824      98218694  
  5497  3.1    3265               1152844089      98221703  
  5498  3.1    6209               1152850298      98221703  
  5499  3.1    8324               1152858622      98221703  
  5500  3.1    4214               1152862836      98221703  
  5501  3.1    8709               1152871545      98221703  
  5502  3.1    3969               1152875514      98225800  
  5503  3.1    7812               1152883326      98225800  
  5504  3.1    7042               1152890368      98225800  
  5505  3.1    6914               1152897282      98225800  
  5506  3.1    6466               1152903748      98225800  
  5507  3.1    5954               1152909702      98225800  
  5508  3.1    6786               1152916488      98225800  
  5509  3.1    7043               1152923531      98225800  
  5510  3.1    5376               1152928907      98225800  
  5511  3.1    7554               1152936461      98225800  
  5512  3.1    7746               1152944207      98225800  
  5513  3.1    9089               1152953296      98225800  
  5514  3.1    10116              1152963412      98225800  
  5515  3.1    8834               1152972246      98225800  
  5516  3.1    8834               1152981080      98225800  
  5517  3.1    5122               1152986202      98230282  
  5518  3.1    10119              1152996321      98230282  
  5519  3.1    10241              1153006562      98230282  
  5520  3.1    10119              1153016681      98230282  
  5521  3.1    0                  1153016681      98240401  
  5522  3.1    8005               1153024686      98240401  
  5523  3.1    3905               1153028591      98243794  
  5524  3.1    7874               1153036465      98243794  
  5525  3.1    9604               1153046069      98243794  
  5526  3.1    8964               1153055033      98243794  
  5527  3.1    9094               1153064127      98243794  
  5528  3.1    9729               1153073856      98243794  
  5529  3.1    9984               1153083840      98243794  
  5530  3.1    11400              1153095240      98243794  
  5531  3.1    9284               1153104524      98243794  
  5532  3.1    10119              1153114643      98243794  
  5533  3.1    4867               1153119510      98248661  
  5534  3.1    8130               1153127640      98248661  
  5535  3.1    9219               1153136859      98248661  
  5536  3.1    10630              1153147489      98248661  
  5537  3.1    9984               1153157473      98248661  
  5538  3.1    9349               1153166822      98248661  
  5539  3.1    8836               1153175658      98248661  
  5540  3.1    9221               1153184879      98248661  
  5541  3.1    10119              1153194998      98248661  
  5542  3.1    9861               1153204859      98248661  
  5543  3.1    11652              1153216511      98248661  
  5544  3.1    9984               1153226495      98248661  
  5545  3.1    4737               1153231232      98253653  
  5546  3.1    10114              1153241346      98253653  
  5547  3.1    9604               1153250950      98253653  
  5548  3.1    8964               1153259914      98253653  
  5549  3.1    9734               1153269648      98253653  
  5550  3.1    7170               1153276818      98253653  
  5551  3.1    7042               1153283860      98253653  
  5552  3.1    7682               1153291542      98253653  
  5553  3.1    8388               1153299930      98253653  
  5554  3.1    7491               1153307421      98253653  
  5555  3.1    6564               1153313985      98253653  
  5556  3.1    4992               1153318977      98254838  
  5557  3.1    11140              1153330117      98254838  
  5558  3.1    12420              1153342537      98254838  
  5559  3.1    6021               1153348558      98260985  
  5560  3.1    12294              1153360852      98260985  
  5561  3.1    11652              1153372504      98260985  
  5562  3.1    4097               1153376601      98266490  
  5563  3.1    5697               1153382298      98266490  
  5564  3.1    7426               1153389724      98266490  
  5565  3.1    7938               1153397662      98266490  
  5566  3.1    3585               1153401247      98270331  
  5567  3.1    8965               1153410212      98270331  
  5568  3.1    6594               1153416806      98270331  
  5569  3.1    5826               1153422632      98270331  
  5570  3.1    6017               1153428649      98270331  
  5571  3.1    2754               1153431403      98273019  
  5572  3.1    7746               1153439149      98273019  
  5573  3.1    4482               1153443631      98276796  
  5574  3.1    6786               1153450417      98276796  
  5575  3.1    9155               1153459572      98276796  
  5576  3.1    6978               1153466550      98276796  
  5577  3.1    7556               1153474106      98276796  
  5578  3.1    9349               1153483455      98276796  
  5579  3.1    4867               1153488322      98281278  
  5580  3.1    7811               1153496133      98281278  
  5581  3.1    7618               1153503751      98281278  
  5582  3.1    6722               1153510473      98281278  
  5583  3.1    6466               1153516939      98281278  
  5584  3.1    2754               1153519693      98284479  
  5585  3.1    4449               1153524142      98284479  
  5586  3.1    4674               1153528816      98284479  
  5587  3.1    4065               1153532881      98284479  
  5588  3.1    6466               1153539347      98284479  
  5589  3.1    6274               1153545621      98284479  
  5590  3.1    6338               1153551959      98284479  
  5591  3.1    9094               1153561053      98284479  
  5592  3.1    8709               1153569762      98284479  
  5593  3.1    8323               1153578085      98284479  
  5594  3.1    3265               1153581350      98288320  
  5595  3.1    3201               1153584551      98292161  
  5596  3.1    7426               1153591977      98292161  
  5597  3.1    3777               1153595754      98296002  
  5598  3.1    7426               1153603180      98296002  
  5599  3.1    8709               1153611889      98296002  
  5600  3.1    10244              1153622133      98296002  
  5601  3.1    14344              1153636477      98296002  
  5602  3.1    15241              1153651718      98296002  
  5603  3.1    15242              1153666960      98296002  
  5604  3.1    11974              1153678934      98296002  
  5605  3.1    12168              1153691102      98296002  
  5606  3.1    12553              1153703655      98296002  
  5607  3.1    7298               1153710953      98300614  
  5608  3.1    12551              1153723504      98300614  
  5609  3.1    13959              1153737463      98300614  
  5610  3.1    14085              1153751548      98300614  
  5611  3.1    11395              1153762943      98300614  
  5612  3.1    13576              1153776519      98300614  
  5613  3.1    15754              1153792273      98300614  
  5614  3.1    7046               1153799319      98308427  
  5615  3.1    14341              1153813660      98308427  
  5616  3.1    13065              1153826725      98308427  
  5617  3.1    14344              1153841069      98308427  
  5618  3.1    13700              1153854769      98308427  
  5619  3.1    6787               1153861556      98313679  
  5620  3.1    12168              1153873724      98313679  
  5621  3.1    11913              1153885637      98313679  
  5622  3.1    10757              1153896394      98313679  
  5623  3.1    12035              1153908429      98313679  
  5624  3.1    14218              1153922647      98313679  
  5625  3.1    10629              1153933276      98313679  
  5626  3.1    13194              1153946470      98313679  
  5627  3.1    5696               1153952166      98313679  
  5628  3.1    13700              1153965866      98313679  
  5629  3.1    14470              1153980336      98313679  
  5630  3.1    13959              1153994295      98313679  
  5631  3.1    12297              1154006592      98313679  
  5632  3.1    9604               1154016196      98313679  
  5633  3.1    3713               1154019909      98318416  
  5634  3.1    10182              1154030091      98318416  
  5635  3.1    9474               1154039565      98318416  
  5636  3.1    14727              1154054292      98318416  
  5637  3.1    14341              1154068633      98318416  
  5638  3.1    13063              1154081696      98318416  
  5639  3.1    9989               1154091685      98318416  
  5640  3.1    7172               1154098857      98323283  
  5641  3.1    4612               1154103469      98330455  
  5642  3.1    6790               1154110259      98330455  
  5643  3.1    6402               1154116661      98330455  
  5644  3.1    9219               1154125880      98330455  
  5645  3.1    9089               1154134969      98330455  
  5646  3.1    9219               1154144188      98330455  
  5647  3.1    8449               1154152637      98330455  
  5648  3.1    3841               1154156478      98334807  
  5649  3.1    6852               1154163330      98334807  
  5650  3.1    3329               1154166659      98337432  
  5651  3.1    6211               1154172870      98337432  
  5652  3.1    8836               1154181706      98337432  
  5653  3.1    6019               1154187725      98337432  
  5654  3.1    11520              1154199245      98337432  
  5655  3.1    10497              1154209742      98337432  
  5656  3.1    11524              1154221266      98337432  
  5657  3.1    13833              1154235099      98337432  
  5658  3.1    14603              1154249702      98337432  
  5659  3.1    14218              1154263920      98337432  
  5660  3.1    14726              1154278646      98337432  
  5661  3.1    15370              1154294016      98337432  
  5662  3.1    7429               1154301445      98344861  
  5663  3.1    13826              1154315271      98344861  
  5664  3.1    6977               1154322248      98344861  
  5665  3.1    4737               1154326985      98347933  
  5666  3.1    5634               1154332619      98347933  
  5667  3.1    5184               1154337803      98347933  
  5668  3.1    7746               1154345549      98347933  
  5669  3.1    9219               1154354768      98347933  
  5670  3.1    7170               1154361938      98347933  
  5671  3.1    10501              1154372439      98347933  
  5672  3.1    7106               1154379545      98347933  
  5673  3.1    4097               1154383642      98351582  
  5674  3.1    11013              1154394655      98351582  
  5675  3.1    12298              1154406953      98351582  
  5676  3.1    13189              1154420142      98351582  
  5677  3.1    14218              1154434360      98351582  
  5678  3.1    9604               1154443964      98351582  
  5679  3.1    11265              1154455229      98351582  
  5680  3.1    9864               1154465093      98351582  
  5681  3.1    10244              1154475337      98351582  
  5682  3.1    6978               1154482315      98351582  
  5683  3.1    4737               1154487052      98355295  
  5684  3.1    10627              1154497679      98355295  
  5685  3.1    10631              1154508310      98355295  
  5686  3.1    9349               1154517659      98355295  
  5687  3.1    4097               1154521756      98359777  
  5688  3.1    8324               1154530080      98359777  
  5689  3.1    5763               1154535843      98363234  
  5690  3.1    11142              1154546985      98363234  
  5691  3.1    10629              1154557614      98363234  
  5692  3.1    11784              1154569398      98363234  
  5693  3.1    12168              1154581566      98363234  
  5694  3.1    12675              1154594241      98363234  
  5695  3.1    11658              1154605899      98363234  
  5696  3.1    0                  1154605899      98374892  
  5697  3.1    8132               1154614031      98374892  
  5698  3.1    4227               1154618258      98379119  
  5699  3.1    8964               1154627222      98379119  
  5700  3.1    8132               1154635354      98379119  
  5701  3.1    10759              1154646113      98379119  
  5702  3.1    0                  1154646113      98389878  
  5703  3.1    0                  1154646113      98400637  
  5704  3.1    4482               1154650595      98405759  
  5705  3.1    8321               1154658916      98405759  
  5706  3.1    8964               1154667880      98405759  
  5707  3.1    8839               1154676719      98405759  
  5708  3.1    8130               1154684849      98405759  
  5709  3.1    7490               1154692339      98405759  
  5710  3.1    7810               1154700149      98405759  
  5711  3.1    3649               1154703798      98409472  
  5712  3.1    9089               1154712887      98409472  
  5713  3.1    9221               1154722108      98409472  
  5714  3.1    16772              1154738880      98409472  
  5715  3.1    7746               1154746626      98409472  
  5716  3.1    7747               1154754373      98409472  
  5717  3.1    9794               1154764167      98409472  
  5718  3.1    13700              1154777867      98409472  
  5719  3.1    10757              1154788624      98409472  
  5720  3.1    9094               1154797718      98409472  
  5721  3.1    9604               1154807322      98409472  
  5722  3.1    41495              1154848817      98409472  
  5723  3.1    15498              1154864315      98409472  
  5724  3.1    17158              1154881473      98409472  
  5725  3.1    12036              1154893509      98409472  
  5726  3.1    5763               1154899272      98415745  
  5727  3.1    7748               1154907020      98415745  
  5728  3.1    9729               1154916749      98415745  
  5729  3.1    8130               1154924879      98415745  
  5730  3.1    7747               1154932626      98415745  
  5731  3.1    11910              1154944536      98415745  
  5732  3.1    14859              1154959395      98415745  
  5733  3.1    8706               1154968101      98415745  
  5734  3.1    13064              1154981165      98415745  
  5735  3.1    6661               1154987826      98421124  
  5736  3.1    12294              1155000120      98421124  
  5737  3.1    13060              1155013180      98421124  
  5738  3.1    13315              1155026495      98421124  
  5739  3.1    10885              1155037380      98421124  
  5740  3.1    4482               1155041862      98425736  
  5741  3.1    8834               1155050696      98425736  
  5742  3.1    9349               1155060045      98425736  
  5743  3.1    9734               1155069779      98425736  
  5744  3.1    0                  1155069779      98435470  
  5745  3.1    6594               1155076373      98435470  
  5746  3.1    8964               1155085337      98435470  
  5747  3.1    11524              1155096861      98435470  
  5748  3.1    10822              1155107683      98435470  
  5749  3.1    11526              1155119209      98435470  
  5750  3.1    10500              1155129709      98435470  
  5751  3.1    7685               1155137394      98441233  
  5752  3.1    14859              1155152253      98441233  
  5753  3.1    15370              1155167623      98441233  
  5754  3.1    16010              1155183633      98441233  
  5755  3.1    0                  1155183633      98457243  
  5756  3.1    13700              1155197333      98457243  
  5757  3.1    10244              1155207577      98457243  
  5758  3.1    8515               1155216092      98457243  
  5759  3.1    6210               1155222302      98457243  
  5760  3.1    10245              1155232547      98457243  
  5761  3.1    9604               1155242151      98457243  
  5762  3.1    11780              1155253931      98457243  
  5763  3.1    13826              1155267757      98457243  
  5764  3.1    12807              1155280564      98457243  
  5765  3.1    16010              1155296574      98457243  
  5766  3.1    16778              1155313352      98457243  
  5767  3.1    14976              1155328328      98457243  
  5768  3.1    12289              1155340617      98457243  
  5769  3.1    7429               1155348046      98461084  
  5770  3.1    13832              1155361878      98461084  
  5771  3.1    15235              1155377113      98461084  
  5772  3.1    16517              1155393630      98461084  
  5773  3.1    13576              1155407206      98461084  
  5774  3.1    16133              1155423339      98461084  
  5775  3.1    7813               1155431152      98468769  
  5776  3.1    13576              1155444728      98468769  
  5777  3.1    17409              1155462137      98468769  
  5778  3.1    12549              1155474686      98468769  
  5779  3.1    13322              1155488008      98468769  
  5780  3.1    17157              1155505165      98468769  
  5781  3.1    17670              1155522835      98468769  
  5782  3.1    9222               1155532057      98477991  
  5783  3.1    17166              1155549223      98477991  
  5784  3.1    13701              1155562924      98477991  
  5785  3.1    18948              1155581872      98477991  
  5786  3.1    18435              1155600307      98477991  
  5787  3.1    17163              1155617470      98477991  
  5788  3.1    18183              1155635653      98477991  
  5789  3.1    18956              1155654609      98477991  
  5790  3.1    6402               1155661011      98486700  
  5791  3.1    12417              1155673428      98486700  
  5792  3.1    5763               1155679191      98493228  
  5793  3.1    16266              1155695457      98493228  
  5794  3.1    15500              1155710957      98493228  
  5795  3.1    19469              1155730426      98493228  
  5796  3.1    21510              1155751936      98493228  
  5797  3.1    22280              1155774216      98493228  
  5798  3.1    19205              1155793421      98493228  
  5799  3.1    22280              1155815701      98493228  
  5800  3.1    20486              1155836187      98493228  
  5801  3.1    6913               1155843100      98502189  
  5802  3.1    5637               1155848737      98509102  
  5803  3.1    11268              1155860005      98509102  
  5804  3.1    19474              1155879479      98509102  
  5805  3.1    9222               1155888701      98518839  
  5806  3.1    12036              1155900737      98518839  
  5807  3.1    13574              1155914311      98518839  
  5808  3.1    16135              1155930446      98518839  
  5809  3.1    21002              1155951448      98518839  
  5810  3.1    19208              1155970656      98518839  
  5811  3.1    20233              1155990889      98518839  
  5812  3.1    8961               1155999850      98527800  
  5813  3.1    19461              1156019311      98527800  
  5814  3.1    20234              1156039545      98527800  
  5815  3.1    9222               1156048767      98537787  
  5816  3.1    18695              1156067462      98537787  
  5817  3.1    19469              1156086931      98537787  
  5818  3.1    16398              1156103329      98537787  
  5819  3.1    6021               1156109350      98544448  
  5820  3.1    11784              1156121134      98544448  
  5821  3.1    11910              1156133044      98544448  
  5822  3.1    5889               1156138933      98550337  
  5823  3.1    8961               1156147894      98556226  
  5824  3.1    16902              1156164796      98556226  
  5825  3.1    17670              1156182466      98556226  
  5826  3.1    12546              1156195012      98556226  
  5827  3.1    12675              1156207687      98556226  
  5828  3.1    12934              1156220621      98556226  
  5829  3.1    9222               1156229843      98562499  
  5830  3.1    14598              1156244441      98562499  
  5831  3.1    9349               1156253790      98562499  
  5832  3.1    10244              1156264034      98562499  
  5833  3.1    11142              1156275176      98562499  
  5834  3.1    14470              1156289646      98562499  
  5835  3.1    5763               1156295409      98569412  
  5836  3.1    6084               1156301493      98569412  
  5837  3.1    7745               1156309238      98569412  
  5838  3.1    7554               1156316792      98569412  
  5839  3.1    3329               1156320121      98572933  
  5840  3.1    7750               1156327871      98572933  
  5841  3.1    5471               1156333342      98572933  
  5842  3.1    10116              1156343458      98572933  
  5843  3.1    9344               1156352802      98572933  
  5844  3.1    10756              1156363558      98572933  
  5845  3.1    10372              1156373930      98572933  
  5846  3.1    10119              1156384049      98572933  
  5847  3.1    10885              1156394934      98572933  
  5848  3.1    10375              1156405309      98572933  
  5849  3.1    8451               1156413760      98572933  
  5850  3.1    9989               1156423749      98572933  
  5851  3.1    6723               1156430472      98572933  
  5852  3.1    8067               1156438539      98572933  
  5853  3.1    4482               1156443021      98577415  
  5854  3.1    7745               1156450766      98577415  
  5855  3.1    9989               1156460755      98577415  
  5856  3.1    9094               1156469849      98577415  
  5857  3.1    3969               1156473818      98581642  
  5858  3.1    7298               1156481116      98581642  
  5859  3.1    8257               1156489373      98581642  
  5860  3.1    8964               1156498337      98581642  
  5861  3.1    8579               1156506916      98581642  
  5862  3.1    6021               1156512937      98585994  
  5863  3.1    9094               1156522031      98585994  
  5864  3.1    4097               1156526128      98590476  
  5865  3.1    7490               1156533618      98590476  
  5866  3.1    4867               1156538485      98594253  
  5867  3.1    9604               1156548089      98594253  
  5868  3.1    10244              1156558333      98594253  
  5869  3.1    4227               1156562560      98599375  
  5870  3.1    4482               1156567042      98604497  
  5871  3.1    3521               1156570563      98609619  
  5872  3.1    7170               1156577733      98609619  
  5873  3.1    8133               1156585866      98609619  
  5874  3.1    6467               1156592333      98609619  
  5875  3.1    8130               1156600463      98609619  
  5876  3.1    11142              1156611605      98609619  
  5877  3.1    5379               1156616984      98614998  
  5878  3.1    4612               1156621596      98620377  
  5879  3.1    8323               1156629919      98620377  
  5880  3.1    8389               1156638308      98620377  
  5881  3.1    3649               1156641957      98624154  
  5882  3.1    4612               1156646569      98627803  
  5883  3.1    8260               1156654829      98627803  
  5884  3.1    7618               1156662447      98627803  
  5885  3.1    8002               1156670449      98627803  
  5886  3.1    3585               1156674034      98631772  
  5887  3.1    5955               1156679989      98631772  
  5888  3.1    2625               1156682614      98634781  
  5889  3.1    7362               1156689976      98634781  
  5890  3.1    8709               1156698685      98634781  
  5891  3.1    8452               1156707137      98634781  
  5892  3.1    10889              1156718026      98634781  
  5893  3.1    11784              1156729810      98634781  
  5894  3.1    9349               1156739159      98634781  
  5895  3.1    3329               1156742488      98639263  
  5896  3.1    6019               1156748507      98639263  
  5897  3.1    8069               1156756576      98639263  
  5898  3.1    10758              1156767334      98639263  
  5899  3.1    4352               1156771686      98644642  
  5900  3.1    7106               1156778792      98644642  
  5901  3.1    4995               1156783787      98644642  
  5902  3.1    5634               1156789421      98644642  
  5903  3.1    5633               1156795054      98644642  
  5904  3.1    4545               1156799599      98644642  
  5905  3.1    6019               1156805618      98644642  
  5906  3.1    6338               1156811956      98644642  
  5907  3.1    7298               1156819254      98644642  
  5908  3.1    8001               1156827255      98644642  
  5909  3.1    9989               1156837244      98644642  
  5910  3.1    10759              1156848003      98644642  
  5911  3.1    11011              1156859014      98644642  
  5912  3.1    9349               1156868363      98644642  
  5913  3.1    10116              1156878479      98644642  
  5914  3.1    6786               1156885265      98644642  
  5915  3.1    3457               1156888722      98648035  
  5916  3.1    6403               1156895125      98648035  
  5917  3.1    7426               1156902551      98648035  
  5918  3.1    7362               1156909913      98648035  
  5919  3.1    6338               1156916251      98648035  
  5920  3.1    6851               1156923102      98648035  
  5921  3.1    3072               1156926174      98651173  
  5922  3.1    6273               1156932447      98651173  
  5923  3.1    6658               1156939105      98651173  
  5924  3.1    6850               1156945955      98651173  
  5925  3.1    9224               1156955179      98651173  
  5926  3.1    8709               1156963888      98651173  
  5927  3.1    9864               1156973752      98651173  
  5928  3.1    8836               1156982588      98651173  
  5929  3.1    6338               1156988926      98651173  
  5930  3.1    7298               1156996224      98651173  
  5931  3.1    7618               1157003842      98651173  
  5932  3.1    10118              1157013960      98651173  
  5933  3.1    6659               1157020619      98651173  
  5934  3.1    8577               1157029196      98651173  
  5935  3.1    9219               1157038415      98651173  
  5936  3.1    5252               1157043667      98655400  
  5937  3.1    7618               1157051285      98655400  
  5938  3.1    3585               1157054870      98659113  
  5939  3.1    6466               1157061336      98659113  
  5940  3.1    3393               1157064729      98661930  
  5941  3.1    6082               1157070811      98661930  
  5942  3.1    6658               1157077469      98661930  
  5943  3.1    7810               1157085279      98661930  
  5944  3.1    6081               1157091360      98661930  
  5945  3.1    8133               1157099493      98661930  
  5946  3.1    3777               1157103270      98665451  
  5947  3.1    8004               1157111274      98665451  
  5948  3.1    8066               1157119340      98665451  
  5949  3.1    7810               1157127150      98665451  
  5950  3.1    7746               1157134896      98665451  
  5951  3.1    9864               1157144760      98665451  
  5952  3.1    9734               1157154494      98665451  
  5953  3.1    8705               1157163199      98665451  
  5954  3.1    9989               1157173188      98665451  
  5955  3.1    10119              1157183307      98665451  
  5956  3.1    7554               1157190861      98665451  
  5957  3.1    4737               1157195598      98669036  
  5958  3.1    9219               1157204817      98669036  
  5959  3.1    10504              1157215321      98669036  
  5960  3.1    10119              1157225440      98669036  
  5961  3.1    4482               1157229922      98673903  
  5962  3.1    9089               1157239011      98673903  
  5963  3.1    8964               1157247975      98673903  
  5964  3.1    8514               1157256489      98673903  
  5965  3.1    7298               1157263787      98673903  
  5966  3.1    3585               1157267372      98677424  
  5967  3.1    5826               1157273198      98677424  
  5968  3.1    6914               1157280112      98677424  
  5969  3.1    10497              1157290609      98677424  
  5970  3.1    2946               1157293555      98682929  
  5971  3.1    6786               1157300341      98682929  
  5972  3.1    6979               1157307320      98682929  
  5973  3.1    6147               1157313467      98682929  
  5974  3.1    4867               1157318334      98685683  
  5975  3.1    8131               1157326465      98685683  
  5976  3.1    2304               1157328769      98690805  
  5977  3.1    8514               1157337283      98690805  
  5978  3.1    8385               1157345668      98690805  
  5979  3.1    9859               1157355527      98690805  
  5980  3.1    11016              1157366543      98690805  
  5981  3.1    10629              1157377172      98690805  
  5982  3.1    9670               1157386842      98690805  
  5983  3.1    10248              1157397090      98690805  
  5984  3.1    11143              1157408233      98690805  
  5985  3.1    5379               1157413612      98695927  
  5986  3.1    9734               1157423346      98695927  
  5987  3.1    5379               1157428725      98701948  
  5988  3.1    8260               1157436985      98701948  
  5989  3.1    3393               1157440378      98706175  
  5990  3.1    2754               1157443132      98709568  
  5991  3.1    4995               1157448127      98709568  
  5992  3.1    6787               1157454914      98709568  
  5993  3.1    8453               1157463367      98709568  
  5994  3.1    8260               1157471627      98709568  
  5995  3.1    8644               1157480271      98709568  
  5996  3.1    8579               1157488850      98709568  
  5997  3.1    3649               1157492499      98713920  
  5998  3.1    3521               1157496020      98718272  
  5999  3.1    2625               1157498645      98722624  
  6000  3.1    5025               1157503670      98722624  
  6001  3.1    7298               1157510968      98722624  
  6002  3.1    2880               1157513848      98726209  
  6003  3.1    7554               1157521402      98726209  
  6004  3.1    9349               1157530751      98726209  
  6005  3.1    7940               1157538691      98726209  
  6006  3.1    0                  1157538691      98734149  
  6007  3.1    5058               1157543749      98734149  
  6008  3.1    5761               1157549510      98734149  
  6009  3.1    7170               1157556680      98734149  
  6010  3.1    7810               1157564490      98734149  
  6011  3.1    7170               1157571660      98734149  
  6012  3.1    7810               1157579470      98734149  
  6013  3.1    8961               1157588431      98734149  
  6014  3.1    10497              1157598928      98734149  
  6015  3.1    7426               1157606354      98734149  
  6016  3.1    7234               1157613588      98734149  
  6017  3.1    10246              1157623834      98734149  
  6018  3.1    3905               1157627739      98739528  
  6019  3.1    7876               1157635615      98739528  
  6020  3.1    7554               1157643169      98739528  
  6021  3.1    7682               1157650851      98739528  
  6022  3.1    7490               1157658341      98739528  
  6023  3.1    8454               1157666795      98739528  
  6024  3.1    5697               1157672492      98739528  
  6025  3.1    6658               1157679150      98739528  
  6026  3.1    7617               1157686767      98739528  
  6027  3.1    7490               1157694257      98739528  
  6028  3.1    6979               1157701236      98739528  
  6029  3.1    9479               1157710715      98739528  
  6030  3.1    5700               1157716415      98739528  
  6031  3.1    6659               1157723074      98739528  
  6032  3.1    7362               1157730436      98739528  
  6033  3.1    4033               1157734469      98742408  
  6034  3.1    7490               1157741959      98742408  
  6035  3.1    8709               1157750668      98742408  
  6036  3.1    6660               1157757328      98742408  
  6037  3.1    8132               1157765460      98742408  
  6038  3.1    8064               1157773524      98742408  
  6039  3.1    6018               1157779542      98742408  
  6040  3.1    6083               1157785625      98742408  
  6041  3.1    6466               1157792091      98742408  
  6042  3.1    6529               1157798620      98742408  
  6043  3.1    3521               1157802141      98745480  
  6044  3.1    2562               1157804703      98749001  
  6045  3.1    9604               1157814307      98749001  
  6046  3.1    9349               1157823656      98749001  
  6047  3.1    13441              1157837097      98749001  
  6048  3.1    12166              1157849263      98749001  
  6049  3.1    13193              1157862456      98749001  
  6050  3.1    5505               1157867961      98755148  
  6051  3.1    9604               1157877565      98755148  
  6052  3.1    10757              1157888322      98755148  
  6053  3.1    10758              1157899080      98755148  
  6054  3.1    13186              1157912266      98755148  
  6055  3.1    12934              1157925200      98755148  
  6056  3.1    14470              1157939670      98755148  
  6057  3.1    12680              1157952350      98755148  
  6058  3.1    10884              1157963234      98755148  
  6059  3.1    0                  1157963234      98766032  
  6060  3.1    9864               1157973098      98766032  
  6061  3.1    4992               1157978090      98770644  
  6062  3.1    9349               1157987439      98770644  
  6063  3.1    8001               1157995440      98770644  
  6064  3.1    8451               1158003891      98770644  
  6065  3.1    4227               1158008118      98773973  
  6066  3.1    8130               1158016248      98773973  
  6067  3.1    9859               1158026107      98773973  
  6068  3.1    9989               1158036096      98773973  
  6069  3.1    10630              1158046726      98773973  
  6070  3.1    10501              1158057227      98773973  
  6071  3.1    10371              1158067598      98773973  
  6072  3.1    12033              1158079631      98773973  
  6073  3.1    4867               1158084498      98780501  
  6074  3.1    9476               1158093974      98780501  
  6075  3.1    11520              1158105494      98780501  
  6076  3.1    7298               1158112792      98780501  
  6077  3.1    12418              1158125210      98780501  
  6078  3.1    12033              1158137243      98780501  
  6079  3.1    4737               1158141980      98787029  
  6080  3.1    10246              1158152226      98787029  
  6081  3.1    11910              1158164136      98787029  
  6082  3.1    10503              1158174639      98787029  
  6083  3.1    8643               1158183282      98787029  
  6084  3.1    8004               1158191286      98787029  
  6085  3.1    8002               1158199288      98787029  
  6086  3.1    11015              1158210303      98787029  
  6087  3.1    11010              1158221313      98787029  
  6088  3.1    7812               1158229125      98787029  
  6089  3.1    10888              1158240013      98787029  
  6090  3.1    8709               1158248722      98787029  
  6091  3.1    4992               1158253714      98791511  
  6092  3.1    9349               1158263063      98791511  
  6093  3.1    8709               1158271772      98791511  
  6094  3.1    3521               1158275293      98796123  
  6095  3.1    6465               1158281758      98796123  
  6096  3.1    6018               1158287776      98796123  
  6097  3.1    8002               1158295778      98796123  
  6098  3.1    7809               1158303587      98796123  
  6099  3.1    8194               1158311781      98796123  
  6100  3.1    9349               1158321130      98796123  
  6101  3.1    9412               1158330542      98796123  
  6102  3.1    10884              1158341426      98796123  
  6103  3.1    10371              1158351797      98796123  
  6104  3.1    10885              1158362682      98796123  
  6105  3.1    11526              1158374208      98796123  
  6106  3.1    0                  1158374208      98807649  
  6107  3.1    8900               1158383108      98807649  
  6108  3.1    8005               1158391113      98807649  
  6109  3.1    9156               1158400269      98807649  
  6110  3.1    5122               1158405391      98811426  
  6111  3.1    10371              1158415762      98811426  
  6112  3.1    9989               1158425751      98811426  
  6113  3.1    6913               1158432664      98811426  
  6114  3.1    9990               1158442654      98811426  
  6115  3.1    4867               1158447521      98815653  
  6116  3.1    10501              1158458022      98815653  
  6117  3.1    8579               1158466601      98815653  
  6118  3.1    6402               1158473003      98820005  
  6119  3.1    10629              1158483632      98820005  
  6120  3.1    10759              1158494391      98820005  
  6121  3.1    9857               1158504248      98820005  
  6122  3.1    4737               1158508985      98824357  
  6123  3.1    10633              1158519618      98824357  
  6124  3.1    5252               1158524870      98828969  
  6125  3.1    6594               1158531464      98828969  
  6126  3.1    6786               1158538250      98828969  
  6127  3.1    5889               1158544139      98828969  
  6128  3.1    6210               1158550349      98828969  
  6129  3.1    3329               1158553678      98831594  
  6130  3.1    4866               1158558544      98831594  
  6131  3.1    6018               1158564562      98831594  
  6132  3.1    8066               1158572628      98831594  
  6133  3.1    8257               1158580885      98831594  
  6134  3.1    6338               1158587223      98831594  
  6135  3.1    8706               1158595929      98831594  
  6136  3.1    8707               1158604636      98831594  
  6137  3.1    3649               1158608285      98836716  
  6138  3.1    8449               1158616734      98836716  
  6139  3.1    7872               1158624606      98836716  
  6140  3.1    10627              1158635233      98836716  
  6141  3.1    9734               1158644967      98836716  
  6142  3.1    12033              1158657000      98836716  
  6143  3.1    11524              1158668524      98836716  
  6144  3.1    13448              1158681972      98836716  
  6145  3.1    11265              1158693237      98836716  
  6146  3.1    14342              1158707579      98836716  
  6147  3.1    13441              1158721020      98836716  
  6148  3.1    14729              1158735749      98836716  
  6149  3.1    13957              1158749706      98836716  
  6150  3.1    14855              1158764561      98836716  
  6151  3.1    12550              1158777111      98836716  
  6152  3.1    12423              1158789534      98836716  
  6153  3.1    15754              1158805288      98836716  
  6154  3.1    7429               1158812717      98844785  
  6155  3.1    15370              1158828087      98844785  
  6156  3.1    12679              1158840766      98844785  
  6157  3.1    11142              1158851908      98844785  
  6158  3.1    0                  1158851908      98855927  
  6159  3.1    5026               1158856934      98855927  
  6160  3.1    4995               1158861929      98855927  
  6161  3.1    6787               1158868716      98855927  
  6162  3.1    7937               1158876653      98855927  
  6163  3.1    10371              1158887024      98855927  
  6164  3.1    11652              1158898676      98855927  
  6165  3.1    14727              1158913403      98855927  
  6166  3.1    4227               1158917630      98863225  
  6167  3.1    11142              1158928772      98863225  
  6168  3.1    11273              1158940045      98863225  
  6169  3.1    12420              1158952465      98863225  
  6170  3.1    12291              1158964756      98863225  
  6171  3.1    9604               1158974360      98863225  
  6172  3.1    9089               1158983449      98863225  
  6173  3.1    13186              1158996635      98863225  
  6174  3.1    5379               1159002014      98869498  
  6175  3.1    13448              1159015462      98869498  
  6176  3.1    12040              1159027502      98869498  
  6177  3.1    12039              1159039541      98869498  
  6178  3.1    5763               1159045304      98875135  
  6179  3.1    9670               1159054974      98875135  
  6180  3.1    12675              1159067649      98875135  
  6181  3.1    12423              1159080072      98875135  
  6182  3.1    14218              1159094290      98875135  
  6183  3.1    7172               1159101462      98882181  
  6184  3.1    11273              1159112735      98882181  
  6185  3.1    5505               1159118240      98886793  
  6186  3.1    8005               1159126245      98886793  
  6187  3.1    8321               1159134566      98886793  
  6188  3.1    10244              1159144810      98886793  
  6189  3.1    9732               1159154542      98886793  
  6190  3.1    8839               1159163381      98886793  
  6191  3.1    8643               1159172024      98886793  
  6192  3.1    10884              1159182908      98886793  
  6193  3.1    10631              1159193539      98886793  
  6194  3.1    6851               1159200390      98886793  
  6195  3.1    12298              1159212688      98886793  
  6196  3.1    11268              1159223956      98886793  
  6197  3.1    11016              1159234972      98886793  
  6198  3.1    4992               1159239964      98892430  
  6199  3.1    7554               1159247518      98892430  
  6200  3.1    13193              1159260711      98892430  
  6201  3.1    13833              1159274544      98892430  
  6202  3.1    12930              1159287474      98892430  
  6203  3.1    14085              1159301559      98892430  
  6204  3.1    12808              1159314367      98892430  
  6205  3.1    5122               1159319489      98899217  
  6206  3.1    10758              1159330247      98899217  
  6207  3.1    5505               1159335752      98904596  
  6208  3.1    11400              1159347152      98904596  
  6209  3.1    11907              1159359059      98904596  
  6210  3.1    8839               1159367898      98904596  
  6211  3.1    6210               1159374108      98904596  
  6212  3.1    12801              1159386909      98904596  
  6213  3.1    10246              1159397155      98904596  
  6214  3.1    16010              1159413165      98904596  
  6215  3.1    7941               1159421106      98912409  
  6216  3.1    14727              1159435833      98912409  
  6217  3.1    15882              1159451715      98912409  
  6218  3.1    7429               1159459144      98920222  
  6219  3.1    14985              1159474129      98920222  
  6220  3.1    5252               1159479381      98927394  
  6221  3.1    10497              1159489878      98927394  
  6222  3.1    6401               1159496279      98927394  
  6223  3.1    5826               1159502105      98927394  
  6224  3.1    7938               1159510043      98927394  
  6225  3.1    7170               1159517213      98927394  
  6226  3.1    12166              1159529379      98927394  
  6227  3.1    11462              1159540841      98927394  
  6228  3.1    5889               1159546730      98931427  
  6229  3.1    10631              1159557361      98931427  
  6230  3.1    6338               1159563699      98931427  
  6231  3.1    6019               1159569718      98931427  
  6232  3.1    9479               1159579197      98931427  
  6233  3.1    9476               1159588673      98931427  
  6234  3.1    3138               1159591811      98931427  
  6235  3.1    0                  1159591811      98934565  
  6236  3.1    0                  1159591811      98934565  
  6237  3.1    0                  1159591811      98934565  
  6238  3.1    285                1159592096      98934565  
  6239  3.1    0                  1159592096      98934565  
  6240  3.1    0                  1159592096      98934565  
  6241  3.1    0                  1159592096      98934565  
  6242  3.1    285                1159592381      98934565  
  6243  3.1    0                  1159592381      98934565  
  6244  3.1    285                1159592666      98934565  
  6245  3.1    0                  1159592666      98934565  
  6246  3.1    0                  1159592666      98934565  
  6247  3.1    0                  1159592666      98934565  
  6248  3.1    269                1159592935      98934565  
  6249  3.1    0                  1159592935      98934565  
  6250  3.1    0                  1159592935      98934565  
  6251  3.1    0                  1159592935      98934565  
  6252  3.1    269                1159593204      98934565  
  6253  3.1    3939               1159597143      98934565  
  6254  3.1    0                  1159597143      98937127  
  6255  3.1    4577               1159601720      98937127  
  6256  3.1    3072               1159604792      98937127  
  6257  3.1    2241               1159607033      98937127  
  6258  3.1    0                  1159607033      98939368  
  6259  3.1    253                1159607286      98939368  
  6260  3.1    3970               1159611256      98939368  
  6261  3.1    253                1159611509      98939368  
  6262  3.1    0                  1159611509      98939368  
  6263  3.1    0                  1159611509      98939368  
  6264  3.1    269                1159611778      98939368  
  6265  3.1    0                  1159611778      98939368  
  6266  3.1    0                  1159611778      98939368  
  6267  3.1    0                  1159611778      98939368  
  6268  3.1    0                  1159611778      98939368  
  6269  3.1    0                  1159611778      98939368  
  6270  3.1    0                  1159611778      98939368  
  6271  3.1    0                  1159611778      98939368  
  6272  3.1    0                  1159611778      98939368  
  6273  3.1    0                  1159611778      98939368  
  6274  3.1    0                  1159611778      98939368  
  6275  3.1    0                  1159611778      98939368  
  6276  3.1    0                  1159611778      98939368  
  6277  3.1    0                  1159611778      98939368  
  6278  3.1    0                  1159611778      98939368  
  6279  3.1    0                  1159611778      98939368  
  6280  3.1    0                  1159611778      98939368  
  6281  3.1    0                  1159611778      98939368  
  6282  3.1    0                  1159611778      98939368  
  6283  3.1    0                  1159611778      98939368  
  6284  3.1    0                  1159611778      98939368  
  6285  3.1    0                  1159611778      98939368  
  6286  3.1    0                  1159611778      98939368  
  6287  3.1    0                  1159611778      98939368  
  6288  3.1    0                  1159611778      98939368  
  6289  3.1    0                  1159611778      98939368  
  6290  3.1    0                  1159611778      98939368  
  6291  3.1    928                1159612706      98939368  
  6292  3.1    0                  1159612706      98939368  
  6293  3.1    0                  1159612706      98939368  
  6294  3.1    0                  1159612706      98939368  
  6295  3.1    0                  1159612706      98939368  
  6296  3.1    0                  1159612706      98939368  
  6297  3.1    0                  1159612706      98939368  
  6298  3.1    0                  1159612706      98939368  
  6299  3.1    0                  1159612706      98939368  
  6300  3.1    0                  1159612706      98939368  
  6301  3.1    0                  1159612706      98939368  
  6302  3.1    0                  1159612706      98939368  
  6303  3.1    0                  1159612706      98939368  
  6304  3.1    0                  1159612706      98939368  
  6305  3.1    0                  1159612706      98939368  
  6306  3.1    0                  1159612706      98939368  
  6307  3.1    0                  1159612706      98939368  
  6308  3.1    0                  1159612706      98939368  
  6309  3.1    0                  1159612706      98939368  
  6310  3.1    0                  1159612706      98939368  
  6311  3.1    0                  1159612706      98939368  
  6312  3.1    0                  1159612706      98939368  
  6313  3.1    0                  1159612706      98939368  
  6314  3.1    960                1159613666      98939368  
  6315  3.1    0                  1159613666      98939368  
  6316  3.1    0                  1159613666      98939368  
  6317  3.1    0                  1159613666      98939368  
  6318  3.1    0                  1159613666      98939368  
  6319  3.1    0                  1159613666      98939368  
  6320  3.1    0                  1159613666      98939368  
  6321  3.1    0                  1159613666      98939368  
  6322  3.1    0                  1159613666      98939368  
  6323  3.1    0                  1159613666      98939368  
  6324  3.1    0                  1159613666      98939368  
  6325  3.1    0                  1159613666      98939368  
  6326  3.1    0                  1159613666      98939368  
  6327  3.1    0                  1159613666      98939368  
  6328  3.1    0                  1159613666      98939368  
  6329  3.1    0                  1159613666      98939368  
  6330  3.1    0                  1159613666      98939368  
  6331  3.1    0                  1159613666      98939368  
  6332  3.1    0                  1159613666      98939368  
  6333  3.1    0                  1159613666      98939368  
  6334  3.1    0                  1159613666      98939368  
  6335  3.1    0                  1159613666      98939368  
  6336  3.1    0                  1159613666      98939368  
  6337  3.1    832                1159614498      98939368  
  6338  3.1    0                  1159614498      98939368  
  6339  3.1    0                  1159614498      98939368  
  6340  3.1    0                  1159614498      98939368  
  6341  3.1    0                  1159614498      98939368  
  6342  3.1    0                  1159614498      98939368  
  6343  3.1    0                  1159614498      98939368  
  6344  3.1    0                  1159614498      98939368  
  6345  3.1    0                  1159614498      98939368  
  6346  3.1    0                  1159614498      98939368  
  6347  3.1    0                  1159614498      98939368  
  6348  3.1    0                  1159614498      98939368  
  6349  3.1    0                  1159614498      98939368  
  6350  3.1    0                  1159614498      98939368  
  6351  3.1    0                  1159614498      98939368  
  6352  3.1    0                  1159614498      98939368  
  6353  3.1    0                  1159614498      98939368  
  6354  3.1    0                  1159614498      98939368  
  6355  3.1    0                  1159614498      98939368  
  6356  3.1    0                  1159614498      98939368  
  6357  3.1    0                  1159614498      98939368  
  6358  3.1    0                  1159614498      98939368  
  6359  3.1    0                  1159614498      98939368  
  6360  3.1    0                  1159614498      98939368  
  6361  3.1    0                  1159614498      98939368  
  6362  3.1    0                  1159614498      98939368  
  6363  3.1    0                  1159614498      98939368  
  6364  3.1    0                  1159614498      98939368  
  6365  3.1    0                  1159614498      98939368  
  6366  3.1    0                  1159614498      98939368  
  6367  3.1    0                  1159614498      98939368  
  6368  3.1    0                  1159614498      98939368  
  6369  3.1    253                1159614751      98939368  
  6370  3.1    0                  1159614751      98939368  
  6371  3.1    0                  1159614751      98939368  
  6372  3.1    0                  1159614751      98939368  
  6373  3.1    0                  1159614751      98939368  
  6374  3.1    0                  1159614751      98939368  
  6375  3.1    0                  1159614751      98939368  
  6376  3.1    0                  1159614751      98939368  
  6377  3.1    0                  1159614751      98939368  
  6378  3.1    0                  1159614751      98939368  
  6379  3.1    0                  1159614751      98939368  
  6380  3.1    0                  1159614751      98939368  
  6381  3.1    0                  1159614751      98939368  
  6382  3.1    0                  1159614751      98939368  
  6383  3.1    0                  1159614751      98939368  
  6384  3.1    0                  1159614751      98939368  
  6385  3.1    0                  1159614751      98939368  
  6386  3.1    0                  1159614751      98939368  
  6387  3.1    0                  1159614751      98939368  
  6388  3.1    0                  1159614751      98939368  
  6389  3.1    0                  1159614751      98939368  
  6390  3.1    253                1159615004      98939368  
  6391  3.1    0                  1159615004      98939368  
  6392  3.1    0                  1159615004      98939368  
  6393  3.1    269                1159615273      98939368  
  6394  3.1    0                  1159615273      98939368  
  6395  3.1    0                  1159615273      98939368  
  6396  3.1    0                  1159615273      98939368  
  6397  3.1    0                  1159615273      98939368  
  6398  3.1    269                1159615542      98939368  
  6399  3.1    0                  1159615542      98939368  
  6400  3.1    0                  1159615542      98939368  
  6401  3.1    0                  1159615542      98939368  
  6402  3.1    0                  1159615542      98939368  
  6403  3.1    0                  1159615542      98939368  
  6404  3.1    0                  1159615542      98939368  
  6405  3.1    0                  1159615542      98939368  
=======================================================================

