07 10 12 59 02 10 00 68 00 68 00 81 b8 38 ab 01 79 8e f4 0f 01 01 00 03 00 00 00 00 01 00 00 00 00 05 37 3c 00 00 00 00 00 d8 13 02 00 00 00 00 00 83 2c 01 00 00 00 00 00 c2 1b 01 00 00 00 00 00 52 0c 01 00 00 00 00 00 1c 00 00 00 1e 12 00 00 8c 00 00 00 74 06 00 00 8b 3d 00 00 f4 08 00 00 03 00 00 00 a7 12 00 00 00 00 00 00 fa 00 00 00
07 10 12 59 02 10 00 68 00 68 00 81 b8 ff bf 05 79 8e f4 0f 01 01 00 03 00 00 00 00 01 00 00 00 00 05 37 3c 00 00 00 00 00 d8 13 02 00 00 00 00 00 83 2c 01 00 00 00 00 00 c2 1b 01 00 00 00 00 00 52 0c 01 00 00 00 00 00 1c 00 00 00 1e 12 00 00 8c 00 00 00 75 06 00 00 90 3d 00 00 f4 08 00 00 03 00 00 00 a7 12 00 00 00 00 00 00 fa 00 00 00
07 10 12 59 02 10 00 68 00 68 00 81 b8 d4 bf 09 79 8e f4 0f 01 01 00 03 00 00 00 00 01 00 00 00 00 05 37 3c 00 00 00 00 00 d8 13 02 00 00 00 00 00 83 2c 01 00 00 00 00 00 c2 1b 01 00 00 00 00 00 52 0c 01 00 00 00 00 00 1c 00 00 00 1e 12 00 00 8c 00 00 00 75 06 00 00 90 3d 00 00 f4 08 00 00 03 00 00 00 a7 12 00 00 00 00 00 00 fa 00 00 00
07 10 12 59 02 10 00 68 00 68 00 81 b8 1e 79 0b 79 8e f4 0f 01 01 00 03 00 00 00 00 01 00 00 00 00 05 37 3c 00 00 00 00 00 d8 13 02 00 00 00 00 00 83 2c 01 00 00 00 00 00 c2 1b 01 00 00 00 00 00 52 0c 01 00 00 00 00 00 1c 00 00 00 1e 12 00 00 8c 00 00 00 75 06 00 00 90 3d 00 00 f4 08 00 00 03 00 00 00 a7 12 00 00 00 00 00 00 fa 00 00 00
07 10 12 59 02 10 00 68 00 68 00 81 b8 0d 4b 84 79 8e f4 0f 01 01 00 03 00 00 00 00 01 00 00 00 00 05 37 3c 00 00 00 00 00 d8 13 02 00 00 00 00 00 83 2c 01 00 00 00 00 00 c2 1b 01 00 00 00 00 00 52 0c 01 00 00 00 00 00 1c 00 00 00 1e 12 00 00 8c 00 00 00 75 06 00 00 90 3d 00 00 f4 08 00 00 03 00 00 00 a7 12 00 00 00 00 00 00 fa 00 00 00
07 10 12 59 02 10 00 68 00 68 00 81 b8 01 39 88 79 8e f4 0f 01 01 00 03 00 00 00 00 01 00 00 00 00 05 37 3c 00 00 00 00 00 d8 13 02 00 00 00 00 00 83 2c 01 00 00 00 00 00 c2 1b 01 00 00 00 00 00 52 0c 01 00 00 00 00 00 1c 00 00 00 1e 12 00 00 8c 00 00 00 76 06 00 00 97 3d 00 00 f4 08 00 00 03 00 00 00 a7 12 00 00 00 00 00 00 fa 00 00 00
07 10 12 59 02 10 00 68 00 68 00 81 b8 b1 78 8b 79 8e f4 0f 01 01 00 03 00 00 00 00 01 00 00 00 00 05 37 3c 00 00 00 00 00 d8 13 02 00 00 00 00 00 83 2c 01 00 00 00 00 00 c2 1b 01 00 00 00 00 00 52 0c 01 00 00 00 00 00 1c 00 00 00 1e 12 00 00 8c 00 00 00 76 06 00 00 97 3d 00 00 f4 08 00 00 03 00 00 00 a7 12 00 00 00 00 00 00 fa 00 00 00
07 10 12 59 02 10 00 68 00 68 00 81 b8 b1 9a 8e 79 8e f4 0f 01 01 00 03 00 00 00 00 01 00 00 00 00 05 37 3c 00 00 00 00 00 d8 13 02 00 00 00 00 00 83 2c 01 00 00 00 00 00 c2 1b 01 00 00 00 00 00 52 0c 01 00 00 00 00 00 1c 00 00 00 1e 12 00 00 8c 00 00 00 76 06 00 00 97 3d 00 00 f4 08 00 00 03 00 00 00 a7 12 00 00 00 00 00 00 fa 00 00 00
07 10 12 59 02 10 00 68 00 68 00 81 b8 80 99 92 79 8e f4 0f 01 01 00 03 00 00 00 00 01 00 00 00 00 05 37 3c 00 00 00 00 00 d8 13 02 00 00 00 00 00 83 2c 01 00 00 00 00 00 c2 1b 01 00 00 00 00 00 52 0c 01 00 00 00 00 00 1c 00 00 00 1e 12 00 00 8c 00 00 00 76 06 00 00 97 3d 00 00 f4 08 00 00 03 00 00 00 a7 12 00 00 00 00 00 00 fa 00 00 00
07 10 12 59 02 10 00 68 00 68 00 81 b8 18 26 05 7a 8e f4 0f 01 01 00 03 00 00 00 00 01 00 00 00 00 05 37 3c 00 00 00 00 00 d8 13 02 00 00 00 00 00 83 2c 01 00 00 00 00 00 c2 1b 01 00 00 00 00 00 52 0c 01 00 00 00 00 00 1c 00 00 00 1e 12 00 00 8c 00 00 00 77 06 00 00 9c 3d 00 00 f4 08 00 00 03 00 00 00 a7 12 00 00 00 00 00 00 fa 00 00 00
07 10 12 59 02 10 00 68 00 68 00 81 b8 90 25 09 7a 8e f4 0f 01 01 00 03 00 00 00 00 01 00 00 00 00 05 37 3c 00 00 00 00 00 d8 13 02 00 00 00 00 00 83 2c 01 00 00 00 00 00 c2 1b 01 00 00 00 00 00 52 0c 01 00 00 00 00 00 1c 00 00 00 1e 12 00 00 8c 00 00 00 77 06 00 00 9c 3d 00 00 f4 08 00 00 03 00 00 00 a7 12 00 00 00 00 00 00 fa 00 00 00
07 10 12 59 02 10 00 68 00 68 00 81 b8 d6 77 0b 7a 8e f4 0f 01 01 00 03 00 00 00 00 01 00 00 00 00 05 37 3c 00 00 00 00 00 d8 13 02 00 00 00 00 00 83 2c 01 00 00 00 00 00 c2 1b 01 00 00 00 00 00 52 0c 01 00 00 00 00 00 1c 00 00 00 1e 12 00 00 8c 00 00 00 77 06 00 00 9c 3d 00 00 f4 08 00 00 03 00 00 00 a7 12 00 00 00 00 00 00 fa 00 00 00
07 10 12 59 02 10 00 68 00 68 00 81 b8 92 98 0e 7a 8e f4 0f 01 01 00 03 00 00 00 00 01 00 00 00 00 05 37 3c 00 00 00 00 00 d8 13 02 00 00 00 00 00 83 2c 01 00 00 00 00 00 c2 1b 01 00 00 00 00 00 52 0c 01 00 00 00 00 00 1c 00 00 00 1e 12 00 00 8c 00 00 00 77 06 00 00 9c 3d 00 00 f4 08 00 00 03 00 00 00 a7 12 00 00 00 00 00 00 fa 00 00 00
07 10 12 59 02 10 00 68 00 68 00 81 b8 ad 85 12 7a 8e f4 0f 01 01 00 03 00 00 00 00 01 00 00 00 00 05 37 3c 00 00 00 00 00 d8 13 02 00 00 00 00 00 83 2c 01 00 00 00 00 00 c2 1b 01 00 00 00 00 00 52 0c 01 00 00 00 00 00 1c 00 00 00 1e 12 00 00 8c 00 00 00 77 06 00 00 9c 3d 00 00 f4 08 00 00 03 00 00 00 a7 12 00 00 00 00 00 00 fa 00 00 00
07 10 12 59 02 10 00 68 00 68 00 81 b8 e9 81 87 7a 8e f4 0f 01 01 00 03 00 00 00 00 01 00 00 00 00 11 37 3c 00 00 00 00 00 d8 13 02 00 00 00 00 00 83 2c 01 00 00 00 00 00 c5 1b 01 00 00 00 00 00 52 0c 01 00 00 00 00 00 1c 00 00 00 1f 12 00 00 8c 00 00 00 78 06 00 00 a3 3d 00 00 f4 08 00 00 03 00 00 00 a8 12 00 00 00 00 00 00 fa 00 00 00
07 10 12 59 02 10 00 68 00 68 00 81 b8 a1 79 8b 7a 8e f4 0f 01 01 00 03 00 00 00 00 01 00 00 00 00 11 37 3c 00 00 00 00 00 d8 13 02 00 00 00 00 00 83 2c 01 00 00 00 00 00 c5 1b 01 00 00 00 00 00 70 0c 01 00 00 00 00 00 1c 00 00 00 1f 12 00 00 8c 00 00 00 78 06 00 00 a3 3d 00 00 f5 08 00 00 03 00 00 00 a8 12 00 00 00 00 00 00 fa 00 00 00
07 10 12 59 02 10 00 68 00 68 00 81 b8 67 74 8f 7a 8e f4 0f 01 01 00 03 00 00 00 00 01 00 00 00 00 9e 37 3c 00 00 00 00 00 d8 13 02 00 00 00 00 00 8c 2c 01 00 00 00 00 00 c8 1b 01 00 00 00 00 00 70 0c 01 00 00 00 00 00 1c 00 00 00 20 12 00 00 8c 00 00 00 78 06 00 00 a3 3d 00 00 f5 08 00 00 03 00 00 00 a9 12 00 00 00 00 00 00 fa 00 00 00
07 10 12 59 02 10 00 34 00 34 00 87 b8 b9 bf 91 7a 8e f4 0f 01 06 00 03 00 00 00 00 01 01 01 72 02 01 00 00 00 01 72 06 18 f6 81 b3 26 80 03 80 0c 01 70 00 21 03 00 61 00 18 ee 02 1c
07 10 12 59 02 10 00 68 00 68 00 81 b8 22 82 93 7a 8e f4 0f 01 01 00 03 00 00 00 00 01 00 00 00 00 2b 38 3c 00 00 00 00 00 d8 13 02 00 00 00 00 00 95 2c 01 00 00 00 00 00 cb 1b 01 00 00 00 00 00 70 0c 01 00 00 00 00 00 1c 00 00 00 21 12 00 00 8c 00 00 00 78 06 00 00 a3 3d 00 00 f5 08 00 00 03 00 00 00 aa 12 00 00 00 00 00 00 fa 00 00 00
07 10 12 59 02 10 00 68 00 68 00 81 b8 43 75 97 7a 8e f4 0f 01 01 00 03 00 00 00 00 01 00 00 00 00 2b 38 3c 00 00 00 00 00 d8 13 02 00 00 00 00 00 95 2c 01 00 00 00 00 00 cb 1b 01 00 00 00 00 00 70 0c 01 00 00 00 00 00 1c 00 00 00 21 12 00 00 8c 00 00 00 78 06 00 00 a3 3d 00 00 f5 08 00 00 03 00 00 00 aa 12 00 00 00 00 00 00 fa 00 00 00
07 10 12 59 02 10 00 68 00 68 00 81 b8 ca 79 9b 7a 8e f4 0f 01 01 00 03 00 00 00 00 01 00 00 00 00 2b 38 3c 00 00 00 00 00 d8 13 02 00 00 00 00 00 95 2c 01 00 00 00 00 00 cb 1b 01 00 00 00 00 00 70 0c 01 00 00 00 00 00 1c 00 00 00 21 12 00 00 8c 00 00 00 78 06 00 00 a3 3d 00 00 f5 08 00 00 03 00 00 00 aa 12 00 00 00 00 00 00 fa 00 00 00
07 10 12 59 02 10 00 68 00 68 00 81 b8 7e 74 9f 7a 8e f4 0f 01 01 00 03 00 00 00 00 01 00 00 00 00 2b 38 3c 00 00 00 00 00 d8 13 02 00 00 00 00 00 95 2c 01 00 00 00 00 00 cb 1b 01 00 00 00 00 00 70 0c 01 00 00 00 00 00 1c 00 00 00 21 12 00 00 8c 00 00 00 78 06 00 00 a3 3d 00 00 f5 08 00 00 03 00 00 00 aa 12 00 00 00 00 00 00 fa 00 00 00
07 10 12 59 02 10 00 68 00 68 00 81 b8 7a 77 a3 7a 8e f4 0f 01 01 00 03 00 00 00 00 01 00 00 00 00 2b 38 3c 00 00 00 00 00 d8 13 02 00 00 00 00 00 95 2c 01 00 00 00 00 00 cb 1b 01 00 00 00 00 00 70 0c 01 00 00 00 00 00 1c 00 00 00 21 12 00 00 8c 00 00 00 78 06 00 00 a3 3d 00 00 f5 08 00 00 03 00 00 00 aa 12 00 00 00 00 00 00 fa 00 00 00
07 10 12 59 02 10 00 68 00 68 00 81 b8 9b 75 a7 7a 8e f4 0f 01 01 00 03 00 00 00 00 01 00 00 00 00 2b 38 3c 00 00 00 00 00 d8 13 02 00 00 00 00 00 95 2c 01 00 00 00 00 00 cb 1b 01 00 00 00 00 00 70 0c 01 00 00 00 00 00 1c 00 00 00 21 12 00 00 8c 00 00 00 78 06 00 00 a3 3d 00 00 f5 08 00 00 03 00 00 00 aa 12 00 00 00 00 00 00 fa 00 00 00
07 10 12 59 02 10 00 68 00 68 00 81 b8 6c 79 ab 7a 8e f4 0f 01 01 00 03 00 00 00 00 01 00 00 00 00 2b 38 3c 00 00 00 00 00 d8 13 02 00 00 00 00 00 95 2c 01 00 00 00 00 00 cb 1b 01 00 00 00 00 00 70 0c 01 00 00 00 00 00 1c 00 00 00 21 12 00 00 8c 00 00 00 78 06 00 00 a3 3d 00 00 f5 08 00 00 03 00 00 00 aa 12 00 00 00 00 00 00 fa 00 00 00
07 10 12 59 02 10 00 68 00 68 00 81 b8 c2 75 af 7a 8e f4 0f 01 01 00 03 00 00 00 00 01 00 00 00 00 2b 38 3c 00 00 00 00 00 d8 13 02 00 00 00 00 00 95 2c 01 00 00 00 00 00 cb 1b 01 00 00 00 00 00 70 0c 01 00 00 00 00 00 1c 00 00 00 21 12 00 00 8c 00 00 00 78 06 00 00 a3 3d 00 00 f5 08 00 00 03 00 00 00 aa 12 00 00 00 00 00 00 fa 00 00 00
07 10 12 59 02 10 00 68 00 68 00 81 b8 41 78 b3 7a 8e f4 0f 01 01 00 03 00 00 00 00 01 00 00 00 00 2b 38 3c 00 00 00 00 00 d8 13 02 00 00 00 00 00 95 2c 01 00 00 00 00 00 cb 1b 01 00 00 00 00 00 70 0c 01 00 00 00 00 00 1c 00 00 00 21 12 00 00 8c 00 00 00 78 06 00 00 a3 3d 00 00 f5 08 00 00 03 00 00 00 aa 12 00 00 00 00 00 00 fa 00 00 00
07 10 12 59 02 10 00 68 00 68 00 81 b8 0d 75 b7 7a 8e f4 0f 01 01 00 03 00 00 00 00 01 00 00 00 00 2b 38 3c 00 00 00 00 00 d8 13 02 00 00 00 00 00 95 2c 01 00 00 00 00 00 cb 1b 01 00 00 00 00 00 70 0c 01 00 00 00 00 00 1c 00 00 00 21 12 00 00 8c 00 00 00 78 06 00 00 a3 3d 00 00 f5 08 00 00 03 00 00 00 aa 12 00 00 00 00 00 00 fa 00 00 00
07 10 12 59 02 10 00 68 00 68 00 81 b8 de 79 bb 7a 8e f4 0f 01 01 00 03 00 00 00 00 01 00 00 00 00 2b 38 3c 00 00 00 00 00 d8 13 02 00 00 00 00 00 95 2c 01 00 00 00 00 00 cb 1b 01 00 00 00 00 00 70 0c 01 00 00 00 00 00 1c 00 00 00 21 12 00 00 8c 00 00 00 78 06 00 00 a3 3d 00 00 f5 08 00 00 03 00 00 00 aa 12 00 00 00 00 00 00 fa 00 00 00
07 10 12 59 02 10 00 68 00 68 00 81 b8 9b 75 bf 7a 8e f4 0f 01 01 00 03 00 00 00 00 01 00 00 00 00 2b 38 3c 00 00 00 00 00 d8 13 02 00 00 00 00 00 95 2c 01 00 00 00 00 00 cb 1b 01 00 00 00 00 00 70 0c 01 00 00 00 00 00 1c 00 00 00 21 12 00 00 8c 00 00 00 78 06 00 00 a3 3d 00 00 f5 08 00 00 03 00 00 00 aa 12 00 00 00 00 00 00 fa 00 00 00
07 10 12 59 02 10 00 68 00 68 00 81 b8 78 78 c3 7a 8e f4 0f 01 01 00 03 00 00 00 00 01 00 00 00 00 2b 38 3c 00 00 00 00 00 d8 13 02 00 00 00 00 00 95 2c 01 00 00 00 00 00 cb 1b 01 00 00 00 00 00 70 0c 01 00 00 00 00 00 1c 00 00 00 21 12 00 00 8c 00 00 00 78 06 00 00 a3 3d 00 00 f5 08 00 00 03 00 00 00 aa 12 00 00 00 00 00 00 fa 00 00 00
07 10 12 59 02 10 00 68 00 68 00 81 b8 5b 77 c7 7a 8e f4 0f 01 01 00 03 00 00 00 00 01 00 00 00 00 2b 38 3c 00 00 00 00 00 d8 13 02 00 00 00 00 00 95 2c 01 00 00 00 00 00 cb 1b 01 00 00 00 00 00 70 0c 01 00 00 00 00 00 1c 00 00 00 21 12 00 00 8c 00 00 00 78 06 00 00 a3 3d 00 00 f5 08 00 00 03 00 00 00 aa 12 00 00 00 00 00 00 fa 00 00 00
07 10 12 59 02 10 00 68 00 68 00 81 b8 6c 79 cb 7a 8e f4 0f 01 01 00 03 00 00 00 00 01 00 00 00 00 2b 38 3c 00 00 00 00 00 d8 13 02 00 00 00 00 00 95 2c 01 00 00 00 00 00 cb 1b 01 00 00 00 00 00 70 0c 01 00 00 00 00 00 1c 00 00 00 21 12 00 00 8c 00 00 00 78 06 00 00 a3 3d 00 00 f5 08 00 00 03 00 00 00 aa 12 00 00 00 00 00 00 fa 00 00 00
07 10 12 59 02 10 00 68 00 68 00 81 b8 6e 76 cf 7a 8e f4 0f 01 01 00 03 00 00 00 00 01 00 00 00 00 2b 38 3c 00 00 00 00 00 d8 13 02 00 00 00 00 00 95 2c 01 00 00 00 00 00 cb 1b 01 00 00 00 00 00 70 0c 01 00 00 00 00 00 1c 00 00 00 21 12 00 00 8c 00 00 00 78 06 00 00 a3 3d 00 00 f5 08 00 00 03 00 00 00 aa 12 00 00 00 00 00 00 fa 00 00 00
07 10 12 59 02 10 00 68 00 68 00 81 b8 9f 7a d3 7a 8e f4 0f 01 01 00 03 00 00 00 00 01 00 00 00 00 2b 38 3c 00 00 00 00 00 d8 13 02 00 00 00 00 00 95 2c 01 00 00 00 00 00 cb 1b 01 00 00 00 00 00 70 0c 01 00 00 00 00 00 1c 00 00 00 21 12 00 00 8c 00 00 00 78 06 00 00 a3 3d 00 00 f5 08 00 00 03 00 00 00 aa 12 00 00 00 00 00 00 fa 00 00 00
07 10 12 59 02 10 00 68 00 68 00 81 b8 ef 75 d7 7a 8e f4 0f 01 01 00 03 00 00 00 00 01 00 00 00 00 2b 38 3c 00 00 00 00 00 d8 13 02 00 00 00 00 00 95 2c 01 00 00 00 00 00 cb 1b 01 00 00 00 00 00 70 0c 01 00 00 00 00 00 1c 00 00 00 21 12 00 00 8c 00 00 00 78 06 00 00 a3 3d 00 00 f5 08 00 00 03 00 00 00 aa 12 00 00 00 00 00 00 fa 00 00 00
07 10 12 59 02 10 00 68 00 68 00 81 b8 b1 78 db 7a 8e f4 0f 01 01 00 03 00 00 00 00 01 00 00 00 00 2b 38 3c 00 00 00 00 00 d8 13 02 00 00 00 00 00 95 2c 01 00 00 00 00 00 cb 1b 01 00 00 00 00 00 70 0c 01 00 00 00 00 00 1c 00 00 00 21 12 00 00 8c 00 00 00 78 06 00 00 a3 3d 00 00 f5 08 00 00 03 00 00 00 aa 12 00 00 00 00 00 00 fa 00 00 00
07 10 12 59 02 10 00 68 00 68 00 81 b8 2e 77 df 7a 8e f4 0f 01 01 00 03 00 00 00 00 01 00 00 00 00 2b 38 3c 00 00 00 00 00 d8 13 02 00 00 00 00 00 95 2c 01 00 00 00 00 00 cb 1b 01 00 00 00 00 00 70 0c 01 00 00 00 00 00 1c 00 00 00 21 12 00 00 8c 00 00 00 78 06 00 00 a3 3d 00 00 f5 08 00 00 03 00 00 00 aa 12 00 00 00 00 00 00 fa 00 00 00
07 10 12 59 02 10 00 68 00 68 00 81 b8 16 78 e3 7a 8e f4 0f 01 01 00 03 00 00 00 00 01 00 00 00 00 2b 38 3c 00 00 00 00 00 d8 13 02 00 00 00 00 00 95 2c 01 00 00 00 00 00 cb 1b 01 00 00 00 00 00 70 0c 01 00 00 00 00 00 1c 00 00 00 21 12 00 00 8c 00 00 00 78 06 00 00 a3 3d 00 00 f5 08 00 00 03 00 00 00 aa 12 00 00 00 00 00 00 fa 00 00 00
07 10 12 59 03 10 00 68 00 68 00 81 b8 ef 48 04 7b 8e f4 0f 01 01 00 03 00 00 00 00 01 00 00 00 00 2b 38 3c 00 00 00 00 00 d8 13 02 00 00 00 00 00 95 2c 01 00 00 00 00 00 cb 1b 01 00 00 00 00 00 70 0c 01 00 00 00 00 00 1c 00 00 00 21 12 00 00 8c 00 00 00 78 06 00 00 a3 3d 00 00 f5 08 00 00 03 00 00 00 aa 12 00 00 00 00 00 00 fa 00 00 00
07 10 12 59 03 10 00 68 00 68 00 81 b8 f3 3c 08 7b 8e f4 0f 01 01 00 03 00 00 00 00 01 00 00 00 00 2b 38 3c 00 00 00 00 00 d8 13 02 00 00 00 00 00 95 2c 01 00 00 00 00 00 cb 1b 01 00 00 00 00 00 70 0c 01 00 00 00 00 00 1c 00 00 00 21 12 00 00 8c 00 00 00 79 06 00 00 ad 3d 00 00 f5 08 00 00 03 00 00 00 aa 12 00 00 00 00 00 00 fa 00 00 00
07 10 12 59 03 10 00 68 00 68 00 81 b8 49 78 0b 7b 8e f4 0f 01 01 00 03 00 00 00 00 01 00 00 00 00 2b 38 3c 00 00 00 00 00 d8 13 02 00 00 00 00 00 95 2c 01 00 00 00 00 00 cb 1b 01 00 00 00 00 00 70 0c 01 00 00 00 00 00 1c 00 00 00 21 12 00 00 8c 00 00 00 79 06 00 00 ad 3d 00 00 f5 08 00 00 03 00 00 00 aa 12 00 00 00 00 00 00 fa 00 00 00
07 10 12 59 03 10 00 68 00 68 00 81 b8 f5 4a 84 7b 8e f4 0f 01 01 00 03 00 00 00 00 01 00 00 00 00 2b 38 3c 00 00 00 00 00 d8 13 02 00 00 00 00 00 95 2c 01 00 00 00 00 00 cb 1b 01 00 00 00 00 00 70 0c 01 00 00 00 00 00 1c 00 00 00 21 12 00 00 8c 00 00 00 79 06 00 00 ad 3d 00 00 f5 08 00 00 03 00 00 00 aa 12 00 00 00 00 00 00 fa 00 00 00
07 10 12 59 03 10 00 68 00 68 00 81 b8 bb 38 88 7b 8e f4 0f 01 01 00 03 00 00 00 00 01 00 00 00 00 2b 38 3c 00 00 00 00 00 d8 13 02 00 00 00 00 00 95 2c 01 00 00 00 00 00 cb 1b 01 00 00 00 00 00 70 0c 01 00 00 00 00 00 1c 00 00 00 21 12 00 00 8c 00 00 00 79 06 00 00 b2 3d 00 00 f5 08 00 00 03 00 00 00 aa 12 00 00 00 00 00 00 fa 00 00 00
07 10 12 59 03 10 00 68 00 68 00 81 b8 f1 76 8b 7b 8e f4 0f 01 01 00 03 00 00 00 00 01 00 00 00 00 2b 38 3c 00 00 00 00 00 d8 13 02 00 00 00 00 00 95 2c 01 00 00 00 00 00 cb 1b 01 00 00 00 00 00 70 0c 01 00 00 00 00 00 1c 00 00 00 21 12 00 00 8c 00 00 00 79 06 00 00 b2 3d 00 00 f5 08 00 00 03 00 00 00 aa 12 00 00 00 00 00 00 fa 00 00 00
07 10 12 59 03 10 00 68 00 68 00 81 b8 a7 49 04 7c 8e f4 0f 01 01 00 03 00 00 00 00 01 00 00 00 00 2b 38 3c 00 00 00 00 00 d8 13 02 00 00 00 00 00 95 2c 01 00 00 00 00 00 cb 1b 01 00 00 00 00 00 70 0c 01 00 00 00 00 00 1c 00 00 00 21 12 00 00 8c 00 00 00 79 06 00 00 b2 3d 00 00 f5 08 00 00 03 00 00 00 aa 12 00 00 00 00 00 00 fa 00 00 00
07 10 12 59 03 10 00 68 00 68 00 81 b8 4d 3a 08 7c 8e f4 0f 01 01 00 03 00 00 00 00 01 00 00 00 00 2b 38 3c 00 00 00 00 00 d8 13 02 00 00 00 00 00 95 2c 01 00 00 00 00 00 cb 1b 01 00 00 00 00 00 70 0c 01 00 00 00 00 00 1c 00 00 00 21 12 00 00 8c 00 00 00 7a 06 00 00 b7 3d 00 00 f5 08 00 00 03 00 00 00 aa 12 00 00 00 00 00 00 fa 00 00 00
07 10 12 59 03 10 00 68 00 68 00 81 b8 0f 77 0b 7c 8e f4 0f 01 01 00 03 00 00 00 00 01 00 00 00 00 2b 38 3c 00 00 00 00 00 d8 13 02 00 00 00 00 00 95 2c 01 00 00 00 00 00 cb 1b 01 00 00 00 00 00 70 0c 01 00 00 00 00 00 1c 00 00 00 21 12 00 00 8c 00 00 00 7a 06 00 00 b7 3d 00 00 f5 08 00 00 03 00 00 00 aa 12 00 00 00 00 00 00 fa 00 00 00
07 10 12 59 03 10 00 68 00 68 00 81 b8 5f 97 0e 7c 8e f4 0f 01 01 00 03 00 00 00 00 01 00 00 00 00 2b 38 3c 00 00 00 00 00 d8 13 02 00 00 00 00 00 95 2c 01 00 00 00 00 00 cb 1b 01 00 00 00 00 00 70 0c 01 00 00 00 00 00 1c 00 00 00 21 12 00 00 8c 00 00 00 7a 06 00 00 b7 3d 00 00 f5 08 00 00 03 00 00 00 aa 12 00 00 00 00 00 00 fa 00 00 00
07 10 12 59 03 10 00 68 00 68 00 81 b8 20 9a 12 7c 8e f4 0f 01 01 00 03 00 00 00 00 01 00 00 00 00 2b 38 3c 00 00 00 00 00 d8 13 02 00 00 00 00 00 95 2c 01 00 00 00 00 00 cb 1b 01 00 00 00 00 00 70 0c 01 00 00 00 00 00 1c 00 00 00 21 12 00 00 8c 00 00 00 7a 06 00 00 b7 3d 00 00 f5 08 00 00 03 00 00 00 aa 12 00 00 00 00 00 00 fa 00 00 00
07 10 12 59 03 10 00 68 00 68 00 81 b8 bb be 85 7c 8e f4 0f 01 01 00 03 00 00 00 00 01 00 00 00 00 2b 38 3c 00 00 00 00 00 d8 13 02 00 00 00 00 00 95 2c 01 00 00 00 00 00 cb 1b 01 00 00 00 00 00 70 0c 01 00 00 00 00 00 1c 00 00 00 21 12 00 00 8c 00 00 00 7a 06 00 00 c3 3d 00 00 f5 08 00 00 03 00 00 00 aa 12 00 00 00 00 00 00 fa 00 00 00
07 10 12 59 03 10 00 68 00 68 00 81 b8 97 be 89 7c 8e f4 0f 01 01 00 03 00 00 00 00 01 00 00 00 00 2b 38 3c 00 00 00 00 00 d8 13 02 00 00 00 00 00 95 2c 01 00 00 00 00 00 cb 1b 01 00 00 00 00 00 70 0c 01 00 00 00 00 00 1c 00 00 00 21 12 00 00 8c 00 00 00 7a 06 00 00 c3 3d 00 00 f5 08 00 00 03 00 00 00 aa 12 00 00 00 00 00 00 fa 00 00 00
07 10 12 59 03 10 00 68 00 68 00 81 b8 b3 78 8b 7c 8e f4 0f 01 01 00 03 00 00 00 00 01 00 00 00 00 2b 38 3c 00 00 00 00 00 d8 13 02 00 00 00 00 00 95 2c 01 00 00 00 00 00 cb 1b 01 00 00 00 00 00 70 0c 01 00 00 00 00 00 1c 00 00 00 21 12 00 00 8c 00 00 00 7a 06 00 00 c3 3d 00 00 f5 08 00 00 03 00 00 00 aa 12 00 00 00 00 00 00 fa 00 00 00
07 10 12 59 03 10 00 68 00 68 00 81 b8 8a 6b ff 7c 8e f4 0f 01 01 00 03 00 00 00 00 01 00 00 00 00 2b 38 3c 00 00 00 00 00 d8 13 02 00 00 00 00 00 95 2c 01 00 00 00 00 00 cb 1b 01 00 00 00 00 00 70 0c 01 00 00 00 00 00 1c 00 00 00 21 12 00 00 8c 00 00 00 7a 06 00 00 c3 3d 00 00 f5 08 00 00 03 00 00 00 aa 12 00 00 00 00 00 00 fa 00 00 00
07 10 12 59 03 10 00 68 00 68 00 81 b8 ff 7f 03 7d 8e f4 0f 01 01 00 03 00 00 00 00 01 00 00 00 00 2b 38 3c 00 00 00 00 00 d8 13 02 00 00 00 00 00 95 2c 01 00 00 00 00 00 cb 1b 01 00 00 00 00 00 70 0c 01 00 00 00 00 00 1c 00 00 00 21 12 00 00 8c 00 00 00 7a 06 00 00 c3 3d 00 00 f5 08 00 00 03 00 00 00 aa 12 00 00 00 00 00 00 fa 00 00 00
07 10 12 59 03 10 00 68 00 68 00 81 b8 6e 76 07 7d 8e f4 0f 01 01 00 03 00 00 00 00 01 00 00 00 00 2b 38 3c 00 00 00 00 00 d8 13 02 00 00 00 00 00 95 2c 01 00 00 00 00 00 cb 1b 01 00 00 00 00 00 70 0c 01 00 00 00 00 00 1c 00 00 00 21 12 00 00 8c 00 00 00 7a 06 00 00 ce 3d 00 00 f5 08 00 00 03 00 00 00 aa 12 00 00 00 00 00 00 fa 00 00 00
07 10 12 59 03 10 00 68 00 68 00 81 b8 32 77 0b 7d 8e f4 0f 01 01 00 03 00 00 00 00 01 00 00 00 00 2b 38 3c 00 00 00 00 00 d8 13 02 00 00 00 00 00 95 2c 01 00 00 00 00 00 cb 1b 01 00 00 00 00 00 70 0c 01 00 00 00 00 00 1c 00 00 00 21 12 00 00 8c 00 00 00 7a 06 00 00 ce 3d 00 00 f5 08 00 00 03 00 00 00 aa 12 00 00 00 00 00 00 fa 00 00 00
07 10 12 59 03 10 00 68 00 68 00 81 b8 80 49 84 7d 8e f4 0f 01 01 00 03 00 00 00 00 01 00 00 00 00 2b 38 3c 00 00 00 00 00 d8 13 02 00 00 00 00 00 95 2c 01 00 00 00 00 00 cb 1b 01 00 00 00 00 00 70 0c 01 00 00 00 00 00 1c 00 00 00 21 12 00 00 8c 00 00 00 7a 06 00 00 ce 3d 00 00 f5 08 00 00 03 00 00 00 aa 12 00 00 00 00 00 00 fa 00 00 00
07 10 12 59 03 10 00 68 00 68 00 81 b8 3c 39 88 7d 8e f4 0f 01 01 00 03 00 00 00 00 01 00 00 00 00 2b 38 3c 00 00 00 00 00 d8 13 02 00 00 00 00 00 95 2c 01 00 00 00 00 00 cb 1b 01 00 00 00 00 00 70 0c 01 00 00 00 00 00 1c 00 00 00 21 12 00 00 8c 00 00 00 7b 06 00 00 d7 3d 00 00 f5 08 00 00 03 00 00 00 aa 12 00 00 00 00 00 00 fa 00 00 00
07 10 12 59 03 10 00 68 00 68 00 81 b8 e4 76 8b 7d 8e f4 0f 01 01 00 03 00 00 00 00 01 00 00 00 00 2b 38 3c 00 00 00 00 00 d8 13 02 00 00 00 00 00 95 2c 01 00 00 00 00 00 cb 1b 01 00 00 00 00 00 70 0c 01 00 00 00 00 00 1c 00 00 00 21 12 00 00 8c 00 00 00 7b 06 00 00 d7 3d 00 00 f5 08 00 00 03 00 00 00 aa 12 00 00 00 00 00 00 fa 00 00 00
07 10 12 59 03 10 00 68 00 68 00 81 b8 ca 96 8e 7d 8e f4 0f 01 01 00 03 00 00 00 00 01 00 00 00 00 2b 38 3c 00 00 00 00 00 d8 13 02 00 00 00 00 00 95 2c 01 00 00 00 00 00 cb 1b 01 00 00 00 00 00 70 0c 01 00 00 00 00 00 1c 00 00 00 21 12 00 00 8c 00 00 00 7b 06 00 00 d7 3d 00 00 f5 08 00 00 03 00 00 00 aa 12 00 00 00 00 00 00 fa 00 00 00
07 10 12 59 03 10 00 68 00 68 00 81 b8 2e 9a 92 7d 8e f4 0f 01 01 00 03 00 00 00 00 01 00 00 00 00 2b 38 3c 00 00 00 00 00 d8 13 02 00 00 00 00 00 95 2c 01 00 00 00 00 00 cb 1b 01 00 00 00 00 00 70 0c 01 00 00 00 00 00 1c 00 00 00 21 12 00 00 8c 00 00 00 7b 06 00 00 d7 3d 00 00 f5 08 00 00 03 00 00 00 aa 12 00 00 00 00 00 00 fa 00 00 00
07 10 12 59 03 10 00 68 00 68 00 81 b8 36 27 05 7e 8e f4 0f 01 01 00 03 00 00 00 00 01 00 00 00 00 2b 38 3c 00 00 00 00 00 d8 13 02 00 00 00 00 00 95 2c 01 00 00 00 00 00 cb 1b 01 00 00 00 00 00 70 0c 01 00 00 00 00 00 1c 00 00 00 21 12 00 00 8c 00 00 00 7c 06 00 00 e1 3d 00 00 f5 08 00 00 03 00 00 00 aa 12 00 00 00 00 00 00 fa 00 00 00
07 10 12 59 03 10 00 68 00 68 00 81 b8 03 25 09 7e 8e f4 0f 01 01 00 03 00 00 00 00 01 00 00 00 00 2b 38 3c 00 00 00 00 00 d8 13 02 00 00 00 00 00 95 2c 01 00 00 00 00 00 cb 1b 01 00 00 00 00 00 70 0c 01 00 00 00 00 00 1c 00 00 00 21 12 00 00 8c 00 00 00 7c 06 00 00 e1 3d 00 00 f5 08 00 00 03 00 00 00 aa 12 00 00 00 00 00 00 fa 00 00 00
07 10 12 59 03 10 00 68 00 68 00 81 b8 92 77 0b 7e 8e f4 0f 01 01 00 03 00 00 00 00 01 00 00 00 00 2b 38 3c 00 00 00 00 00 d8 13 02 00 00 00 00 00 95 2c 01 00 00 00 00 00 cb 1b 01 00 00 00 00 00 70 0c 01 00 00 00 00 00 1c 00 00 00 21 12 00 00 8c 00 00 00 7c 06 00 00 e1 3d 00 00 f5 08 00 00 03 00 00 00 aa 12 00 00 00 00 00 00 fa 00 00 00
07 10 12 59 03 10 00 68 00 68 00 81 b8 3a 98 0e 7e 8e f4 0f 01 01 00 03 00 00 00 00 01 00 00 00 00 2b 38 3c 00 00 00 00 00 d8 13 02 00 00 00 00 00 95 2c 01 00 00 00 00 00 cb 1b 01 00 00 00 00 00 70 0c 01 00 00 00 00 00 1c 00 00 00 21 12 00 00 8c 00 00 00 7c 06 00 00 e1 3d 00 00 f5 08 00 00 03 00 00 00 aa 12 00 00 00 00 00 00 fa 00 00 00
07 10 12 59 03 10 00 68 00 68 00 81 b8 f5 84 12 7e 8e f4 0f 01 01 00 03 00 00 00 00 01 00 00 00 00 2b 38 3c 00 00 00 00 00 d8 13 02 00 00 00 00 00 95 2c 01 00 00 00 00 00 cb 1b 01 00 00 00 00 00 70 0c 01 00 00 00 00 00 1c 00 00 00 21 12 00 00 8c 00 00 00 7c 06 00 00 e1 3d 00 00 f5 08 00 00 03 00 00 00 aa 12 00 00 00 00 00 00 fa 00 00 00
07 10 12 59 03 10 00 68 00 68 00 81 b8 ca 97 86 7e 8e f4 0f 01 01 00 03 00 00 00 00 01 00 00 00 00 2b 38 3c 00 00 00 00 00 d8 13 02 00 00 00 00 00 95 2c 01 00 00 00 00 00 cb 1b 01 00 00 00 00 00 70 0c 01 00 00 00 00 00 1c 00 00 00 21 12 00 00 8c 00 00 00 7d 06 00 00 eb 3d 00 00 f5 08 00 00 03 00 00 00 aa 12 00 00 00 00 00 00 fa 00 00 00
07 10 12 59 03 10 00 68 00 68 00 81 b8 01 9b 8a 7e 8e f4 0f 01 01 00 03 00 00 00 00 01 00 00 00 00 2b 38 3c 00 00 00 00 00 d8 13 02 00 00 00 00 00 95 2c 01 00 00 00 00 00 cb 1b 01 00 00 00 00 00 70 0c 01 00 00 00 00 00 1c 00 00 00 21 12 00 00 8c 00 00 00 7d 06 00 00 eb 3d 00 00 f5 08 00 00 03 00 00 00 aa 12 00 00 00 00 00 00 fa 00 00 00
07 10 12 59 03 10 00 68 00 68 00 81 b8 1e 79 8b 7e 8e f4 0f 01 01 00 03 00 00 00 00 01 00 00 00 00 2b 38 3c 00 00 00 00 00 d8 13 02 00 00 00 00 00 95 2c 01 00 00 00 00 00 cb 1b 01 00 00 00 00 00 70 0c 01 00 00 00 00 00 1c 00 00 00 21 12 00 00 8c 00 00 00 7d 06 00 00 eb 3d 00 00 f5 08 00 00 03 00 00 00 aa 12 00 00 00 00 00 00 fa 00 00 00
07 10 12 59 03 10 00 68 00 68 00 81 b8 88 97 8e 7e 8e f4 0f 01 01 00 03 00 00 00 00 01 00 00 00 00 2b 38 3c 00 00 00 00 00 d8 13 02 00 00 00 00 00 95 2c 01 00 00 00 00 00 cb 1b 01 00 00 00 00 00 70 0c 01 00 00 00 00 00 1c 00 00 00 21 12 00 00 8c 00 00 00 7d 06 00 00 eb 3d 00 00 f5 08 00 00 03 00 00 00 aa 12 00 00 00 00 00 00 fa 00 00 00
07 10 12 59 03 10 00 68 00 68 00 81 b8 bb 98 92 7e 8e f4 0f 01 01 00 03 00 00 00 00 01 00 00 00 00 2b 38 3c 00 00 00 00 00 d8 13 02 00 00 00 00 00 95 2c 01 00 00 00 00 00 cb 1b 01 00 00 00 00 00 70 0c 01 00 00 00 00 00 1c 00 00 00 21 12 00 00 8c 00 00 00 7d 06 00 00 eb 3d 00 00 f5 08 00 00 03 00 00 00 aa 12 00 00 00 00 00 00 fa 00 00 00
07 10 12 59 03 10 00 68 00 68 00 81 b8 2a bf 05 7f 8e f4 0f 01 01 00 03 00 00 00 00 01 00 00 00 00 2b 38 3c 00 00 00 00 00 d8 13 02 00 00 00 00 00 95 2c 01 00 00 00 00 00 cb 1b 01 00 00 00 00 00 70 0c 01 00 00 00 00 00 1c 00 00 00 21 12 00 00 8c 00 00 00 7e 06 00 00 f3 3d 00 00 f5 08 00 00 03 00 00 00 aa 12 00 00 00 00 00 00 fa 00 00 00
07 10 12 59 03 10 00 68 00 68 00 81 b8 95 be 09 7f 8e f4 0f 01 01 00 03 00 00 00 00 01 00 00 00 00 2b 38 3c 00 00 00 00 00 d8 13 02 00 00 00 00 00 95 2c 01 00 00 00 00 00 cb 1b 01 00 00 00 00 00 70 0c 01 00 00 00 00 00 1c 00 00 00 21 12 00 00 8c 00 00 00 7e 06 00 00 f3 3d 00 00 f5 08 00 00 03 00 00 00 aa 12 00 00 00 00 00 00 fa 00 00 00
07 10 12 59 03 10 00 68 00 68 00 81 b8 9d 76 0b 7f 8e f4 0f 01 01 00 03 00 00 00 00 01 00 00 00 00 2b 38 3c 00 00 00 00 00 d8 13 02 00 00 00 00 00 95 2c 01 00 00 00 00 00 cb 1b 01 00 00 00 00 00 70 0c 01 00 00 00 00 00 1c 00 00 00 21 12 00 00 8c 00 00 00 7e 06 00 00 f3 3d 00 00 f5 08 00 00 03 00 00 00 aa 12 00 00 00 00 00 00 fa 00 00 00
07 10 12 59 03 10 00 68 00 68 00 81 b8 0b 98 0e 7f 8e f4 0f 01 01 00 03 00 00 00 00 01 00 00 00 00 2b 38 3c 00 00 00 00 00 d8 13 02 00 00 00 00 00 95 2c 01 00 00 00 00 00 cb 1b 01 00 00 00 00 00 70 0c 01 00 00 00 00 00 1c 00 00 00 21 12 00 00 8c 00 00 00 7e 06 00 00 f3 3d 00 00 f5 08 00 00 03 00 00 00 aa 12 00 00 00 00 00 00 fa 00 00 00
07 10 12 59 03 10 00 68 00 68 00 81 b8 a9 83 12 7f 8e f4 0f 01 01 00 03 00 00 00 00 01 00 00 00 00 2b 38 3c 00 00 00 00 00 d8 13 02 00 00 00 00 00 95 2c 01 00 00 00 00 00 cb 1b 01 00 00 00 00 00 70 0c 01 00 00 00 00 00 1c 00 00 00 21 12 00 00 8c 00 00 00 7e 06 00 00 f3 3d 00 00 f5 08 00 00 03 00 00 00 aa 12 00 00 00 00 00 00 fa 00 00 00
07 10 12 59 04 10 00 68 00 68 00 81 b8 0b 76 87 7f 8e f4 0f 01 01 00 03 00 00 00 00 01 00 00 00 00 2b 38 3c 00 00 00 00 00 d8 13 02 00 00 00 00 00 95 2c 01 00 00 00 00 00 cb 1b 01 00 00 00 00 00 70 0c 01 00 00 00 00 00 1c 00 00 00 21 12 00 00 8c 00 00 00 7f 06 00 00 fe 3d 00 00 f5 08 00 00 03 00 00 00 aa 12 00 00 00 00 00 00 fa 00 00 00
07 10 12 59 04 10 00 68 00 68 00 81 b8 f1 77 8b 7f 8e f4 0f 01 01 00 03 00 00 00 00 01 00 00 00 00 2b 38 3c 00 00 00 00 00 d8 13 02 00 00 00 00 00 95 2c 01 00 00 00 00 00 cb 1b 01 00 00 00 00 00 70 0c 01 00 00 00 00 00 1c 00 00 00 21 12 00 00 8c 00 00 00 7f 06 00 00 fe 3d 00 00 f5 08 00 00 03 00 00 00 aa 12 00 00 00 00 00 00 fa 00 00 00
07 10 12 59 04 10 00 68 00 68 00 81 b8 1a 97 8e 7f 8e f4 0f 01 01 00 03 00 00 00 00 01 00 00 00 00 2b 38 3c 00 00 00 00 00 d8 13 02 00 00 00 00 00 95 2c 01 00 00 00 00 00 cb 1b 01 00 00 00 00 00 70 0c 01 00 00 00 00 00 1c 00 00 00 21 12 00 00 8c 00 00 00 7f 06 00 00 fe 3d 00 00 f5 08 00 00 03 00 00 00 aa 12 00 00 00 00 00 00 fa 00 00 00
07 10 12 59 04 10 00 68 00 68 00 81 b8 90 98 92 7f 8e f4 0f 01 01 00 03 00 00 00 00 01 00 00 00 00 2b 38 3c 00 00 00 00 00 d8 13 02 00 00 00 00 00 95 2c 01 00 00 00 00 00 cb 1b 01 00 00 00 00 00 70 0c 01 00 00 00 00 00 1c 00 00 00 21 12 00 00 8c 00 00 00 7f 06 00 00 fe 3d 00 00 f5 08 00 00 03 00 00 00 aa 12 00 00 00 00 00 00 fa 00 00 00
07 10 12 59 04 10 00 68 00 68 00 81 b8 92 be 05 80 8e f4 0f 01 01 00 03 00 00 00 00 01 00 00 00 00 2b 38 3c 00 00 00 00 00 d8 13 02 00 00 00 00 00 95 2c 01 00 00 00 00 00 cb 1b 01 00 00 00 00 00 70 0c 01 00 00 00 00 00 1c 00 00 00 21 12 00 00 8c 00 00 00 80 06 00 00 02 3e 00 00 f5 08 00 00 03 00 00 00 aa 12 00 00 00 00 00 00 fa 00 00 00
07 10 12 59 04 10 00 68 00 68 00 81 b8 9b bd 09 80 8e f4 0f 01 01 00 03 00 00 00 00 01 00 00 00 00 2b 38 3c 00 00 00 00 00 d8 13 02 00 00 00 00 00 95 2c 01 00 00 00 00 00 cb 1b 01 00 00 00 00 00 70 0c 01 00 00 00 00 00 1c 00 00 00 21 12 00 00 8c 00 00 00 80 06 00 00 02 3e 00 00 f5 08 00 00 03 00 00 00 aa 12 00 00 00 00 00 00 fa 00 00 00
07 10 12 59 04 10 00 68 00 68 00 81 b8 45 77 0b 80 8e f4 0f 01 01 00 03 00 00 00 00 01 00 00 00 00 2b 38 3c 00 00 00 00 00 d8 13 02 00 00 00 00 00 95 2c 01 00 00 00 00 00 cb 1b 01 00 00 00 00 00 70 0c 01 00 00 00 00 00 1c 00 00 00 21 12 00 00 8c 00 00 00 80 06 00 00 02 3e 00 00 f5 08 00 00 03 00 00 00 aa 12 00 00 00 00 00 00 fa 00 00 00
07 10 12 59 04 10 00 68 00 68 00 81 b8 4d 97 0e 80 8e f4 0f 01 01 00 03 00 00 00 00 01 00 00 00 00 2b 38 3c 00 00 00 00 00 d8 13 02 00 00 00 00 00 95 2c 01 00 00 00 00 00 cb 1b 01 00 00 00 00 00 70 0c 01 00 00 00 00 00 1c 00 00 00 21 12 00 00 8c 00 00 00 80 06 00 00 02 3e 00 00 f5 08 00 00 03 00 00 00 aa 12 00 00 00 00 00 00 fa 00 00 00
07 10 12 59 04 10 00 68 00 68 00 81 b8 61 83 12 80 8e f4 0f 01 01 00 03 00 00 00 00 01 00 00 00 00 2b 38 3c 00 00 00 00 00 d8 13 02 00 00 00 00 00 95 2c 01 00 00 00 00 00 cb 1b 01 00 00 00 00 00 70 0c 01 00 00 00 00 00 1c 00 00 00 21 12 00 00 8c 00 00 00 80 06 00 00 02 3e 00 00 f5 08 00 00 03 00 00 00 aa 12 00 00 00 00 00 00 fa 00 00 00
07 10 12 59 04 10 00 68 00 68 00 81 b8 76 97 86 80 8e f4 0f 01 01 00 03 00 00 00 00 01 00 00 00 00 2b 38 3c 00 00 00 00 00 d8 13 02 00 00 00 00 00 95 2c 01 00 00 00 00 00 cb 1b 01 00 00 00 00 00 70 0c 01 00 00 00 00 00 1c 00 00 00 21 12 00 00 8c 00 00 00 81 06 00 00 07 3e 00 00 f5 08 00 00 03 00 00 00 aa 12 00 00 00 00 00 00 fa 00 00 00
07 10 12 59 04 10 00 68 00 68 00 81 b8 99 98 8a 80 8e f4 0f 01 01 00 03 00 00 00 00 01 00 00 00 00 2b 38 3c 00 00 00 00 00 d8 13 02 00 00 00 00 00 95 2c 01 00 00 00 00 00 cb 1b 01 00 00 00 00 00 70 0c 01 00 00 00 00 00 1c 00 00 00 21 12 00 00 8c 00 00 00 81 06 00 00 07 3e 00 00 f5 08 00 00 03 00 00 00 aa 12 00 00 00 00 00 00 fa 00 00 00
07 10 12 59 04 10 00 68 00 68 00 81 b8 e2 77 8b 80 8e f4 0f 01 01 00 03 00 00 00 00 01 00 00 00 00 2b 38 3c 00 00 00 00 00 d8 13 02 00 00 00 00 00 95 2c 01 00 00 00 00 00 cb 1b 01 00 00 00 00 00 70 0c 01 00 00 00 00 00 1c 00 00 00 21 12 00 00 8c 00 00 00 81 06 00 00 07 3e 00 00 f5 08 00 00 03 00 00 00 aa 12 00 00 00 00 00 00 fa 00 00 00
07 10 12 59 04 10 00 68 00 68 00 81 b8 38 97 8e 80 8e f4 0f 01 01 00 03 00 00 00 00 01 00 00 00 00 2b 38 3c 00 00 00 00 00 d8 13 02 00 00 00 00 00 95 2c 01 00 00 00 00 00 cb 1b 01 00 00 00 00 00 70 0c 01 00 00 00 00 00 1c 00 00 00 21 12 00 00 8c 00 00 00 81 06 00 00 07 3e 00 00 f5 08 00 00 03 00 00 00 aa 12 00 00 00 00 00 00 fa 00 00 00
07 10 12 59 04 10 00 68 00 68 00 81 b8 3f 98 92 80 8e f4 0f 01 01 00 03 00 00 00 00 01 00 00 00 00 2b 38 3c 00 00 00 00 00 d8 13 02 00 00 00 00 00 95 2c 01 00 00 00 00 00 cb 1b 01 00 00 00 00 00 70 0c 01 00 00 00 00 00 1c 00 00 00 21 12 00 00 8c 00 00 00 81 06 00 00 07 3e 00 00 f5 08 00 00 03 00 00 00 aa 12 00 00 00 00 00 00 fa 00 00 00
07 10 12 59 04 10 00 68 00 68 00 81 b8 0b 10 01 81 8e f4 0f 01 01 00 03 00 00 00 00 01 00 00 00 00 2b 38 3c 00 00 00 00 00 d8 13 02 00 00 00 00 00 95 2c 01 00 00 00 00 00 cb 1b 01 00 00 00 00 00 70 0c 01 00 00 00 00 00 1c 00 00 00 21 12 00 00 8c 00 00 00 81 06 00 00 07 3e 00 00 f5 08 00 00 03 00 00 00 aa 12 00 00 00 00 00 00 fa 00 00 00
07 10 12 59 04 10 00 68 00 68 00 81 b8 a7 24 05 81 8e f4 0f 01 01 00 03 00 00 00 00 01 00 00 00 00 2b 38 3c 00 00 00 00 00 d8 13 02 00 00 00 00 00 95 2c 01 00 00 00 00 00 cb 1b 01 00 00 00 00 00 70 0c 01 00 00 00 00 00 1c 00 00 00 21 12 00 00 8c 00 00 00 82 06 00 00 0f 3e 00 00 f5 08 00 00 03 00 00 00 aa 12 00 00 00 00 00 00 fa 00 00 00
07 10 12 59 04 10 00 68 00 68 00 81 b8 07 24 09 81 8e f4 0f 01 01 00 03 00 00 00 00 01 00 00 00 00 2b 38 3c 00 00 00 00 00 d8 13 02 00 00 00 00 00 95 2c 01 00 00 00 00 00 cb 1b 01 00 00 00 00 00 70 0c 01 00 00 00 00 00 1c 00 00 00 21 12 00 00 8c 00 00 00 82 06 00 00 0f 3e 00 00 f5 08 00 00 03 00 00 00 aa 12 00 00 00 00 00 00 fa 00 00 00
07 10 12 59 04 10 00 68 00 68 00 81 b8 c8 76 0b 81 8e f4 0f 01 01 00 03 00 00 00 00 01 00 00 00 00 2b 38 3c 00 00 00 00 00 d8 13 02 00 00 00 00 00 95 2c 01 00 00 00 00 00 cb 1b 01 00 00 00 00 00 70 0c 01 00 00 00 00 00 1c 00 00 00 21 12 00 00 8c 00 00 00 82 06 00 00 0f 3e 00 00 f5 08 00 00 03 00 00 00 aa 12 00 00 00 00 00 00 fa 00 00 00
07 10 12 59 04 10 00 68 00 68 00 81 b8 c0 4c 84 81 8e f4 0f 01 01 00 03 00 00 00 00 01 00 00 00 00 2b 38 3c 00 00 00 00 00 d8 13 02 00 00 00 00 00 95 2c 01 00 00 00 00 00 cb 1b 01 00 00 00 00 00 70 0c 01 00 00 00 00 00 1c 00 00 00 21 12 00 00 8c 00 00 00 82 06 00 00 0f 3e 00 00 f5 08 00 00 03 00 00 00 aa 12 00 00 00 00 00 00 fa 00 00 00
07 10 12 59 04 10 00 68 00 68 00 81 b8 28 38 88 81 8e f4 0f 01 01 00 03 00 00 00 00 01 00 00 00 00 2b 38 3c 00 00 00 00 00 d8 13 02 00 00 00 00 00 95 2c 01 00 00 00 00 00 cb 1b 01 00 00 00 00 00 70 0c 01 00 00 00 00 00 1c 00 00 00 21 12 00 00 8c 00 00 00 83 06 00 00 18 3e 00 00 f5 08 00 00 03 00 00 00 aa 12 00 00 00 00 00 00 fa 00 00 00
07 10 12 59 04 10 00 68 00 68 00 81 b8 eb 76 8b 81 8e f4 0f 01 01 00 03 00 00 00 00 01 00 00 00 00 2b 38 3c 00 00 00 00 00 d8 13 02 00 00 00 00 00 95 2c 01 00 00 00 00 00 cb 1b 01 00 00 00 00 00 70 0c 01 00 00 00 00 00 1c 00 00 00 21 12 00 00 8c 00 00 00 83 06 00 00 18 3e 00 00 f5 08 00 00 03 00 00 00 aa 12 00 00 00 00 00 00 fa 00 00 00
07 10 12 59 04 10 00 68 00 68 00 81 b8 03 97 8e 81 8e f4 0f 01 01 00 03 00 00 00 00 01 00 00 00 00 2b 38 3c 00 00 00 00 00 d8 13 02 00 00 00 00 00 95 2c 01 00 00 00 00 00 cb 1b 01 00 00 00 00 00 70 0c 01 00 00 00 00 00 1c 00 00 00 21 12 00 00 8c 00 00 00 83 06 00 00 18 3e 00 00 f5 08 00 00 03 00 00 00 aa 12 00 00 00 00 00 00 fa 00 00 00
07 10 12 59 04 10 00 68 00 68 00 81 b8 5d 98 92 81 8e f4 0f 01 01 00 03 00 00 00 00 01 00 00 00 00 2b 38 3c 00 00 00 00 00 d8 13 02 00 00 00 00 00 95 2c 01 00 00 00 00 00 cb 1b 01 00 00 00 00 00 70 0c 01 00 00 00 00 00 1c 00 00 00 21 12 00 00 8c 00 00 00 83 06 00 00 18 3e 00 00 f5 08 00 00 03 00 00 00 aa 12 00 00 00 00 00 00 fa 00 00 00
07 10 12 59 04 10 00 68 00 68 00 81 b8 6a bd 05 82 8e f4 0f 01 01 00 03 00 00 00 00 01 00 00 00 00 2b 38 3c 00 00 00 00 00 d8 13 02 00 00 00 00 00 95 2c 01 00 00 00 00 00 cb 1b 01 00 00 00 00 00 70 0c 01 00 00 00 00 00 1c 00 00 00 21 12 00 00 8c 00 00 00 84 06 00 00 1f 3e 00 00 f5 08 00 00 03 00 00 00 aa 12 00 00 00 00 00 00 fa 00 00 00
07 10 12 59 04 10 00 68 00 68 00 81 b8 90 bd 09 82 8e f4 0f 01 01 00 03 00 00 00 00 01 00 00 00 00 2b 38 3c 00 00 00 00 00 d8 13 02 00 00 00 00 00 95 2c 01 00 00 00 00 00 cb 1b 01 00 00 00 00 00 70 0c 01 00 00 00 00 00 1c 00 00 00 21 12 00 00 8c 00 00 00 84 06 00 00 1f 3e 00 00 f5 08 00 00 03 00 00 00 aa 12 00 00 00 00 00 00 fa 00 00 00
07 10 12 59 04 10 00 68 00 68 00 81 b8 ad 75 0b 82 8e f4 0f 01 01 00 03 00 00 00 00 01 00 00 00 00 2b 38 3c 00 00 00 00 00 d8 13 02 00 00 00 00 00 95 2c 01 00 00 00 00 00 cb 1b 01 00 00 00 00 00 70 0c 01 00 00 00 00 00 1c 00 00 00 21 12 00 00 8c 00 00 00 84 06 00 00 1f 3e 00 00 f5 08 00 00 03 00 00 00 aa 12 00 00 00 00 00 00 fa 00 00 00
07 10 12 59 04 10 00 68 00 68 00 81 b8 5f 97 0e 82 8e f4 0f 01 01 00 03 00 00 00 00 01 00 00 00 00 2b 38 3c 00 00 00 00 00 d8 13 02 00 00 00 00 00 95 2c 01 00 00 00 00 00 cb 1b 01 00 00 00 00 00 70 0c 01 00 00 00 00 00 1c 00 00 00 21 12 00 00 8c 00 00 00 84 06 00 00 1f 3e 00 00 f5 08 00 00 03 00 00 00 aa 12 00 00 00 00 00 00 fa 00 00 00
07 10 12 59 04 10 00 68 00 68 00 81 b8 f7 83 12 82 8e f4 0f 01 01 00 03 00 00 00 00 01 00 00 00 00 2b 38 3c 00 00 00 00 00 d8 13 02 00 00 00 00 00 95 2c 01 00 00 00 00 00 cb 1b 01 00 00 00 00 00 70 0c 01 00 00 00 00 00 1c 00 00 00 21 12 00 00 8c 00 00 00 84 06 00 00 1f 3e 00 00 f5 08 00 00 03 00 00 00 aa 12 00 00 00 00 00 00 fa 00 00 00
07 10 12 59 04 10 00 68 00 68 00 81 b8 26 97 86 82 8e f4 0f 01 01 00 03 00 00 00 00 01 00 00 00 00 2b 38 3c 00 00 00 00 00 d8 13 02 00 00 00 00 00 95 2c 01 00 00 00 00 00 cb 1b 01 00 00 00 00 00 70 0c 01 00 00 00 00 00 1c 00 00 00 21 12 00 00 8c 00 00 00 85 06 00 00 29 3e 00 00 f5 08 00 00 03 00 00 00 aa 12 00 00 00 00 00 00 fa 00 00 00
07 10 12 59 04 10 00 68 00 68 00 81 b8 61 97 8a 82 8e f4 0f 01 01 00 03 00 00 00 00 01 00 00 00 00 2b 38 3c 00 00 00 00 00 d8 13 02 00 00 00 00 00 95 2c 01 00 00 00 00 00 cb 1b 01 00 00 00 00 00 70 0c 01 00 00 00 00 00 1c 00 00 00 21 12 00 00 8c 00 00 00 85 06 00 00 29 3e 00 00 f5 08 00 00 03 00 00 00 aa 12 00 00 00 00 00 00 fa 00 00 00
07 10 12 59 04 10 00 68 00 68 00 81 b8 bb 76 8b 82 8e f4 0f 01 01 00 03 00 00 00 00 01 00 00 00 00 2b 38 3c 00 00 00 00 00 d8 13 02 00 00 00 00 00 95 2c 01 00 00 00 00 00 cb 1b 01 00 00 00 00 00 70 0c 01 00 00 00 00 00 1c 00 00 00 21 12 00 00 8c 00 00 00 85 06 00 00 29 3e 00 00 f5 08 00 00 03 00 00 00 aa 12 00 00 00 00 00 00 fa 00 00 00
07 10 12 59 04 10 00 68 00 68 00 81 b8 57 96 8e 82 8e f4 0f 01 01 00 03 00 00 00 00 01 00 00 00 00 2b 38 3c 00 00 00 00 00 d8 13 02 00 00 00 00 00 95 2c 01 00 00 00 00 00 cb 1b 01 00 00 00 00 00 70 0c 01 00 00 00 00 00 1c 00 00 00 21 12 00 00 8c 00 00 00 85 06 00 00 29 3e 00 00 f5 08 00 00 03 00 00 00 aa 12 00 00 00 00 00 00 fa 00 00 00
07 10 12 59 04 10 00 68 00 68 00 81 b8 ce 98 92 82 8e f4 0f 01 01 00 03 00 00 00 00 01 00 00 00 00 2b 38 3c 00 00 00 00 00 d8 13 02 00 00 00 00 00 95 2c 01 00 00 00 00 00 cb 1b 01 00 00 00 00 00 70 0c 01 00 00 00 00 00 1c 00 00 00 21 12 00 00 8c 00 00 00 85 06 00 00 29 3e 00 00 f5 08 00 00 03 00 00 00 aa 12 00 00 00 00 00 00 fa 00 00 00
07 10 12 59 04 10 00 68 00 68 00 81 b8 3a be 05 83 8e f4 0f 01 01 00 03 00 00 00 00 01 00 00 00 00 2b 38 3c 00 00 00 00 00 d8 13 02 00 00 00 00 00 95 2c 01 00 00 00 00 00 cb 1b 01 00 00 00 00 00 70 0c 01 00 00 00 00 00 1c 00 00 00 21 12 00 00 8c 00 00 00 85 06 00 00 34 3e 00 00 f5 08 00 00 03 00 00 00 aa 12 00 00 00 00 00 00 fa 00 00 00
07 10 12 59 04 10 00 68 00 68 00 81 b8 70 bd 09 83 8e f4 0f 01 01 00 03 00 00 00 00 01 00 00 00 00 2b 38 3c 00 00 00 00 00 d8 13 02 00 00 00 00 00 95 2c 01 00 00 00 00 00 cb 1b 01 00 00 00 00 00 70 0c 01 00 00 00 00 00 1c 00 00 00 21 12 00 00 8c 00 00 00 85 06 00 00 34 3e 00 00 f5 08 00 00 03 00 00 00 aa 12 00 00 00 00 00 00 fa 00 00 00
07 10 12 59 04 10 00 68 00 68 00 81 b8 c0 76 0b 83 8e f4 0f 01 01 00 03 00 00 00 00 01 00 00 00 00 2b 38 3c 00 00 00 00 00 d8 13 02 00 00 00 00 00 95 2c 01 00 00 00 00 00 cb 1b 01 00 00 00 00 00 70 0c 01 00 00 00 00 00 1c 00 00 00 21 12 00 00 8c 00 00 00 85 06 00 00 34 3e 00 00 f5 08 00 00 03 00 00 00 aa 12 00 00 00 00 00 00 fa 00 00 00
07 10 12 59 04 10 00 68 00 68 00 81 b8 a1 96 0e 83 8e f4 0f 01 01 00 03 00 00 00 00 01 00 00 00 00 2b 38 3c 00 00 00 00 00 d8 13 02 00 00 00 00 00 95 2c 01 00 00 00 00 00 cb 1b 01 00 00 00 00 00 70 0c 01 00 00 00 00 00 1c 00 00 00 21 12 00 00 8c 00 00 00 85 06 00 00 34 3e 00 00 f5 08 00 00 03 00 00 00 aa 12 00 00 00 00 00 00 fa 00 00 00
07 10 12 59 04 10 00 68 00 68 00 81 b8 47 83 12 83 8e f4 0f 01 01 00 03 00 00 00 00 01 00 00 00 00 2b 38 3c 00 00 00 00 00 d8 13 02 00 00 00 00 00 95 2c 01 00 00 00 00 00 cb 1b 01 00 00 00 00 00 70 0c 01 00 00 00 00 00 1c 00 00 00 21 12 00 00 8c 00 00 00 85 06 00 00 34 3e 00 00 f5 08 00 00 03 00 00 00 aa 12 00 00 00 00 00 00 fa 00 00 00
07 10 12 59 04 10 00 68 00 68 00 81 b8 4b 74 87 83 8e f4 0f 01 01 00 03 00 00 00 00 01 00 00 00 00 2b 38 3c 00 00 00 00 00 d8 13 02 00 00 00 00 00 95 2c 01 00 00 00 00 00 cb 1b 01 00 00 00 00 00 70 0c 01 00 00 00 00 00 1c 00 00 00 21 12 00 00 8c 00 00 00 86 06 00 00 3a 3e 00 00 f5 08 00 00 03 00 00 00 aa 12 00 00 00 00 00 00 fa 00 00 00
07 10 12 59 04 10 00 68 00 68 00 81 b8 3a 76 8b 83 8e f4 0f 01 01 00 03 00 00 00 00 01 00 00 00 00 2b 38 3c 00 00 00 00 00 d8 13 02 00 00 00 00 00 95 2c 01 00 00 00 00 00 cb 1b 01 00 00 00 00 00 70 0c 01 00 00 00 00 00 1c 00 00 00 21 12 00 00 8c 00 00 00 86 06 00 00 3a 3e 00 00 f5 08 00 00 03 00 00 00 aa 12 00 00 00 00 00 00 fa 00 00 00
07 10 12 59 04 10 00 68 00 68 00 81 b8 41 96 8e 83 8e f4 0f 01 01 00 03 00 00 00 00 01 00 00 00 00 2b 38 3c 00 00 00 00 00 d8 13 02 00 00 00 00 00 95 2c 01 00 00 00 00 00 cb 1b 01 00 00 00 00 00 70 0c 01 00 00 00 00 00 1c 00 00 00 21 12 00 00 8c 00 00 00 86 06 00 00 3a 3e 00 00 f5 08 00 00 03 00 00 00 aa 12 00 00 00 00 00 00 fa 00 00 00
07 10 12 59 04 10 00 68 00 68 00 81 b8 01 98 92 83 8e f4 0f 01 01 00 03 00 00 00 00 01 00 00 00 00 2b 38 3c 00 00 00 00 00 d8 13 02 00 00 00 00 00 95 2c 01 00 00 00 00 00 cb 1b 01 00 00 00 00 00 70 0c 01 00 00 00 00 00 1c 00 00 00 21 12 00 00 8c 00 00 00 86 06 00 00 3a 3e 00 00 f5 08 00 00 03 00 00 00 aa 12 00 00 00 00 00 00 fa 00 00 00
07 10 12 59 04 10 00 68 00 68 00 81 b8 d2 bd 05 84 8e f4 0f 01 01 00 03 00 00 00 00 01 00 00 00 00 2b 38 3c 00 00 00 00 00 d8 13 02 00 00 00 00 00 95 2c 01 00 00 00 00 00 cb 1b 01 00 00 00 00 00 70 0c 01 00 00 00 00 00 1c 00 00 00 21 12 00 00 8c 00 00 00 87 06 00 00 43 3e 00 00 f5 08 00 00 03 00 00 00 aa 12 00 00 00 00 00 00 fa 00 00 00
07 10 12 59 04 10 00 68 00 68 00 81 b8 41 bd 09 84 8e f4 0f 01 01 00 03 00 00 00 00 01 00 00 00 00 2b 38 3c 00 00 00 00 00 d8 13 02 00 00 00 00 00 95 2c 01 00 00 00 00 00 cb 1b 01 00 00 00 00 00 70 0c 01 00 00 00 00 00 1c 00 00 00 21 12 00 00 8c 00 00 00 87 06 00 00 43 3e 00 00 f5 08 00 00 03 00 00 00 aa 12 00 00 00 00 00 00 fa 00 00 00
07 10 12 59 04 10 00 68 00 68 00 81 b8 ed 75 0b 84 8e f4 0f 01 01 00 03 00 00 00 00 01 00 00 00 00 2b 38 3c 00 00 00 00 00 d8 13 02 00 00 00 00 00 95 2c 01 00 00 00 00 00 cb 1b 01 00 00 00 00 00 70 0c 01 00 00 00 00 00 1c 00 00 00 21 12 00 00 8c 00 00 00 87 06 00 00 43 3e 00 00 f5 08 00 00 03 00 00 00 aa 12 00 00 00 00 00 00 fa 00 00 00
07 10 12 59 04 10 00 68 00 68 00 81 b8 6a 96 0e 84 8e f4 0f 01 01 00 03 00 00 00 00 01 00 00 00 00 2b 38 3c 00 00 00 00 00 d8 13 02 00 00 00 00 00 95 2c 01 00 00 00 00 00 cb 1b 01 00 00 00 00 00 70 0c 01 00 00 00 00 00 1c 00 00 00 21 12 00 00 8c 00 00 00 87 06 00 00 43 3e 00 00 f5 08 00 00 03 00 00 00 aa 12 00 00 00 00 00 00 fa 00 00 00
07 10 12 59 04 10 00 68 00 68 00 81 b8 c2 82 12 84 8e f4 0f 01 01 00 03 00 00 00 00 01 00 00 00 00 2b 38 3c 00 00 00 00 00 d8 13 02 00 00 00 00 00 95 2c 01 00 00 00 00 00 cb 1b 01 00 00 00 00 00 70 0c 01 00 00 00 00 00 1c 00 00 00 21 12 00 00 8c 00 00 00 87 06 00 00 43 3e 00 00 f5 08 00 00 03 00 00 00 aa 12 00 00 00 00 00 00 fa 00 00 00
07 10 12 59 04 10 00 68 00 68 00 81 b8 a3 96 86 84 8e f4 0f 01 01 00 03 00 00 00 00 01 00 00 00 00 2b 38 3c 00 00 00 00 00 d8 13 02 00 00 00 00 00 95 2c 01 00 00 00 00 00 cb 1b 01 00 00 00 00 00 70 0c 01 00 00 00 00 00 1c 00 00 00 21 12 00 00 8c 00 00 00 88 06 00 00 4a 3e 00 00 f5 08 00 00 03 00 00 00 aa 12 00 00 00 00 00 00 fa 00 00 00
07 10 12 59 04 10 00 68 00 68 00 81 b8 f3 96 8a 84 8e f4 0f 01 01 00 03 00 00 00 00 01 00 00 00 00 2b 38 3c 00 00 00 00 00 d8 13 02 00 00 00 00 00 95 2c 01 00 00 00 00 00 cb 1b 01 00 00 00 00 00 70 0c 01 00 00 00 00 00 1c 00 00 00 21 12 00 00 8c 00 00 00 88 06 00 00 4a 3e 00 00 f5 08 00 00 03 00 00 00 aa 12 00 00 00 00 00 00 fa 00 00 00
07 10 12 59 04 10 00 68 00 68 00 81 b8 af 76 8b 84 8e f4 0f 01 01 00 03 00 00 00 00 01 00 00 00 00 2b 38 3c 00 00 00 00 00 d8 13 02 00 00 00 00 00 95 2c 01 00 00 00 00 00 cb 1b 01 00 00 00 00 00 70 0c 01 00 00 00 00 00 1c 00 00 00 21 12 00 00 8c 00 00 00 88 06 00 00 4a 3e 00 00 f5 08 00 00 03 00 00 00 aa 12 00 00 00 00 00 00 fa 00 00 00
07 10 12 59 04 10 00 68 00 68 00 81 b8 9b 96 8e 84 8e f4 0f 01 01 00 03 00 00 00 00 01 00 00 00 00 2b 38 3c 00 00 00 00 00 d8 13 02 00 00 00 00 00 95 2c 01 00 00 00 00 00 cb 1b 01 00 00 00 00 00 70 0c 01 00 00 00 00 00 1c 00 00 00 21 12 00 00 8c 00 00 00 88 06 00 00 4a 3e 00 00 f5 08 00 00 03 00 00 00 aa 12 00 00 00 00 00 00 fa 00 00 00
07 10 12 59 04 10 00 68 00 68 00 81 b8 34 98 92 84 8e f4 0f 01 01 00 03 00 00 00 00 01 00 00 00 00 2b 38 3c 00 00 00 00 00 d8 13 02 00 00 00 00 00 95 2c 01 00 00 00 00 00 cb 1b 01 00 00 00 00 00 70 0c 01 00 00 00 00 00 1c 00 00 00 21 12 00 00 8c 00 00 00 88 06 00 00 4a 3e 00 00 f5 08 00 00 03 00 00 00 aa 12 00 00 00 00 00 00 fa 00 00 00
07 10 12 59 04 10 00 68 00 68 00 81 b8 ca 38 00 85 8e f4 0f 01 01 00 03 00 00 00 00 01 00 00 00 00 2b 38 3c 00 00 00 00 00 d8 13 02 00 00 00 00 00 95 2c 01 00 00 00 00 00 cb 1b 01 00 00 00 00 00 70 0c 01 00 00 00 00 00 1c 00 00 00 21 12 00 00 8c 00 00 00 88 06 00 00 4a 3e 00 00 f5 08 00 00 03 00 00 00 aa 12 00 00 00 00 00 00 fa 00 00 00
07 10 12 59 04 10 00 68 00 68 00 81 b8 32 37 04 85 8e f4 0f 01 01 00 03 00 00 00 00 01 00 00 00 00 2b 38 3c 00 00 00 00 00 d8 13 02 00 00 00 00 00 95 2c 01 00 00 00 00 00 cb 1b 01 00 00 00 00 00 70 0c 01 00 00 00 00 00 1c 00 00 00 21 12 00 00 8c 00 00 00 88 06 00 00 4a 3e 00 00 f5 08 00 00 03 00 00 00 aa 12 00 00 00 00 00 00 fa 00 00 00
07 10 12 59 04 10 00 68 00 68 00 81 b8 e6 36 08 85 8e f4 0f 01 01 00 03 00 00 00 00 01 00 00 00 00 2b 38 3c 00 00 00 00 00 d8 13 02 00 00 00 00 00 95 2c 01 00 00 00 00 00 cb 1b 01 00 00 00 00 00 70 0c 01 00 00 00 00 00 1c 00 00 00 21 12 00 00 8c 00 00 00 89 06 00 00 53 3e 00 00 f5 08 00 00 03 00 00 00 aa 12 00 00 00 00 00 00 fa 00 00 00
07 10 12 59 04 10 00 68 00 68 00 81 b8 59 76 0b 85 8e f4 0f 01 01 00 03 00 00 00 00 01 00 00 00 00 2b 38 3c 00 00 00 00 00 d8 13 02 00 00 00 00 00 95 2c 01 00 00 00 00 00 cb 1b 01 00 00 00 00 00 70 0c 01 00 00 00 00 00 1c 00 00 00 21 12 00 00 8c 00 00 00 89 06 00 00 53 3e 00 00 f5 08 00 00 03 00 00 00 aa 12 00 00 00 00 00 00 fa 00 00 00
07 10 12 59 04 10 00 68 00 68 00 81 b8 a5 4e 84 85 8e f4 0f 01 01 00 03 00 00 00 00 01 00 00 00 00 2b 38 3c 00 00 00 00 00 d8 13 02 00 00 00 00 00 95 2c 01 00 00 00 00 00 cb 1b 01 00 00 00 00 00 70 0c 01 00 00 00 00 00 1c 00 00 00 21 12 00 00 8c 00 00 00 89 06 00 00 53 3e 00 00 f5 08 00 00 03 00 00 00 aa 12 00 00 00 00 00 00 fa 00 00 00
07 10 12 59 04 10 00 68 00 68 00 81 b8 76 38 88 85 8e f4 0f 01 01 00 03 00 00 00 00 01 00 00 00 00 2b 38 3c 00 00 00 00 00 d8 13 02 00 00 00 00 00 95 2c 01 00 00 00 00 00 cb 1b 01 00 00 00 00 00 70 0c 01 00 00 00 00 00 1c 00 00 00 21 12 00 00 8c 00 00 00 8a 06 00 00 5b 3e 00 00 f5 08 00 00 03 00 00 00 aa 12 00 00 00 00 00 00 fa 00 00 00
07 10 12 59 04 10 00 68 00 68 00 81 b8 36 75 8b 85 8e f4 0f 01 01 00 03 00 00 00 00 01 00 00 00 00 2b 38 3c 00 00 00 00 00 d8 13 02 00 00 00 00 00 95 2c 01 00 00 00 00 00 cb 1b 01 00 00 00 00 00 70 0c 01 00 00 00 00 00 1c 00 00 00 21 12 00 00 8c 00 00 00 8a 06 00 00 5b 3e 00 00 f5 08 00 00 03 00 00 00 aa 12 00 00 00 00 00 00 fa 00 00 00
07 10 12 59 04 10 00 68 00 68 00 81 b8 d2 95 8e 85 8e f4 0f 01 01 00 03 00 00 00 00 01 00 00 00 00 2b 38 3c 00 00 00 00 00 d8 13 02 00 00 00 00 00 95 2c 01 00 00 00 00 00 cb 1b 01 00 00 00 00 00 70 0c 01 00 00 00 00 00 1c 00 00 00 21 12 00 00 8c 00 00 00 8a 06 00 00 5b 3e 00 00 f5 08 00 00 03 00 00 00 aa 12 00 00 00 00 00 00 fa 00 00 00
07 10 12 59 04 10 00 68 00 68 00 81 b8 cc 97 92 85 8e f4 0f 01 01 00 03 00 00 00 00 01 00 00 00 00 2b 38 3c 00 00 00 00 00 d8 13 02 00 00 00 00 00 95 2c 01 00 00 00 00 00 cb 1b 01 00 00 00 00 00 70 0c 01 00 00 00 00 00 1c 00 00 00 21 12 00 00 8c 00 00 00 8a 06 00 00 5b 3e 00 00 f5 08 00 00 03 00 00 00 aa 12 00 00 00 00 00 00 fa 00 00 00
07 10 12 59 04 10 00 68 00 68 00 81 b8 47 bd 05 86 8e f4 0f 01 01 00 03 00 00 00 00 01 00 00 00 00 2b 38 3c 00 00 00 00 00 d8 13 02 00 00 00 00 00 95 2c 01 00 00 00 00 00 cb 1b 01 00 00 00 00 00 70 0c 01 00 00 00 00 00 1c 00 00 00 21 12 00 00 8c 00 00 00 8b 06 00 00 64 3e 00 00 f5 08 00 00 03 00 00 00 aa 12 00 00 00 00 00 00 fa 00 00 00
07 10 12 59 04 10 00 68 00 68 00 81 b8 d4 bc 09 86 8e f4 0f 01 01 00 03 00 00 00 00 01 00 00 00 00 2b 38 3c 00 00 00 00 00 d8 13 02 00 00 00 00 00 95 2c 01 00 00 00 00 00 cb 1b 01 00 00 00 00 00 70 0c 01 00 00 00 00 00 1c 00 00 00 21 12 00 00 8c 00 00 00 8b 06 00 00 64 3e 00 00 f5 08 00 00 03 00 00 00 aa 12 00 00 00 00 00 00 fa 00 00 00
07 10 12 59 04 10 00 68 00 68 00 81 b8 36 75 0b 86 8e f4 0f 01 01 00 03 00 00 00 00 01 00 00 00 00 2b 38 3c 00 00 00 00 00 d8 13 02 00 00 00 00 00 95 2c 01 00 00 00 00 00 cb 1b 01 00 00 00 00 00 70 0c 01 00 00 00 00 00 1c 00 00 00 21 12 00 00 8c 00 00 00 8b 06 00 00 64 3e 00 00 f5 08 00 00 03 00 00 00 aa 12 00 00 00 00 00 00 fa 00 00 00
07 10 12 59 04 10 00 68 00 68 00 81 b8 72 96 0e 86 8e f4 0f 01 01 00 03 00 00 00 00 01 00 00 00 00 2b 38 3c 00 00 00 00 00 d8 13 02 00 00 00 00 00 95 2c 01 00 00 00 00 00 cb 1b 01 00 00 00 00 00 70 0c 01 00 00 00 00 00 1c 00 00 00 21 12 00 00 8c 00 00 00 8b 06 00 00 64 3e 00 00 f5 08 00 00 03 00 00 00 aa 12 00 00 00 00 00 00 fa 00 00 00
07 10 12 59 04 10 00 68 00 68 00 81 b8 65 84 12 86 8e f4 0f 01 01 00 03 00 00 00 00 01 00 00 00 00 2b 38 3c 00 00 00 00 00 d8 13 02 00 00 00 00 00 95 2c 01 00 00 00 00 00 cb 1b 01 00 00 00 00 00 70 0c 01 00 00 00 00 00 1c 00 00 00 21 12 00 00 8c 00 00 00 8b 06 00 00 64 3e 00 00 f5 08 00 00 03 00 00 00 aa 12 00 00 00 00 00 00 fa 00 00 00
07 10 12 59 04 10 00 68 00 68 00 81 b8 3c 97 86 86 8e f4 0f 01 01 00 03 00 00 00 00 01 00 00 00 00 2b 38 3c 00 00 00 00 00 d8 13 02 00 00 00 00 00 95 2c 01 00 00 00 00 00 cb 1b 01 00 00 00 00 00 70 0c 01 00 00 00 00 00 1c 00 00 00 21 12 00 00 8c 00 00 00 8c 06 00 00 6d 3e 00 00 f5 08 00 00 03 00 00 00 aa 12 00 00 00 00 00 00 fa 00 00 00
07 10 12 59 04 10 00 68 00 68 00 81 b8 05 98 8a 86 8e f4 0f 01 01 00 03 00 00 00 00 01 00 00 00 00 2b 38 3c 00 00 00 00 00 d8 13 02 00 00 00 00 00 95 2c 01 00 00 00 00 00 cb 1b 01 00 00 00 00 00 70 0c 01 00 00 00 00 00 1c 00 00 00 21 12 00 00 8c 00 00 00 8c 06 00 00 6d 3e 00 00 f5 08 00 00 03 00 00 00 aa 12 00 00 00 00 00 00 fa 00 00 00
07 10 12 59 04 10 00 68 00 68 00 81 b8 34 75 8b 86 8e f4 0f 01 01 00 03 00 00 00 00 01 00 00 00 00 2b 38 3c 00 00 00 00 00 d8 13 02 00 00 00 00 00 95 2c 01 00 00 00 00 00 cb 1b 01 00 00 00 00 00 70 0c 01 00 00 00 00 00 1c 00 00 00 21 12 00 00 8c 00 00 00 8c 06 00 00 6d 3e 00 00 f5 08 00 00 03 00 00 00 aa 12 00 00 00 00 00 00 fa 00 00 00
07 10 12 59 04 10 00 68 00 68 00 81 b8 f9 95 8e 86 8e f4 0f 01 01 00 03 00 00 00 00 01 00 00 00 00 2b 38 3c 00 00 00 00 00 d8 13 02 00 00 00 00 00 95 2c 01 00 00 00 00 00 cb 1b 01 00 00 00 00 00 70 0c 01 00 00 00 00 00 1c 00 00 00 21 12 00 00 8c 00 00 00 8c 06 00 00 6d 3e 00 00 f5 08 00 00 03 00 00 00 aa 12 00 00 00 00 00 00 fa 00 00 00
07 10 12 59 04 10 00 68 00 68 00 81 b8 1e 97 92 86 8e f4 0f 01 01 00 03 00 00 00 00 01 00 00 00 00 2b 38 3c 00 00 00 00 00 d8 13 02 00 00 00 00 00 95 2c 01 00 00 00 00 00 cb 1b 01 00 00 00 00 00 70 0c 01 00 00 00 00 00 1c 00 00 00 21 12 00 00 8c 00 00 00 8c 06 00 00 6d 3e 00 00 f5 08 00 00 03 00 00 00 aa 12 00 00 00 00 00 00 fa 00 00 00
07 10 12 59 04 10 00 68 00 68 00 81 b8 a9 bd 05 87 8e f4 0f 01 01 00 03 00 00 00 00 01 00 00 00 00 2b 38 3c 00 00 00 00 00 d8 13 02 00 00 00 00 00 95 2c 01 00 00 00 00 00 cb 1b 01 00 00 00 00 00 70 0c 01 00 00 00 00 00 1c 00 00 00 21 12 00 00 8c 00 00 00 8d 06 00 00 78 3e 00 00 f5 08 00 00 03 00 00 00 aa 12 00 00 00 00 00 00 fa 00 00 00
07 10 12 59 04 10 00 68 00 68 00 81 b8 f1 bc 09 87 8e f4 0f 01 01 00 03 00 00 00 00 01 00 00 00 00 2b 38 3c 00 00 00 00 00 d8 13 02 00 00 00 00 00 95 2c 01 00 00 00 00 00 cb 1b 01 00 00 00 00 00 70 0c 01 00 00 00 00 00 1c 00 00 00 21 12 00 00 8c 00 00 00 8d 06 00 00 78 3e 00 00 f5 08 00 00 03 00 00 00 aa 12 00 00 00 00 00 00 fa 00 00 00
07 10 12 59 04 10 00 68 00 68 00 81 b8 97 76 0b 87 8e f4 0f 01 01 00 03 00 00 00 00 01 00 00 00 00 2b 38 3c 00 00 00 00 00 d8 13 02 00 00 00 00 00 95 2c 01 00 00 00 00 00 cb 1b 01 00 00 00 00 00 70 0c 01 00 00 00 00 00 1c 00 00 00 21 12 00 00 8c 00 00 00 8d 06 00 00 78 3e 00 00 f5 08 00 00 03 00 00 00 aa 12 00 00 00 00 00 00 fa 00 00 00
07 10 12 59 04 10 00 68 00 68 00 81 b8 0f 96 0e 87 8e f4 0f 01 01 00 03 00 00 00 00 01 00 00 00 00 2b 38 3c 00 00 00 00 00 d8 13 02 00 00 00 00 00 95 2c 01 00 00 00 00 00 cb 1b 01 00 00 00 00 00 70 0c 01 00 00 00 00 00 1c 00 00 00 21 12 00 00 8c 00 00 00 8d 06 00 00 78 3e 00 00 f5 08 00 00 03 00 00 00 aa 12 00 00 00 00 00 00 fa 00 00 00
07 10 12 59 04 10 00 68 00 68 00 81 b8 0d 83 12 87 8e f4 0f 01 01 00 03 00 00 00 00 01 00 00 00 00 2b 38 3c 00 00 00 00 00 d8 13 02 00 00 00 00 00 95 2c 01 00 00 00 00 00 cb 1b 01 00 00 00 00 00 70 0c 01 00 00 00 00 00 1c 00 00 00 21 12 00 00 8c 00 00 00 8d 06 00 00 78 3e 00 00 f5 08 00 00 03 00 00 00 aa 12 00 00 00 00 00 00 fa 00 00 00
07 10 12 59 04 10 00 68 00 68 00 81 b8 f3 75 87 87 8e f4 0f 01 01 00 03 00 00 00 00 01 00 00 00 00 2b 38 3c 00 00 00 00 00 d8 13 02 00 00 00 00 00 95 2c 01 00 00 00 00 00 cb 1b 01 00 00 00 00 00 70 0c 01 00 00 00 00 00 1c 00 00 00 21 12 00 00 8c 00 00 00 8e 06 00 00 83 3e 00 00 f5 08 00 00 03 00 00 00 aa 12 00 00 00 00 00 00 fa 00 00 00
07 10 12 59 04 10 00 68 00 68 00 81 b8 8c 75 8b 87 8e f4 0f 01 01 00 03 00 00 00 00 01 00 00 00 00 2b 38 3c 00 00 00 00 00 d8 13 02 00 00 00 00 00 95 2c 01 00 00 00 00 00 cb 1b 01 00 00 00 00 00 70 0c 01 00 00 00 00 00 1c 00 00 00 21 12 00 00 8c 00 00 00 8e 06 00 00 83 3e 00 00 f5 08 00 00 03 00 00 00 aa 12 00 00 00 00 00 00 fa 00 00 00
07 10 12 59 04 10 00 68 00 68 00 81 b8 ab 95 8e 87 8e f4 0f 01 01 00 03 00 00 00 00 01 00 00 00 00 2b 38 3c 00 00 00 00 00 d8 13 02 00 00 00 00 00 95 2c 01 00 00 00 00 00 cb 1b 01 00 00 00 00 00 70 0c 01 00 00 00 00 00 1c 00 00 00 21 12 00 00 8c 00 00 00 8e 06 00 00 83 3e 00 00 f5 08 00 00 03 00 00 00 aa 12 00 00 00 00 00 00 fa 00 00 00
07 10 12 59 04 10 00 68 00 68 00 81 b8 76 98 92 87 8e f4 0f 01 01 00 03 00 00 00 00 01 00 00 00 00 2b 38 3c 00 00 00 00 00 d8 13 02 00 00 00 00 00 95 2c 01 00 00 00 00 00 cb 1b 01 00 00 00 00 00 70 0c 01 00 00 00 00 00 1c 00 00 00 21 12 00 00 8c 00 00 00 8e 06 00 00 83 3e 00 00 f5 08 00 00 03 00 00 00 aa 12 00 00 00 00 00 00 fa 00 00 00
07 10 12 59 04 10 00 68 00 68 00 81 b8 b7 bd 05 88 8e f4 0f 01 01 00 03 00 00 00 00 01 00 00 00 00 2b 38 3c 00 00 00 00 00 d8 13 02 00 00 00 00 00 95 2c 01 00 00 00 00 00 cb 1b 01 00 00 00 00 00 70 0c 01 00 00 00 00 00 1c 00 00 00 21 12 00 00 8c 00 00 00 8f 06 00 00 8b 3e 00 00 f5 08 00 00 03 00 00 00 aa 12 00 00 00 00 00 00 fa 00 00 00
07 10 12 59 04 10 00 68 00 68 00 81 b8 8e be 09 88 8e f4 0f 01 01 00 03 00 00 00 00 01 00 00 00 00 2b 38 3c 00 00 00 00 00 d8 13 02 00 00 00 00 00 95 2c 01 00 00 00 00 00 cb 1b 01 00 00 00 00 00 70 0c 01 00 00 00 00 00 1c 00 00 00 21 12 00 00 8c 00 00 00 8f 06 00 00 8b 3e 00 00 f5 08 00 00 03 00 00 00 aa 12 00 00 00 00 00 00 fa 00 00 00
07 10 12 59 04 10 00 68 00 68 00 81 b8 4f 75 0b 88 8e f4 0f 01 01 00 03 00 00 00 00 01 00 00 00 00 2b 38 3c 00 00 00 00 00 d8 13 02 00 00 00 00 00 95 2c 01 00 00 00 00 00 cb 1b 01 00 00 00 00 00 70 0c 01 00 00 00 00 00 1c 00 00 00 21 12 00 00 8c 00 00 00 8f 06 00 00 8b 3e 00 00 f5 08 00 00 03 00 00 00 aa 12 00 00 00 00 00 00 fa 00 00 00
07 10 12 59 04 10 00 68 00 68 00 81 b8 11 96 0e 88 8e f4 0f 01 01 00 03 00 00 00 00 01 00 00 00 00 2b 38 3c 00 00 00 00 00 d8 13 02 00 00 00 00 00 95 2c 01 00 00 00 00 00 cb 1b 01 00 00 00 00 00 70 0c 01 00 00 00 00 00 1c 00 00 00 21 12 00 00 8c 00 00 00 8f 06 00 00 8b 3e 00 00 f5 08 00 00 03 00 00 00 aa 12 00 00 00 00 00 00 fa 00 00 00
07 10 12 59 04 10 00 68 00 68 00 81 b8 16 82 12 88 8e f4 0f 01 01 00 03 00 00 00 00 01 00 00 00 00 2b 38 3c 00 00 00 00 00 d8 13 02 00 00 00 00 00 95 2c 01 00 00 00 00 00 cb 1b 01 00 00 00 00 00 70 0c 01 00 00 00 00 00 1c 00 00 00 21 12 00 00 8c 00 00 00 8f 06 00 00 8b 3e 00 00 f5 08 00 00 03 00 00 00 aa 12 00 00 00 00 00 00 fa 00 00 00
07 10 12 59 04 10 00 68 00 68 00 81 b8 c2 96 86 88 8e f4 0f 01 01 00 03 00 00 00 00 01 00 00 00 00 2b 38 3c 00 00 00 00 00 d8 13 02 00 00 00 00 00 95 2c 01 00 00 00 00 00 cb 1b 01 00 00 00 00 00 70 0c 01 00 00 00 00 00 1c 00 00 00 21 12 00 00 8c 00 00 00 90 06 00 00 94 3e 00 00 f5 08 00 00 03 00 00 00 aa 12 00 00 00 00 00 00 fa 00 00 00
07 10 12 59 04 10 00 68 00 68 00 81 b8 dc 96 8a 88 8e f4 0f 01 01 00 03 00 00 00 00 01 00 00 00 00 2b 38 3c 00 00 00 00 00 d8 13 02 00 00 00 00 00 95 2c 01 00 00 00 00 00 cb 1b 01 00 00 00 00 00 70 0c 01 00 00 00 00 00 1c 00 00 00 21 12 00 00 8c 00 00 00 90 06 00 00 94 3e 00 00 f5 08 00 00 03 00 00 00 aa 12 00 00 00 00 00 00 fa 00 00 00
07 10 12 59 04 10 00 68 00 68 00 81 b8 de 75 8b 88 8e f4 0f 01 01 00 03 00 00 00 00 01 00 00 00 00 2b 38 3c 00 00 00 00 00 d8 13 02 00 00 00 00 00 95 2c 01 00 00 00 00 00 cb 1b 01 00 00 00 00 00 70 0c 01 00 00 00 00 00 1c 00 00 00 21 12 00 00 8c 00 00 00 90 06 00 00 94 3e 00 00 f5 08 00 00 03 00 00 00 aa 12 00 00 00 00 00 00 fa 00 00 00
07 10 12 59 04 10 00 68 00 68 00 81 b8 b3 95 8e 88 8e f4 0f 01 01 00 03 00 00 00 00 01 00 00 00 00 2b 38 3c 00 00 00 00 00 d8 13 02 00 00 00 00 00 95 2c 01 00 00 00 00 00 cb 1b 01 00 00 00 00 00 70 0c 01 00 00 00 00 00 1c 00 00 00 21 12 00 00 8c 00 00 00 90 06 00 00 94 3e 00 00 f5 08 00 00 03 00 00 00 aa 12 00 00 00 00 00 00 fa 00 00 00
07 10 12 59 04 10 00 68 00 68 00 81 b8 99 96 92 88 8e f4 0f 01 01 00 03 00 00 00 00 01 00 00 00 00 2b 38 3c 00 00 00 00 00 d8 13 02 00 00 00 00 00 95 2c 01 00 00 00 00 00 cb 1b 01 00 00 00 00 00 70 0c 01 00 00 00 00 00 1c 00 00 00 21 12 00 00 8c 00 00 00 90 06 00 00 94 3e 00 00 f5 08 00 00 03 00 00 00 aa 12 00 00 00 00 00 00 fa 00 00 00
07 10 12 59 04 10 00 68 00 68 00 81 b8 36 0f 01 89 8e f4 0f 01 01 00 03 00 00 00 00 01 00 00 00 00 2b 38 3c 00 00 00 00 00 d8 13 02 00 00 00 00 00 95 2c 01 00 00 00 00 00 cb 1b 01 00 00 00 00 00 70 0c 01 00 00 00 00 00 1c 00 00 00 21 12 00 00 8c 00 00 00 90 06 00 00 94 3e 00 00 f5 08 00 00 03 00 00 00 aa 12 00 00 00 00 00 00 fa 00 00 00
07 10 12 59 04 10 00 68 00 68 00 81 b8 b7 24 05 89 8e f4 0f 01 01 00 03 00 00 00 00 01 00 00 00 00 2b 38 3c 00 00 00 00 00 d8 13 02 00 00 00 00 00 95 2c 01 00 00 00 00 00 cb 1b 01 00 00 00 00 00 70 0c 01 00 00 00 00 00 1c 00 00 00 21 12 00 00 8c 00 00 00 91 06 00 00 9d 3e 00 00 f5 08 00 00 03 00 00 00 aa 12 00 00 00 00 00 00 fa 00 00 00
07 10 12 59 04 10 00 68 00 68 00 81 b8 74 29 09 89 8e f4 0f 01 01 00 03 00 00 00 00 01 00 00 00 00 2b 38 3c 00 00 00 00 00 d8 13 02 00 00 00 00 00 95 2c 01 00 00 00 00 00 cb 1b 01 00 00 00 00 00 70 0c 01 00 00 00 00 00 1c 00 00 00 21 12 00 00 8c 00 00 00 91 06 00 00 9d 3e 00 00 f5 08 00 00 03 00 00 00 aa 12 00 00 00 00 00 00 fa 00 00 00
07 10 12 59 04 10 00 68 00 68 00 81 b8 24 76 0b 89 8e f4 0f 01 01 00 03 00 00 00 00 01 00 00 00 00 2b 38 3c 00 00 00 00 00 d8 13 02 00 00 00 00 00 95 2c 01 00 00 00 00 00 cb 1b 01 00 00 00 00 00 70 0c 01 00 00 00 00 00 1c 00 00 00 21 12 00 00 8c 00 00 00 91 06 00 00 9d 3e 00 00 f5 08 00 00 03 00 00 00 aa 12 00 00 00 00 00 00 fa 00 00 00
07 10 12 59 04 10 00 68 00 68 00 81 b8 eb 4e 84 89 8e f4 0f 01 01 00 03 00 00 00 00 01 00 00 00 00 2b 38 3c 00 00 00 00 00 d8 13 02 00 00 00 00 00 95 2c 01 00 00 00 00 00 cb 1b 01 00 00 00 00 00 70 0c 01 00 00 00 00 00 1c 00 00 00 21 12 00 00 8c 00 00 00 91 06 00 00 9d 3e 00 00 f5 08 00 00 03 00 00 00 aa 12 00 00 00 00 00 00 fa 00 00 00
07 10 12 59 04 10 00 68 00 68 00 81 b8 16 37 88 89 8e f4 0f 01 01 00 03 00 00 00 00 01 00 00 00 00 2b 38 3c 00 00 00 00 00 d8 13 02 00 00 00 00 00 95 2c 01 00 00 00 00 00 cb 1b 01 00 00 00 00 00 70 0c 01 00 00 00 00 00 1c 00 00 00 21 12 00 00 8c 00 00 00 92 06 00 00 a8 3e 00 00 f5 08 00 00 03 00 00 00 aa 12 00 00 00 00 00 00 fa 00 00 00
07 10 12 59 04 10 00 68 00 68 00 81 b8 d0 74 8b 89 8e f4 0f 01 01 00 03 00 00 00 00 01 00 00 00 00 2b 38 3c 00 00 00 00 00 d8 13 02 00 00 00 00 00 95 2c 01 00 00 00 00 00 cb 1b 01 00 00 00 00 00 70 0c 01 00 00 00 00 00 1c 00 00 00 21 12 00 00 8c 00 00 00 92 06 00 00 a8 3e 00 00 f5 08 00 00 03 00 00 00 aa 12 00 00 00 00 00 00 fa 00 00 00
07 10 12 59 04 10 00 68 00 68 00 81 b8 ad 95 8e 89 8e f4 0f 01 01 00 03 00 00 00 00 01 00 00 00 00 2b 38 3c 00 00 00 00 00 d8 13 02 00 00 00 00 00 95 2c 01 00 00 00 00 00 cb 1b 01 00 00 00 00 00 70 0c 01 00 00 00 00 00 1c 00 00 00 21 12 00 00 8c 00 00 00 92 06 00 00 a8 3e 00 00 f5 08 00 00 03 00 00 00 aa 12 00 00 00 00 00 00 fa 00 00 00
07 10 12 59 04 10 00 68 00 68 00 81 b8 b1 96 92 89 8e f4 0f 01 01 00 03 00 00 00 00 01 00 00 00 00 2b 38 3c 00 00 00 00 00 d8 13 02 00 00 00 00 00 95 2c 01 00 00 00 00 00 cb 1b 01 00 00 00 00 00 70 0c 01 00 00 00 00 00 1c 00 00 00 21 12 00 00 8c 00 00 00 92 06 00 00 a8 3e 00 00 f5 08 00 00 03 00 00 00 aa 12 00 00 00 00 00 00 fa 00 00 00
07 10 12 59 04 10 00 68 00 68 00 81 b8 3f bd 05 8a 8e f4 0f 01 01 00 03 00 00 00 00 01 00 00 00 00 2b 38 3c 00 00 00 00 00 d8 13 02 00 00 00 00 00 95 2c 01 00 00 00 00 00 cb 1b 01 00 00 00 00 00 70 0c 01 00 00 00 00 00 1c 00 00 00 21 12 00 00 8c 00 00 00 93 06 00 00 af 3e 00 00 f5 08 00 00 03 00 00 00 aa 12 00 00 00 00 00 00 fa 00 00 00
07 10 12 59 04 10 00 68 00 68 00 81 b8 18 bd 09 8a 8e f4 0f 01 01 00 03 00 00 00 00 01 00 00 00 00 2b 38 3c 00 00 00 00 00 d8 13 02 00 00 00 00 00 95 2c 01 00 00 00 00 00 cb 1b 01 00 00 00 00 00 70 0c 01 00 00 00 00 00 1c 00 00 00 21 12 00 00 8c 00 00 00 93 06 00 00 af 3e 00 00 f5 08 00 00 03 00 00 00 aa 12 00 00 00 00 00 00 fa 00 00 00
07 10 12 59 04 10 00 68 00 68 00 81 b8 74 75 0b 8a 8e f4 0f 01 01 00 03 00 00 00 00 01 00 00 00 00 2b 38 3c 00 00 00 00 00 d8 13 02 00 00 00 00 00 95 2c 01 00 00 00 00 00 cb 1b 01 00 00 00 00 00 70 0c 01 00 00 00 00 00 1c 00 00 00 21 12 00 00 8c 00 00 00 93 06 00 00 af 3e 00 00 f5 08 00 00 03 00 00 00 aa 12 00 00 00 00 00 00 fa 00 00 00
07 10 12 59 04 10 00 68 00 68 00 81 b8 b7 95 0e 8a 8e f4 0f 01 01 00 03 00 00 00 00 01 00 00 00 00 2b 38 3c 00 00 00 00 00 d8 13 02 00 00 00 00 00 95 2c 01 00 00 00 00 00 cb 1b 01 00 00 00 00 00 70 0c 01 00 00 00 00 00 1c 00 00 00 21 12 00 00 8c 00 00 00 93 06 00 00 af 3e 00 00 f5 08 00 00 03 00 00 00 aa 12 00 00 00 00 00 00 fa 00 00 00
07 10 12 59 04 10 00 68 00 68 00 81 b8 4b 84 12 8a 8e f4 0f 01 01 00 03 00 00 00 00 01 00 00 00 00 2b 38 3c 00 00 00 00 00 d8 13 02 00 00 00 00 00 95 2c 01 00 00 00 00 00 cb 1b 01 00 00 00 00 00 70 0c 01 00 00 00 00 00 1c 00 00 00 21 12 00 00 8c 00 00 00 93 06 00 00 af 3e 00 00 f5 08 00 00 03 00 00 00 aa 12 00 00 00 00 00 00 fa 00 00 00
07 10 12 59 04 10 00 68 00 68 00 81 b8 bb 96 86 8a 8e f4 0f 01 01 00 03 00 00 00 00 01 00 00 00 00 2b 38 3c 00 00 00 00 00 d8 13 02 00 00 00 00 00 95 2c 01 00 00 00 00 00 cb 1b 01 00 00 00 00 00 70 0c 01 00 00 00 00 00 1c 00 00 00 21 12 00 00 8c 00 00 00 94 06 00 00 b8 3e 00 00 f5 08 00 00 03 00 00 00 aa 12 00 00 00 00 00 00 fa 00 00 00
07 10 12 59 04 10 00 68 00 68 00 81 b8 95 97 8a 8a 8e f4 0f 01 01 00 03 00 00 00 00 01 00 00 00 00 37 38 3c 00 00 00 00 00 d8 13 02 00 00 00 00 00 95 2c 01 00 00 00 00 00 ce 1b 01 00 00 00 00 00 8f 0c 01 00 00 00 00 00 1c 00 00 00 22 12 00 00 8c 00 00 00 94 06 00 00 b8 3e 00 00 f6 08 00 00 03 00 00 00 ab 12 00 00 00 00 00 00 fa 00 00 00
07 10 12 59 04 10 00 68 00 68 00 81 b8 9d 95 8e 8a 8e f4 0f 01 01 00 03 00 00 00 00 01 00 00 00 00 08 39 3c 00 00 00 00 00 d8 13 02 00 00 00 00 00 97 2c 01 00 00 00 00 00 e1 1b 01 00 00 00 00 00 8f 0c 01 00 00 00 00 00 20 00 00 00 23 12 00 00 8c 00 00 00 94 06 00 00 b8 3e 00 00 f6 08 00 00 03 00 00 00 ac 12 00 00 00 00 00 00 fa 00 00 00
07 10 12 59 04 10 00 34 00 34 00 87 b8 47 23 91 8a 8e f4 0f 01 06 00 03 00 00 00 00 01 01 01 72 00 01 00 00 00 01 72 04 18 f6 81 b3 26 80 03 80 0c 01 78 00 21 03 00 61 00 18 ee 02 1c
07 10 12 59 04 10 00 68 00 68 00 81 b8 b7 96 92 8a 8e f4 0f 01 01 00 03 00 00 00 00 01 00 00 00 00 08 39 3c 00 00 00 00 00 d8 13 02 00 00 00 00 00 97 2c 01 00 00 00 00 00 e1 1b 01 00 00 00 00 00 8f 0c 01 00 00 00 00 00 20 00 00 00 23 12 00 00 8c 00 00 00 94 06 00 00 b8 3e 00 00 f6 08 00 00 03 00 00 00 ac 12 00 00 00 00 00 00 fa 00 00 00
07 10 12 59 04 10 00 68 00 68 00 81 b8 57 96 96 8a 8e f4 0f 01 01 00 03 00 00 00 00 01 00 00 00 00 a1 39 3c 00 00 00 00 00 d8 13 02 00 00 00 00 00 a1 2c 01 00 00 00 00 00 e4 1b 01 00 00 00 00 00 8f 0c 01 00 00 00 00 00 20 00 00 00 24 12 00 00 8c 00 00 00 94 06 00 00 b8 3e 00 00 f6 08 00 00 03 00 00 00 ad 12 00 00 00 00 00 00 fa 00 00 00
07 10 12 59 04 10 00 68 00 68 00 81 b8 0d 96 9a 8a 8e f4 0f 01 01 00 03 00 00 00 00 01 00 00 00 00 a1 39 3c 00 00 00 00 00 d8 13 02 00 00 00 00 00 a1 2c 01 00 00 00 00 00 e4 1b 01 00 00 00 00 00 8f 0c 01 00 00 00 00 00 20 00 00 00 24 12 00 00 8c 00 00 00 94 06 00 00 b8 3e 00 00 f6 08 00 00 03 00 00 00 ad 12 00 00 00 00 00 00 fa 00 00 00
07 10 12 59 04 10 00 68 00 68 00 81 b8 d8 95 9e 8a 8e f4 0f 01 01 00 03 00 00 00 00 01 00 00 00 00 a1 39 3c 00 00 00 00 00 d8 13 02 00 00 00 00 00 a1 2c 01 00 00 00 00 00 e4 1b 01 00 00 00 00 00 8f 0c 01 00 00 00 00 00 20 00 00 00 24 12 00 00 8c 00 00 00 94 06 00 00 b8 3e 00 00 f6 08 00 00 03 00 00 00 ad 12 00 00 00 00 00 00 fa 00 00 00
07 10 12 59 04 10 00 68 00 68 00 81 b8 63 96 a2 8a 8e f4 0f 01 01 00 03 00 00 00 00 01 00 00 00 00 a1 39 3c 00 00 00 00 00 d8 13 02 00 00 00 00 00 a1 2c 01 00 00 00 00 00 e4 1b 01 00 00 00 00 00 8f 0c 01 00 00 00 00 00 20 00 00 00 24 12 00 00 8c 00 00 00 94 06 00 00 b8 3e 00 00 f6 08 00 00 03 00 00 00 ad 12 00 00 00 00 00 00 fa 00 00 00
07 10 12 59 04 10 00 68 00 68 00 81 b8 f3 95 a6 8a 8e f4 0f 01 01 00 03 00 00 00 00 01 00 00 00 00 a1 39 3c 00 00 00 00 00 d8 13 02 00 00 00 00 00 a1 2c 01 00 00 00 00 00 e4 1b 01 00 00 00 00 00 8f 0c 01 00 00 00 00 00 20 00 00 00 24 12 00 00 8c 00 00 00 94 06 00 00 b8 3e 00 00 f6 08 00 00 03 00 00 00 ad 12 00 00 00 00 00 00 fa 00 00 00
07 10 12 59 04 10 00 68 00 68 00 81 b8 22 96 aa 8a 8e f4 0f 01 01 00 03 00 00 00 00 01 00 00 00 00 a1 39 3c 00 00 00 00 00 d8 13 02 00 00 00 00 00 a1 2c 01 00 00 00 00 00 e4 1b 01 00 00 00 00 00 8f 0c 01 00 00 00 00 00 20 00 00 00 24 12 00 00 8c 00 00 00 94 06 00 00 b8 3e 00 00 f6 08 00 00 03 00 00 00 ad 12 00 00 00 00 00 00 fa 00 00 00
07 10 12 59 04 10 00 68 00 68 00 81 b8 eb 96 ae 8a 8e f4 0f 01 01 00 03 00 00 00 00 01 00 00 00 00 a1 39 3c 00 00 00 00 00 d8 13 02 00 00 00 00 00 a1 2c 01 00 00 00 00 00 e4 1b 01 00 00 00 00 00 8f 0c 01 00 00 00 00 00 20 00 00 00 24 12 00 00 8c 00 00 00 94 06 00 00 b8 3e 00 00 f6 08 00 00 03 00 00 00 ad 12 00 00 00 00 00 00 fa 00 00 00
07 10 12 59 04 10 00 68 00 68 00 81 b8 7a 96 b2 8a 8e f4 0f 01 01 00 03 00 00 00 00 01 00 00 00 00 a1 39 3c 00 00 00 00 00 d8 13 02 00 00 00 00 00 a1 2c 01 00 00 00 00 00 e4 1b 01 00 00 00 00 00 8f 0c 01 00 00 00 00 00 20 00 00 00 24 12 00 00 8c 00 00 00 94 06 00 00 b8 3e 00 00 f6 08 00 00 03 00 00 00 ad 12 00 00 00 00 00 00 fa 00 00 00
07 10 12 59 04 10 00 68 00 68 00 81 b8 11 96 b6 8a 8e f4 0f 01 01 00 03 00 00 00 00 01 00 00 00 00 a1 39 3c 00 00 00 00 00 d8 13 02 00 00 00 00 00 a1 2c 01 00 00 00 00 00 e4 1b 01 00 00 00 00 00 8f 0c 01 00 00 00 00 00 20 00 00 00 24 12 00 00 8c 00 00 00 94 06 00 00 b8 3e 00 00 f6 08 00 00 03 00 00 00 ad 12 00 00 00 00 00 00 fa 00 00 00
07 10 12 59 04 10 00 68 00 68 00 81 b8 38 96 ba 8a 8e f4 0f 01 01 00 03 00 00 00 00 01 00 00 00 00 a1 39 3c 00 00 00 00 00 d8 13 02 00 00 00 00 00 a1 2c 01 00 00 00 00 00 e4 1b 01 00 00 00 00 00 8f 0c 01 00 00 00 00 00 20 00 00 00 24 12 00 00 8c 00 00 00 94 06 00 00 b8 3e 00 00 f6 08 00 00 03 00 00 00 ad 12 00 00 00 00 00 00 fa 00 00 00
07 10 12 59 04 10 00 68 00 68 00 81 b8 36 96 be 8a 8e f4 0f 01 01 00 03 00 00 00 00 01 00 00 00 00 a1 39 3c 00 00 00 00 00 d8 13 02 00 00 00 00 00 a1 2c 01 00 00 00 00 00 e4 1b 01 00 00 00 00 00 8f 0c 01 00 00 00 00 00 20 00 00 00 24 12 00 00 8c 00 00 00 94 06 00 00 b8 3e 00 00 f6 08 00 00 03 00 00 00 ad 12 00 00 00 00 00 00 fa 00 00 00
07 10 12 59 04 10 00 68 00 68 00 81 b8 63 96 c2 8a 8e f4 0f 01 01 00 03 00 00 00 00 01 00 00 00 00 a1 39 3c 00 00 00 00 00 d8 13 02 00 00 00 00 00 a1 2c 01 00 00 00 00 00 e4 1b 01 00 00 00 00 00 8f 0c 01 00 00 00 00 00 20 00 00 00 24 12 00 00 8c 00 00 00 94 06 00 00 b8 3e 00 00 f6 08 00 00 03 00 00 00 ad 12 00 00 00 00 00 00 fa 00 00 00
07 10 12 59 04 10 00 68 00 68 00 81 b8 ef 95 c6 8a 8e f4 0f 01 01 00 03 00 00 00 00 01 00 00 00 00 a1 39 3c 00 00 00 00 00 d8 13 02 00 00 00 00 00 a1 2c 01 00 00 00 00 00 e4 1b 01 00 00 00 00 00 8f 0c 01 00 00 00 00 00 20 00 00 00 24 12 00 00 8c 00 00 00 94 06 00 00 b8 3e 00 00 f6 08 00 00 03 00 00 00 ad 12 00 00 00 00 00 00 fa 00 00 00
07 10 12 59 04 10 00 68 00 68 00 81 b8 24 96 ca 8a 8e f4 0f 01 01 00 03 00 00 00 00 01 00 00 00 00 a1 39 3c 00 00 00 00 00 d8 13 02 00 00 00 00 00 a1 2c 01 00 00 00 00 00 e4 1b 01 00 00 00 00 00 8f 0c 01 00 00 00 00 00 20 00 00 00 24 12 00 00 8c 00 00 00 94 06 00 00 b8 3e 00 00 f6 08 00 00 03 00 00 00 ad 12 00 00 00 00 00 00 fa 00 00 00
07 10 12 59 04 10 00 68 00 68 00 81 b8 f7 95 ce 8a 8e f4 0f 01 01 00 03 00 00 00 00 01 00 00 00 00 a1 39 3c 00 00 00 00 00 d8 13 02 00 00 00 00 00 a1 2c 01 00 00 00 00 00 e4 1b 01 00 00 00 00 00 8f 0c 01 00 00 00 00 00 20 00 00 00 24 12 00 00 8c 00 00 00 94 06 00 00 b8 3e 00 00 f6 08 00 00 03 00 00 00 ad 12 00 00 00 00 00 00 fa 00 00 00
07 10 12 59 04 10 00 68 00 68 00 81 b8 c8 95 d2 8a 8e f4 0f 01 01 00 03 00 00 00 00 01 00 00 00 00 a1 39 3c 00 00 00 00 00 d8 13 02 00 00 00 00 00 a1 2c 01 00 00 00 00 00 e4 1b 01 00 00 00 00 00 8f 0c 01 00 00 00 00 00 20 00 00 00 24 12 00 00 8c 00 00 00 94 06 00 00 b8 3e 00 00 f6 08 00 00 03 00 00 00 ad 12 00 00 00 00 00 00 fa 00 00 00
07 10 12 59 04 10 00 68 00 68 00 81 b8 ad 96 d6 8a 8e f4 0f 01 01 00 03 00 00 00 00 01 00 00 00 00 a1 39 3c 00 00 00 00 00 d8 13 02 00 00 00 00 00 a1 2c 01 00 00 00 00 00 e4 1b 01 00 00 00 00 00 8f 0c 01 00 00 00 00 00 20 00 00 00 24 12 00 00 8c 00 00 00 94 06 00 00 b8 3e 00 00 f6 08 00 00 03 00 00 00 ad 12 00 00 00 00 00 00 fa 00 00 00
07 10 12 59 04 10 00 68 00 68 00 81 b8 eb 96 da 8a 8e f4 0f 01 01 00 03 00 00 00 00 01 00 00 00 00 a1 39 3c 00 00 00 00 00 d8 13 02 00 00 00 00 00 a1 2c 01 00 00 00 00 00 e4 1b 01 00 00 00 00 00 8f 0c 01 00 00 00 00 00 20 00 00 00 24 12 00 00 8c 00 00 00 94 06 00 00 b8 3e 00 00 f6 08 00 00 03 00 00 00 ad 12 00 00 00 00 00 00 fa 00 00 00
07 10 12 59 04 10 00 68 00 68 00 81 b8 b3 95 de 8a 8e f4 0f 01 01 00 03 00 00 00 00 01 00 00 00 00 a1 39 3c 00 00 00 00 00 d8 13 02 00 00 00 00 00 a1 2c 01 00 00 00 00 00 e4 1b 01 00 00 00 00 00 8f 0c 01 00 00 00 00 00 20 00 00 00 24 12 00 00 8c 00 00 00 94 06 00 00 b8 3e 00 00 f6 08 00 00 03 00 00 00 ad 12 00 00 00 00 00 00 fa 00 00 00
07 10 12 59 04 10 00 68 00 68 00 81 b8 59 96 e2 8a 8e f4 0f 01 01 00 03 00 00 00 00 01 00 00 00 00 a1 39 3c 00 00 00 00 00 d8 13 02 00 00 00 00 00 a1 2c 01 00 00 00 00 00 e4 1b 01 00 00 00 00 00 8f 0c 01 00 00 00 00 00 20 00 00 00 24 12 00 00 8c 00 00 00 94 06 00 00 b8 3e 00 00 f6 08 00 00 03 00 00 00 ad 12 00 00 00 00 00 00 fa 00 00 00
07 10 12 59 04 10 00 68 00 68 00 81 b8 22 03 e4 8a 8e f4 0f 01 01 00 03 00 00 00 00 01 00 00 00 00 a1 39 3c 00 00 00 00 00 d8 13 02 00 00 00 00 00 a1 2c 01 00 00 00 00 00 e4 1b 01 00 00 00 00 00 8f 0c 01 00 00 00 00 00 20 00 00 00 24 12 00 00 8c 00 00 00 94 06 00 00 b8 3e 00 00 f6 08 00 00 03 00 00 00 ad 12 00 00 00 00 00 00 fa 00 00 00
07 10 12 59 05 10 00 68 00 68 00 81 b8 43 45 04 8b 8e f4 0f 01 01 00 03 00 00 00 00 01 00 00 00 00 a1 39 3c 00 00 00 00 00 d8 13 02 00 00 00 00 00 a1 2c 01 00 00 00 00 00 e4 1b 01 00 00 00 00 00 8f 0c 01 00 00 00 00 00 20 00 00 00 24 12 00 00 8c 00 00 00 94 06 00 00 b8 3e 00 00 f6 08 00 00 03 00 00 00 ad 12 00 00 00 00 00 00 fa 00 00 00
07 10 12 59 05 10 00 68 00 68 00 81 b8 49 37 08 8b 8e f4 0f 01 01 00 03 00 00 00 00 01 00 00 00 00 a1 39 3c 00 00 00 00 00 d8 13 02 00 00 00 00 00 a1 2c 01 00 00 00 00 00 e4 1b 01 00 00 00 00 00 8f 0c 01 00 00 00 00 00 20 00 00 00 24 12 00 00 8c 00 00 00 95 06 00 00 c1 3e 00 00 f6 08 00 00 03 00 00 00 ad 12 00 00 00 00 00 00 fa 00 00 00
07 10 12 59 05 10 00 68 00 68 00 81 b8 67 76 0b 8b 8e f4 0f 01 01 00 03 00 00 00 00 01 00 00 00 00 a1 39 3c 00 00 00 00 00 d8 13 02 00 00 00 00 00 a1 2c 01 00 00 00 00 00 e4 1b 01 00 00 00 00 00 8f 0c 01 00 00 00 00 00 20 00 00 00 24 12 00 00 8c 00 00 00 95 06 00 00 c1 3e 00 00 f6 08 00 00 03 00 00 00 ad 12 00 00 00 00 00 00 fa 00 00 00
07 10 12 59 05 10 00 68 00 68 00 81 b8 c8 53 84 8b 8e f4 0f 01 01 00 03 00 00 00 00 01 00 00 00 00 a1 39 3c 00 00 00 00 00 d8 13 02 00 00 00 00 00 a1 2c 01 00 00 00 00 00 e4 1b 01 00 00 00 00 00 8f 0c 01 00 00 00 00 00 20 00 00 00 24 12 00 00 8c 00 00 00 95 06 00 00 c1 3e 00 00 f6 08 00 00 03 00 00 00 ad 12 00 00 00 00 00 00 fa 00 00 00
07 10 12 59 05 10 00 68 00 68 00 81 b8 4f 36 88 8b 8e f4 0f 01 01 00 03 00 00 00 00 01 00 00 00 00 a1 39 3c 00 00 00 00 00 d8 13 02 00 00 00 00 00 a1 2c 01 00 00 00 00 00 e4 1b 01 00 00 00 00 00 8f 0c 01 00 00 00 00 00 20 00 00 00 24 12 00 00 8c 00 00 00 95 06 00 00 cc 3e 00 00 f6 08 00 00 03 00 00 00 ad 12 00 00 00 00 00 00 fa 00 00 00
07 10 12 59 05 10 00 68 00 68 00 81 b8 e6 74 8b 8b 8e f4 0f 01 01 00 03 00 00 00 00 01 00 00 00 00 a1 39 3c 00 00 00 00 00 d8 13 02 00 00 00 00 00 a1 2c 01 00 00 00 00 00 e4 1b 01 00 00 00 00 00 8f 0c 01 00 00 00 00 00 20 00 00 00 24 12 00 00 8c 00 00 00 95 06 00 00 cc 3e 00 00 f6 08 00 00 03 00 00 00 ad 12 00 00 00 00 00 00 fa 00 00 00
07 10 12 59 05 10 00 68 00 68 00 81 b8 63 4d 04 8c 8e f4 0f 01 01 00 03 00 00 00 00 01 00 00 00 00 a1 39 3c 00 00 00 00 00 d8 13 02 00 00 00 00 00 a1 2c 01 00 00 00 00 00 e4 1b 01 00 00 00 00 00 8f 0c 01 00 00 00 00 00 20 00 00 00 24 12 00 00 8c 00 00 00 95 06 00 00 cc 3e 00 00 f6 08 00 00 03 00 00 00 ad 12 00 00 00 00 00 00 fa 00 00 00
07 10 12 59 05 10 00 68 00 68 00 81 b8 45 36 08 8c 8e f4 0f 01 01 00 03 00 00 00 00 01 00 00 00 00 a1 39 3c 00 00 00 00 00 d8 13 02 00 00 00 00 00 a1 2c 01 00 00 00 00 00 e4 1b 01 00 00 00 00 00 8f 0c 01 00 00 00 00 00 20 00 00 00 24 12 00 00 8c 00 00 00 96 06 00 00 d3 3e 00 00 f6 08 00 00 03 00 00 00 ad 12 00 00 00 00 00 00 fa 00 00 00
07 10 12 59 05 10 00 68 00 68 00 81 b8 14 74 0b 8c 8e f4 0f 01 01 00 03 00 00 00 00 01 00 00 00 00 a1 39 3c 00 00 00 00 00 d8 13 02 00 00 00 00 00 a1 2c 01 00 00 00 00 00 e4 1b 01 00 00 00 00 00 8f 0c 01 00 00 00 00 00 20 00 00 00 24 12 00 00 8c 00 00 00 96 06 00 00 d3 3e 00 00 f6 08 00 00 03 00 00 00 ad 12 00 00 00 00 00 00 fa 00 00 00
07 10 12 59 05 10 00 68 00 68 00 81 b8 97 95 0e 8c 8e f4 0f 01 01 00 03 00 00 00 00 01 00 00 00 00 a1 39 3c 00 00 00 00 00 d8 13 02 00 00 00 00 00 a1 2c 01 00 00 00 00 00 e4 1b 01 00 00 00 00 00 8f 0c 01 00 00 00 00 00 20 00 00 00 24 12 00 00 8c 00 00 00 96 06 00 00 d3 3e 00 00 f6 08 00 00 03 00 00 00 ad 12 00 00 00 00 00 00 fa 00 00 00
07 10 12 59 05 10 00 68 00 68 00 81 b8 20 96 12 8c 8e f4 0f 01 01 00 03 00 00 00 00 01 00 00 00 00 a1 39 3c 00 00 00 00 00 d8 13 02 00 00 00 00 00 a1 2c 01 00 00 00 00 00 e4 1b 01 00 00 00 00 00 8f 0c 01 00 00 00 00 00 20 00 00 00 24 12 00 00 8c 00 00 00 96 06 00 00 d3 3e 00 00 f6 08 00 00 03 00 00 00 ad 12 00 00 00 00 00 00 fa 00 00 00
07 10 12 59 05 10 00 68 00 68 00 81 b8 f5 02 86 8c 8e f4 0f 01 01 00 03 00 00 00 00 01 00 00 00 00 a1 39 3c 00 00 00 00 00 d8 13 02 00 00 00 00 00 a1 2c 01 00 00 00 00 00 e4 1b 01 00 00 00 00 00 8f 0c 01 00 00 00 00 00 20 00 00 00 24 12 00 00 8c 00 00 00 97 06 00 00 dc 3e 00 00 f6 08 00 00 03 00 00 00 ad 12 00 00 00 00 00 00 fa 00 00 00
07 10 12 59 05 10 00 68 00 68 00 81 b8 0f bc 89 8c 8e f4 0f 01 01 00 03 00 00 00 00 01 00 00 00 00 a1 39 3c 00 00 00 00 00 d8 13 02 00 00 00 00 00 a1 2c 01 00 00 00 00 00 e4 1b 01 00 00 00 00 00 8f 0c 01 00 00 00 00 00 20 00 00 00 24 12 00 00 8c 00 00 00 97 06 00 00 dc 3e 00 00 f6 08 00 00 03 00 00 00 ad 12 00 00 00 00 00 00 fa 00 00 00
07 10 12 59 05 10 00 68 00 68 00 81 b8 32 75 8b 8c 8e f4 0f 01 01 00 03 00 00 00 00 01 00 00 00 00 a1 39 3c 00 00 00 00 00 d8 13 02 00 00 00 00 00 a1 2c 01 00 00 00 00 00 e4 1b 01 00 00 00 00 00 8f 0c 01 00 00 00 00 00 20 00 00 00 24 12 00 00 8c 00 00 00 97 06 00 00 dc 3e 00 00 f6 08 00 00 03 00 00 00 ad 12 00 00 00 00 00 00 fa 00 00 00
07 10 12 59 05 10 00 68 00 68 00 81 b8 3a 6e ff 8c 8e f4 0f 01 01 00 03 00 00 00 00 01 00 00 00 00 a1 39 3c 00 00 00 00 00 d8 13 02 00 00 00 00 00 a1 2c 01 00 00 00 00 00 e4 1b 01 00 00 00 00 00 8f 0c 01 00 00 00 00 00 20 00 00 00 24 12 00 00 8c 00 00 00 97 06 00 00 dc 3e 00 00 f6 08 00 00 03 00 00 00 ad 12 00 00 00 00 00 00 fa 00 00 00
07 10 12 59 05 10 00 68 00 68 00 81 b8 a5 7c 03 8d 8e f4 0f 01 01 00 03 00 00 00 00 01 00 00 00 00 a1 39 3c 00 00 00 00 00 d8 13 02 00 00 00 00 00 a1 2c 01 00 00 00 00 00 e4 1b 01 00 00 00 00 00 8f 0c 01 00 00 00 00 00 20 00 00 00 24 12 00 00 8c 00 00 00 97 06 00 00 dc 3e 00 00 f6 08 00 00 03 00 00 00 ad 12 00 00 00 00 00 00 fa 00 00 00
07 10 12 59 05 10 00 68 00 68 00 81 b8 63 73 07 8d 8e f4 0f 01 01 00 03 00 00 00 00 01 00 00 00 00 a1 39 3c 00 00 00 00 00 d8 13 02 00 00 00 00 00 a1 2c 01 00 00 00 00 00 e4 1b 01 00 00 00 00 00 8f 0c 01 00 00 00 00 00 20 00 00 00 24 12 00 00 8c 00 00 00 98 06 00 00 e5 3e 00 00 f6 08 00 00 03 00 00 00 ad 12 00 00 00 00 00 00 fa 00 00 00
07 10 12 59 05 10 00 68 00 68 00 81 b8 36 75 0b 8d 8e f4 0f 01 01 00 03 00 00 00 00 01 00 00 00 00 a1 39 3c 00 00 00 00 00 d8 13 02 00 00 00 00 00 a1 2c 01 00 00 00 00 00 e4 1b 01 00 00 00 00 00 8f 0c 01 00 00 00 00 00 20 00 00 00 24 12 00 00 8c 00 00 00 98 06 00 00 e5 3e 00 00 f6 08 00 00 03 00 00 00 ad 12 00 00 00 00 00 00 fa 00 00 00
07 10 12 59 05 10 00 68 00 68 00 81 b8 16 48 84 8d 8e f4 0f 01 01 00 03 00 00 00 00 01 00 00 00 00 a1 39 3c 00 00 00 00 00 d8 13 02 00 00 00 00 00 a1 2c 01 00 00 00 00 00 e4 1b 01 00 00 00 00 00 8f 0c 01 00 00 00 00 00 20 00 00 00 24 12 00 00 8c 00 00 00 98 06 00 00 e5 3e 00 00 f6 08 00 00 03 00 00 00 ad 12 00 00 00 00 00 00 fa 00 00 00
07 10 12 59 05 10 00 68 00 68 00 81 b8 de 36 88 8d 8e f4 0f 01 01 00 03 00 00 00 00 01 00 00 00 00 a1 39 3c 00 00 00 00 00 d8 13 02 00 00 00 00 00 a1 2c 01 00 00 00 00 00 e4 1b 01 00 00 00 00 00 8f 0c 01 00 00 00 00 00 20 00 00 00 24 12 00 00 8c 00 00 00 99 06 00 00 e8 3e 00 00 f6 08 00 00 03 00 00 00 ad 12 00 00 00 00 00 00 fa 00 00 00
07 10 12 59 05 10 00 68 00 68 00 81 b8 ad 74 8b 8d 8e f4 0f 01 01 00 03 00 00 00 00 01 00 00 00 00 a1 39 3c 00 00 00 00 00 d8 13 02 00 00 00 00 00 a1 2c 01 00 00 00 00 00 e4 1b 01 00 00 00 00 00 8f 0c 01 00 00 00 00 00 20 00 00 00 24 12 00 00 8c 00 00 00 99 06 00 00 e8 3e 00 00 f6 08 00 00 03 00 00 00 ad 12 00 00 00 00 00 00 fa 00 00 00
07 10 12 59 05 10 00 68 00 68 00 81 b8 2e 95 8e 8d 8e f4 0f 01 01 00 03 00 00 00 00 01 00 00 00 00 a1 39 3c 00 00 00 00 00 d8 13 02 00 00 00 00 00 a1 2c 01 00 00 00 00 00 e4 1b 01 00 00 00 00 00 8f 0c 01 00 00 00 00 00 20 00 00 00 24 12 00 00 8c 00 00 00 99 06 00 00 e8 3e 00 00 f6 08 00 00 03 00 00 00 ad 12 00 00 00 00 00 00 fa 00 00 00
07 10 12 59 05 10 00 68 00 68 00 81 b8 8c 96 92 8d 8e f4 0f 01 01 00 03 00 00 00 00 01 00 00 00 00 a1 39 3c 00 00 00 00 00 d8 13 02 00 00 00 00 00 a1 2c 01 00 00 00 00 00 e4 1b 01 00 00 00 00 00 8f 0c 01 00 00 00 00 00 20 00 00 00 24 12 00 00 8c 00 00 00 99 06 00 00 e8 3e 00 00 f6 08 00 00 03 00 00 00 ad 12 00 00 00 00 00 00 fa 00 00 00
07 10 12 59 05 10 00 68 00 68 00 81 b8 47 bd 05 8e 8e f4 0f 01 01 00 03 00 00 00 00 01 00 00 00 00 a1 39 3c 00 00 00 00 00 d8 13 02 00 00 00 00 00 a1 2c 01 00 00 00 00 00 e4 1b 01 00 00 00 00 00 8f 0c 01 00 00 00 00 00 20 00 00 00 24 12 00 00 8c 00 00 00 99 06 00 00 f4 3e 00 00 f6 08 00 00 03 00 00 00 ad 12 00 00 00 00 00 00 fa 00 00 00
07 10 12 59 05 10 00 68 00 68 00 81 b8 2a bc 09 8e 8e f4 0f 01 01 00 03 00 00 00 00 01 00 00 00 00 a1 39 3c 00 00 00 00 00 d8 13 02 00 00 00 00 00 a1 2c 01 00 00 00 00 00 e4 1b 01 00 00 00 00 00 8f 0c 01 00 00 00 00 00 20 00 00 00 24 12 00 00 8c 00 00 00 99 06 00 00 f4 3e 00 00 f6 08 00 00 03 00 00 00 ad 12 00 00 00 00 00 00 fa 00 00 00
07 10 12 59 05 10 00 68 00 68 00 81 b8 7e 74 0b 8e 8e f4 0f 01 01 00 03 00 00 00 00 01 00 00 00 00 a1 39 3c 00 00 00 00 00 d8 13 02 00 00 00 00 00 a1 2c 01 00 00 00 00 00 e4 1b 01 00 00 00 00 00 8f 0c 01 00 00 00 00 00 20 00 00 00 24 12 00 00 8c 00 00 00 99 06 00 00 f4 3e 00 00 f6 08 00 00 03 00 00 00 ad 12 00 00 00 00 00 00 fa 00 00 00
07 10 12 59 05 10 00 68 00 68 00 81 b8 4b 95 0e 8e 8e f4 0f 01 01 00 03 00 00 00 00 01 00 00 00 00 a1 39 3c 00 00 00 00 00 d8 13 02 00 00 00 00 00 a1 2c 01 00 00 00 00 00 e4 1b 01 00 00 00 00 00 8f 0c 01 00 00 00 00 00 20 00 00 00 24 12 00 00 8c 00 00 00 99 06 00 00 f4 3e 00 00 f6 08 00 00 03 00 00 00 ad 12 00 00 00 00 00 00 fa 00 00 00
07 10 12 59 05 10 00 68 00 68 00 81 b8 65 82 12 8e 8e f4 0f 01 01 00 03 00 00 00 00 01 00 00 00 00 a1 39 3c 00 00 00 00 00 d8 13 02 00 00 00 00 00 a1 2c 01 00 00 00 00 00 e4 1b 01 00 00 00 00 00 8f 0c 01 00 00 00 00 00 20 00 00 00 24 12 00 00 8c 00 00 00 99 06 00 00 f4 3e 00 00 f6 08 00 00 03 00 00 00 ad 12 00 00 00 00 00 00 fa 00 00 00
07 10 12 59 05 10 00 68 00 68 00 81 b8 5f 96 86 8e 8e f4 0f 01 01 00 03 00 00 00 00 01 00 00 00 00 a1 39 3c 00 00 00 00 00 d8 13 02 00 00 00 00 00 a1 2c 01 00 00 00 00 00 e4 1b 01 00 00 00 00 00 8f 0c 01 00 00 00 00 00 20 00 00 00 24 12 00 00 8c 00 00 00 9a 06 00 00 fa 3e 00 00 f6 08 00 00 03 00 00 00 ad 12 00 00 00 00 00 00 fa 00 00 00
07 10 12 59 05 10 00 68 00 68 00 81 b8 a7 96 8a 8e 8e f4 0f 01 01 00 03 00 00 00 00 01 00 00 00 00 a1 39 3c 00 00 00 00 00 d8 13 02 00 00 00 00 00 a1 2c 01 00 00 00 00 00 e4 1b 01 00 00 00 00 00 8f 0c 01 00 00 00 00 00 20 00 00 00 24 12 00 00 8c 00 00 00 9a 06 00 00 fa 3e 00 00 f6 08 00 00 03 00 00 00 ad 12 00 00 00 00 00 00 fa 00 00 00
07 10 12 59 05 10 00 68 00 68 00 81 b8 b7 74 8b 8e 8e f4 0f 01 01 00 03 00 00 00 00 01 00 00 00 00 a1 39 3c 00 00 00 00 00 d8 13 02 00 00 00 00 00 a1 2c 01 00 00 00 00 00 e4 1b 01 00 00 00 00 00 8f 0c 01 00 00 00 00 00 20 00 00 00 24 12 00 00 8c 00 00 00 9a 06 00 00 fa 3e 00 00 f6 08 00 00 03 00 00 00 ad 12 00 00 00 00 00 00 fa 00 00 00
07 10 12 59 05 10 00 68 00 68 00 81 b8 09 95 8e 8e 8e f4 0f 01 01 00 03 00 00 00 00 01 00 00 00 00 a1 39 3c 00 00 00 00 00 d8 13 02 00 00 00 00 00 a1 2c 01 00 00 00 00 00 e4 1b 01 00 00 00 00 00 8f 0c 01 00 00 00 00 00 20 00 00 00 24 12 00 00 8c 00 00 00 9a 06 00 00 fa 3e 00 00 f6 08 00 00 03 00 00 00 ad 12 00 00 00 00 00 00 fa 00 00 00
07 10 12 59 05 10 00 68 00 68 00 81 b8 28 96 92 8e 8e f4 0f 01 01 00 03 00 00 00 00 01 00 00 00 00 a1 39 3c 00 00 00 00 00 d8 13 02 00 00 00 00 00 a1 2c 01 00 00 00 00 00 e4 1b 01 00 00 00 00 00 8f 0c 01 00 00 00 00 00 20 00 00 00 24 12 00 00 8c 00 00 00 9a 06 00 00 fa 3e 00 00 f6 08 00 00 03 00 00 00 ad 12 00 00 00 00 00 00 fa 00 00 00
07 10 12 59 05 10 00 68 00 68 00 81 b8 b7 bc 05 8f 8e f4 0f 01 01 00 03 00 00 00 00 01 00 00 00 00 a1 39 3c 00 00 00 00 00 d8 13 02 00 00 00 00 00 a1 2c 01 00 00 00 00 00 e4 1b 01 00 00 00 00 00 8f 0c 01 00 00 00 00 00 20 00 00 00 24 12 00 00 8c 00 00 00 9b 06 00 00 03 3f 00 00 f6 08 00 00 03 00 00 00 ad 12 00 00 00 00 00 00 fa 00 00 00
07 10 12 59 05 10 00 68 00 68 00 81 b8 0b bc 09 8f 8e f4 0f 01 01 00 03 00 00 00 00 01 00 00 00 00 a1 39 3c 00 00 00 00 00 d8 13 02 00 00 00 00 00 a1 2c 01 00 00 00 00 00 e4 1b 01 00 00 00 00 00 8f 0c 01 00 00 00 00 00 20 00 00 00 24 12 00 00 8c 00 00 00 9b 06 00 00 03 3f 00 00 f6 08 00 00 03 00 00 00 ad 12 00 00 00 00 00 00 fa 00 00 00
07 10 12 59 05 10 00 68 00 68 00 81 b8 cc 74 0b 8f 8e f4 0f 01 01 00 03 00 00 00 00 01 00 00 00 00 a1 39 3c 00 00 00 00 00 d8 13 02 00 00 00 00 00 a1 2c 01 00 00 00 00 00 e4 1b 01 00 00 00 00 00 8f 0c 01 00 00 00 00 00 20 00 00 00 24 12 00 00 8c 00 00 00 9b 06 00 00 03 3f 00 00 f6 08 00 00 03 00 00 00 ad 12 00 00 00 00 00 00 fa 00 00 00
07 10 12 59 05 10 00 68 00 68 00 81 b8 f1 94 0e 8f 8e f4 0f 01 01 00 03 00 00 00 00 01 00 00 00 00 a1 39 3c 00 00 00 00 00 d8 13 02 00 00 00 00 00 a1 2c 01 00 00 00 00 00 e4 1b 01 00 00 00 00 00 8f 0c 01 00 00 00 00 00 20 00 00 00 24 12 00 00 8c 00 00 00 9b 06 00 00 03 3f 00 00 f6 08 00 00 03 00 00 00 ad 12 00 00 00 00 00 00 fa 00 00 00
07 10 12 59 05 10 00 68 00 68 00 81 b8 22 82 12 8f 8e f4 0f 01 01 00 03 00 00 00 00 01 00 00 00 00 a1 39 3c 00 00 00 00 00 d8 13 02 00 00 00 00 00 a1 2c 01 00 00 00 00 00 e4 1b 01 00 00 00 00 00 8f 0c 01 00 00 00 00 00 20 00 00 00 24 12 00 00 8c 00 00 00 9b 06 00 00 03 3f 00 00 f6 08 00 00 03 00 00 00 ad 12 00 00 00 00 00 00 fa 00 00 00
07 10 12 59 05 10 00 68 00 68 00 81 b8 e2 72 87 8f 8e f4 0f 01 01 00 03 00 00 00 00 01 00 00 00 00 a1 39 3c 00 00 00 00 00 d8 13 02 00 00 00 00 00 a1 2c 01 00 00 00 00 00 e4 1b 01 00 00 00 00 00 8f 0c 01 00 00 00 00 00 20 00 00 00 24 12 00 00 8c 00 00 00 9c 06 00 00 0c 3f 00 00 f6 08 00 00 03 00 00 00 ad 12 00 00 00 00 00 00 fa 00 00 00
07 10 12 59 05 10 00 68 00 68 00 81 b8 41 74 8b 8f 8e f4 0f 01 01 00 03 00 00 00 00 01 00 00 00 00 a1 39 3c 00 00 00 00 00 d8 13 02 00 00 00 00 00 a1 2c 01 00 00 00 00 00 e4 1b 01 00 00 00 00 00 8f 0c 01 00 00 00 00 00 20 00 00 00 24 12 00 00 8c 00 00 00 9c 06 00 00 0c 3f 00 00 f6 08 00 00 03 00 00 00 ad 12 00 00 00 00 00 00 fa 00 00 00
07 10 12 59 05 10 00 68 00 68 00 81 b8 ed 94 8e 8f 8e f4 0f 01 01 00 03 00 00 00 00 01 00 00 00 00 a1 39 3c 00 00 00 00 00 d8 13 02 00 00 00 00 00 a1 2c 01 00 00 00 00 00 e4 1b 01 00 00 00 00 00 8f 0c 01 00 00 00 00 00 20 00 00 00 24 12 00 00 8c 00 00 00 9c 06 00 00 0c 3f 00 00 f6 08 00 00 03 00 00 00 ad 12 00 00 00 00 00 00 fa 00 00 00
07 10 12 59 05 10 00 68 00 68 00 81 b8 41 96 92 8f 8e f4 0f 01 01 00 03 00 00 00 00 01 00 00 00 00 a1 39 3c 00 00 00 00 00 d8 13 02 00 00 00 00 00 a1 2c 01 00 00 00 00 00 e4 1b 01 00 00 00 00 00 8f 0c 01 00 00 00 00 00 20 00 00 00 24 12 00 00 8c 00 00 00 9c 06 00 00 0c 3f 00 00 f6 08 00 00 03 00 00 00 ad 12 00 00 00 00 00 00 fa 00 00 00
07 10 12 59 05 10 00 68 00 68 00 81 b8 6e bc 05 90 8e f4 0f 01 01 00 03 00 00 00 00 01 00 00 00 00 a1 39 3c 00 00 00 00 00 d8 13 02 00 00 00 00 00 a1 2c 01 00 00 00 00 00 e4 1b 01 00 00 00 00 00 8f 0c 01 00 00 00 00 00 20 00 00 00 24 12 00 00 8c 00 00 00 9d 06 00 00 14 3f 00 00 f6 08 00 00 03 00 00 00 ad 12 00 00 00 00 00 00 fa 00 00 00
07 10 12 59 05 10 00 68 00 68 00 81 b8 de bc 09 90 8e f4 0f 01 01 00 03 00 00 00 00 01 00 00 00 00 a1 39 3c 00 00 00 00 00 d8 13 02 00 00 00 00 00 a1 2c 01 00 00 00 00 00 e4 1b 01 00 00 00 00 00 8f 0c 01 00 00 00 00 00 20 00 00 00 24 12 00 00 8c 00 00 00 9d 06 00 00 14 3f 00 00 f6 08 00 00 03 00 00 00 ad 12 00 00 00 00 00 00 fa 00 00 00
07 10 12 59 05 10 00 68 00 68 00 81 b8 a5 74 0b 90 8e f4 0f 01 01 00 03 00 00 00 00 01 00 00 00 00 a1 39 3c 00 00 00 00 00 d8 13 02 00 00 00 00 00 a1 2c 01 00 00 00 00 00 e4 1b 01 00 00 00 00 00 8f 0c 01 00 00 00 00 00 20 00 00 00 24 12 00 00 8c 00 00 00 9d 06 00 00 14 3f 00 00 f6 08 00 00 03 00 00 00 ad 12 00 00 00 00 00 00 fa 00 00 00
07 10 12 59 05 10 00 68 00 68 00 81 b8 34 95 0e 90 8e f4 0f 01 01 00 03 00 00 00 00 01 00 00 00 00 a1 39 3c 00 00 00 00 00 d8 13 02 00 00 00 00 00 a1 2c 01 00 00 00 00 00 e4 1b 01 00 00 00 00 00 8f 0c 01 00 00 00 00 00 20 00 00 00 24 12 00 00 8c 00 00 00 9d 06 00 00 14 3f 00 00 f6 08 00 00 03 00 00 00 ad 12 00 00 00 00 00 00 fa 00 00 00
07 10 12 59 05 10 00 68 00 68 00 81 b8 6e 81 12 90 8e f4 0f 01 01 00 03 00 00 00 00 01 00 00 00 00 a1 39 3c 00 00 00 00 00 d8 13 02 00 00 00 00 00 a1 2c 01 00 00 00 00 00 e4 1b 01 00 00 00 00 00 8f 0c 01 00 00 00 00 00 20 00 00 00 24 12 00 00 8c 00 00 00 9d 06 00 00 14 3f 00 00 f6 08 00 00 03 00 00 00 ad 12 00 00 00 00 00 00 fa 00 00 00
07 10 12 59 05 10 00 34 00 34 00 87 b8 5d 4d 84 90 8e f4 0f 01 06 00 03 00 00 00 00 01 0c 01 30 01 01 00 00 00 01 30 31 18 f6 81 b3 26 40 03 80 0c 01 00 00 23 07 00 21 00 18 ee 02 1c
07 10 12 59 05 10 00 68 00 68 00 81 b8 ff 91 86 90 8e f4 0f 01 01 00 03 00 00 00 00 01 00 00 00 00 a1 39 3c 00 00 00 00 00 d8 13 02 00 00 00 00 00 a1 2c 01 00 00 00 00 00 e4 1b 01 00 00 00 00 00 8f 0c 01 00 00 00 00 00 20 00 00 00 24 12 00 00 8c 00 00 00 9e 06 00 00 1a 3f 00 00 f6 08 00 00 03 00 00 00 ad 12 00 00 00 00 00 00 fa 00 00 00
07 10 12 59 05 10 00 68 00 68 00 81 b8 e0 92 8a 90 8e f4 0f 01 01 00 03 00 00 00 00 01 00 00 00 00 a1 39 3c 00 00 00 00 00 d8 13 02 00 00 00 00 00 a1 2c 01 00 00 00 00 00 e4 1b 01 00 00 00 00 00 8f 0c 01 00 00 00 00 00 20 00 00 00 24 12 00 00 8c 00 00 00 9e 06 00 00 1a 3f 00 00 f6 08 00 00 03 00 00 00 ad 12 00 00 00 00 00 00 fa 00 00 00
07 10 12 59 05 10 00 68 00 68 00 81 b8 70 93 8e 90 8e f4 0f 01 01 00 03 00 00 00 00 01 00 00 00 00 ad 39 3c 00 00 00 00 00 d8 13 02 00 00 00 00 00 a1 2c 01 00 00 00 00 00 e7 1b 01 00 00 00 00 00 ae 0c 01 00 00 00 00 00 20 00 00 00 25 12 00 00 8c 00 00 00 9e 06 00 00 1a 3f 00 00 f7 08 00 00 03 00 00 00 ae 12 00 00 00 00 00 00 fa 00 00 00
07 10 12 59 05 10 00 68 00 68 00 81 b8 97 97 92 90 8e f4 0f 01 01 00 03 00 00 00 00 01 00 00 00 00 ad 39 3c 00 00 00 00 00 d8 13 02 00 00 00 00 00 a1 2c 01 00 00 00 00 00 e7 1b 01 00 00 00 00 00 ae 0c 01 00 00 00 00 00 20 00 00 00 25 12 00 00 8c 00 00 00 9e 06 00 00 1a 3f 00 00 f7 08 00 00 03 00 00 00 ae 12 00 00 00 00 00 00 fa 00 00 00
07 10 12 59 05 10 00 68 00 68 00 81 b8 e9 7e 96 90 8e f4 0f 01 01 00 03 00 00 00 00 01 00 00 00 00 00 00 00 00 00 00 00 00 00 00 00 00 00 00 00 00 00 00 00 00 00 00 00 00 00 00 00 00 00 00 00 00 00 00 00 00 00 00 00 00 00 00 00 00 00 00 00 00 00 00 00 00 00 00 00 00 00 00 00 00 00 00 00 00 00 00 00 00 00 00 00 00 00 00 00 00 fa 00 00 00
07 10 12 59 05 10 00 68 00 68 00 81 b8 45 7c 9a 90 8e f4 0f 01 01 00 03 00 00 00 00 01 00 00 00 00 00 00 00 00 00 00 00 00 00 00 00 00 00 00 00 00 00 00 00 00 00 00 00 00 00 00 00 00 00 00 00 00 00 00 00 00 00 00 00 00 00 00 00 00 00 00 00 00 00 00 00 00 00 00 00 00 00 00 00 00 00 00 00 00 00 00 00 00 00 00 00 00 00 00 00 00 fa 00 00 00
07 10 12 59 05 10 00 68 00 68 00 81 b8 05 7f 9e 90 8e f4 0f 01 01 00 03 00 00 00 00 01 00 00 00 00 00 00 00 00 00 00 00 00 00 00 00 00 00 00 00 00 00 00 00 00 00 00 00 00 00 00 00 00 00 00 00 00 00 00 00 00 00 00 00 00 00 00 00 00 00 00 00 00 00 00 00 00 00 00 00 00 00 00 00 00 00 00 00 00 00 00 00 00 00 00 00 00 00 00 00 00 00 00 00 00
07 10 12 59 05 10 00 68 00 68 00 81 b8 af 2e a8 90 8e f4 0f 01 01 00 03 00 00 00 00 01 00 00 00 00 00 00 00 00 00 00 00 00 00 00 00 00 00 00 00 00 00 00 00 00 00 00 00 00 00 00 00 00 00 00 00 00 00 00 00 00 00 00 00 00 00 00 00 00 00 00 00 00 00 00 00 00 00 00 00 00 00 00 00 00 00 00 00 00 00 00 00 00 00 00 00 00 00 00 00 00 00 00 00 00
07 10 12 59 05 10 00 68 00 68 00 81 b8 80 2f ac 90 8e f4 0f 01 01 00 03 00 00 00 00 01 00 00 00 00 00 00 00 00 00 00 00 00 00 00 00 00 00 00 00 00 00 00 00 00 00 00 00 00 00 00 00 00 00 00 00 00 00 00 00 00 00 00 00 00 00 00 00 00 00 00 00 00 00 00 00 00 00 00 00 00 00 00 00 00 00 00 00 00 00 00 00 00 00 00 00 00 00 00 00 00 00 00 00 00
07 10 12 59 05 10 00 68 00 68 00 81 b8 7a 37 b0 90 8e f4 0f 01 01 00 03 00 00 00 00 01 00 00 00 00 00 00 00 00 00 00 00 00 00 00 00 00 00 00 00 00 00 00 00 00 00 00 00 00 00 00 00 00 00 00 00 00 00 00 00 00 00 00 00 00 00 00 00 00 00 00 00 00 00 00 00 00 00 00 00 00 00 00 00 00 00 00 00 00 00 00 00 00 00 00 00 00 00 00 00 00 00 00 00 00
07 10 12 59 05 10 00 68 00 68 00 81 b8 34 64 b4 90 8e f4 0f 01 01 00 03 00 00 00 00 01 00 00 00 00 00 00 00 00 00 00 00 00 00 00 00 00 00 00 00 00 00 00 00 00 00 00 00 00 00 00 00 00 00 00 00 00 00 00 00 00 00 00 00 00 00 00 00 00 00 00 00 00 00 00 00 00 00 00 00 00 00 00 00 00 00 00 00 00 00 00 00 00 00 00 00 00 00 00 00 00 00 00 00 00
07 10 12 59 05 10 00 68 00 68 00 81 b8 0b 32 b8 90 8e f4 0f 01 01 00 03 00 00 00 00 01 00 00 00 00 ad 39 3c 00 00 00 00 00 d8 13 02 00 00 00 00 00 a1 2c 01 00 00 00 00 00 e7 1b 01 00 00 00 00 00 ae 0c 01 00 00 00 00 00 00 00 00 00 25 12 00 00 8c 00 00 00 9e 06 00 00 1a 3f 00 00 f7 08 00 00 03 00 00 00 ae 12 00 00 00 00 00 00 00 00 00 00
07 10 12 59 05 10 00 68 00 68 00 81 b8 cc ab c5 90 8e f4 0f 01 01 00 03 00 00 00 00 01 00 00 00 00 ad 39 3c 00 00 00 00 00 d8 13 02 00 00 00 00 00 a1 2c 01 00 00 00 00 00 e7 1b 01 00 00 00 00 00 ae 0c 01 00 00 00 00 00 00 00 00 00 25 12 00 00 8c 00 00 00 9e 06 00 00 1a 3f 00 00 f7 08 00 00 03 00 00 00 ae 12 00 00 00 00 00 00 00 00 00 00
07 10 12 59 05 10 00 68 00 68 00 81 b8 da a2 c9 90 8e f4 0f 01 01 00 03 00 00 00 00 01 00 00 00 00 ad 39 3c 00 00 00 00 00 d8 13 02 00 00 00 00 00 a1 2c 01 00 00 00 00 00 e7 1b 01 00 00 00 00 00 ae 0c 01 00 00 00 00 00 00 00 00 00 25 12 00 00 8c 00 00 00 9e 06 00 00 1a 3f 00 00 f7 08 00 00 03 00 00 00 ae 12 00 00 00 00 00 00 00 00 00 00
07 10 12 59 05 10 00 68 00 68 00 81 b8 de a2 cd 90 8e f4 0f 01 01 00 03 00 00 00 00 01 00 00 00 00 ad 39 3c 00 00 00 00 00 d8 13 02 00 00 00 00 00 a1 2c 01 00 00 00 00 00 e7 1b 01 00 00 00 00 00 ae 0c 01 00 00 00 00 00 00 00 00 00 25 12 00 00 8c 00 00 00 9e 06 00 00 1a 3f 00 00 f7 08 00 00 03 00 00 00 ae 12 00 00 00 00 00 00 00 00 00 00
07 10 12 59 05 10 00 68 00 68 00 81 b8 72 a3 d1 90 8e f4 0f 01 01 00 03 00 00 00 00 01 00 00 00 00 ad 39 3c 00 00 00 00 00 d8 13 02 00 00 00 00 00 a1 2c 01 00 00 00 00 00 e7 1b 01 00 00 00 00 00 ae 0c 01 00 00 00 00 00 00 00 00 00 25 12 00 00 8c 00 00 00 9e 06 00 00 1a 3f 00 00 f7 08 00 00 03 00 00 00 ae 12 00 00 00 00 00 00 00 00 00 00
07 10 12 59 05 10 00 68 00 68 00 81 b8 92 30 90 91 8e f4 0f 01 01 00 03 00 00 00 00 01 00 00 00 00 ad 39 3c 00 00 00 00 00 d8 13 02 00 00 00 00 00 a1 2c 01 00 00 00 00 00 e7 1b 01 00 00 00 00 00 ae 0c 01 00 00 00 00 00 00 00 00 00 25 12 00 00 8c 00 00 00 9e 06 00 00 1a 3f 00 00 f7 08 00 00 03 00 00 00 ae 12 00 00 00 00 00 00 00 00 00 00
07 10 12 59 05 10 00 68 00 68 00 81 b8 6a 31 94 91 8e f4 0f 01 01 00 03 00 00 00 00 01 00 00 00 00 ad 39 3c 00 00 00 00 00 d8 13 02 00 00 00 00 00 a1 2c 01 00 00 00 00 00 e7 1b 01 00 00 00 00 00 ae 0c 01 00 00 00 00 00 00 00 00 00 25 12 00 00 8c 00 00 00 9e 06 00 00 1a 3f 00 00 f7 08 00 00 03 00 00 00 ae 12 00 00 00 00 00 00 00 00 00 00
07 10 12 59 05 10 00 68 00 68 00 81 b8 45 31 98 91 8e f4 0f 01 01 00 03 00 00 00 00 01 00 00 00 00 ad 39 3c 00 00 00 00 00 d8 13 02 00 00 00 00 00 a1 2c 01 00 00 00 00 00 e7 1b 01 00 00 00 00 00 ae 0c 01 00 00 00 00 00 00 00 00 00 25 12 00 00 8c 00 00 00 9e 06 00 00 1a 3f 00 00 f7 08 00 00 03 00 00 00 ae 12 00 00 00 00 00 00 00 00 00 00
07 10 12 59 05 10 00 68 00 68 00 81 b8 61 a3 99 95 8e f4 0f 01 01 00 03 00 00 00 00 01 00 00 00 00 ad 39 3c 00 00 00 00 00 d8 13 02 00 00 00 00 00 a1 2c 01 00 00 00 00 00 e7 1b 01 00 00 00 00 00 ae 0c 01 00 00 00 00 00 00 00 00 00 25 12 00 00 8c 00 00 00 9e 06 00 00 1a 3f 00 00 f7 08 00 00 03 00 00 00 ae 12 00 00 00 00 00 00 00 00 00 00
07 10 12 59 05 10 00 68 00 68 00 81 b8 e2 5a ff 98 8e f4 0f 01 01 00 03 00 00 00 00 01 00 00 00 00 ad 39 3c 00 00 00 00 00 d8 13 02 00 00 00 00 00 a1 2c 01 00 00 00 00 00 e7 1b 01 00 00 00 00 00 ae 0c 01 00 00 00 00 00 00 00 00 00 25 12 00 00 8c 00 00 00 9e 06 00 00 1a 3f 00 00 f7 08 00 00 03 00 00 00 ae 12 00 00 00 00 00 00 00 00 00 00
07 10 12 59 05 10 00 68 00 68 00 81 b8 07 52 03 99 8e f4 0f 01 01 00 03 00 00 00 00 01 00 00 00 00 ad 39 3c 00 00 00 00 00 d8 13 02 00 00 00 00 00 a1 2c 01 00 00 00 00 00 e7 1b 01 00 00 00 00 00 ae 0c 01 00 00 00 00 00 00 00 00 00 25 12 00 00 8c 00 00 00 9e 06 00 00 1a 3f 00 00 f7 08 00 00 03 00 00 00 ae 12 00 00 00 00 00 00 00 00 00 00
07 10 12 59 05 10 00 68 00 68 00 81 b8 7c 51 07 99 8e f4 0f 01 01 00 03 00 00 00 00 01 00 00 00 00 ad 39 3c 00 00 00 00 00 d8 13 02 00 00 00 00 00 a1 2c 01 00 00 00 00 00 e7 1b 01 00 00 00 00 00 ae 0c 01 00 00 00 00 00 00 00 00 00 25 12 00 00 8c 00 00 00 9e 06 00 00 1a 3f 00 00 f7 08 00 00 03 00 00 00 ae 12 00 00 00 00 00 00 00 00 00 00
07 10 12 59 05 10 00 68 00 68 00 81 b8 a9 54 0b 99 8e f4 0f 01 01 00 03 00 00 00 00 01 00 00 00 00 ad 39 3c 00 00 00 00 00 d8 13 02 00 00 00 00 00 a1 2c 01 00 00 00 00 00 e7 1b 01 00 00 00 00 00 ae 0c 01 00 00 00 00 00 00 00 00 00 25 12 00 00 8c 00 00 00 9e 06 00 00 1a 3f 00 00 f7 08 00 00 03 00 00 00 ae 12 00 00 00 00 00 00 fa 00 00 00
07 10 12 59 05 10 00 68 00 68 00 81 b8 74 34 14 99 8e f4 0f 01 01 00 03 00 00 00 00 01 00 00 00 00 ad 39 3c 00 00 00 00 00 d8 13 02 00 00 00 00 00 a1 2c 01 00 00 00 00 00 e7 1b 01 00 00 00 00 00 ae 0c 01 00 00 00 00 00 00 00 00 00 25 12 00 00 8c 00 00 00 9e 06 00 00 1a 3f 00 00 f7 08 00 00 03 00 00 00 ae 12 00 00 00 00 00 00 fa 00 00 00
07 10 12 59 05 10 00 68 00 68 00 81 b8 de 2d 18 99 8e f4 0f 01 01 00 03 00 00 00 00 01 00 00 00 00 ad 39 3c 00 00 00 00 00 d8 13 02 00 00 00 00 00 a1 2c 01 00 00 00 00 00 e7 1b 01 00 00 00 00 00 ae 0c 01 00 00 00 00 00 00 00 00 00 25 12 00 00 8c 00 00 00 9e 06 00 00 1a 3f 00 00 f7 08 00 00 03 00 00 00 ae 12 00 00 00 00 00 00 fa 00 00 00
07 10 12 59 05 10 00 68 00 68 00 81 b8 49 2d 1c 99 8e f4 0f 01 01 00 03 00 00 00 00 01 00 00 00 00 ad 39 3c 00 00 00 00 00 d8 13 02 00 00 00 00 00 a1 2c 01 00 00 00 00 00 e7 1b 01 00 00 00 00 00 ae 0c 01 00 00 00 00 00 00 00 00 00 25 12 00 00 8c 00 00 00 9e 06 00 00 1a 3f 00 00 f7 08 00 00 03 00 00 00 ae 12 00 00 00 00 00 00 fa 00 00 00
07 10 12 59 05 10 00 68 00 68 00 81 b8 95 2d 20 99 8e f4 0f 01 01 00 03 00 00 00 00 01 00 00 00 00 ad 39 3c 00 00 00 00 00 d8 13 02 00 00 00 00 00 a1 2c 01 00 00 00 00 00 e7 1b 01 00 00 00 00 00 ae 0c 01 00 00 00 00 00 00 00 00 00 25 12 00 00 8c 00 00 00 9e 06 00 00 1a 3f 00 00 f7 08 00 00 03 00 00 00 ae 12 00 00 00 00 00 00 fa 00 00 00
07 10 12 59 05 10 00 68 00 68 00 81 b8 1e 2d 24 99 8e f4 0f 01 01 00 03 00 00 00 00 01 00 00 00 00 ad 39 3c 00 00 00 00 00 d8 13 02 00 00 00 00 00 a1 2c 01 00 00 00 00 00 e7 1b 01 00 00 00 00 00 ae 0c 01 00 00 00 00 00 00 00 00 00 25 12 00 00 8c 00 00 00 9e 06 00 00 1a 3f 00 00 f7 08 00 00 03 00 00 00 ae 12 00 00 00 00 00 00 fa 00 00 00
07 10 12 59 05 10 00 68 00 68 00 81 b8 32 2d 28 99 8e f4 0f 01 01 00 03 00 00 00 00 01 00 00 00 00 ad 39 3c 00 00 00 00 00 d8 13 02 00 00 00 00 00 a1 2c 01 00 00 00 00 00 e7 1b 01 00 00 00 00 00 ae 0c 01 00 00 00 00 00 00 00 00 00 25 12 00 00 8c 00 00 00 9e 06 00 00 1a 3f 00 00 f7 08 00 00 03 00 00 00 ae 12 00 00 00 00 00 00 fa 00 00 00
07 10 12 59 05 10 00 68 00 68 00 81 b8 2a 2d 2c 99 8e f4 0f 01 01 00 03 00 00 00 00 01 00 00 00 00 ad 39 3c 00 00 00 00 00 d8 13 02 00 00 00 00 00 a1 2c 01 00 00 00 00 00 e7 1b 01 00 00 00 00 00 ae 0c 01 00 00 00 00 00 00 00 00 00 25 12 00 00 8c 00 00 00 9e 06 00 00 1a 3f 00 00 f7 08 00 00 03 00 00 00 ae 12 00 00 00 00 00 00 fa 00 00 00
07 10 12 59 05 10 00 68 00 68 00 81 b8 8a 2d 30 99 8e f4 0f 01 01 00 03 00 00 00 00 01 00 00 00 00 ad 39 3c 00 00 00 00 00 d8 13 02 00 00 00 00 00 a1 2c 01 00 00 00 00 00 e7 1b 01 00 00 00 00 00 ae 0c 01 00 00 00 00 00 00 00 00 00 25 12 00 00 8c 00 00 00 9e 06 00 00 1a 3f 00 00 f7 08 00 00 03 00 00 00 ae 12 00 00 00 00 00 00 fa 00 00 00
07 10 12 59 05 10 00 68 00 68 00 81 b8 07 2d 34 99 8e f4 0f 01 01 00 03 00 00 00 00 01 00 00 00 00 ad 39 3c 00 00 00 00 00 d8 13 02 00 00 00 00 00 a1 2c 01 00 00 00 00 00 e7 1b 01 00 00 00 00 00 ae 0c 01 00 00 00 00 00 00 00 00 00 25 12 00 00 8c 00 00 00 9e 06 00 00 1a 3f 00 00 f7 08 00 00 03 00 00 00 ae 12 00 00 00 00 00 00 fa 00 00 00
07 10 12 59 05 10 00 68 00 68 00 81 b8 34 2d 38 99 8e f4 0f 01 01 00 03 00 00 00 00 01 00 00 00 00 ad 39 3c 00 00 00 00 00 d8 13 02 00 00 00 00 00 a1 2c 01 00 00 00 00 00 e7 1b 01 00 00 00 00 00 ae 0c 01 00 00 00 00 00 00 00 00 00 25 12 00 00 8c 00 00 00 9e 06 00 00 1a 3f 00 00 f7 08 00 00 03 00 00 00 ae 12 00 00 00 00 00 00 fa 00 00 00
07 10 12 59 05 10 00 68 00 68 00 81 b8 07 2d 3c 99 8e f4 0f 01 01 00 03 00 00 00 00 01 00 00 00 00 ad 39 3c 00 00 00 00 00 d8 13 02 00 00 00 00 00 a1 2c 01 00 00 00 00 00 e7 1b 01 00 00 00 00 00 ae 0c 01 00 00 00 00 00 00 00 00 00 25 12 00 00 8c 00 00 00 9e 06 00 00 1a 3f 00 00 f7 08 00 00 03 00 00 00 ae 12 00 00 00 00 00 00 fa 00 00 00
07 10 12 59 05 10 00 68 00 68 00 81 b8 99 2e 40 99 8e f4 0f 01 01 00 03 00 00 00 00 01 00 00 00 00 ad 39 3c 00 00 00 00 00 d8 13 02 00 00 00 00 00 a1 2c 01 00 00 00 00 00 e7 1b 01 00 00 00 00 00 ae 0c 01 00 00 00 00 00 00 00 00 00 25 12 00 00 8c 00 00 00 9e 06 00 00 1a 3f 00 00 f7 08 00 00 03 00 00 00 ae 12 00 00 00 00 00 00 fa 00 00 00
07 10 12 59 05 10 00 68 00 68 00 81 b8 43 2f 44 99 8e f4 0f 01 01 00 03 00 00 00 00 01 00 00 00 00 ad 39 3c 00 00 00 00 00 d8 13 02 00 00 00 00 00 a1 2c 01 00 00 00 00 00 e7 1b 01 00 00 00 00 00 ae 0c 01 00 00 00 00 00 00 00 00 00 25 12 00 00 8c 00 00 00 9e 06 00 00 1a 3f 00 00 f7 08 00 00 00 00 00 00 ae 12 00 00 00 00 00 00 fa 00 00 00
07 10 12 59 05 10 00 34 00 34 00 87 b8 b5 53 48 99 8e f4 0f 01 06 00 03 00 00 00 00 01 02 01 49 02 01 00 00 00 01 49 0a 18 f6 81 b3 26 20 13 80 00 30 00 60 00 83 00 61 00 18 ee 02 1c
07 10 12 59 05 10 00 68 00 68 00 81 b8 4f 54 48 99 8e f4 0f 01 01 00 03 00 00 00 00 01 00 00 00 00 ad 39 3c 00 00 00 00 00 d8 13 02 00 00 00 00 00 a1 2c 01 00 00 00 00 00 e7 1b 01 00 00 00 00 00 ae 0c 01 00 00 00 00 00 00 00 00 00 25 12 00 00 8c 00 00 00 9e 06 00 00 1a 3f 00 00 f7 08 00 00 00 00 00 00 ae 12 00 00 00 00 00 00 fa 00 00 00
07 10 12 59 05 10 00 68 00 68 00 81 b8 bd 46 4c 99 8e f4 0f 01 01 00 03 00 00 00 00 01 00 00 00 00 ad 39 3c 00 00 00 00 00 d8 13 02 00 00 00 00 00 a1 2c 01 00 00 00 00 00 e7 1b 01 00 00 00 00 00 ae 0c 01 00 00 00 00 00 17 00 00 00 26 12 00 00 8c 00 00 00 9e 06 00 00 1a 3f 00 00 f7 08 00 00 00 00 00 00 af 12 00 00 00 00 00 00 fa 00 00 00
07 10 12 59 05 10 00 68 00 68 00 81 b8 70 46 50 99 8e f4 0f 01 01 00 03 00 00 00 00 01 00 00 00 00 ad 39 3c 00 00 00 00 00 d8 13 02 00 00 00 00 00 a1 2c 01 00 00 00 00 00 e7 1b 01 00 00 00 00 00 ae 0c 01 00 00 00 00 00 17 00 00 00 26 12 00 00 8c 00 00 00 9e 06 00 00 1a 3f 00 00 f7 08 00 00 00 00 00 00 af 12 00 00 00 00 00 00 fa 00 00 00
07 10 12 59 05 10 00 68 00 68 00 81 b8 0b 2d 54 99 8e f4 0f 01 01 00 03 00 00 00 00 01 00 00 00 00 ad 39 3c 00 00 00 00 00 d8 13 02 00 00 00 00 00 a1 2c 01 00 00 00 00 00 e7 1b 01 00 00 00 00 00 ae 0c 01 00 00 00 00 00 17 00 00 00 26 12 00 00 8c 00 00 00 9e 06 00 00 1a 3f 00 00 f7 08 00 00 00 00 00 00 af 12 00 00 00 00 00 00 fa 00 00 00
07 10 12 59 05 10 00 34 00 34 00 87 b8 f5 19 55 99 8e f4 0f 01 06 00 03 00 00 00 00 01 09 01 4a 02 01 00 00 00 01 4a 26 18 f6 81 b3 26 00 6a 80 20 30 00 84 01 03 00 61 00 18 ee 02 1c
07 10 12 59 05 10 00 68 00 68 00 81 b8 53 30 58 99 8e f4 0f 01 01 00 03 00 00 00 00 01 00 00 00 00 ad 39 3c 00 00 00 00 00 d8 13 02 00 00 00 00 00 a1 2c 01 00 00 00 00 00 e7 1b 01 00 00 00 00 00 ae 0c 01 00 00 00 00 00 17 00 00 00 26 12 00 00 8c 00 00 00 9e 06 00 00 1a 3f 00 00 f7 08 00 00 00 00 00 00 af 12 00 00 00 00 00 00 fa 00 00 00
07 10 12 59 05 10 00 68 00 68 00 81 b8 b7 2e 5c 99 8e f4 0f 01 01 00 03 00 00 00 00 01 00 00 00 00 ad 39 3c 00 00 00 00 00 d8 13 02 00 00 00 00 00 a1 2c 01 00 00 00 00 00 e7 1b 01 00 00 00 00 00 ae 0c 01 00 00 00 00 00 17 00 00 00 26 12 00 00 8c 00 00 00 9e 06 00 00 1a 3f 00 00 f7 08 00 00 00 00 00 00 af 12 00 00 00 00 00 00 fa 00 00 00
07 10 12 59 05 10 00 68 00 68 00 81 b8 84 31 60 99 8e f4 0f 01 01 00 03 00 00 00 00 01 00 00 00 00 ad 39 3c 00 00 00 00 00 d8 13 02 00 00 00 00 00 a1 2c 01 00 00 00 00 00 e7 1b 01 00 00 00 00 00 ae 0c 01 00 00 00 00 00 17 00 00 00 26 12 00 00 8c 00 00 00 9e 06 00 00 1a 3f 00 00 f7 08 00 00 00 00 00 00 af 12 00 00 00 00 00 00 fa 00 00 00
07 10 12 59 05 10 00 68 00 68 00 81 b8 c6 31 64 99 8e f4 0f 01 01 00 03 00 00 00 00 01 00 00 00 00 05 3a 3c 00 00 00 00 00 d8 13 02 00 00 00 00 00 a4 2c 01 00 00 00 00 00 f1 1b 01 00 00 00 00 00 cb 0c 01 00 00 00 00 00 1b 00 00 00 27 12 00 00 8c 00 00 00 9e 06 00 00 1a 3f 00 00 f8 08 00 00 00 00 00 00 b0 12 00 00 00 00 00 00 fa 00 00 00
07 10 12 59 05 10 00 34 00 34 00 87 b8 97 32 68 99 8e f4 0f 01 06 00 03 00 00 00 00 01 00 01 4d 02 01 00 00 00 01 4d 02 18 f6 81 b3 26 00 04 80 18 02 08 40 01 03 00 61 00 18 ee 02 1c
07 10 12 59 05 10 00 68 00 68 00 81 b8 da 32 68 99 8e f4 0f 01 01 00 03 00 00 00 00 01 00 00 00 00 05 3a 3c 00 00 00 00 00 d8 13 02 00 00 00 00 00 a4 2c 01 00 00 00 00 00 f1 1b 01 00 00 00 00 00 cb 0c 01 00 00 00 00 00 1b 00 00 00 27 12 00 00 8c 00 00 00 9e 06 00 00 1a 3f 00 00 f8 08 00 00 00 00 00 00 b0 12 00 00 00 00 00 00 fa 00 00 00
07 10 12 59 05 10 00 34 00 34 00 87 b8 9b 72 6b 99 8e f4 0f 01 06 00 03 00 00 00 00 01 0a 01 4d 02 01 00 00 00 01 4d 2a 18 f6 81 b3 26 00 04 80 18 02 0c 40 01 c9 01 61 00 18 ee 02 1c
07 10 12 59 05 10 00 68 00 68 00 81 b8 55 36 6c 99 8e f4 0f 01 01 00 03 00 00 00 00 01 00 00 00 00 05 3a 3c 00 00 00 00 00 d8 13 02 00 00 00 00 00 a4 2c 01 00 00 00 00 00 f1 1b 01 00 00 00 00 00 cb 0c 01 00 00 00 00 00 1b 00 00 00 27 12 00 00 8c 00 00 00 9e 06 00 00 1a 3f 00 00 f8 08 00 00 00 00 00 00 b0 12 00 00 00 00 00 00 fa 00 00 00
07 10 12 59 05 10 00 68 00 68 00 81 b8 a7 35 70 99 8e f4 0f 01 01 00 03 00 00 00 00 01 00 00 00 00 85 3c 3c 00 00 00 00 00 d8 13 02 00 00 00 00 00 ad 2c 01 00 00 00 00 00 0a 1c 01 00 00 00 00 00 cb 0c 01 00 00 00 00 00 1e 00 00 00 28 12 00 00 8c 00 00 00 9e 06 00 00 1a 3f 00 00 f8 08 00 00 00 00 00 00 b1 12 00 00 00 00 00 00 fa 00 00 00
07 10 12 59 05 10 00 68 00 68 00 81 b8 84 33 74 99 8e f4 0f 01 01 00 03 00 00 00 00 01 00 00 00 00 85 3c 3c 00 00 00 00 00 d8 13 02 00 00 00 00 00 ad 2c 01 00 00 00 00 00 0a 1c 01 00 00 00 00 00 cb 0c 01 00 00 00 00 00 1e 00 00 00 28 12 00 00 8c 00 00 00 9e 06 00 00 1a 3f 00 00 f8 08 00 00 00 00 00 00 b1 12 00 00 00 00 00 00 fa 00 00 00
07 10 12 59 05 10 00 34 00 34 00 87 b8 ed 34 78 99 8e f4 0f 01 06 00 03 00 00 00 00 01 10 01 4e 02 01 00 00 00 01 4e 42 18 f6 81 b3 26 40 03 80 14 02 10 00 02 03 00 61 00 1a 96 00 06
07 10 12 59 05 10 00 68 00 68 00 81 b8 bd 35 78 99 8e f4 0f 01 01 00 03 00 00 00 00 01 00 00 00 00 85 3c 3c 00 00 00 00 00 d8 13 02 00 00 00 00 00 ad 2c 01 00 00 00 00 00 0a 1c 01 00 00 00 00 00 cb 0c 01 00 00 00 00 00 1e 00 00 00 28 12 00 00 8c 00 00 00 9e 06 00 00 1a 3f 00 00 f8 08 00 00 00 00 00 00 b1 12 00 00 00 00 00 00 fa 00 00 00
07 10 12 59 05 10 00 68 00 68 00 81 b8 05 35 7c 99 8e f4 0f 01 01 00 03 00 00 00 00 01 00 00 00 00 b5 3f 3c 00 00 00 00 00 d8 13 02 00 00 00 00 00 b9 2c 01 00 00 00 00 00 23 1c 01 00 00 00 00 00 e4 0c 01 00 00 00 00 00 1e 00 00 00 29 12 00 00 8c 00 00 00 9e 06 00 00 1a 3f 00 00 f9 08 00 00 00 00 00 00 b2 12 00 00 00 00 00 00 fa 00 00 00
07 10 12 59 05 10 00 68 00 68 00 81 b8 61 34 80 99 8e f4 0f 01 01 00 03 00 00 00 00 01 00 00 00 00 b5 3f 3c 00 00 00 00 00 d8 13 02 00 00 00 00 00 b9 2c 01 00 00 00 00 00 23 1c 01 00 00 00 00 00 e4 0c 01 00 00 00 00 00 1e 00 00 00 29 12 00 00 8c 00 00 00 9e 06 00 00 1a 3f 00 00 f9 08 00 00 00 00 00 00 b2 12 00 00 00 00 00 00 fa 00 00 00
07 10 12 59 05 10 00 34 00 34 00 87 b8 c0 bd 81 99 8e f4 0f 01 06 00 03 00 00 00 00 01 06 01 50 02 01 00 00 00 01 50 1a 18 f6 81 b3 26 00 6a 80 20 30 18 00 02 03 00 61 00 26 96 00 06
07 10 12 59 05 10 00 68 00 68 00 81 b8 a7 31 84 99 8e f4 0f 01 01 00 03 00 00 00 00 01 00 00 00 00 b5 3f 3c 00 00 00 00 00 d8 13 02 00 00 00 00 00 b9 2c 01 00 00 00 00 00 23 1c 01 00 00 00 00 00 e4 0c 01 00 00 00 00 00 1e 00 00 00 29 12 00 00 8c 00 00 00 9e 06 00 00 1a 3f 00 00 f9 08 00 00 00 00 00 00 b2 12 00 00 00 00 00 00 fa 00 00 00
07 10 12 59 05 10 00 54 00 54 00 87 b8 65 23 85 99 8e f4 0f 01 06 00 03 00 00 00 00 02 07 01 50 02 01 00 00 00 01 50 1e 18 f6 81 b3 26 00 42 80 14 30 20 c0 01 03 00 61 00 32 96 00 06 08 01 50 02 01 00 00 00 01 50 22 18 f6 81 b3 26 00 42 80 14 30 28 c0 01 03 00 61 00 62 96 00 06
07 10 12 59 05 10 00 68 00 68 00 81 b8 d0 2a 88 99 8e f4 0f 01 01 00 03 00 00 00 00 01 00 00 00 00 b5 3f 3c 00 00 00 00 00 d8 13 02 00 00 00 00 00 b9 2c 01 00 00 00 00 00 23 1c 01 00 00 00 00 00 e4 0c 01 00 00 00 00 00 1e 00 00 00 29 12 00 00 8c 00 00 00 9e 06 00 00 1a 3f 00 00 f9 08 00 00 00 00 00 00 b2 12 00 00 00 00 00 00 fa 00 00 00
07 10 12 59 05 10 00 68 00 68 00 81 b8 24 2d 8c 99 8e f4 0f 01 01 00 03 00 00 00 00 01 00 00 00 00 b5 3f 3c 00 00 00 00 00 d8 13 02 00 00 00 00 00 b9 2c 01 00 00 00 00 00 23 1c 01 00 00 00 00 00 e4 0c 01 00 00 00 00 00 1e 00 00 00 29 12 00 00 8c 00 00 00 9e 06 00 00 1a 3f 00 00 f9 08 00 00 00 00 00 00 b2 12 00 00 00 00 00 00 fa 00 00 00
07 10 12 59 05 10 00 68 00 68 00 81 b8 4f 36 a0 99 8e f4 0f 01 01 00 03 00 00 00 00 01 00 00 00 00 b0 68 3c 00 00 00 00 00 d8 13 02 00 00 00 00 00 04 2d 01 00 00 00 00 00 4b 1d 01 00 00 00 00 00 24 0d 01 00 00 00 00 00 26 00 00 00 30 12 00 00 8c 00 00 00 9e 06 00 00 1a 3f 00 00 fb 08 00 00 00 00 00 00 b9 12 00 00 00 00 00 00 fa 00 00 00
07 10 12 59 05 10 00 68 00 68 00 81 b8 72 35 a4 99 8e f4 0f 01 01 00 03 00 00 00 00 01 00 00 00 00 e2 74 3c 00 00 00 00 00 d8 13 02 00 00 00 00 00 1f 2d 01 00 00 00 00 00 88 1d 01 00 00 00 00 00 24 0d 01 00 00 00 00 00 26 00 00 00 32 12 00 00 8c 00 00 00 9e 06 00 00 1a 3f 00 00 fb 08 00 00 00 00 00 00 bb 12 00 00 00 00 00 00 fa 00 00 00
07 10 12 59 05 10 00 34 00 34 00 87 b8 c0 2d a5 99 8e f4 0f 01 06 00 03 00 00 00 00 01 0b 01 54 02 01 00 00 00 01 54 2e 18 f6 81 b3 26 40 0d 80 1c 03 40 00 01 03 00 65 00 1a ee 02 1c
07 10 12 59 05 10 00 34 00 34 00 87 b8 c4 33 a8 99 8e f4 0f 01 06 00 03 00 00 00 00 01 00 01 55 02 01 00 00 00 01 55 02 18 f6 81 b3 26 40 0d 80 1c 03 48 40 01 03 00 65 00 1a ee 02 1c
07 10 12 59 05 10 00 68 00 68 00 81 b8 20 34 a8 99 8e f4 0f 01 01 00 03 00 00 00 00 01 00 00 00 00 e2 74 3c 00 00 00 00 00 08 16 02 00 00 00 00 00 1f 2d 01 00 00 00 00 00 8d 1d 01 00 00 00 00 00 24 0d 01 00 00 00 00 00 26 00 00 00 32 12 00 00 8d 00 00 00 9e 06 00 00 1a 3f 00 00 fb 08 00 00 00 00 00 00 bc 12 00 00 00 00 00 00 fa 00 00 00
07 10 12 59 05 10 00 54 00 54 00 87 b8 24 76 ab 99 8e f4 0f 01 06 00 03 00 00 00 00 02 0a 01 55 02 01 00 00 00 01 55 2a 18 f6 81 b3 26 40 0d 80 1c 03 50 40 01 03 00 65 00 32 ee 02 1c 0b 01 55 02 01 00 00 00 01 55 2e 18 f6 81 b3 26 80 30 80 20 0a 58 00 01 03 00 65 00 3e ee 02 1c
07 10 12 59 05 10 00 68 00 68 00 81 b8 26 35 b4 99 8e f4 0f 01 01 00 03 00 00 00 00 01 00 00 00 00 e2 74 3c 00 00 00 00 00 08 16 02 00 00 00 00 00 1f 2d 01 00 00 00 00 00 8d 1d 01 00 00 00 00 00 24 0d 01 00 00 00 00 00 26 00 00 00 32 12 00 00 8d 00 00 00 9e 06 00 00 1a 3f 00 00 fb 08 00 00 00 00 00 00 bc 12 00 00 00 00 00 00 fa 00 00 00
07 10 12 59 05 10 00 68 00 68 00 81 b8 a5 36 b8 99 8e f4 0f 01 01 00 03 00 00 00 00 01 00 00 00 00 cb 75 3c 00 00 00 00 00 08 16 02 00 00 00 00 00 2e 2d 01 00 00 00 00 00 90 1d 01 00 00 00 00 00 43 0d 01 00 00 00 00 00 26 00 00 00 33 12 00 00 8d 00 00 00 9e 06 00 00 1a 3f 00 00 fc 08 00 00 00 00 00 00 bd 12 00 00 00 00 00 00 fa 00 00 00
07 10 12 59 05 10 00 34 00 34 00 87 b8 97 7f bb 99 8e f4 0f 01 06 00 03 00 00 00 00 01 0a 01 57 02 01 00 00 00 01 57 2a 18 f6 81 b3 26 c0 03 80 18 01 68 40 01 03 00 65 00 1a ee 02 1c
07 10 12 59 05 10 00 68 00 68 00 81 b8 ce 35 bc 99 8e f4 0f 01 01 00 03 00 00 00 00 01 00 00 00 00 8c 7b 3c 00 00 00 00 00 08 16 02 00 00 00 00 00 3a 2d 01 00 00 00 00 00 a9 1d 01 00 00 00 00 00 43 0d 01 00 00 00 00 00 26 00 00 00 34 12 00 00 8d 00 00 00 9e 06 00 00 1a 3f 00 00 fc 08 00 00 00 00 00 00 be 12 00 00 00 00 00 00 fa 00 00 00
07 10 12 59 05 10 00 68 00 68 00 81 b8 d4 36 d4 99 8e f4 0f 01 01 00 03 00 00 00 00 01 00 00 00 00 5e 7d 3c 00 00 00 00 00 c9 1b 02 00 00 00 00 00 58 2d 01 00 00 00 00 00 c2 1d 01 00 00 00 00 00 62 0d 01 00 00 00 00 00 26 00 00 00 36 12 00 00 8e 00 00 00 9e 06 00 00 1a 3f 00 00 fd 08 00 00 00 00 00 00 c1 12 00 00 00 00 00 00 fa 00 00 00
07 10 12 59 05 10 00 68 00 68 00 81 b8 26 36 d8 99 8e f4 0f 01 01 00 03 00 00 00 00 01 00 00 00 00 5e 7d 3c 00 00 00 00 00 c9 1b 02 00 00 00 00 00 58 2d 01 00 00 00 00 00 c2 1d 01 00 00 00 00 00 62 0d 01 00 00 00 00 00 26 00 00 00 36 12 00 00 8e 00 00 00 9e 06 00 00 1a 3f 00 00 fd 08 00 00 00 00 00 00 c1 12 00 00 00 00 00 00 fa 00 00 00
07 10 12 59 05 10 00 68 00 68 00 81 b8 a1 35 dc 99 8e f4 0f 01 01 00 03 00 00 00 00 01 00 00 00 00 5e 7d 3c 00 00 00 00 00 c9 1b 02 00 00 00 00 00 58 2d 01 00 00 00 00 00 c2 1d 01 00 00 00 00 00 62 0d 01 00 00 00 00 00 26 00 00 00 36 12 00 00 8e 00 00 00 9e 06 00 00 1a 3f 00 00 fd 08 00 00 00 00 00 00 c1 12 00 00 00 00 00 00 fa 00 00 00
07 10 12 59 05 10 00 68 00 68 00 81 b8 c2 35 e0 99 8e f4 0f 01 01 00 03 00 00 00 00 01 00 00 00 00 5e 7d 3c 00 00 00 00 00 c9 1b 02 00 00 00 00 00 58 2d 01 00 00 00 00 00 c2 1d 01 00 00 00 00 00 62 0d 01 00 00 00 00 00 26 00 00 00 36 12 00 00 8e 00 00 00 9e 06 00 00 1a 3f 00 00 fd 08 00 00 00 00 00 00 c1 12 00 00 00 00 00 00 fa 00 00 00
07 10 12 59 05 10 00 68 00 68 00 81 b8 ca 35 e4 99 8e f4 0f 01 01 00 03 00 00 00 00 01 00 00 00 00 5e 7d 3c 00 00 00 00 00 c9 1b 02 00 00 00 00 00 58 2d 01 00 00 00 00 00 c2 1d 01 00 00 00 00 00 62 0d 01 00 00 00 00 00 26 00 00 00 36 12 00 00 8e 00 00 00 9e 06 00 00 1a 3f 00 00 fd 08 00 00 00 00 00 00 c1 12 00 00 00 00 00 00 fa 00 00 00
07 10 12 59 05 10 00 68 00 68 00 81 b8 5f 36 e8 99 8e f4 0f 01 01 00 03 00 00 00 00 01 00 00 00 00 5e 7d 3c 00 00 00 00 00 c9 1b 02 00 00 00 00 00 58 2d 01 00 00 00 00 00 c2 1d 01 00 00 00 00 00 62 0d 01 00 00 00 00 00 26 00 00 00 36 12 00 00 8e 00 00 00 9e 06 00 00 1a 3f 00 00 fd 08 00 00 00 00 00 00 c1 12 00 00 00 00 00 00 fa 00 00 00
07 10 12 59 05 10 00 68 00 68 00 81 b8 32 36 ec 99 8e f4 0f 01 01 00 03 00 00 00 00 01 00 00 00 00 5e 7d 3c 00 00 00 00 00 c9 1b 02 00 00 00 00 00 58 2d 01 00 00 00 00 00 c2 1d 01 00 00 00 00 00 62 0d 01 00 00 00 00 00 26 00 00 00 36 12 00 00 8e 00 00 00 9e 06 00 00 1a 3f 00 00 fd 08 00 00 00 00 00 00 c1 12 00 00 00 00 00 00 fa 00 00 00
07 10 12 59 05 10 00 54 00 54 00 87 b8 01 9c ee 99 8e f4 0f 01 06 00 03 00 00 00 00 02 0d 01 5d 02 01 00 00 00 01 5d 36 18 f6 81 b3 26 a0 38 80 1c 2c 10 c0 02 07 00 65 00 26 ee 02 1c 10 01 5d 02 01 00 00 00 01 5d 42 18 f6 81 b3 26 c0 06 80 14 02 18 00 02 07 00 65 00 32 ee 02 1c
07 10 12 59 05 10 00 68 00 68 00 81 b8 d4 36 f0 99 8e f4 0f 01 01 00 03 00 00 00 00 01 00 00 00 00 5e 7d 3c 00 00 00 00 00 c9 1b 02 00 00 00 00 00 58 2d 01 00 00 00 00 00 c2 1d 01 00 00 00 00 00 62 0d 01 00 00 00 00 00 26 00 00 00 36 12 00 00 8e 00 00 00 9e 06 00 00 1a 3f 00 00 fd 08 00 00 00 00 00 00 c1 12 00 00 00 00 00 00 fa 00 00 00
07 10 12 59 05 10 00 68 00 68 00 81 b8 e0 35 f4 99 8e f4 0f 01 01 00 03 00 00 00 00 01 00 00 00 00 47 7e 3c 00 00 00 00 00 c9 1b 02 00 00 00 00 00 67 2d 01 00 00 00 00 00 c5 1d 01 00 00 00 00 00 81 0d 01 00 00 00 00 00 26 00 00 00 37 12 00 00 8e 00 00 00 9e 06 00 00 1a 3f 00 00 fe 08 00 00 00 00 00 00 c2 12 00 00 00 00 00 00 fa 00 00 00
07 10 12 59 05 10 00 68 00 68 00 81 b8 da 35 10 9a 8e f4 0f 01 01 00 03 00 00 00 00 01 00 00 00 00 19 80 3c 00 00 00 00 00 c9 1b 02 00 00 00 00 00 85 2d 01 00 00 00 00 00 cb 1d 01 00 00 00 00 00 a0 0d 01 00 00 00 00 00 26 00 00 00 39 12 00 00 8e 00 00 00 9e 06 00 00 1a 3f 00 00 ff 08 00 00 00 00 00 00 c4 12 00 00 00 00 00 00 fa 00 00 00
07 10 12 59 05 10 00 68 00 68 00 81 b8 bd 35 14 9a 8e f4 0f 01 01 00 03 00 00 00 00 01 00 00 00 00 19 80 3c 00 00 00 00 00 c9 1b 02 00 00 00 00 00 85 2d 01 00 00 00 00 00 cb 1d 01 00 00 00 00 00 a0 0d 01 00 00 00 00 00 26 00 00 00 39 12 00 00 8e 00 00 00 9e 06 00 00 1a 3f 00 00 ff 08 00 00 00 00 00 00 c4 12 00 00 00 00 00 00 fa 00 00 00
07 10 12 59 05 10 00 68 00 68 00 81 b8 8e 35 18 9a 8e f4 0f 01 01 00 03 00 00 00 00 01 00 00 00 00 19 80 3c 00 00 00 00 00 c9 1b 02 00 00 00 00 00 85 2d 01 00 00 00 00 00 cb 1d 01 00 00 00 00 00 a0 0d 01 00 00 00 00 00 26 00 00 00 39 12 00 00 8e 00 00 00 9e 06 00 00 1a 3f 00 00 ff 08 00 00 00 00 00 00 c4 12 00 00 00 00 00 00 fa 00 00 00
07 10 12 59 05 10 00 68 00 68 00 81 b8 30 35 1c 9a 8e f4 0f 01 01 00 03 00 00 00 00 01 00 00 00 00 19 80 3c 00 00 00 00 00 c9 1b 02 00 00 00 00 00 85 2d 01 00 00 00 00 00 cb 1d 01 00 00 00 00 00 a0 0d 01 00 00 00 00 00 26 00 00 00 39 12 00 00 8e 00 00 00 9e 06 00 00 1a 3f 00 00 ff 08 00 00 00 00 00 00 c4 12 00 00 00 00 00 00 fa 00 00 00
07 10 12 59 05 10 00 68 00 68 00 81 b8 34 35 20 9a 8e f4 0f 01 01 00 03 00 00 00 00 01 00 00 00 00 19 80 3c 00 00 00 00 00 c9 1b 02 00 00 00 00 00 85 2d 01 00 00 00 00 00 cb 1d 01 00 00 00 00 00 a0 0d 01 00 00 00 00 00 26 00 00 00 39 12 00 00 8e 00 00 00 9e 06 00 00 1a 3f 00 00 ff 08 00 00 00 00 00 00 c4 12 00 00 00 00 00 00 fa 00 00 00
07 10 12 59 05 10 00 68 00 68 00 81 b8 e6 35 28 9a 8e f4 0f 01 01 00 03 00 00 00 00 01 00 00 00 00 19 80 3c 00 00 00 00 00 c9 1b 02 00 00 00 00 00 85 2d 01 00 00 00 00 00 cb 1d 01 00 00 00 00 00 a0 0d 01 00 00 00 00 00 26 00 00 00 39 12 00 00 8e 00 00 00 9e 06 00 00 1a 3f 00 00 ff 08 00 00 00 00 00 00 c4 12 00 00 00 00 00 00 fa 00 00 00
07 10 12 59 06 10 00 68 00 68 00 81 b8 d6 35 2c 9a 8e f4 0f 01 01 00 03 00 00 00 00 01 00 00 00 00 19 80 3c 00 00 00 00 00 c9 1b 02 00 00 00 00 00 85 2d 01 00 00 00 00 00 cb 1d 01 00 00 00 00 00 a0 0d 01 00 00 00 00 00 26 00 00 00 39 12 00 00 8e 00 00 00 9e 06 00 00 1a 3f 00 00 ff 08 00 00 00 00 00 00 c4 12 00 00 00 00 00 00 fa 00 00 00
07 10 12 59 06 10 00 68 00 68 00 81 b8 ab 35 30 9a 8e f4 0f 01 01 00 03 00 00 00 00 01 00 00 00 00 19 80 3c 00 00 00 00 00 c9 1b 02 00 00 00 00 00 85 2d 01 00 00 00 00 00 cb 1d 01 00 00 00 00 00 a0 0d 01 00 00 00 00 00 26 00 00 00 39 12 00 00 8e 00 00 00 9e 06 00 00 1a 3f 00 00 ff 08 00 00 00 00 00 00 c4 12 00 00 00 00 00 00 fa 00 00 00
07 10 12 59 06 10 00 68 00 68 00 81 b8 d6 34 34 9a 8e f4 0f 01 01 00 03 00 00 00 00 01 00 00 00 00 19 80 3c 00 00 00 00 00 c9 1b 02 00 00 00 00 00 85 2d 01 00 00 00 00 00 cb 1d 01 00 00 00 00 00 a0 0d 01 00 00 00 00 00 26 00 00 00 39 12 00 00 8e 00 00 00 9e 06 00 00 1a 3f 00 00 ff 08 00 00 00 00 00 00 c4 12 00 00 00 00 00 00 fa 00 00 00
07 10 12 59 06 10 00 68 00 68 00 81 b8 3c 35 38 9a 8e f4 0f 01 01 00 03 00 00 00 00 01 00 00 00 00 19 80 3c 00 00 00 00 00 c9 1b 02 00 00 00 00 00 85 2d 01 00 00 00 00 00 cb 1d 01 00 00 00 00 00 a0 0d 01 00 00 00 00 00 26 00 00 00 39 12 00 00 8e 00 00 00 9e 06 00 00 1a 3f 00 00 ff 08 00 00 00 00 00 00 c4 12 00 00 00 00 00 00 fa 00 00 00
07 10 12 59 06 10 00 68 00 68 00 81 b8 36 35 3c 9a 8e f4 0f 01 01 00 03 00 00 00 00 01 00 00 00 00 19 80 3c 00 00 00 00 00 c9 1b 02 00 00 00 00 00 85 2d 01 00 00 00 00 00 cb 1d 01 00 00 00 00 00 a0 0d 01 00 00 00 00 00 26 00 00 00 39 12 00 00 8e 00 00 00 9e 06 00 00 1a 3f 00 00 ff 08 00 00 00 00 00 00 c4 12 00 00 00 00 00 00 fa 00 00 00
07 10 12 59 06 10 00 68 00 68 00 81 b8 99 ba 81 9a 8e f4 0f 01 01 00 03 00 00 00 00 01 00 00 00 00 19 80 3c 00 00 00 00 00 c9 1b 02 00 00 00 00 00 85 2d 01 00 00 00 00 00 cb 1d 01 00 00 00 00 00 a0 0d 01 00 00 00 00 00 26 00 00 00 39 12 00 00 8e 00 00 00 9e 06 00 00 1a 3f 00 00 ff 08 00 00 00 00 00 00 c4 12 00 00 00 00 00 00 fa 00 00 00
07 10 12 59 06 10 00 68 00 68 00 81 b8 af 01 86 9a 8e f4 0f 01 01 00 03 00 00 00 00 01 00 00 00 00 19 80 3c 00 00 00 00 00 c9 1b 02 00 00 00 00 00 85 2d 01 00 00 00 00 00 cb 1d 01 00 00 00 00 00 a0 0d 01 00 00 00 00 00 26 00 00 00 39 12 00 00 8e 00 00 00 9e 06 00 00 1a 3f 00 00 ff 08 00 00 00 00 00 00 c4 12 00 00 00 00 00 00 fa 00 00 00
07 10 12 59 06 10 00 68 00 68 00 81 b8 e6 02 8a 9a 8e f4 0f 01 01 00 03 00 00 00 00 01 00 00 00 00 19 80 3c 00 00 00 00 00 c9 1b 02 00 00 00 00 00 85 2d 01 00 00 00 00 00 cb 1d 01 00 00 00 00 00 a0 0d 01 00 00 00 00 00 26 00 00 00 39 12 00 00 8e 00 00 00 9f 06 00 00 24 3f 00 00 ff 08 00 00 00 00 00 00 c4 12 00 00 00 00 00 00 fa 00 00 00
07 10 12 59 06 10 00 68 00 68 00 81 b8 4b 08 8c 9a 8e f4 0f 01 01 00 03 00 00 00 00 01 00 00 00 00 19 80 3c 00 00 00 00 00 c9 1b 02 00 00 00 00 00 85 2d 01 00 00 00 00 00 cb 1d 01 00 00 00 00 00 a0 0d 01 00 00 00 00 00 26 00 00 00 39 12 00 00 8e 00 00 00 9f 06 00 00 24 3f 00 00 ff 08 00 00 00 00 00 00 c4 12 00 00 00 00 00 00 fa 00 00 00
07 10 12 59 06 10 00 68 00 68 00 81 b8 d8 88 03 9b 8e f4 0f 01 01 00 03 00 00 00 00 01 00 00 00 00 19 80 3c 00 00 00 00 00 c9 1b 02 00 00 00 00 00 85 2d 01 00 00 00 00 00 cb 1d 01 00 00 00 00 00 a0 0d 01 00 00 00 00 00 26 00 00 00 39 12 00 00 8e 00 00 00 9f 06 00 00 24 3f 00 00 ff 08 00 00 00 00 00 00 c4 12 00 00 00 00 00 00 fa 00 00 00
07 10 12 59 06 10 00 68 00 68 00 81 b8 de 82 07 9b 8e f4 0f 01 01 00 03 00 00 00 00 01 00 00 00 00 19 80 3c 00 00 00 00 00 c9 1b 02 00 00 00 00 00 85 2d 01 00 00 00 00 00 cb 1d 01 00 00 00 00 00 a0 0d 01 00 00 00 00 00 26 00 00 00 39 12 00 00 8e 00 00 00 9f 06 00 00 24 3f 00 00 ff 08 00 00 00 00 00 00 c4 12 00 00 00 00 00 00 fa 00 00 00
07 10 12 59 06 10 00 34 00 34 00 87 b8 e0 28 09 9b 8e f4 0f 01 06 00 03 00 00 00 00 01 02 01 81 02 01 00 00 00 01 81 0a 18 f6 81 b3 26 40 01 80 1c 03 00 50 00 83 00 61 00 18 ee 02 1c
07 10 12 59 06 10 00 68 00 68 00 81 b8 b5 79 0b 9b 8e f4 0f 01 01 00 03 00 00 00 00 01 00 00 00 00 19 80 3c 00 00 00 00 00 c9 1b 02 00 00 00 00 00 85 2d 01 00 00 00 00 00 cb 1d 01 00 00 00 00 00 a0 0d 01 00 00 00 00 00 26 00 00 00 39 12 00 00 8e 00 00 00 a0 06 00 00 2d 3f 00 00 ff 08 00 00 00 00 00 00 c4 12 00 00 00 00 00 00 fa 00 00 00
07 10 12 59 06 10 00 68 00 68 00 81 b8 a3 05 0c 9b 8e f4 0f 01 01 00 03 00 00 00 00 01 00 00 00 00 19 80 3c 00 00 00 00 00 c9 1b 02 00 00 00 00 00 85 2d 01 00 00 00 00 00 cb 1d 01 00 00 00 00 00 a0 0d 01 00 00 00 00 00 26 00 00 00 39 12 00 00 8e 00 00 00 a0 06 00 00 2d 3f 00 00 ff 08 00 00 00 00 00 00 c4 12 00 00 00 00 00 00 fa 00 00 00
07 10 12 59 06 10 00 68 00 68 00 81 b8 49 6a 7f 9b 8e f4 0f 01 01 00 03 00 00 00 00 01 00 00 00 00 19 80 3c 00 00 00 00 00 c9 1b 02 00 00 00 00 00 85 2d 01 00 00 00 00 00 cb 1d 01 00 00 00 00 00 a0 0d 01 00 00 00 00 00 26 00 00 00 39 12 00 00 8e 00 00 00 a0 06 00 00 2d 3f 00 00 ff 08 00 00 00 00 00 00 c4 12 00 00 00 00 00 00 fa 00 00 00
07 10 12 59 06 10 00 68 00 68 00 81 b8 8a 7a 83 9b 8e f4 0f 01 01 00 03 00 00 00 00 01 00 00 00 00 19 80 3c 00 00 00 00 00 c9 1b 02 00 00 00 00 00 85 2d 01 00 00 00 00 00 cb 1d 01 00 00 00 00 00 a0 0d 01 00 00 00 00 00 26 00 00 00 39 12 00 00 8e 00 00 00 a0 06 00 00 2d 3f 00 00 ff 08 00 00 00 00 00 00 c4 12 00 00 00 00 00 00 fa 00 00 00
07 10 12 59 06 10 00 68 00 68 00 81 b8 07 80 87 9b 8e f4 0f 01 01 00 03 00 00 00 00 01 00 00 00 00 19 80 3c 00 00 00 00 00 c9 1b 02 00 00 00 00 00 85 2d 01 00 00 00 00 00 cb 1d 01 00 00 00 00 00 a0 0d 01 00 00 00 00 00 26 00 00 00 39 12 00 00 8e 00 00 00 a0 06 00 00 2d 3f 00 00 ff 08 00 00 00 00 00 00 c4 12 00 00 00 00 00 00 fa 00 00 00
07 10 12 59 06 10 00 68 00 68 00 81 b8 07 7b 8b 9b 8e f4 0f 01 01 00 03 00 00 00 00 01 00 00 00 00 19 80 3c 00 00 00 00 00 c9 1b 02 00 00 00 00 00 85 2d 01 00 00 00 00 00 cb 1d 01 00 00 00 00 00 a0 0d 01 00 00 00 00 00 26 00 00 00 39 12 00 00 8e 00 00 00 a1 06 00 00 34 3f 00 00 ff 08 00 00 00 00 00 00 c4 12 00 00 00 00 00 00 fa 00 00 00
07 10 12 59 06 10 00 68 00 68 00 81 b8 a5 06 8c 9b 8e f4 0f 01 01 00 03 00 00 00 00 01 00 00 00 00 19 80 3c 00 00 00 00 00 c9 1b 02 00 00 00 00 00 85 2d 01 00 00 00 00 00 cb 1d 01 00 00 00 00 00 a0 0d 01 00 00 00 00 00 26 00 00 00 39 12 00 00 8e 00 00 00 a1 06 00 00 34 3f 00 00 ff 08 00 00 00 00 00 00 c4 12 00 00 00 00 00 00 fa 00 00 00
07 10 12 59 06 10 00 68 00 68 00 81 b8 1e 8b 03 9c 8e f4 0f 01 01 00 03 00 00 00 00 01 00 00 00 00 19 80 3c 00 00 00 00 00 c9 1b 02 00 00 00 00 00 85 2d 01 00 00 00 00 00 cb 1d 01 00 00 00 00 00 a0 0d 01 00 00 00 00 00 26 00 00 00 39 12 00 00 8e 00 00 00 a1 06 00 00 34 3f 00 00 ff 08 00 00 00 00 00 00 c4 12 00 00 00 00 00 00 fa 00 00 00
07 10 12 59 06 10 00 68 00 68 00 81 b8 f7 82 07 9c 8e f4 0f 01 01 00 03 00 00 00 00 01 00 00 00 00 19 80 3c 00 00 00 00 00 c9 1b 02 00 00 00 00 00 85 2d 01 00 00 00 00 00 cb 1d 01 00 00 00 00 00 a0 0d 01 00 00 00 00 00 26 00 00 00 39 12 00 00 8e 00 00 00 a1 06 00 00 34 3f 00 00 ff 08 00 00 00 00 00 00 c4 12 00 00 00 00 00 00 fa 00 00 00
07 10 12 59 06 10 00 68 00 68 00 81 b8 63 7b 0b 9c 8e f4 0f 01 01 00 03 00 00 00 00 01 00 00 00 00 19 80 3c 00 00 00 00 00 c9 1b 02 00 00 00 00 00 85 2d 01 00 00 00 00 00 cb 1d 01 00 00 00 00 00 a0 0d 01 00 00 00 00 00 26 00 00 00 39 12 00 00 8e 00 00 00 a2 06 00 00 3c 3f 00 00 ff 08 00 00 00 00 00 00 c4 12 00 00 00 00 00 00 fa 00 00 00
07 10 12 59 06 10 00 68 00 68 00 81 b8 8a 06 0c 9c 8e f4 0f 01 01 00 03 00 00 00 00 01 00 00 00 00 19 80 3c 00 00 00 00 00 c9 1b 02 00 00 00 00 00 85 2d 01 00 00 00 00 00 cb 1d 01 00 00 00 00 00 a0 0d 01 00 00 00 00 00 26 00 00 00 39 12 00 00 8e 00 00 00 a2 06 00 00 3c 3f 00 00 ff 08 00 00 00 00 00 00 c4 12 00 00 00 00 00 00 fa 00 00 00
07 10 12 59 06 10 00 68 00 68 00 81 b8 f3 68 7f 9c 8e f4 0f 01 01 00 03 00 00 00 00 01 00 00 00 00 19 80 3c 00 00 00 00 00 c9 1b 02 00 00 00 00 00 85 2d 01 00 00 00 00 00 cb 1d 01 00 00 00 00 00 a0 0d 01 00 00 00 00 00 26 00 00 00 39 12 00 00 8e 00 00 00 a2 06 00 00 3c 3f 00 00 ff 08 00 00 00 00 00 00 c4 12 00 00 00 00 00 00 fa 00 00 00
07 10 12 59 06 10 00 68 00 68 00 81 b8 f9 7a 83 9c 8e f4 0f 01 01 00 03 00 00 00 00 01 00 00 00 00 19 80 3c 00 00 00 00 00 c9 1b 02 00 00 00 00 00 85 2d 01 00 00 00 00 00 cb 1d 01 00 00 00 00 00 a0 0d 01 00 00 00 00 00 26 00 00 00 39 12 00 00 8e 00 00 00 a2 06 00 00 3c 3f 00 00 ff 08 00 00 00 00 00 00 c4 12 00 00 00 00 00 00 fa 00 00 00
07 10 12 59 06 10 00 68 00 68 00 81 b8 7c 7d 87 9c 8e f4 0f 01 01 00 03 00 00 00 00 01 00 00 00 00 19 80 3c 00 00 00 00 00 c9 1b 02 00 00 00 00 00 85 2d 01 00 00 00 00 00 cb 1d 01 00 00 00 00 00 a0 0d 01 00 00 00 00 00 26 00 00 00 39 12 00 00 8e 00 00 00 a2 06 00 00 3c 3f 00 00 ff 08 00 00 00 00 00 00 c4 12 00 00 00 00 00 00 fa 00 00 00
07 10 12 59 06 10 00 68 00 68 00 81 b8 2c 7d 8b 9c 8e f4 0f 01 01 00 03 00 00 00 00 01 00 00 00 00 19 80 3c 00 00 00 00 00 c9 1b 02 00 00 00 00 00 85 2d 01 00 00 00 00 00 cb 1d 01 00 00 00 00 00 a0 0d 01 00 00 00 00 00 26 00 00 00 39 12 00 00 8e 00 00 00 a3 06 00 00 40 3f 00 00 ff 08 00 00 00 00 00 00 c4 12 00 00 00 00 00 00 fa 00 00 00
07 10 12 59 06 10 00 68 00 68 00 81 b8 1e 09 8c 9c 8e f4 0f 01 01 00 03 00 00 00 00 01 00 00 00 00 19 80 3c 00 00 00 00 00 c9 1b 02 00 00 00 00 00 85 2d 01 00 00 00 00 00 cb 1d 01 00 00 00 00 00 a0 0d 01 00 00 00 00 00 26 00 00 00 39 12 00 00 8e 00 00 00 a3 06 00 00 40 3f 00 00 ff 08 00 00 00 00 00 00 c4 12 00 00 00 00 00 00 fa 00 00 00
07 10 12 59 06 10 00 68 00 68 00 81 b8 74 8d 03 9d 8e f4 0f 01 01 00 03 00 00 00 00 01 00 00 00 00 19 80 3c 00 00 00 00 00 c9 1b 02 00 00 00 00 00 85 2d 01 00 00 00 00 00 cb 1d 01 00 00 00 00 00 a0 0d 01 00 00 00 00 00 26 00 00 00 39 12 00 00 8e 00 00 00 a3 06 00 00 40 3f 00 00 ff 08 00 00 00 00 00 00 c4 12 00 00 00 00 00 00 fa 00 00 00
07 10 12 59 06 10 00 68 00 68 00 81 b8 cc 7b 07 9d 8e f4 0f 01 01 00 03 00 00 00 00 01 00 00 00 00 19 80 3c 00 00 00 00 00 c9 1b 02 00 00 00 00 00 85 2d 01 00 00 00 00 00 cb 1d 01 00 00 00 00 00 a0 0d 01 00 00 00 00 00 26 00 00 00 39 12 00 00 8e 00 00 00 a3 06 00 00 40 3f 00 00 ff 08 00 00 00 00 00 00 c4 12 00 00 00 00 00 00 fa 00 00 00
07 10 12 59 06 10 00 68 00 68 00 81 b8 26 7b 0b 9d 8e f4 0f 01 01 00 03 00 00 00 00 01 00 00 00 00 19 80 3c 00 00 00 00 00 c9 1b 02 00 00 00 00 00 85 2d 01 00 00 00 00 00 cb 1d 01 00 00 00 00 00 a0 0d 01 00 00 00 00 00 26 00 00 00 39 12 00 00 8e 00 00 00 a4 06 00 00 45 3f 00 00 ff 08 00 00 00 00 00 00 c4 12 00 00 00 00 00 00 fa 00 00 00
07 10 12 59 06 10 00 68 00 68 00 81 b8 8c 07 0c 9d 8e f4 0f 01 01 00 03 00 00 00 00 01 00 00 00 00 19 80 3c 00 00 00 00 00 c9 1b 02 00 00 00 00 00 85 2d 01 00 00 00 00 00 cb 1d 01 00 00 00 00 00 a0 0d 01 00 00 00 00 00 26 00 00 00 39 12 00 00 8e 00 00 00 a4 06 00 00 45 3f 00 00 ff 08 00 00 00 00 00 00 c4 12 00 00 00 00 00 00 fa 00 00 00
07 10 12 59 06 10 00 68 00 68 00 81 b8 ad 68 7f 9d 8e f4 0f 01 01 00 03 00 00 00 00 01 00 00 00 00 19 80 3c 00 00 00 00 00 c9 1b 02 00 00 00 00 00 85 2d 01 00 00 00 00 00 cb 1d 01 00 00 00 00 00 a0 0d 01 00 00 00 00 00 26 00 00 00 39 12 00 00 8e 00 00 00 a4 06 00 00 45 3f 00 00 ff 08 00 00 00 00 00 00 c4 12 00 00 00 00 00 00 fa 00 00 00
07 10 12 59 06 10 00 68 00 68 00 81 b8 97 7a 83 9d 8e f4 0f 01 01 00 03 00 00 00 00 01 00 00 00 00 19 80 3c 00 00 00 00 00 c9 1b 02 00 00 00 00 00 85 2d 01 00 00 00 00 00 cb 1d 01 00 00 00 00 00 a0 0d 01 00 00 00 00 00 26 00 00 00 39 12 00 00 8e 00 00 00 a4 06 00 00 45 3f 00 00 ff 08 00 00 00 00 00 00 c4 12 00 00 00 00 00 00 fa 00 00 00
07 10 12 59 06 10 00 68 00 68 00 81 b8 55 7d 87 9d 8e f4 0f 01 01 00 03 00 00 00 00 01 00 00 00 00 19 80 3c 00 00 00 00 00 c9 1b 02 00 00 00 00 00 85 2d 01 00 00 00 00 00 cb 1d 01 00 00 00 00 00 a0 0d 01 00 00 00 00 00 26 00 00 00 39 12 00 00 8e 00 00 00 a4 06 00 00 45 3f 00 00 ff 08 00 00 00 00 00 00 c4 12 00 00 00 00 00 00 fa 00 00 00
07 10 12 59 06 10 00 68 00 68 00 81 b8 fb 7c 8b 9d 8e f4 0f 01 01 00 03 00 00 00 00 01 00 00 00 00 19 80 3c 00 00 00 00 00 c9 1b 02 00 00 00 00 00 85 2d 01 00 00 00 00 00 cb 1d 01 00 00 00 00 00 a0 0d 01 00 00 00 00 00 26 00 00 00 39 12 00 00 8e 00 00 00 a5 06 00 00 4c 3f 00 00 ff 08 00 00 00 00 00 00 c4 12 00 00 00 00 00 00 fa 00 00 00
07 10 12 59 06 10 00 68 00 68 00 81 b8 36 08 8c 9d 8e f4 0f 01 01 00 03 00 00 00 00 01 00 00 00 00 19 80 3c 00 00 00 00 00 c9 1b 02 00 00 00 00 00 85 2d 01 00 00 00 00 00 cb 1d 01 00 00 00 00 00 a0 0d 01 00 00 00 00 00 26 00 00 00 39 12 00 00 8e 00 00 00 a5 06 00 00 4c 3f 00 00 ff 08 00 00 00 00 00 00 c4 12 00 00 00 00 00 00 fa 00 00 00
07 10 12 59 06 10 00 68 00 68 00 81 b8 af 8f 03 9e 8e f4 0f 01 01 00 03 00 00 00 00 01 00 00 00 00 19 80 3c 00 00 00 00 00 c9 1b 02 00 00 00 00 00 85 2d 01 00 00 00 00 00 cb 1d 01 00 00 00 00 00 a0 0d 01 00 00 00 00 00 26 00 00 00 39 12 00 00 8e 00 00 00 a5 06 00 00 4c 3f 00 00 ff 08 00 00 00 00 00 00 c4 12 00 00 00 00 00 00 fa 00 00 00
07 10 12 59 06 10 00 68 00 68 00 81 b8 6e 7c 07 9e 8e f4 0f 01 01 00 03 00 00 00 00 01 00 00 00 00 19 80 3c 00 00 00 00 00 c9 1b 02 00 00 00 00 00 85 2d 01 00 00 00 00 00 cb 1d 01 00 00 00 00 00 a0 0d 01 00 00 00 00 00 26 00 00 00 39 12 00 00 8e 00 00 00 a5 06 00 00 4c 3f 00 00 ff 08 00 00 00 00 00 00 c4 12 00 00 00 00 00 00 fa 00 00 00
07 10 12 59 06 10 00 68 00 68 00 81 b8 9f 7b 0b 9e 8e f4 0f 01 01 00 03 00 00 00 00 01 00 00 00 00 19 80 3c 00 00 00 00 00 c9 1b 02 00 00 00 00 00 85 2d 01 00 00 00 00 00 cb 1d 01 00 00 00 00 00 a0 0d 01 00 00 00 00 00 26 00 00 00 39 12 00 00 8e 00 00 00 a6 06 00 00 51 3f 00 00 ff 08 00 00 00 00 00 00 c4 12 00 00 00 00 00 00 fa 00 00 00
07 10 12 59 06 10 00 68 00 68 00 81 b8 07 07 0c 9e 8e f4 0f 01 01 00 03 00 00 00 00 01 00 00 00 00 19 80 3c 00 00 00 00 00 c9 1b 02 00 00 00 00 00 85 2d 01 00 00 00 00 00 cb 1d 01 00 00 00 00 00 a0 0d 01 00 00 00 00 00 26 00 00 00 39 12 00 00 8e 00 00 00 a6 06 00 00 51 3f 00 00 ff 08 00 00 00 00 00 00 c4 12 00 00 00 00 00 00 fa 00 00 00
07 10 12 59 06 10 00 68 00 68 00 81 b8 76 66 7f 9e 8e f4 0f 01 01 00 03 00 00 00 00 01 00 00 00 00 19 80 3c 00 00 00 00 00 c9 1b 02 00 00 00 00 00 85 2d 01 00 00 00 00 00 cb 1d 01 00 00 00 00 00 a0 0d 01 00 00 00 00 00 26 00 00 00 39 12 00 00 8e 00 00 00 a6 06 00 00 51 3f 00 00 ff 08 00 00 00 00 00 00 c4 12 00 00 00 00 00 00 fa 00 00 00
07 10 12 59 06 10 00 68 00 68 00 81 b8 22 7b 83 9e 8e f4 0f 01 01 00 03 00 00 00 00 01 00 00 00 00 19 80 3c 00 00 00 00 00 c9 1b 02 00 00 00 00 00 85 2d 01 00 00 00 00 00 cb 1d 01 00 00 00 00 00 a0 0d 01 00 00 00 00 00 26 00 00 00 39 12 00 00 8e 00 00 00 a6 06 00 00 51 3f 00 00 ff 08 00 00 00 00 00 00 c4 12 00 00 00 00 00 00 fa 00 00 00
07 10 12 59 06 10 00 68 00 68 00 81 b8 d4 7e 87 9e 8e f4 0f 01 01 00 03 00 00 00 00 01 00 00 00 00 19 80 3c 00 00 00 00 00 c9 1b 02 00 00 00 00 00 85 2d 01 00 00 00 00 00 cb 1d 01 00 00 00 00 00 a0 0d 01 00 00 00 00 00 26 00 00 00 39 12 00 00 8e 00 00 00 a6 06 00 00 51 3f 00 00 ff 08 00 00 00 00 00 00 c4 12 00 00 00 00 00 00 fa 00 00 00
07 10 12 59 06 10 00 68 00 68 00 81 b8 ff 7a 8b 9e 8e f4 0f 01 01 00 03 00 00 00 00 01 00 00 00 00 19 80 3c 00 00 00 00 00 c9 1b 02 00 00 00 00 00 85 2d 01 00 00 00 00 00 cb 1d 01 00 00 00 00 00 a0 0d 01 00 00 00 00 00 26 00 00 00 39 12 00 00 8e 00 00 00 a7 06 00 00 57 3f 00 00 ff 08 00 00 00 00 00 00 c4 12 00 00 00 00 00 00 fa 00 00 00
07 10 12 59 06 10 00 68 00 68 00 81 b8 fd 06 8c 9e 8e f4 0f 01 01 00 03 00 00 00 00 01 00 00 00 00 19 80 3c 00 00 00 00 00 c9 1b 02 00 00 00 00 00 85 2d 01 00 00 00 00 00 cb 1d 01 00 00 00 00 00 a0 0d 01 00 00 00 00 00 26 00 00 00 39 12 00 00 8e 00 00 00 a7 06 00 00 57 3f 00 00 ff 08 00 00 00 00 00 00 c4 12 00 00 00 00 00 00 fa 00 00 00
07 10 12 59 06 10 00 68 00 68 00 81 b8 da 3c 04 9f 8e f4 0f 01 01 00 03 00 00 00 00 01 00 00 00 00 19 80 3c 00 00 00 00 00 c9 1b 02 00 00 00 00 00 85 2d 01 00 00 00 00 00 cb 1d 01 00 00 00 00 00 a0 0d 01 00 00 00 00 00 26 00 00 00 39 12 00 00 8e 00 00 00 a7 06 00 00 57 3f 00 00 ff 08 00 00 00 00 00 00 c4 12 00 00 00 00 00 00 fa 00 00 00
07 10 12 59 06 10 00 68 00 68 00 81 b8 86 36 08 9f 8e f4 0f 01 01 00 03 00 00 00 00 01 00 00 00 00 19 80 3c 00 00 00 00 00 c9 1b 02 00 00 00 00 00 85 2d 01 00 00 00 00 00 cb 1d 01 00 00 00 00 00 a0 0d 01 00 00 00 00 00 26 00 00 00 39 12 00 00 8e 00 00 00 a7 06 00 00 57 3f 00 00 ff 08 00 00 00 00 00 00 c4 12 00 00 00 00 00 00 fa 00 00 00
07 10 12 59 06 10 00 68 00 68 00 81 b8 26 04 0c 9f 8e f4 0f 01 01 00 03 00 00 00 00 01 00 00 00 00 19 80 3c 00 00 00 00 00 c9 1b 02 00 00 00 00 00 85 2d 01 00 00 00 00 00 cb 1d 01 00 00 00 00 00 a0 0d 01 00 00 00 00 00 26 00 00 00 39 12 00 00 8e 00 00 00 a8 06 00 00 5f 3f 00 00 ff 08 00 00 00 00 00 00 c4 12 00 00 00 00 00 00 fa 00 00 00
07 10 12 59 06 10 00 68 00 68 00 81 b8 d0 67 7f 9f 8e f4 0f 01 01 00 03 00 00 00 00 01 00 00 00 00 19 80 3c 00 00 00 00 00 c9 1b 02 00 00 00 00 00 85 2d 01 00 00 00 00 00 cb 1d 01 00 00 00 00 00 a0 0d 01 00 00 00 00 00 26 00 00 00 39 12 00 00 8e 00 00 00 a8 06 00 00 5f 3f 00 00 ff 08 00 00 00 00 00 00 c4 12 00 00 00 00 00 00 fa 00 00 00
07 10 12 59 06 10 00 68 00 68 00 81 b8 72 78 83 9f 8e f4 0f 01 01 00 03 00 00 00 00 01 00 00 00 00 19 80 3c 00 00 00 00 00 c9 1b 02 00 00 00 00 00 85 2d 01 00 00 00 00 00 cb 1d 01 00 00 00 00 00 a0 0d 01 00 00 00 00 00 26 00 00 00 39 12 00 00 8e 00 00 00 a8 06 00 00 5f 3f 00 00 ff 08 00 00 00 00 00 00 c4 12 00 00 00 00 00 00 fa 00 00 00
07 10 12 59 06 10 00 68 00 68 00 81 b8 dc 78 87 9f 8e f4 0f 01 01 00 03 00 00 00 00 01 00 00 00 00 19 80 3c 00 00 00 00 00 c9 1b 02 00 00 00 00 00 85 2d 01 00 00 00 00 00 cb 1d 01 00 00 00 00 00 a0 0d 01 00 00 00 00 00 26 00 00 00 39 12 00 00 8e 00 00 00 a8 06 00 00 5f 3f 00 00 ff 08 00 00 00 00 00 00 c4 12 00 00 00 00 00 00 fa 00 00 00
07 10 12 59 06 10 00 68 00 68 00 81 b8 f9 77 8b 9f 8e f4 0f 01 01 00 03 00 00 00 00 01 00 00 00 00 19 80 3c 00 00 00 00 00 c9 1b 02 00 00 00 00 00 85 2d 01 00 00 00 00 00 cb 1d 01 00 00 00 00 00 a0 0d 01 00 00 00 00 00 26 00 00 00 39 12 00 00 8e 00 00 00 a9 06 00 00 65 3f 00 00 ff 08 00 00 00 00 00 00 c4 12 00 00 00 00 00 00 fa 00 00 00
07 10 12 59 06 10 00 68 00 68 00 81 b8 45 04 8c 9f 8e f4 0f 01 01 00 03 00 00 00 00 01 00 00 00 00 19 80 3c 00 00 00 00 00 c9 1b 02 00 00 00 00 00 85 2d 01 00 00 00 00 00 cb 1d 01 00 00 00 00 00 a0 0d 01 00 00 00 00 00 26 00 00 00 39 12 00 00 8e 00 00 00 a9 06 00 00 65 3f 00 00 ff 08 00 00 00 00 00 00 c4 12 00 00 00 00 00 00 fa 00 00 00
07 10 12 59 06 10 00 68 00 68 00 81 b8 2c 26 05 a0 8e f4 0f 01 01 00 03 00 00 00 00 01 00 00 00 00 19 80 3c 00 00 00 00 00 c9 1b 02 00 00 00 00 00 85 2d 01 00 00 00 00 00 cb 1d 01 00 00 00 00 00 a0 0d 01 00 00 00 00 00 26 00 00 00 39 12 00 00 8e 00 00 00 a9 06 00 00 65 3f 00 00 ff 08 00 00 00 00 00 00 c4 12 00 00 00 00 00 00 fa 00 00 00
07 10 12 59 06 10 00 68 00 68 00 81 b8 7a 24 09 a0 8e f4 0f 01 01 00 03 00 00 00 00 01 00 00 00 00 19 80 3c 00 00 00 00 00 c9 1b 02 00 00 00 00 00 85 2d 01 00 00 00 00 00 cb 1d 01 00 00 00 00 00 a0 0d 01 00 00 00 00 00 26 00 00 00 39 12 00 00 8e 00 00 00 a9 06 00 00 65 3f 00 00 ff 08 00 00 00 00 00 00 c4 12 00 00 00 00 00 00 fa 00 00 00
07 10 12 59 06 10 00 68 00 68 00 81 b8 78 03 0c a0 8e f4 0f 01 01 00 03 00 00 00 00 01 00 00 00 00 19 80 3c 00 00 00 00 00 c9 1b 02 00 00 00 00 00 85 2d 01 00 00 00 00 00 cb 1d 01 00 00 00 00 00 a0 0d 01 00 00 00 00 00 26 00 00 00 39 12 00 00 8e 00 00 00 aa 06 00 00 6a 3f 00 00 ff 08 00 00 00 00 00 00 c4 12 00 00 00 00 00 00 fa 00 00 00
07 10 12 59 06 10 00 68 00 68 00 81 b8 55 74 0f a0 8e f4 0f 01 01 00 03 00 00 00 00 01 00 00 00 00 19 80 3c 00 00 00 00 00 c9 1b 02 00 00 00 00 00 85 2d 01 00 00 00 00 00 cb 1d 01 00 00 00 00 00 a0 0d 01 00 00 00 00 00 26 00 00 00 39 12 00 00 8e 00 00 00 aa 06 00 00 6a 3f 00 00 ff 08 00 00 00 00 00 00 c4 12 00 00 00 00 00 00 fa 00 00 00
07 10 12 59 06 10 00 68 00 68 00 81 b8 53 68 7f a0 8e f4 0f 01 01 00 03 00 00 00 00 01 00 00 00 00 19 80 3c 00 00 00 00 00 c9 1b 02 00 00 00 00 00 85 2d 01 00 00 00 00 00 cb 1d 01 00 00 00 00 00 a0 0d 01 00 00 00 00 00 26 00 00 00 39 12 00 00 8e 00 00 00 aa 06 00 00 6a 3f 00 00 ff 08 00 00 00 00 00 00 c4 12 00 00 00 00 00 00 fa 00 00 00
07 10 12 59 06 10 00 68 00 68 00 81 b8 4f 77 83 a0 8e f4 0f 01 01 00 03 00 00 00 00 01 00 00 00 00 19 80 3c 00 00 00 00 00 c9 1b 02 00 00 00 00 00 85 2d 01 00 00 00 00 00 cb 1d 01 00 00 00 00 00 a0 0d 01 00 00 00 00 00 26 00 00 00 39 12 00 00 8e 00 00 00 aa 06 00 00 6a 3f 00 00 ff 08 00 00 00 00 00 00 c4 12 00 00 00 00 00 00 fa 00 00 00
07 10 12 59 06 10 00 68 00 68 00 81 b8 2e 7c 87 a0 8e f4 0f 01 01 00 03 00 00 00 00 01 00 00 00 00 19 80 3c 00 00 00 00 00 c9 1b 02 00 00 00 00 00 85 2d 01 00 00 00 00 00 cb 1d 01 00 00 00 00 00 a0 0d 01 00 00 00 00 00 26 00 00 00 39 12 00 00 8e 00 00 00 aa 06 00 00 6a 3f 00 00 ff 08 00 00 00 00 00 00 c4 12 00 00 00 00 00 00 fa 00 00 00
07 10 12 59 06 10 00 68 00 68 00 81 b8 4d 78 8b a0 8e f4 0f 01 01 00 03 00 00 00 00 01 00 00 00 00 19 80 3c 00 00 00 00 00 c9 1b 02 00 00 00 00 00 85 2d 01 00 00 00 00 00 cb 1d 01 00 00 00 00 00 a0 0d 01 00 00 00 00 00 26 00 00 00 39 12 00 00 8e 00 00 00 aa 06 00 00 71 3f 00 00 ff 08 00 00 00 00 00 00 c4 12 00 00 00 00 00 00 fa 00 00 00
07 10 12 59 06 10 00 68 00 68 00 81 b8 f5 03 8c a0 8e f4 0f 01 01 00 03 00 00 00 00 01 00 00 00 00 19 80 3c 00 00 00 00 00 c9 1b 02 00 00 00 00 00 85 2d 01 00 00 00 00 00 cb 1d 01 00 00 00 00 00 a0 0d 01 00 00 00 00 00 26 00 00 00 39 12 00 00 8e 00 00 00 aa 06 00 00 71 3f 00 00 ff 08 00 00 00 00 00 00 c4 12 00 00 00 00 00 00 fa 00 00 00
07 10 12 59 06 10 00 68 00 68 00 81 b8 78 6b ff a0 8e f4 0f 01 01 00 03 00 00 00 00 01 00 00 00 00 19 80 3c 00 00 00 00 00 c9 1b 02 00 00 00 00 00 85 2d 01 00 00 00 00 00 cb 1d 01 00 00 00 00 00 a0 0d 01 00 00 00 00 00 26 00 00 00 39 12 00 00 8e 00 00 00 aa 06 00 00 71 3f 00 00 ff 08 00 00 00 00 00 00 c4 12 00 00 00 00 00 00 fa 00 00 00
07 10 12 59 06 10 00 68 00 68 00 81 b8 22 77 03 a1 8e f4 0f 01 01 00 03 00 00 00 00 01 00 00 00 00 19 80 3c 00 00 00 00 00 c9 1b 02 00 00 00 00 00 85 2d 01 00 00 00 00 00 cb 1d 01 00 00 00 00 00 a0 0d 01 00 00 00 00 00 26 00 00 00 39 12 00 00 8e 00 00 00 aa 06 00 00 71 3f 00 00 ff 08 00 00 00 00 00 00 c4 12 00 00 00 00 00 00 fa 00 00 00
07 10 12 59 06 10 00 68 00 68 00 81 b8 e6 78 07 a1 8e f4 0f 01 01 00 03 00 00 00 00 01 00 00 00 00 19 80 3c 00 00 00 00 00 c9 1b 02 00 00 00 00 00 85 2d 01 00 00 00 00 00 cb 1d 01 00 00 00 00 00 a0 0d 01 00 00 00 00 00 26 00 00 00 39 12 00 00 8e 00 00 00 aa 06 00 00 71 3f 00 00 ff 08 00 00 00 00 00 00 c4 12 00 00 00 00 00 00 fa 00 00 00
07 10 12 59 06 10 00 68 00 68 00 81 b8 5b 77 0b a1 8e f4 0f 01 01 00 03 00 00 00 00 01 00 00 00 00 19 80 3c 00 00 00 00 00 c9 1b 02 00 00 00 00 00 85 2d 01 00 00 00 00 00 cb 1d 01 00 00 00 00 00 a0 0d 01 00 00 00 00 00 26 00 00 00 39 12 00 00 8e 00 00 00 ab 06 00 00 77 3f 00 00 ff 08 00 00 00 00 00 00 c4 12 00 00 00 00 00 00 fa 00 00 00
07 10 12 59 06 10 00 68 00 68 00 81 b8 51 03 0c a1 8e f4 0f 01 01 00 03 00 00 00 00 01 00 00 00 00 19 80 3c 00 00 00 00 00 c9 1b 02 00 00 00 00 00 85 2d 01 00 00 00 00 00 cb 1d 01 00 00 00 00 00 a0 0d 01 00 00 00 00 00 26 00 00 00 39 12 00 00 8e 00 00 00 ab 06 00 00 77 3f 00 00 ff 08 00 00 00 00 00 00 c4 12 00 00 00 00 00 00 fa 00 00 00
07 10 12 59 06 10 00 68 00 68 00 81 b8 b9 66 7f a1 8e f4 0f 01 01 00 03 00 00 00 00 01 00 00 00 00 19 80 3c 00 00 00 00 00 c9 1b 02 00 00 00 00 00 85 2d 01 00 00 00 00 00 cb 1d 01 00 00 00 00 00 a0 0d 01 00 00 00 00 00 26 00 00 00 39 12 00 00 8e 00 00 00 ab 06 00 00 77 3f 00 00 ff 08 00 00 00 00 00 00 c4 12 00 00 00 00 00 00 fa 00 00 00
07 10 12 59 06 10 00 68 00 68 00 81 b8 cc 76 83 a1 8e f4 0f 01 01 00 03 00 00 00 00 01 00 00 00 00 19 80 3c 00 00 00 00 00 c9 1b 02 00 00 00 00 00 85 2d 01 00 00 00 00 00 cb 1d 01 00 00 00 00 00 a0 0d 01 00 00 00 00 00 26 00 00 00 39 12 00 00 8e 00 00 00 ab 06 00 00 77 3f 00 00 ff 08 00 00 00 00 00 00 c4 12 00 00 00 00 00 00 fa 00 00 00
07 10 12 59 06 10 00 68 00 68 00 81 b8 6a 7b 87 a1 8e f4 0f 01 01 00 03 00 00 00 00 01 00 00 00 00 19 80 3c 00 00 00 00 00 c9 1b 02 00 00 00 00 00 85 2d 01 00 00 00 00 00 cb 1d 01 00 00 00 00 00 a0 0d 01 00 00 00 00 00 26 00 00 00 39 12 00 00 8e 00 00 00 ab 06 00 00 77 3f 00 00 ff 08 00 00 00 00 00 00 c4 12 00 00 00 00 00 00 fa 00 00 00
07 10 12 59 06 10 00 68 00 68 00 81 b8 6a 77 8b a1 8e f4 0f 01 01 00 03 00 00 00 00 01 00 00 00 00 19 80 3c 00 00 00 00 00 c9 1b 02 00 00 00 00 00 85 2d 01 00 00 00 00 00 cb 1d 01 00 00 00 00 00 a0 0d 01 00 00 00 00 00 26 00 00 00 39 12 00 00 8e 00 00 00 ab 06 00 00 7e 3f 00 00 ff 08 00 00 00 00 00 00 c4 12 00 00 00 00 00 00 fa 00 00 00
07 10 12 59 06 10 00 68 00 68 00 81 b8 38 03 8c a1 8e f4 0f 01 01 00 03 00 00 00 00 01 00 00 00 00 19 80 3c 00 00 00 00 00 c9 1b 02 00 00 00 00 00 85 2d 01 00 00 00 00 00 cb 1d 01 00 00 00 00 00 a0 0d 01 00 00 00 00 00 26 00 00 00 39 12 00 00 8e 00 00 00 ab 06 00 00 7e 3f 00 00 ff 08 00 00 00 00 00 00 c4 12 00 00 00 00 00 00 fa 00 00 00
07 10 12 59 06 10 00 68 00 68 00 81 b8 24 38 04 a2 8e f4 0f 01 01 00 03 00 00 00 00 01 00 00 00 00 19 80 3c 00 00 00 00 00 c9 1b 02 00 00 00 00 00 85 2d 01 00 00 00 00 00 cb 1d 01 00 00 00 00 00 a0 0d 01 00 00 00 00 00 26 00 00 00 39 12 00 00 8e 00 00 00 ab 06 00 00 7e 3f 00 00 ff 08 00 00 00 00 00 00 c4 12 00 00 00 00 00 00 fa 00 00 00
07 10 12 59 06 10 00 68 00 68 00 81 b8 3f 34 08 a2 8e f4 0f 01 01 00 03 00 00 00 00 01 00 00 00 00 19 80 3c 00 00 00 00 00 c9 1b 02 00 00 00 00 00 85 2d 01 00 00 00 00 00 cb 1d 01 00 00 00 00 00 a0 0d 01 00 00 00 00 00 26 00 00 00 39 12 00 00 8e 00 00 00 ab 06 00 00 7e 3f 00 00 ff 08 00 00 00 00 00 00 c4 12 00 00 00 00 00 00 fa 00 00 00
07 10 12 59 06 10 00 68 00 68 00 81 b8 1c 03 0c a2 8e f4 0f 01 01 00 03 00 00 00 00 01 00 00 00 00 19 80 3c 00 00 00 00 00 c9 1b 02 00 00 00 00 00 85 2d 01 00 00 00 00 00 cb 1d 01 00 00 00 00 00 a0 0d 01 00 00 00 00 00 26 00 00 00 39 12 00 00 8e 00 00 00 ac 06 00 00 84 3f 00 00 ff 08 00 00 00 00 00 00 c4 12 00 00 00 00 00 00 fa 00 00 00
07 10 12 59 06 10 00 68 00 68 00 81 b8 3c 33 80 a2 8e f4 0f 01 01 00 03 00 00 00 00 01 00 00 00 00 19 80 3c 00 00 00 00 00 c9 1b 02 00 00 00 00 00 85 2d 01 00 00 00 00 00 cb 1d 01 00 00 00 00 00 a0 0d 01 00 00 00 00 00 26 00 00 00 39 12 00 00 8e 00 00 00 ac 06 00 00 84 3f 00 00 ff 08 00 00 00 00 00 00 c4 12 00 00 00 00 00 00 fa 00 00 00
07 10 12 59 06 10 00 68 00 68 00 81 b8 88 38 84 a2 8e f4 0f 01 01 00 03 00 00 00 00 01 00 00 00 00 19 80 3c 00 00 00 00 00 c9 1b 02 00 00 00 00 00 85 2d 01 00 00 00 00 00 cb 1d 01 00 00 00 00 00 a0 0d 01 00 00 00 00 00 26 00 00 00 39 12 00 00 8e 00 00 00 ac 06 00 00 84 3f 00 00 ff 08 00 00 00 00 00 00 c4 12 00 00 00 00 00 00 fa 00 00 00
07 10 12 59 06 10 00 68 00 68 00 81 b8 4d 34 88 a2 8e f4 0f 01 01 00 03 00 00 00 00 01 00 00 00 00 19 80 3c 00 00 00 00 00 c9 1b 02 00 00 00 00 00 85 2d 01 00 00 00 00 00 cb 1d 01 00 00 00 00 00 a0 0d 01 00 00 00 00 00 26 00 00 00 39 12 00 00 8e 00 00 00 ac 06 00 00 84 3f 00 00 ff 08 00 00 00 00 00 00 c4 12 00 00 00 00 00 00 fa 00 00 00
07 10 12 59 06 10 00 68 00 68 00 81 b8 88 03 8c a2 8e f4 0f 01 01 00 03 00 00 00 00 01 00 00 00 00 19 80 3c 00 00 00 00 00 c9 1b 02 00 00 00 00 00 85 2d 01 00 00 00 00 00 cb 1d 01 00 00 00 00 00 a0 0d 01 00 00 00 00 00 26 00 00 00 39 12 00 00 8e 00 00 00 ad 06 00 00 8a 3f 00 00 ff 08 00 00 00 00 00 00 c4 12 00 00 00 00 00 00 fa 00 00 00
07 10 12 59 06 10 00 68 00 68 00 81 b8 30 38 04 a3 8e f4 0f 01 01 00 03 00 00 00 00 01 00 00 00 00 19 80 3c 00 00 00 00 00 c9 1b 02 00 00 00 00 00 85 2d 01 00 00 00 00 00 cb 1d 01 00 00 00 00 00 a0 0d 01 00 00 00 00 00 26 00 00 00 39 12 00 00 8e 00 00 00 ad 06 00 00 8a 3f 00 00 ff 08 00 00 00 00 00 00 c4 12 00 00 00 00 00 00 fa 00 00 00
07 10 12 59 06 10 00 68 00 68 00 81 b8 43 39 08 a3 8e f4 0f 01 01 00 03 00 00 00 00 01 00 00 00 00 19 80 3c 00 00 00 00 00 c9 1b 02 00 00 00 00 00 85 2d 01 00 00 00 00 00 cb 1d 01 00 00 00 00 00 a0 0d 01 00 00 00 00 00 26 00 00 00 39 12 00 00 8e 00 00 00 ad 06 00 00 8a 3f 00 00 ff 08 00 00 00 00 00 00 c4 12 00 00 00 00 00 00 fa 00 00 00
07 10 12 59 06 10 00 34 00 34 00 87 b8 43 bd 09 a3 8e f4 0f 01 06 00 03 00 00 00 00 01 02 01 81 03 01 00 00 00 01 81 0b 18 f6 81 b3 26 40 01 80 1c 03 00 50 00 83 00 21 00 18 ee 02 1c
07 10 12 59 06 10 00 68 00 68 00 81 b8 f7 03 0c a3 8e f4 0f 01 01 00 03 00 00 00 00 01 00 00 00 00 19 80 3c 00 00 00 00 00 c9 1b 02 00 00 00 00 00 85 2d 01 00 00 00 00 00 cb 1d 01 00 00 00 00 00 a0 0d 01 00 00 00 00 00 26 00 00 00 39 12 00 00 8e 00 00 00 ad 06 00 00 90 3f 00 00 ff 08 00 00 00 00 00 00 c4 12 00 00 00 00 00 00 fa 00 00 00
07 10 12 59 06 10 00 68 00 68 00 81 b8 82 67 7f a3 8e f4 0f 01 01 00 03 00 00 00 00 01 00 00 00 00 19 80 3c 00 00 00 00 00 c9 1b 02 00 00 00 00 00 85 2d 01 00 00 00 00 00 cb 1d 01 00 00 00 00 00 a0 0d 01 00 00 00 00 00 26 00 00 00 39 12 00 00 8e 00 00 00 ad 06 00 00 90 3f 00 00 ff 08 00 00 00 00 00 00 c4 12 00 00 00 00 00 00 fa 00 00 00
07 10 12 59 06 10 00 68 00 68 00 81 b8 9b 76 83 a3 8e f4 0f 01 01 00 03 00 00 00 00 01 00 00 00 00 19 80 3c 00 00 00 00 00 c9 1b 02 00 00 00 00 00 85 2d 01 00 00 00 00 00 cb 1d 01 00 00 00 00 00 a0 0d 01 00 00 00 00 00 26 00 00 00 39 12 00 00 8e 00 00 00 ad 06 00 00 90 3f 00 00 ff 08 00 00 00 00 00 00 c4 12 00 00 00 00 00 00 fa 00 00 00
07 10 12 59 06 10 00 68 00 68 00 81 b8 20 78 87 a3 8e f4 0f 01 01 00 03 00 00 00 00 01 00 00 00 00 19 80 3c 00 00 00 00 00 c9 1b 02 00 00 00 00 00 85 2d 01 00 00 00 00 00 cb 1d 01 00 00 00 00 00 a0 0d 01 00 00 00 00 00 26 00 00 00 39 12 00 00 8e 00 00 00 ad 06 00 00 90 3f 00 00 ff 08 00 00 00 00 00 00 c4 12 00 00 00 00 00 00 fa 00 00 00
07 10 12 59 06 10 00 68 00 68 00 81 b8 d4 76 8b a3 8e f4 0f 01 01 00 03 00 00 00 00 01 00 00 00 00 19 80 3c 00 00 00 00 00 c9 1b 02 00 00 00 00 00 85 2d 01 00 00 00 00 00 cb 1d 01 00 00 00 00 00 a0 0d 01 00 00 00 00 00 26 00 00 00 39 12 00 00 8e 00 00 00 ae 06 00 00 96 3f 00 00 ff 08 00 00 00 00 00 00 c4 12 00 00 00 00 00 00 fa 00 00 00
07 10 12 59 06 10 00 68 00 68 00 81 b8 86 03 8c a3 8e f4 0f 01 01 00 03 00 00 00 00 01 00 00 00 00 19 80 3c 00 00 00 00 00 c9 1b 02 00 00 00 00 00 85 2d 01 00 00 00 00 00 cb 1d 01 00 00 00 00 00 a0 0d 01 00 00 00 00 00 26 00 00 00 39 12 00 00 8e 00 00 00 ae 06 00 00 96 3f 00 00 ff 08 00 00 00 00 00 00 c4 12 00 00 00 00 00 00 fa 00 00 00
07 10 12 59 06 10 00 68 00 68 00 81 b8 b5 25 05 a4 8e f4 0f 01 01 00 03 00 00 00 00 01 00 00 00 00 19 80 3c 00 00 00 00 00 c9 1b 02 00 00 00 00 00 85 2d 01 00 00 00 00 00 cb 1d 01 00 00 00 00 00 a0 0d 01 00 00 00 00 00 26 00 00 00 39 12 00 00 8e 00 00 00 ae 06 00 00 96 3f 00 00 ff 08 00 00 00 00 00 00 c4 12 00 00 00 00 00 00 fa 00 00 00
07 10 12 59 06 10 00 68 00 68 00 81 b8 41 24 09 a4 8e f4 0f 01 01 00 03 00 00 00 00 01 00 00 00 00 19 80 3c 00 00 00 00 00 c9 1b 02 00 00 00 00 00 85 2d 01 00 00 00 00 00 cb 1d 01 00 00 00 00 00 a0 0d 01 00 00 00 00 00 26 00 00 00 39 12 00 00 8e 00 00 00 ae 06 00 00 96 3f 00 00 ff 08 00 00 00 00 00 00 c4 12 00 00 00 00 00 00 fa 00 00 00
07 10 12 59 06 10 00 68 00 68 00 81 b8 e2 03 0c a4 8e f4 0f 01 01 00 03 00 00 00 00 01 00 00 00 00 19 80 3c 00 00 00 00 00 c9 1b 02 00 00 00 00 00 85 2d 01 00 00 00 00 00 cb 1d 01 00 00 00 00 00 a0 0d 01 00 00 00 00 00 26 00 00 00 39 12 00 00 8e 00 00 00 ae 06 00 00 9f 3f 00 00 ff 08 00 00 00 00 00 00 c4 12 00 00 00 00 00 00 fa 00 00 00
07 10 12 59 06 10 00 68 00 68 00 81 b8 8c 72 0f a4 8e f4 0f 01 01 00 03 00 00 00 00 01 00 00 00 00 19 80 3c 00 00 00 00 00 c9 1b 02 00 00 00 00 00 85 2d 01 00 00 00 00 00 cb 1d 01 00 00 00 00 00 a0 0d 01 00 00 00 00 00 26 00 00 00 39 12 00 00 8e 00 00 00 ae 06 00 00 9f 3f 00 00 ff 08 00 00 00 00 00 00 c4 12 00 00 00 00 00 00 fa 00 00 00
07 10 12 59 06 10 00 68 00 68 00 81 b8 bb 32 80 a4 8e f4 0f 01 01 00 03 00 00 00 00 01 00 00 00 00 19 80 3c 00 00 00 00 00 c9 1b 02 00 00 00 00 00 85 2d 01 00 00 00 00 00 cb 1d 01 00 00 00 00 00 a0 0d 01 00 00 00 00 00 26 00 00 00 39 12 00 00 8e 00 00 00 ae 06 00 00 9f 3f 00 00 ff 08 00 00 00 00 00 00 c4 12 00 00 00 00 00 00 fa 00 00 00
07 10 12 59 06 10 00 68 00 68 00 81 b8 dc 39 84 a4 8e f4 0f 01 01 00 03 00 00 00 00 01 00 00 00 00 19 80 3c 00 00 00 00 00 c9 1b 02 00 00 00 00 00 85 2d 01 00 00 00 00 00 cb 1d 01 00 00 00 00 00 a0 0d 01 00 00 00 00 00 26 00 00 00 39 12 00 00 8e 00 00 00 ae 06 00 00 9f 3f 00 00 ff 08 00 00 00 00 00 00 c4 12 00 00 00 00 00 00 fa 00 00 00
07 10 12 59 06 10 00 68 00 68 00 81 b8 4d 34 88 a4 8e f4 0f 01 01 00 03 00 00 00 00 01 00 00 00 00 19 80 3c 00 00 00 00 00 c9 1b 02 00 00 00 00 00 85 2d 01 00 00 00 00 00 cb 1d 01 00 00 00 00 00 a0 0d 01 00 00 00 00 00 26 00 00 00 39 12 00 00 8e 00 00 00 ae 06 00 00 9f 3f 00 00 ff 08 00 00 00 00 00 00 c4 12 00 00 00 00 00 00 fa 00 00 00
07 10 12 59 06 10 00 68 00 68 00 81 b8 a5 02 8c a4 8e f4 0f 01 01 00 03 00 00 00 00 01 00 00 00 00 19 80 3c 00 00 00 00 00 c9 1b 02 00 00 00 00 00 85 2d 01 00 00 00 00 00 cb 1d 01 00 00 00 00 00 a0 0d 01 00 00 00 00 00 26 00 00 00 39 12 00 00 8e 00 00 00 af 06 00 00 a6 3f 00 00 ff 08 00 00 00 00 00 00 c4 12 00 00 00 00 00 00 fa 00 00 00
07 10 12 59 06 10 00 68 00 68 00 81 b8 99 6a ff a4 8e f4 0f 01 01 00 03 00 00 00 00 01 00 00 00 00 19 80 3c 00 00 00 00 00 c9 1b 02 00 00 00 00 00 85 2d 01 00 00 00 00 00 cb 1d 01 00 00 00 00 00 a0 0d 01 00 00 00 00 00 26 00 00 00 39 12 00 00 8e 00 00 00 af 06 00 00 a6 3f 00 00 ff 08 00 00 00 00 00 00 c4 12 00 00 00 00 00 00 fa 00 00 00
07 10 12 59 06 10 00 68 00 68 00 81 b8 84 76 03 a5 8e f4 0f 01 01 00 03 00 00 00 00 01 00 00 00 00 19 80 3c 00 00 00 00 00 c9 1b 02 00 00 00 00 00 85 2d 01 00 00 00 00 00 cb 1d 01 00 00 00 00 00 a0 0d 01 00 00 00 00 00 26 00 00 00 39 12 00 00 8e 00 00 00 af 06 00 00 a6 3f 00 00 ff 08 00 00 00 00 00 00 c4 12 00 00 00 00 00 00 fa 00 00 00
07 10 12 59 06 10 00 68 00 68 00 81 b8 84 77 07 a5 8e f4 0f 01 01 00 03 00 00 00 00 01 00 00 00 00 19 80 3c 00 00 00 00 00 c9 1b 02 00 00 00 00 00 85 2d 01 00 00 00 00 00 cb 1d 01 00 00 00 00 00 a0 0d 01 00 00 00 00 00 26 00 00 00 39 12 00 00 8e 00 00 00 af 06 00 00 a6 3f 00 00 ff 08 00 00 00 00 00 00 c4 12 00 00 00 00 00 00 fa 00 00 00
07 10 12 59 06 10 00 68 00 68 00 81 b8 28 76 0b a5 8e f4 0f 01 01 00 03 00 00 00 00 01 00 00 00 00 19 80 3c 00 00 00 00 00 c9 1b 02 00 00 00 00 00 85 2d 01 00 00 00 00 00 cb 1d 01 00 00 00 00 00 a0 0d 01 00 00 00 00 00 26 00 00 00 39 12 00 00 8e 00 00 00 b0 06 00 00 aa 3f 00 00 ff 08 00 00 00 00 00 00 c4 12 00 00 00 00 00 00 fa 00 00 00
07 10 12 59 06 10 00 68 00 68 00 81 b8 76 02 0c a5 8e f4 0f 01 01 00 03 00 00 00 00 01 00 00 00 00 19 80 3c 00 00 00 00 00 c9 1b 02 00 00 00 00 00 85 2d 01 00 00 00 00 00 cb 1d 01 00 00 00 00 00 a0 0d 01 00 00 00 00 00 26 00 00 00 39 12 00 00 8e 00 00 00 b0 06 00 00 aa 3f 00 00 ff 08 00 00 00 00 00 00 c4 12 00 00 00 00 00 00 fa 00 00 00
07 10 12 59 06 10 00 68 00 68 00 81 b8 b3 67 7f a5 8e f4 0f 01 01 00 03 00 00 00 00 01 00 00 00 00 19 80 3c 00 00 00 00 00 c9 1b 02 00 00 00 00 00 85 2d 01 00 00 00 00 00 cb 1d 01 00 00 00 00 00 a0 0d 01 00 00 00 00 00 26 00 00 00 39 12 00 00 8e 00 00 00 b0 06 00 00 aa 3f 00 00 ff 08 00 00 00 00 00 00 c4 12 00 00 00 00 00 00 fa 00 00 00
07 10 12 59 06 10 00 68 00 68 00 81 b8 d0 76 83 a5 8e f4 0f 01 01 00 03 00 00 00 00 01 00 00 00 00 19 80 3c 00 00 00 00 00 c9 1b 02 00 00 00 00 00 85 2d 01 00 00 00 00 00 cb 1d 01 00 00 00 00 00 a0 0d 01 00 00 00 00 00 26 00 00 00 39 12 00 00 8e 00 00 00 b0 06 00 00 aa 3f 00 00 ff 08 00 00 00 00 00 00 c4 12 00 00 00 00 00 00 fa 00 00 00
07 10 12 59 06 10 00 68 00 68 00 81 b8 51 7a 87 a5 8e f4 0f 01 01 00 03 00 00 00 00 01 00 00 00 00 19 80 3c 00 00 00 00 00 c9 1b 02 00 00 00 00 00 85 2d 01 00 00 00 00 00 cb 1d 01 00 00 00 00 00 a0 0d 01 00 00 00 00 00 26 00 00 00 39 12 00 00 8e 00 00 00 b0 06 00 00 aa 3f 00 00 ff 08 00 00 00 00 00 00 c4 12 00 00 00 00 00 00 fa 00 00 00
07 10 12 59 06 10 00 68 00 68 00 81 b8 20 77 8b a5 8e f4 0f 01 01 00 03 00 00 00 00 01 00 00 00 00 19 80 3c 00 00 00 00 00 c9 1b 02 00 00 00 00 00 85 2d 01 00 00 00 00 00 cb 1d 01 00 00 00 00 00 a0 0d 01 00 00 00 00 00 26 00 00 00 39 12 00 00 8e 00 00 00 b1 06 00 00 b0 3f 00 00 ff 08 00 00 00 00 00 00 c4 12 00 00 00 00 00 00 fa 00 00 00
07 10 12 59 06 10 00 68 00 68 00 81 b8 ad 03 8c a5 8e f4 0f 01 01 00 03 00 00 00 00 01 00 00 00 00 19 80 3c 00 00 00 00 00 c9 1b 02 00 00 00 00 00 85 2d 01 00 00 00 00 00 cb 1d 01 00 00 00 00 00 a0 0d 01 00 00 00 00 00 26 00 00 00 39 12 00 00 8e 00 00 00 b1 06 00 00 b0 3f 00 00 ff 08 00 00 00 00 00 00 c4 12 00 00 00 00 00 00 fa 00 00 00
07 10 12 59 06 10 00 68 00 68 00 81 b8 65 3c 04 a6 8e f4 0f 01 01 00 03 00 00 00 00 01 00 00 00 00 19 80 3c 00 00 00 00 00 c9 1b 02 00 00 00 00 00 85 2d 01 00 00 00 00 00 cb 1d 01 00 00 00 00 00 a0 0d 01 00 00 00 00 00 26 00 00 00 39 12 00 00 8e 00 00 00 b1 06 00 00 b0 3f 00 00 ff 08 00 00 00 00 00 00 c4 12 00 00 00 00 00 00 fa 00 00 00
07 10 12 59 06 10 00 68 00 68 00 81 b8 67 33 08 a6 8e f4 0f 01 01 00 03 00 00 00 00 01 00 00 00 00 19 80 3c 00 00 00 00 00 c9 1b 02 00 00 00 00 00 85 2d 01 00 00 00 00 00 cb 1d 01 00 00 00 00 00 a0 0d 01 00 00 00 00 00 26 00 00 00 39 12 00 00 8e 00 00 00 b1 06 00 00 b0 3f 00 00 ff 08 00 00 00 00 00 00 c4 12 00 00 00 00 00 00 fa 00 00 00
07 10 12 59 06 10 00 68 00 68 00 81 b8 a1 02 0c a6 8e f4 0f 01 01 00 03 00 00 00 00 01 00 00 00 00 19 80 3c 00 00 00 00 00 c9 1b 02 00 00 00 00 00 85 2d 01 00 00 00 00 00 cb 1d 01 00 00 00 00 00 a0 0d 01 00 00 00 00 00 26 00 00 00 39 12 00 00 8e 00 00 00 b1 06 00 00 b8 3f 00 00 ff 08 00 00 00 00 00 00 c4 12 00 00 00 00 00 00 fa 00 00 00
07 10 12 59 06 10 00 68 00 68 00 81 b8 05 69 7f a6 8e f4 0f 01 01 00 03 00 00 00 00 01 00 00 00 00 19 80 3c 00 00 00 00 00 c9 1b 02 00 00 00 00 00 85 2d 01 00 00 00 00 00 cb 1d 01 00 00 00 00 00 a0 0d 01 00 00 00 00 00 26 00 00 00 39 12 00 00 8e 00 00 00 b1 06 00 00 b8 3f 00 00 ff 08 00 00 00 00 00 00 c4 12 00 00 00 00 00 00 fa 00 00 00
07 10 12 59 07 10 00 68 00 68 00 81 b8 dc 76 83 a6 8e f4 0f 01 01 00 03 00 00 00 00 01 00 00 00 00 19 80 3c 00 00 00 00 00 c9 1b 02 00 00 00 00 00 85 2d 01 00 00 00 00 00 cb 1d 01 00 00 00 00 00 a0 0d 01 00 00 00 00 00 26 00 00 00 39 12 00 00 8e 00 00 00 b1 06 00 00 b8 3f 00 00 ff 08 00 00 00 00 00 00 c4 12 00 00 00 00 00 00 fa 00 00 00
07 10 12 59 07 10 00 68 00 68 00 81 b8 34 78 87 a6 8e f4 0f 01 01 00 03 00 00 00 00 01 00 00 00 00 19 80 3c 00 00 00 00 00 c9 1b 02 00 00 00 00 00 85 2d 01 00 00 00 00 00 cb 1d 01 00 00 00 00 00 a0 0d 01 00 00 00 00 00 26 00 00 00 39 12 00 00 8e 00 00 00 b1 06 00 00 b8 3f 00 00 ff 08 00 00 00 00 00 00 c4 12 00 00 00 00 00 00 fa 00 00 00
07 10 12 59 07 10 00 68 00 68 00 81 b8 88 76 8b a6 8e f4 0f 01 01 00 03 00 00 00 00 01 00 00 00 00 19 80 3c 00 00 00 00 00 c9 1b 02 00 00 00 00 00 85 2d 01 00 00 00 00 00 cb 1d 01 00 00 00 00 00 a0 0d 01 00 00 00 00 00 26 00 00 00 39 12 00 00 8e 00 00 00 b2 06 00 00 bd 3f 00 00 ff 08 00 00 00 00 00 00 c4 12 00 00 00 00 00 00 fa 00 00 00
07 10 12 59 07 10 00 68 00 68 00 81 b8 59 02 8c a6 8e f4 0f 01 01 00 03 00 00 00 00 01 00 00 00 00 19 80 3c 00 00 00 00 00 c9 1b 02 00 00 00 00 00 85 2d 01 00 00 00 00 00 cb 1d 01 00 00 00 00 00 a0 0d 01 00 00 00 00 00 26 00 00 00 39 12 00 00 8e 00 00 00 b2 06 00 00 bd 3f 00 00 ff 08 00 00 00 00 00 00 c4 12 00 00 00 00 00 00 fa 00 00 00
07 10 12 59 07 10 00 68 00 68 00 81 b8 22 38 04 a7 8e f4 0f 01 01 00 03 00 00 00 00 01 00 00 00 00 19 80 3c 00 00 00 00 00 c9 1b 02 00 00 00 00 00 85 2d 01 00 00 00 00 00 cb 1d 01 00 00 00 00 00 a0 0d 01 00 00 00 00 00 26 00 00 00 39 12 00 00 8e 00 00 00 b2 06 00 00 bd 3f 00 00 ff 08 00 00 00 00 00 00 c4 12 00 00 00 00 00 00 fa 00 00 00
07 10 12 59 07 10 00 68 00 68 00 81 b8 30 34 08 a7 8e f4 0f 01 01 00 03 00 00 00 00 01 00 00 00 00 19 80 3c 00 00 00 00 00 c9 1b 02 00 00 00 00 00 85 2d 01 00 00 00 00 00 cb 1d 01 00 00 00 00 00 a0 0d 01 00 00 00 00 00 26 00 00 00 39 12 00 00 8e 00 00 00 b2 06 00 00 bd 3f 00 00 ff 08 00 00 00 00 00 00 c4 12 00 00 00 00 00 00 fa 00 00 00
07 10 12 59 07 10 00 68 00 68 00 81 b8 7a 02 0c a7 8e f4 0f 01 01 00 03 00 00 00 00 01 00 00 00 00 19 80 3c 00 00 00 00 00 c9 1b 02 00 00 00 00 00 85 2d 01 00 00 00 00 00 cb 1d 01 00 00 00 00 00 a0 0d 01 00 00 00 00 00 26 00 00 00 39 12 00 00 8e 00 00 00 b3 06 00 00 c4 3f 00 00 ff 08 00 00 00 00 00 00 c4 12 00 00 00 00 00 00 fa 00 00 00
07 10 12 59 07 10 00 68 00 68 00 81 b8 78 67 7f a7 8e f4 0f 01 01 00 03 00 00 00 00 01 00 00 00 00 19 80 3c 00 00 00 00 00 c9 1b 02 00 00 00 00 00 85 2d 01 00 00 00 00 00 cb 1d 01 00 00 00 00 00 a0 0d 01 00 00 00 00 00 26 00 00 00 39 12 00 00 8e 00 00 00 b3 06 00 00 c4 3f 00 00 ff 08 00 00 00 00 00 00 c4 12 00 00 00 00 00 00 fa 00 00 00
07 10 12 59 07 10 00 68 00 68 00 81 b8 1e 76 83 a7 8e f4 0f 01 01 00 03 00 00 00 00 01 00 00 00 00 19 80 3c 00 00 00 00 00 c9 1b 02 00 00 00 00 00 85 2d 01 00 00 00 00 00 cb 1d 01 00 00 00 00 00 a0 0d 01 00 00 00 00 00 26 00 00 00 39 12 00 00 8e 00 00 00 b3 06 00 00 c4 3f 00 00 ff 08 00 00 00 00 00 00 c4 12 00 00 00 00 00 00 fa 00 00 00
07 10 12 59 07 10 00 68 00 68 00 81 b8 b1 77 87 a7 8e f4 0f 01 01 00 03 00 00 00 00 01 00 00 00 00 19 80 3c 00 00 00 00 00 c9 1b 02 00 00 00 00 00 85 2d 01 00 00 00 00 00 cb 1d 01 00 00 00 00 00 a0 0d 01 00 00 00 00 00 26 00 00 00 39 12 00 00 8e 00 00 00 b3 06 00 00 c4 3f 00 00 ff 08 00 00 00 00 00 00 c4 12 00 00 00 00 00 00 fa 00 00 00
07 10 12 59 07 10 00 68 00 68 00 81 b8 ed 75 8b a7 8e f4 0f 01 01 00 03 00 00 00 00 01 00 00 00 00 19 80 3c 00 00 00 00 00 c9 1b 02 00 00 00 00 00 85 2d 01 00 00 00 00 00 cb 1d 01 00 00 00 00 00 a0 0d 01 00 00 00 00 00 26 00 00 00 39 12 00 00 8e 00 00 00 b4 06 00 00 c9 3f 00 00 ff 08 00 00 00 00 00 00 c4 12 00 00 00 00 00 00 fa 00 00 00
07 10 12 59 07 10 00 68 00 68 00 81 b8 11 02 8c a7 8e f4 0f 01 01 00 03 00 00 00 00 01 00 00 00 00 19 80 3c 00 00 00 00 00 c9 1b 02 00 00 00 00 00 85 2d 01 00 00 00 00 00 cb 1d 01 00 00 00 00 00 a0 0d 01 00 00 00 00 00 26 00 00 00 39 12 00 00 8e 00 00 00 b4 06 00 00 c9 3f 00 00 ff 08 00 00 00 00 00 00 c4 12 00 00 00 00 00 00 fa 00 00 00
07 10 12 59 07 10 00 68 00 68 00 81 b8 36 39 04 a8 8e f4 0f 01 01 00 03 00 00 00 00 01 00 00 00 00 19 80 3c 00 00 00 00 00 c9 1b 02 00 00 00 00 00 85 2d 01 00 00 00 00 00 cb 1d 01 00 00 00 00 00 a0 0d 01 00 00 00 00 00 26 00 00 00 39 12 00 00 8e 00 00 00 b4 06 00 00 c9 3f 00 00 ff 08 00 00 00 00 00 00 c4 12 00 00 00 00 00 00 fa 00 00 00
07 10 12 59 07 10 00 68 00 68 00 81 b8 0b 33 08 a8 8e f4 0f 01 01 00 03 00 00 00 00 01 00 00 00 00 19 80 3c 00 00 00 00 00 c9 1b 02 00 00 00 00 00 85 2d 01 00 00 00 00 00 cb 1d 01 00 00 00 00 00 a0 0d 01 00 00 00 00 00 26 00 00 00 39 12 00 00 8e 00 00 00 b4 06 00 00 c9 3f 00 00 ff 08 00 00 00 00 00 00 c4 12 00 00 00 00 00 00 fa 00 00 00
07 10 12 59 07 10 00 68 00 68 00 81 b8 e9 02 0c a8 8e f4 0f 01 01 00 03 00 00 00 00 01 00 00 00 00 19 80 3c 00 00 00 00 00 c9 1b 02 00 00 00 00 00 85 2d 01 00 00 00 00 00 cb 1d 01 00 00 00 00 00 a0 0d 01 00 00 00 00 00 26 00 00 00 39 12 00 00 8e 00 00 00 b5 06 00 00 d1 3f 00 00 ff 08 00 00 00 00 00 00 c4 12 00 00 00 00 00 00 fa 00 00 00
07 10 12 59 07 10 00 68 00 68 00 81 b8 86 66 7f a8 8e f4 0f 01 01 00 03 00 00 00 00 01 00 00 00 00 19 80 3c 00 00 00 00 00 c9 1b 02 00 00 00 00 00 85 2d 01 00 00 00 00 00 cb 1d 01 00 00 00 00 00 a0 0d 01 00 00 00 00 00 26 00 00 00 39 12 00 00 8e 00 00 00 b5 06 00 00 d1 3f 00 00 ff 08 00 00 00 00 00 00 c4 12 00 00 00 00 00 00 fa 00 00 00
07 10 12 59 07 10 00 68 00 68 00 81 b8 4f 76 83 a8 8e f4 0f 01 01 00 03 00 00 00 00 01 00 00 00 00 19 80 3c 00 00 00 00 00 c9 1b 02 00 00 00 00 00 85 2d 01 00 00 00 00 00 cb 1d 01 00 00 00 00 00 a0 0d 01 00 00 00 00 00 26 00 00 00 39 12 00 00 8e 00 00 00 b5 06 00 00 d1 3f 00 00 ff 08 00 00 00 00 00 00 c4 12 00 00 00 00 00 00 fa 00 00 00
07 10 12 59 07 10 00 68 00 68 00 81 b8 34 78 87 a8 8e f4 0f 01 01 00 03 00 00 00 00 01 00 00 00 00 19 80 3c 00 00 00 00 00 c9 1b 02 00 00 00 00 00 85 2d 01 00 00 00 00 00 cb 1d 01 00 00 00 00 00 a0 0d 01 00 00 00 00 00 26 00 00 00 39 12 00 00 8e 00 00 00 b5 06 00 00 d1 3f 00 00 ff 08 00 00 00 00 00 00 c4 12 00 00 00 00 00 00 fa 00 00 00
07 10 12 59 07 10 00 68 00 68 00 81 b8 3a 76 8b a8 8e f4 0f 01 01 00 03 00 00 00 00 01 00 00 00 00 19 80 3c 00 00 00 00 00 c9 1b 02 00 00 00 00 00 85 2d 01 00 00 00 00 00 cb 1d 01 00 00 00 00 00 a0 0d 01 00 00 00 00 00 26 00 00 00 39 12 00 00 8e 00 00 00 b6 06 00 00 d6 3f 00 00 ff 08 00 00 00 00 00 00 c4 12 00 00 00 00 00 00 fa 00 00 00
07 10 12 59 07 10 00 68 00 68 00 81 b8 22 02 8c a8 8e f4 0f 01 01 00 03 00 00 00 00 01 00 00 00 00 19 80 3c 00 00 00 00 00 c9 1b 02 00 00 00 00 00 85 2d 01 00 00 00 00 00 cb 1d 01 00 00 00 00 00 a0 0d 01 00 00 00 00 00 26 00 00 00 39 12 00 00 8e 00 00 00 b6 06 00 00 d6 3f 00 00 ff 08 00 00 00 00 00 00 c4 12 00 00 00 00 00 00 fa 00 00 00
07 10 12 59 07 10 00 68 00 68 00 81 b8 45 38 04 a9 8e f4 0f 01 01 00 03 00 00 00 00 01 00 00 00 00 19 80 3c 00 00 00 00 00 c9 1b 02 00 00 00 00 00 85 2d 01 00 00 00 00 00 cb 1d 01 00 00 00 00 00 a0 0d 01 00 00 00 00 00 26 00 00 00 39 12 00 00 8e 00 00 00 b6 06 00 00 d6 3f 00 00 ff 08 00 00 00 00 00 00 c4 12 00 00 00 00 00 00 fa 00 00 00
07 10 12 59 07 10 00 68 00 68 00 81 b8 61 33 08 a9 8e f4 0f 01 01 00 03 00 00 00 00 01 00 00 00 00 19 80 3c 00 00 00 00 00 c9 1b 02 00 00 00 00 00 85 2d 01 00 00 00 00 00 cb 1d 01 00 00 00 00 00 a0 0d 01 00 00 00 00 00 26 00 00 00 39 12 00 00 8e 00 00 00 b6 06 00 00 d6 3f 00 00 ff 08 00 00 00 00 00 00 c4 12 00 00 00 00 00 00 fa 00 00 00
07 10 12 59 07 10 00 68 00 68 00 81 b8 09 02 0c a9 8e f4 0f 01 01 00 03 00 00 00 00 01 00 00 00 00 19 80 3c 00 00 00 00 00 c9 1b 02 00 00 00 00 00 85 2d 01 00 00 00 00 00 cb 1d 01 00 00 00 00 00 a0 0d 01 00 00 00 00 00 26 00 00 00 39 12 00 00 8e 00 00 00 b6 06 00 00 df 3f 00 00 ff 08 00 00 00 00 00 00 c4 12 00 00 00 00 00 00 fa 00 00 00
07 10 12 59 07 10 00 68 00 68 00 81 b8 5f 68 7f a9 8e f4 0f 01 01 00 03 00 00 00 00 01 00 00 00 00 19 80 3c 00 00 00 00 00 c9 1b 02 00 00 00 00 00 85 2d 01 00 00 00 00 00 cb 1d 01 00 00 00 00 00 a0 0d 01 00 00 00 00 00 26 00 00 00 39 12 00 00 8e 00 00 00 b6 06 00 00 df 3f 00 00 ff 08 00 00 00 00 00 00 c4 12 00 00 00 00 00 00 fa 00 00 00
07 10 12 59 07 10 00 68 00 68 00 81 b8 fd 75 83 a9 8e f4 0f 01 01 00 03 00 00 00 00 01 00 00 00 00 19 80 3c 00 00 00 00 00 c9 1b 02 00 00 00 00 00 85 2d 01 00 00 00 00 00 cb 1d 01 00 00 00 00 00 a0 0d 01 00 00 00 00 00 26 00 00 00 39 12 00 00 8e 00 00 00 b6 06 00 00 df 3f 00 00 ff 08 00 00 00 00 00 00 c4 12 00 00 00 00 00 00 fa 00 00 00
07 10 12 59 07 10 00 68 00 68 00 81 b8 fb 77 87 a9 8e f4 0f 01 01 00 03 00 00 00 00 01 00 00 00 00 19 80 3c 00 00 00 00 00 c9 1b 02 00 00 00 00 00 85 2d 01 00 00 00 00 00 cb 1d 01 00 00 00 00 00 a0 0d 01 00 00 00 00 00 26 00 00 00 39 12 00 00 8e 00 00 00 b6 06 00 00 df 3f 00 00 ff 08 00 00 00 00 00 00 c4 12 00 00 00 00 00 00 fa 00 00 00
07 10 12 59 07 10 00 68 00 68 00 81 b8 74 75 8b a9 8e f4 0f 01 01 00 03 00 00 00 00 01 00 00 00 00 19 80 3c 00 00 00 00 00 c9 1b 02 00 00 00 00 00 85 2d 01 00 00 00 00 00 cb 1d 01 00 00 00 00 00 a0 0d 01 00 00 00 00 00 26 00 00 00 39 12 00 00 8e 00 00 00 b7 06 00 00 e8 3f 00 00 ff 08 00 00 00 00 00 00 c4 12 00 00 00 00 00 00 fa 00 00 00
07 10 12 59 07 10 00 68 00 68 00 81 b8 41 02 8c a9 8e f4 0f 01 01 00 03 00 00 00 00 01 00 00 00 00 19 80 3c 00 00 00 00 00 c9 1b 02 00 00 00 00 00 85 2d 01 00 00 00 00 00 cb 1d 01 00 00 00 00 00 a0 0d 01 00 00 00 00 00 26 00 00 00 39 12 00 00 8e 00 00 00 b7 06 00 00 e8 3f 00 00 ff 08 00 00 00 00 00 00 c4 12 00 00 00 00 00 00 fa 00 00 00
07 10 12 59 07 10 00 68 00 68 00 81 b8 a3 34 04 aa 8e f4 0f 01 01 00 03 00 00 00 00 01 00 00 00 00 19 80 3c 00 00 00 00 00 c9 1b 02 00 00 00 00 00 85 2d 01 00 00 00 00 00 cb 1d 01 00 00 00 00 00 a0 0d 01 00 00 00 00 00 26 00 00 00 39 12 00 00 8e 00 00 00 b7 06 00 00 e8 3f 00 00 ff 08 00 00 00 00 00 00 c4 12 00 00 00 00 00 00 fa 00 00 00
07 10 12 59 07 10 00 68 00 68 00 81 b8 b3 32 08 aa 8e f4 0f 01 01 00 03 00 00 00 00 01 00 00 00 00 19 80 3c 00 00 00 00 00 c9 1b 02 00 00 00 00 00 85 2d 01 00 00 00 00 00 cb 1d 01 00 00 00 00 00 a0 0d 01 00 00 00 00 00 26 00 00 00 39 12 00 00 8e 00 00 00 b7 06 00 00 e8 3f 00 00 ff 08 00 00 00 00 00 00 c4 12 00 00 00 00 00 00 fa 00 00 00
07 10 12 59 07 10 00 68 00 68 00 81 b8 22 34 0c aa 8e f4 0f 01 01 00 03 00 00 00 00 01 00 00 00 00 25 80 3c 00 00 00 00 00 c9 1b 02 00 00 00 00 00 85 2d 01 00 00 00 00 00 ce 1d 01 00 00 00 00 00 c4 0d 01 00 00 00 00 00 26 00 00 00 3a 12 00 00 8e 00 00 00 b7 06 00 00 f3 3f 00 00 00 09 00 00 00 00 00 00 c5 12 00 00 00 00 00 00 fa 00 00 00
07 10 12 59 07 10 00 68 00 68 00 81 b8 20 33 10 aa 8e f4 0f 01 01 00 03 00 00 00 00 01 00 00 00 00 be 80 3c 00 00 00 00 00 c9 1b 02 00 00 00 00 00 8f 2d 01 00 00 00 00 00 d1 1d 01 00 00 00 00 00 c4 0d 01 00 00 00 00 00 26 00 00 00 3b 12 00 00 8e 00 00 00 b7 06 00 00 f3 3f 00 00 00 09 00 00 00 00 00 00 c6 12 00 00 00 00 00 00 fa 00 00 00
07 10 12 59 07 10 00 34 00 34 00 87 b8 53 7c 13 aa 8e f4 0f 01 06 00 03 00 00 00 00 01 0a 01 62 00 01 00 00 00 01 62 28 18 f6 81 b3 26 00 04 80 1c 01 30 40 01 07 00 25 00 19 ee 02 1c
07 10 12 59 07 10 00 68 00 68 00 81 b8 70 33 14 aa 8e f4 0f 01 01 00 03 00 00 00 00 01 00 00 00 00 be 80 3c 00 00 00 00 00 c9 1b 02 00 00 00 00 00 8f 2d 01 00 00 00 00 00 d1 1d 01 00 00 00 00 00 c4 0d 01 00 00 00 00 00 26 00 00 00 3b 12 00 00 8e 00 00 00 b7 06 00 00 f3 3f 00 00 00 09 00 00 00 00 00 00 c6 12 00 00 00 00 00 00 fa 00 00 00
07 10 12 59 07 10 00 68 00 68 00 81 b8 0d 34 18 aa 8e f4 0f 01 01 00 03 00 00 00 00 01 00 00 00 00 87 81 3c 00 00 00 00 00 c9 1b 02 00 00 00 00 00 9c 2d 01 00 00 00 00 00 d4 1d 01 00 00 00 00 00 c4 0d 01 00 00 00 00 00 26 00 00 00 3c 12 00 00 8e 00 00 00 b7 06 00 00 f3 3f 00 00 00 09 00 00 00 00 00 00 c7 12 00 00 00 00 00 00 fa 00 00 00
07 10 12 59 07 10 00 68 00 68 00 81 b8 8a 33 1c aa 8e f4 0f 01 01 00 03 00 00 00 00 01 00 00 00 00 87 81 3c 00 00 00 00 00 c9 1b 02 00 00 00 00 00 9c 2d 01 00 00 00 00 00 d4 1d 01 00 00 00 00 00 c4 0d 01 00 00 00 00 00 26 00 00 00 3c 12 00 00 8e 00 00 00 b7 06 00 00 f3 3f 00 00 00 09 00 00 00 00 00 00 c7 12 00 00 00 00 00 00 fa 00 00 00
07 10 12 59 07 10 00 68 00 68 00 81 b8 ff 32 20 aa 8e f4 0f 01 01 00 03 00 00 00 00 01 00 00 00 00 87 81 3c 00 00 00 00 00 c9 1b 02 00 00 00 00 00 9c 2d 01 00 00 00 00 00 d4 1d 01 00 00 00 00 00 c4 0d 01 00 00 00 00 00 26 00 00 00 3c 12 00 00 8e 00 00 00 b7 06 00 00 f3 3f 00 00 00 09 00 00 00 00 00 00 c7 12 00 00 00 00 00 00 fa 00 00 00
07 10 12 59 07 10 00 68 00 68 00 81 b8 07 33 24 aa 8e f4 0f 01 01 00 03 00 00 00 00 01 00 00 00 00 87 81 3c 00 00 00 00 00 c9 1b 02 00 00 00 00 00 9c 2d 01 00 00 00 00 00 d4 1d 01 00 00 00 00 00 c4 0d 01 00 00 00 00 00 26 00 00 00 3c 12 00 00 8e 00 00 00 b7 06 00 00 f3 3f 00 00 00 09 00 00 00 00 00 00 c7 12 00 00 00 00 00 00 fa 00 00 00
07 10 12 59 07 10 00 68 00 68 00 81 b8 3c 33 28 aa 8e f4 0f 01 01 00 03 00 00 00 00 01 00 00 00 00 87 81 3c 00 00 00 00 00 c9 1b 02 00 00 00 00 00 9c 2d 01 00 00 00 00 00 d4 1d 01 00 00 00 00 00 c4 0d 01 00 00 00 00 00 26 00 00 00 3c 12 00 00 8e 00 00 00 b7 06 00 00 f3 3f 00 00 00 09 00 00 00 00 00 00 c7 12 00 00 00 00 00 00 fa 00 00 00
07 10 12 59 07 10 00 68 00 68 00 81 b8 9f 34 2c aa 8e f4 0f 01 01 00 03 00 00 00 00 01 00 00 00 00 87 81 3c 00 00 00 00 00 c9 1b 02 00 00 00 00 00 9c 2d 01 00 00 00 00 00 d4 1d 01 00 00 00 00 00 c4 0d 01 00 00 00 00 00 26 00 00 00 3c 12 00 00 8e 00 00 00 b7 06 00 00 f3 3f 00 00 00 09 00 00 00 00 00 00 c7 12 00 00 00 00 00 00 fa 00 00 00
07 10 12 59 07 10 00 68 00 68 00 81 b8 8c 33 30 aa 8e f4 0f 01 01 00 03 00 00 00 00 01 00 00 00 00 87 81 3c 00 00 00 00 00 c9 1b 02 00 00 00 00 00 9c 2d 01 00 00 00 00 00 d4 1d 01 00 00 00 00 00 c4 0d 01 00 00 00 00 00 26 00 00 00 3c 12 00 00 8e 00 00 00 b7 06 00 00 f3 3f 00 00 00 09 00 00 00 00 00 00 c7 12 00 00 00 00 00 00 fa 00 00 00
07 10 12 59 07 10 00 68 00 68 00 81 b8 9b 33 34 aa 8e f4 0f 01 01 00 03 00 00 00 00 01 00 00 00 00 87 81 3c 00 00 00 00 00 c9 1b 02 00 00 00 00 00 9c 2d 01 00 00 00 00 00 d4 1d 01 00 00 00 00 00 c4 0d 01 00 00 00 00 00 26 00 00 00 3c 12 00 00 8e 00 00 00 b7 06 00 00 f3 3f 00 00 00 09 00 00 00 00 00 00 c7 12 00 00 00 00 00 00 fa 00 00 00
07 10 12 59 07 10 00 68 00 68 00 81 b8 43 33 38 aa 8e f4 0f 01 01 00 03 00 00 00 00 01 00 00 00 00 87 81 3c 00 00 00 00 00 c9 1b 02 00 00 00 00 00 9c 2d 01 00 00 00 00 00 d4 1d 01 00 00 00 00 00 c4 0d 01 00 00 00 00 00 26 00 00 00 3c 12 00 00 8e 00 00 00 b7 06 00 00 f3 3f 00 00 00 09 00 00 00 00 00 00 c7 12 00 00 00 00 00 00 fa 00 00 00
07 10 12 59 07 10 00 68 00 68 00 81 b8 16 34 3c aa 8e f4 0f 01 01 00 03 00 00 00 00 01 00 00 00 00 87 81 3c 00 00 00 00 00 c9 1b 02 00 00 00 00 00 9c 2d 01 00 00 00 00 00 d4 1d 01 00 00 00 00 00 c4 0d 01 00 00 00 00 00 26 00 00 00 3c 12 00 00 8e 00 00 00 b7 06 00 00 f3 3f 00 00 00 09 00 00 00 00 00 00 c7 12 00 00 00 00 00 00 fa 00 00 00
07 10 12 59 07 10 00 68 00 68 00 81 b8 16 32 40 aa 8e f4 0f 01 01 00 03 00 00 00 00 01 00 00 00 00 87 81 3c 00 00 00 00 00 c9 1b 02 00 00 00 00 00 9c 2d 01 00 00 00 00 00 d4 1d 01 00 00 00 00 00 c4 0d 01 00 00 00 00 00 26 00 00 00 3c 12 00 00 8e 00 00 00 b7 06 00 00 f3 3f 00 00 00 09 00 00 00 00 00 00 c7 12 00 00 00 00 00 00 fa 00 00 00
07 10 12 59 07 10 00 68 00 68 00 81 b8 fb 33 44 aa 8e f4 0f 01 01 00 03 00 00 00 00 01 00 00 00 00 87 81 3c 00 00 00 00 00 c9 1b 02 00 00 00 00 00 9c 2d 01 00 00 00 00 00 d4 1d 01 00 00 00 00 00 c4 0d 01 00 00 00 00 00 26 00 00 00 3c 12 00 00 8e 00 00 00 b7 06 00 00 f3 3f 00 00 00 09 00 00 00 00 00 00 c7 12 00 00 00 00 00 00 fa 00 00 00
07 10 12 59 07 10 00 68 00 68 00 81 b8 47 33 48 aa 8e f4 0f 01 01 00 03 00 00 00 00 01 00 00 00 00 87 81 3c 00 00 00 00 00 c9 1b 02 00 00 00 00 00 9c 2d 01 00 00 00 00 00 d4 1d 01 00 00 00 00 00 c4 0d 01 00 00 00 00 00 26 00 00 00 3c 12 00 00 8e 00 00 00 b7 06 00 00 f3 3f 00 00 00 09 00 00 00 00 00 00 c7 12 00 00 00 00 00 00 fa 00 00 00
07 10 12 59 07 10 00 68 00 68 00 81 b8 dc 33 4c aa 8e f4 0f 01 01 00 03 00 00 00 00 01 00 00 00 00 87 81 3c 00 00 00 00 00 c9 1b 02 00 00 00 00 00 9c 2d 01 00 00 00 00 00 d4 1d 01 00 00 00 00 00 c4 0d 01 00 00 00 00 00 26 00 00 00 3c 12 00 00 8e 00 00 00 b7 06 00 00 f3 3f 00 00 00 09 00 00 00 00 00 00 c7 12 00 00 00 00 00 00 fa 00 00 00
07 10 12 59 07 10 00 68 00 68 00 81 b8 6a 33 50 aa 8e f4 0f 01 01 00 03 00 00 00 00 01 00 00 00 00 87 81 3c 00 00 00 00 00 c9 1b 02 00 00 00 00 00 9c 2d 01 00 00 00 00 00 d4 1d 01 00 00 00 00 00 c4 0d 01 00 00 00 00 00 26 00 00 00 3c 12 00 00 8e 00 00 00 b7 06 00 00 f3 3f 00 00 00 09 00 00 00 00 00 00 c7 12 00 00 00 00 00 00 fa 00 00 00
07 10 12 59 07 10 00 68 00 68 00 81 b8 76 33 54 aa 8e f4 0f 01 01 00 03 00 00 00 00 01 00 00 00 00 87 81 3c 00 00 00 00 00 c9 1b 02 00 00 00 00 00 9c 2d 01 00 00 00 00 00 d4 1d 01 00 00 00 00 00 c4 0d 01 00 00 00 00 00 26 00 00 00 3c 12 00 00 8e 00 00 00 b7 06 00 00 f3 3f 00 00 00 09 00 00 00 00 00 00 c7 12 00 00 00 00 00 00 fa 00 00 00
07 10 12 59 07 10 00 68 00 68 00 81 b8 8c 33 58 aa 8e f4 0f 01 01 00 03 00 00 00 00 01 00 00 00 00 87 81 3c 00 00 00 00 00 c9 1b 02 00 00 00 00 00 9c 2d 01 00 00 00 00 00 d4 1d 01 00 00 00 00 00 c4 0d 01 00 00 00 00 00 26 00 00 00 3c 12 00 00 8e 00 00 00 b7 06 00 00 f3 3f 00 00 00 09 00 00 00 00 00 00 c7 12 00 00 00 00 00 00 fa 00 00 00
07 10 12 59 07 10 00 68 00 68 00 81 b8 63 33 5c aa 8e f4 0f 01 01 00 03 00 00 00 00 01 00 00 00 00 87 81 3c 00 00 00 00 00 c9 1b 02 00 00 00 00 00 9c 2d 01 00 00 00 00 00 d4 1d 01 00 00 00 00 00 c4 0d 01 00 00 00 00 00 26 00 00 00 3c 12 00 00 8e 00 00 00 b7 06 00 00 f3 3f 00 00 00 09 00 00 00 00 00 00 c7 12 00 00 00 00 00 00 fa 00 00 00
07 10 12 59 07 10 00 68 00 68 00 81 b8 f7 33 60 aa 8e f4 0f 01 01 00 03 00 00 00 00 01 00 00 00 00 87 81 3c 00 00 00 00 00 c9 1b 02 00 00 00 00 00 9c 2d 01 00 00 00 00 00 d4 1d 01 00 00 00 00 00 c4 0d 01 00 00 00 00 00 26 00 00 00 3c 12 00 00 8e 00 00 00 b7 06 00 00 f3 3f 00 00 00 09 00 00 00 00 00 00 c7 12 00 00 00 00 00 00 fa 00 00 00
07 10 12 59 07 10 00 68 00 68 00 81 b8 76 33 64 aa 8e f4 0f 01 01 00 03 00 00 00 00 01 00 00 00 00 87 81 3c 00 00 00 00 00 c9 1b 02 00 00 00 00 00 9c 2d 01 00 00 00 00 00 d4 1d 01 00 00 00 00 00 c4 0d 01 00 00 00 00 00 26 00 00 00 3c 12 00 00 8e 00 00 00 b7 06 00 00 f3 3f 00 00 00 09 00 00 00 00 00 00 c7 12 00 00 00 00 00 00 fa 00 00 00
07 10 12 59 07 10 00 68 00 68 00 81 b8 a5 77 67 aa 8e f4 0f 01 01 00 03 00 00 00 00 01 00 00 00 00 87 81 3c 00 00 00 00 00 c9 1b 02 00 00 00 00 00 9c 2d 01 00 00 00 00 00 d4 1d 01 00 00 00 00 00 c4 0d 01 00 00 00 00 00 26 00 00 00 3c 12 00 00 8e 00 00 00 b7 06 00 00 f3 3f 00 00 00 09 00 00 00 00 00 00 c7 12 00 00 00 00 00 00 fa 00 00 00
07 10 12 59 07 10 00 68 00 68 00 81 b8 45 85 83 aa 8e f4 0f 01 01 00 03 00 00 00 00 01 00 00 00 00 87 81 3c 00 00 00 00 00 c9 1b 02 00 00 00 00 00 9c 2d 01 00 00 00 00 00 d4 1d 01 00 00 00 00 00 c4 0d 01 00 00 00 00 00 26 00 00 00 3c 12 00 00 8e 00 00 00 b7 06 00 00 f3 3f 00 00 00 09 00 00 00 00 00 00 c7 12 00 00 00 00 00 00 fa 00 00 00
07 10 12 59 07 10 00 68 00 68 00 81 b8 1e 75 87 aa 8e f4 0f 01 01 00 03 00 00 00 00 01 00 00 00 00 87 81 3c 00 00 00 00 00 c9 1b 02 00 00 00 00 00 9c 2d 01 00 00 00 00 00 d4 1d 01 00 00 00 00 00 c4 0d 01 00 00 00 00 00 26 00 00 00 3c 12 00 00 8e 00 00 00 b7 06 00 00 f3 3f 00 00 00 09 00 00 00 00 00 00 c7 12 00 00 00 00 00 00 fa 00 00 00
07 10 12 59 07 10 00 68 00 68 00 81 b8 28 78 8b aa 8e f4 0f 01 01 00 03 00 00 00 00 01 00 00 00 00 87 81 3c 00 00 00 00 00 c9 1b 02 00 00 00 00 00 9c 2d 01 00 00 00 00 00 d4 1d 01 00 00 00 00 00 c4 0d 01 00 00 00 00 00 26 00 00 00 3c 12 00 00 8e 00 00 00 b8 06 00 00 f9 3f 00 00 00 09 00 00 00 00 00 00 c7 12 00 00 00 00 00 00 fa 00 00 00
07 10 12 59 07 10 00 68 00 68 00 81 b8 e2 02 8c aa 8e f4 0f 01 01 00 03 00 00 00 00 01 00 00 00 00 87 81 3c 00 00 00 00 00 c9 1b 02 00 00 00 00 00 9c 2d 01 00 00 00 00 00 d4 1d 01 00 00 00 00 00 c4 0d 01 00 00 00 00 00 26 00 00 00 3c 12 00 00 8e 00 00 00 b8 06 00 00 f9 3f 00 00 00 09 00 00 00 00 00 00 c7 12 00 00 00 00 00 00 fa 00 00 00
07 10 12 59 07 10 00 68 00 68 00 81 b8 05 37 04 ab 8e f4 0f 01 01 00 03 00 00 00 00 01 00 00 00 00 87 81 3c 00 00 00 00 00 c9 1b 02 00 00 00 00 00 9c 2d 01 00 00 00 00 00 d4 1d 01 00 00 00 00 00 c4 0d 01 00 00 00 00 00 26 00 00 00 3c 12 00 00 8e 00 00 00 b8 06 00 00 f9 3f 00 00 00 09 00 00 00 00 00 00 c7 12 00 00 00 00 00 00 fa 00 00 00
07 10 12 59 07 10 00 68 00 68 00 81 b8 a9 34 08 ab 8e f4 0f 01 01 00 03 00 00 00 00 01 00 00 00 00 87 81 3c 00 00 00 00 00 c9 1b 02 00 00 00 00 00 9c 2d 01 00 00 00 00 00 d4 1d 01 00 00 00 00 00 c4 0d 01 00 00 00 00 00 26 00 00 00 3c 12 00 00 8e 00 00 00 b8 06 00 00 f9 3f 00 00 00 09 00 00 00 00 00 00 c7 12 00 00 00 00 00 00 fa 00 00 00
07 10 12 59 07 10 00 68 00 68 00 81 b8 3a 02 0c ab 8e f4 0f 01 01 00 03 00 00 00 00 01 00 00 00 00 87 81 3c 00 00 00 00 00 c9 1b 02 00 00 00 00 00 9c 2d 01 00 00 00 00 00 d4 1d 01 00 00 00 00 00 c4 0d 01 00 00 00 00 00 26 00 00 00 3c 12 00 00 8e 00 00 00 b9 06 00 00 fd 3f 00 00 00 09 00 00 00 00 00 00 c7 12 00 00 00 00 00 00 fa 00 00 00
07 10 12 59 07 10 00 68 00 68 00 81 b8 af 66 7f ab 8e f4 0f 01 01 00 03 00 00 00 00 01 00 00 00 00 87 81 3c 00 00 00 00 00 c9 1b 02 00 00 00 00 00 9c 2d 01 00 00 00 00 00 d4 1d 01 00 00 00 00 00 c4 0d 01 00 00 00 00 00 26 00 00 00 3c 12 00 00 8e 00 00 00 b9 06 00 00 fd 3f 00 00 00 09 00 00 00 00 00 00 c7 12 00 00 00 00 00 00 fa 00 00 00
07 10 12 59 07 10 00 68 00 68 00 81 b8 9b 76 83 ab 8e f4 0f 01 01 00 03 00 00 00 00 01 00 00 00 00 87 81 3c 00 00 00 00 00 c9 1b 02 00 00 00 00 00 9c 2d 01 00 00 00 00 00 d4 1d 01 00 00 00 00 00 c4 0d 01 00 00 00 00 00 26 00 00 00 3c 12 00 00 8e 00 00 00 b9 06 00 00 fd 3f 00 00 00 09 00 00 00 00 00 00 c7 12 00 00 00 00 00 00 fa 00 00 00
07 10 12 59 07 10 00 68 00 68 00 81 b8 d2 72 87 ab 8e f4 0f 01 01 00 03 00 00 00 00 01 00 00 00 00 87 81 3c 00 00 00 00 00 c9 1b 02 00 00 00 00 00 9c 2d 01 00 00 00 00 00 d4 1d 01 00 00 00 00 00 c4 0d 01 00 00 00 00 00 26 00 00 00 3c 12 00 00 8e 00 00 00 b9 06 00 00 fd 3f 00 00 00 09 00 00 00 00 00 00 c7 12 00 00 00 00 00 00 fa 00 00 00
07 10 12 59 07 10 00 68 00 68 00 81 b8 dc 7b 8b ab 8e f4 0f 01 01 00 03 00 00 00 00 01 00 00 00 00 87 81 3c 00 00 00 00 00 c9 1b 02 00 00 00 00 00 9c 2d 01 00 00 00 00 00 d4 1d 01 00 00 00 00 00 c4 0d 01 00 00 00 00 00 26 00 00 00 3c 12 00 00 8e 00 00 00 ba 06 00 00 03 40 00 00 00 09 00 00 00 00 00 00 c7 12 00 00 00 00 00 00 fa 00 00 00
07 10 12 59 07 10 00 68 00 68 00 81 b8 af 01 8c ab 8e f4 0f 01 01 00 03 00 00 00 00 01 00 00 00 00 87 81 3c 00 00 00 00 00 c9 1b 02 00 00 00 00 00 9c 2d 01 00 00 00 00 00 d4 1d 01 00 00 00 00 00 c4 0d 01 00 00 00 00 00 26 00 00 00 3c 12 00 00 8e 00 00 00 ba 06 00 00 03 40 00 00 00 09 00 00 00 00 00 00 c7 12 00 00 00 00 00 00 fa 00 00 00
07 10 12 59 07 10 00 68 00 68 00 81 b8 24 37 04 ac 8e f4 0f 01 01 00 03 00 00 00 00 01 00 00 00 00 87 81 3c 00 00 00 00 00 c9 1b 02 00 00 00 00 00 9c 2d 01 00 00 00 00 00 d4 1d 01 00 00 00 00 00 c4 0d 01 00 00 00 00 00 26 00 00 00 3c 12 00 00 8e 00 00 00 ba 06 00 00 03 40 00 00 00 09 00 00 00 00 00 00 c7 12 00 00 00 00 00 00 fa 00 00 00
07 10 12 59 07 10 00 68 00 68 00 81 b8 24 33 08 ac 8e f4 0f 01 01 00 03 00 00 00 00 01 00 00 00 00 87 81 3c 00 00 00 00 00 c9 1b 02 00 00 00 00 00 9c 2d 01 00 00 00 00 00 d4 1d 01 00 00 00 00 00 c4 0d 01 00 00 00 00 00 26 00 00 00 3c 12 00 00 8e 00 00 00 ba 06 00 00 03 40 00 00 00 09 00 00 00 00 00 00 c7 12 00 00 00 00 00 00 fa 00 00 00
07 10 12 59 07 10 00 68 00 68 00 81 b8 d8 01 0c ac 8e f4 0f 01 01 00 03 00 00 00 00 01 00 00 00 00 87 81 3c 00 00 00 00 00 c9 1b 02 00 00 00 00 00 9c 2d 01 00 00 00 00 00 d4 1d 01 00 00 00 00 00 c4 0d 01 00 00 00 00 00 26 00 00 00 3c 12 00 00 8e 00 00 00 bb 06 00 00 09 40 00 00 00 09 00 00 00 00 00 00 c7 12 00 00 00 00 00 00 fa 00 00 00
07 10 12 59 07 10 00 68 00 68 00 81 b8 8a 65 7f ac 8e f4 0f 01 01 00 03 00 00 00 00 01 00 00 00 00 87 81 3c 00 00 00 00 00 c9 1b 02 00 00 00 00 00 9c 2d 01 00 00 00 00 00 d4 1d 01 00 00 00 00 00 c4 0d 01 00 00 00 00 00 26 00 00 00 3c 12 00 00 8e 00 00 00 bb 06 00 00 09 40 00 00 00 09 00 00 00 00 00 00 c7 12 00 00 00 00 00 00 fa 00 00 00
07 10 12 59 07 10 00 68 00 68 00 81 b8 5b 76 83 ac 8e f4 0f 01 01 00 03 00 00 00 00 01 00 00 00 00 87 81 3c 00 00 00 00 00 c9 1b 02 00 00 00 00 00 9c 2d 01 00 00 00 00 00 d4 1d 01 00 00 00 00 00 c4 0d 01 00 00 00 00 00 26 00 00 00 3c 12 00 00 8e 00 00 00 bb 06 00 00 09 40 00 00 00 09 00 00 00 00 00 00 c7 12 00 00 00 00 00 00 fa 00 00 00
07 10 12 59 07 10 00 68 00 68 00 81 b8 ce 72 87 ac 8e f4 0f 01 01 00 03 00 00 00 00 01 00 00 00 00 87 81 3c 00 00 00 00 00 c9 1b 02 00 00 00 00 00 9c 2d 01 00 00 00 00 00 d4 1d 01 00 00 00 00 00 c4 0d 01 00 00 00 00 00 26 00 00 00 3c 12 00 00 8e 00 00 00 bb 06 00 00 09 40 00 00 00 09 00 00 00 00 00 00 c7 12 00 00 00 00 00 00 fa 00 00 00
07 10 12 59 07 10 00 68 00 68 00 81 b8 05 7c 8b ac 8e f4 0f 01 01 00 03 00 00 00 00 01 00 00 00 00 87 81 3c 00 00 00 00 00 c9 1b 02 00 00 00 00 00 9c 2d 01 00 00 00 00 00 d4 1d 01 00 00 00 00 00 c4 0d 01 00 00 00 00 00 26 00 00 00 3c 12 00 00 8e 00 00 00 bc 06 00 00 0f 40 00 00 00 09 00 00 00 00 00 00 c7 12 00 00 00 00 00 00 fa 00 00 00
07 10 12 59 07 10 00 68 00 68 00 81 b8 c0 02 8c ac 8e f4 0f 01 01 00 03 00 00 00 00 01 00 00 00 00 87 81 3c 00 00 00 00 00 c9 1b 02 00 00 00 00 00 9c 2d 01 00 00 00 00 00 d4 1d 01 00 00 00 00 00 c4 0d 01 00 00 00 00 00 26 00 00 00 3c 12 00 00 8e 00 00 00 bc 06 00 00 0f 40 00 00 00 09 00 00 00 00 00 00 c7 12 00 00 00 00 00 00 fa 00 00 00
07 10 12 59 07 10 00 68 00 68 00 81 b8 43 87 03 ad 8e f4 0f 01 01 00 03 00 00 00 00 01 00 00 00 00 87 81 3c 00 00 00 00 00 c9 1b 02 00 00 00 00 00 9c 2d 01 00 00 00 00 00 d4 1d 01 00 00 00 00 00 c4 0d 01 00 00 00 00 00 26 00 00 00 3c 12 00 00 8e 00 00 00 bc 06 00 00 0f 40 00 00 00 09 00 00 00 00 00 00 c7 12 00 00 00 00 00 00 fa 00 00 00
07 10 12 59 07 10 00 68 00 68 00 81 b8 b9 72 07 ad 8e f4 0f 01 01 00 03 00 00 00 00 01 00 00 00 00 87 81 3c 00 00 00 00 00 c9 1b 02 00 00 00 00 00 9c 2d 01 00 00 00 00 00 d4 1d 01 00 00 00 00 00 c4 0d 01 00 00 00 00 00 26 00 00 00 3c 12 00 00 8e 00 00 00 bc 06 00 00 0f 40 00 00 00 09 00 00 00 00 00 00 c7 12 00 00 00 00 00 00 fa 00 00 00
07 10 12 59 07 10 00 68 00 68 00 81 b8 7c 79 0b ad 8e f4 0f 01 01 00 03 00 00 00 00 01 00 00 00 00 87 81 3c 00 00 00 00 00 c9 1b 02 00 00 00 00 00 9c 2d 01 00 00 00 00 00 d4 1d 01 00 00 00 00 00 c4 0d 01 00 00 00 00 00 26 00 00 00 3c 12 00 00 8e 00 00 00 bd 06 00 00 15 40 00 00 00 09 00 00 00 00 00 00 c7 12 00 00 00 00 00 00 fa 00 00 00
07 10 12 59 07 10 00 68 00 68 00 81 b8 95 02 0c ad 8e f4 0f 01 01 00 03 00 00 00 00 01 00 00 00 00 87 81 3c 00 00 00 00 00 c9 1b 02 00 00 00 00 00 9c 2d 01 00 00 00 00 00 d4 1d 01 00 00 00 00 00 c4 0d 01 00 00 00 00 00 26 00 00 00 3c 12 00 00 8e 00 00 00 bd 06 00 00 15 40 00 00 00 09 00 00 00 00 00 00 c7 12 00 00 00 00 00 00 fa 00 00 00
07 10 12 59 07 10 00 68 00 68 00 81 b8 fb 67 7f ad 8e f4 0f 01 01 00 03 00 00 00 00 01 00 00 00 00 87 81 3c 00 00 00 00 00 c9 1b 02 00 00 00 00 00 9c 2d 01 00 00 00 00 00 d4 1d 01 00 00 00 00 00 c4 0d 01 00 00 00 00 00 26 00 00 00 3c 12 00 00 8e 00 00 00 bd 06 00 00 15 40 00 00 00 09 00 00 00 00 00 00 c7 12 00 00 00 00 00 00 fa 00 00 00
07 10 12 59 07 10 00 68 00 68 00 81 b8 e9 75 83 ad 8e f4 0f 01 01 00 03 00 00 00 00 01 00 00 00 00 87 81 3c 00 00 00 00 00 c9 1b 02 00 00 00 00 00 9c 2d 01 00 00 00 00 00 d4 1d 01 00 00 00 00 00 c4 0d 01 00 00 00 00 00 26 00 00 00 3c 12 00 00 8e 00 00 00 bd 06 00 00 15 40 00 00 00 09 00 00 00 00 00 00 c7 12 00 00 00 00 00 00 fa 00 00 00
07 10 12 59 07 10 00 68 00 68 00 81 b8 e2 72 87 ad 8e f4 0f 01 01 00 03 00 00 00 00 01 00 00 00 00 87 81 3c 00 00 00 00 00 c9 1b 02 00 00 00 00 00 9c 2d 01 00 00 00 00 00 d4 1d 01 00 00 00 00 00 c4 0d 01 00 00 00 00 00 26 00 00 00 3c 12 00 00 8e 00 00 00 bd 06 00 00 15 40 00 00 00 09 00 00 00 00 00 00 c7 12 00 00 00 00 00 00 fa 00 00 00
07 10 12 59 07 10 00 68 00 68 00 81 b8 47 7b 8b ad 8e f4 0f 01 01 00 03 00 00 00 00 01 00 00 00 00 87 81 3c 00 00 00 00 00 c9 1b 02 00 00 00 00 00 9c 2d 01 00 00 00 00 00 d4 1d 01 00 00 00 00 00 c4 0d 01 00 00 00 00 00 26 00 00 00 3c 12 00 00 8e 00 00 00 be 06 00 00 1c 40 00 00 00 09 00 00 00 00 00 00 c7 12 00 00 00 00 00 00 fa 00 00 00
07 10 12 59 07 10 00 68 00 68 00 81 b8 36 02 8c ad 8e f4 0f 01 01 00 03 00 00 00 00 01 00 00 00 00 87 81 3c 00 00 00 00 00 c9 1b 02 00 00 00 00 00 9c 2d 01 00 00 00 00 00 d4 1d 01 00 00 00 00 00 c4 0d 01 00 00 00 00 00 26 00 00 00 3c 12 00 00 8e 00 00 00 be 06 00 00 1c 40 00 00 00 09 00 00 00 00 00 00 c7 12 00 00 00 00 00 00 fa 00 00 00
07 10 12 59 07 10 00 68 00 68 00 81 b8 5f 37 04 ae 8e f4 0f 01 01 00 03 00 00 00 00 01 00 00 00 00 87 81 3c 00 00 00 00 00 c9 1b 02 00 00 00 00 00 9c 2d 01 00 00 00 00 00 d4 1d 01 00 00 00 00 00 c4 0d 01 00 00 00 00 00 26 00 00 00 3c 12 00 00 8e 00 00 00 be 06 00 00 1c 40 00 00 00 09 00 00 00 00 00 00 c7 12 00 00 00 00 00 00 fa 00 00 00
07 10 12 59 07 10 00 68 00 68 00 81 b8 0f 33 08 ae 8e f4 0f 01 01 00 03 00 00 00 00 01 00 00 00 00 87 81 3c 00 00 00 00 00 c9 1b 02 00 00 00 00 00 9c 2d 01 00 00 00 00 00 d4 1d 01 00 00 00 00 00 c4 0d 01 00 00 00 00 00 26 00 00 00 3c 12 00 00 8e 00 00 00 be 06 00 00 1c 40 00 00 00 09 00 00 00 00 00 00 c7 12 00 00 00 00 00 00 fa 00 00 00
07 10 12 59 07 10 00 68 00 68 00 81 b8 74 02 0c ae 8e f4 0f 01 01 00 03 00 00 00 00 01 00 00 00 00 87 81 3c 00 00 00 00 00 c9 1b 02 00 00 00 00 00 9c 2d 01 00 00 00 00 00 d4 1d 01 00 00 00 00 00 c4 0d 01 00 00 00 00 00 26 00 00 00 3c 12 00 00 8e 00 00 00 bf 06 00 00 22 40 00 00 00 09 00 00 00 00 00 00 c7 12 00 00 00 00 00 00 fa 00 00 00
07 10 12 59 07 10 00 68 00 68 00 81 b8 03 68 7f ae 8e f4 0f 01 01 00 03 00 00 00 00 01 00 00 00 00 87 81 3c 00 00 00 00 00 c9 1b 02 00 00 00 00 00 9c 2d 01 00 00 00 00 00 d4 1d 01 00 00 00 00 00 c4 0d 01 00 00 00 00 00 26 00 00 00 3c 12 00 00 8e 00 00 00 bf 06 00 00 22 40 00 00 00 09 00 00 00 00 00 00 c7 12 00 00 00 00 00 00 fa 00 00 00
07 10 12 59 07 10 00 68 00 68 00 81 b8 ad 75 83 ae 8e f4 0f 01 01 00 03 00 00 00 00 01 00 00 00 00 87 81 3c 00 00 00 00 00 c9 1b 02 00 00 00 00 00 9c 2d 01 00 00 00 00 00 d4 1d 01 00 00 00 00 00 c4 0d 01 00 00 00 00 00 26 00 00 00 3c 12 00 00 8e 00 00 00 bf 06 00 00 22 40 00 00 00 09 00 00 00 00 00 00 c7 12 00 00 00 00 00 00 fa 00 00 00
07 10 12 59 07 10 00 68 00 68 00 81 b8 14 72 87 ae 8e f4 0f 01 01 00 03 00 00 00 00 01 00 00 00 00 87 81 3c 00 00 00 00 00 c9 1b 02 00 00 00 00 00 9c 2d 01 00 00 00 00 00 d4 1d 01 00 00 00 00 00 c4 0d 01 00 00 00 00 00 26 00 00 00 3c 12 00 00 8e 00 00 00 bf 06 00 00 22 40 00 00 00 09 00 00 00 00 00 00 c7 12 00 00 00 00 00 00 fa 00 00 00
07 10 12 59 07 10 00 68 00 68 00 81 b8 01 7b 8b ae 8e f4 0f 01 01 00 03 00 00 00 00 01 00 00 00 00 87 81 3c 00 00 00 00 00 c9 1b 02 00 00 00 00 00 9c 2d 01 00 00 00 00 00 d4 1d 01 00 00 00 00 00 c4 0d 01 00 00 00 00 00 26 00 00 00 3c 12 00 00 8e 00 00 00 c0 06 00 00 27 40 00 00 00 09 00 00 00 00 00 00 c7 12 00 00 00 00 00 00 fa 00 00 00
07 10 12 59 07 10 00 68 00 68 00 81 b8 95 02 8c ae 8e f4 0f 01 01 00 03 00 00 00 00 01 00 00 00 00 87 81 3c 00 00 00 00 00 c9 1b 02 00 00 00 00 00 9c 2d 01 00 00 00 00 00 d4 1d 01 00 00 00 00 00 c4 0d 01 00 00 00 00 00 26 00 00 00 3c 12 00 00 8e 00 00 00 c0 06 00 00 27 40 00 00 00 09 00 00 00 00 00 00 c7 12 00 00 00 00 00 00 fa 00 00 00
07 10 12 59 07 10 00 68 00 68 00 81 b8 ff 3b 04 af 8e f4 0f 01 01 00 03 00 00 00 00 01 00 00 00 00 87 81 3c 00 00 00 00 00 c9 1b 02 00 00 00 00 00 9c 2d 01 00 00 00 00 00 d4 1d 01 00 00 00 00 00 c4 0d 01 00 00 00 00 00 26 00 00 00 3c 12 00 00 8e 00 00 00 c0 06 00 00 27 40 00 00 00 09 00 00 00 00 00 00 c7 12 00 00 00 00 00 00 fa 00 00 00
07 10 12 59 07 10 00 68 00 68 00 81 b8 d0 32 08 af 8e f4 0f 01 01 00 03 00 00 00 00 01 00 00 00 00 87 81 3c 00 00 00 00 00 c9 1b 02 00 00 00 00 00 9c 2d 01 00 00 00 00 00 d4 1d 01 00 00 00 00 00 c4 0d 01 00 00 00 00 00 26 00 00 00 3c 12 00 00 8e 00 00 00 c0 06 00 00 27 40 00 00 00 09 00 00 00 00 00 00 c7 12 00 00 00 00 00 00 fa 00 00 00
07 10 12 59 07 10 00 68 00 68 00 81 b8 eb 01 0c af 8e f4 0f 01 01 00 03 00 00 00 00 01 00 00 00 00 87 81 3c 00 00 00 00 00 c9 1b 02 00 00 00 00 00 9c 2d 01 00 00 00 00 00 d4 1d 01 00 00 00 00 00 c4 0d 01 00 00 00 00 00 26 00 00 00 3c 12 00 00 8e 00 00 00 c0 06 00 00 30 40 00 00 00 09 00 00 00 00 00 00 c7 12 00 00 00 00 00 00 fa 00 00 00
07 10 12 59 07 10 00 68 00 68 00 81 b8 86 66 7f af 8e f4 0f 01 01 00 03 00 00 00 00 01 00 00 00 00 87 81 3c 00 00 00 00 00 c9 1b 02 00 00 00 00 00 9c 2d 01 00 00 00 00 00 d4 1d 01 00 00 00 00 00 c4 0d 01 00 00 00 00 00 26 00 00 00 3c 12 00 00 8e 00 00 00 c0 06 00 00 30 40 00 00 00 09 00 00 00 00 00 00 c7 12 00 00 00 00 00 00 fa 00 00 00
07 10 12 59 07 10 00 68 00 68 00 81 b8 99 75 83 af 8e f4 0f 01 01 00 03 00 00 00 00 01 00 00 00 00 87 81 3c 00 00 00 00 00 c9 1b 02 00 00 00 00 00 9c 2d 01 00 00 00 00 00 d4 1d 01 00 00 00 00 00 c4 0d 01 00 00 00 00 00 26 00 00 00 3c 12 00 00 8e 00 00 00 c0 06 00 00 30 40 00 00 00 09 00 00 00 00 00 00 c7 12 00 00 00 00 00 00 fa 00 00 00
07 10 12 59 07 10 00 68 00 68 00 81 b8 4d 72 87 af 8e f4 0f 01 01 00 03 00 00 00 00 01 00 00 00 00 87 81 3c 00 00 00 00 00 c9 1b 02 00 00 00 00 00 9c 2d 01 00 00 00 00 00 d4 1d 01 00 00 00 00 00 c4 0d 01 00 00 00 00 00 26 00 00 00 3c 12 00 00 8e 00 00 00 c0 06 00 00 30 40 00 00 00 09 00 00 00 00 00 00 c7 12 00 00 00 00 00 00 fa 00 00 00
07 10 12 59 07 10 00 68 00 68 00 81 b8 af 7a 8b af 8e f4 0f 01 01 00 03 00 00 00 00 01 00 00 00 00 87 81 3c 00 00 00 00 00 c9 1b 02 00 00 00 00 00 9c 2d 01 00 00 00 00 00 d4 1d 01 00 00 00 00 00 c4 0d 01 00 00 00 00 00 26 00 00 00 3c 12 00 00 8e 00 00 00 c1 06 00 00 38 40 00 00 00 09 00 00 00 00 00 00 c7 12 00 00 00 00 00 00 fa 00 00 00
07 10 12 59 07 10 00 68 00 68 00 81 b8 74 01 8c af 8e f4 0f 01 01 00 03 00 00 00 00 01 00 00 00 00 87 81 3c 00 00 00 00 00 c9 1b 02 00 00 00 00 00 9c 2d 01 00 00 00 00 00 d4 1d 01 00 00 00 00 00 c4 0d 01 00 00 00 00 00 26 00 00 00 3c 12 00 00 8e 00 00 00 c1 06 00 00 38 40 00 00 00 09 00 00 00 00 00 00 c7 12 00 00 00 00 00 00 fa 00 00 00
07 10 12 59 07 10 00 68 00 68 00 81 b8 bd 37 04 b0 8e f4 0f 01 01 00 03 00 00 00 00 01 00 00 00 00 87 81 3c 00 00 00 00 00 c9 1b 02 00 00 00 00 00 9c 2d 01 00 00 00 00 00 d4 1d 01 00 00 00 00 00 c4 0d 01 00 00 00 00 00 26 00 00 00 3c 12 00 00 8e 00 00 00 c1 06 00 00 38 40 00 00 00 09 00 00 00 00 00 00 c7 12 00 00 00 00 00 00 fa 00 00 00
07 10 12 59 07 10 00 68 00 68 00 81 b8 61 32 08 b0 8e f4 0f 01 01 00 03 00 00 00 00 01 00 00 00 00 87 81 3c 00 00 00 00 00 c9 1b 02 00 00 00 00 00 9c 2d 01 00 00 00 00 00 d4 1d 01 00 00 00 00 00 c4 0d 01 00 00 00 00 00 26 00 00 00 3c 12 00 00 8e 00 00 00 c1 06 00 00 38 40 00 00 00 09 00 00 00 00 00 00 c7 12 00 00 00 00 00 00 fa 00 00 00
07 10 12 59 07 10 00 68 00 68 00 81 b8 ed 01 0c b0 8e f4 0f 01 01 00 03 00 00 00 00 01 00 00 00 00 87 81 3c 00 00 00 00 00 c9 1b 02 00 00 00 00 00 9c 2d 01 00 00 00 00 00 d4 1d 01 00 00 00 00 00 c4 0d 01 00 00 00 00 00 26 00 00 00 3c 12 00 00 8e 00 00 00 c2 06 00 00 3f 40 00 00 00 09 00 00 00 00 00 00 c7 12 00 00 00 00 00 00 fa 00 00 00
07 10 12 59 07 10 00 68 00 68 00 81 b8 78 67 7f b0 8e f4 0f 01 01 00 03 00 00 00 00 01 00 00 00 00 87 81 3c 00 00 00 00 00 c9 1b 02 00 00 00 00 00 9c 2d 01 00 00 00 00 00 d4 1d 01 00 00 00 00 00 c4 0d 01 00 00 00 00 00 26 00 00 00 3c 12 00 00 8e 00 00 00 c2 06 00 00 3f 40 00 00 00 09 00 00 00 00 00 00 c7 12 00 00 00 00 00 00 fa 00 00 00
07 10 12 59 07 10 00 68 00 68 00 81 b8 41 75 83 b0 8e f4 0f 01 01 00 03 00 00 00 00 01 00 00 00 00 87 81 3c 00 00 00 00 00 c9 1b 02 00 00 00 00 00 9c 2d 01 00 00 00 00 00 d4 1d 01 00 00 00 00 00 c4 0d 01 00 00 00 00 00 26 00 00 00 3c 12 00 00 8e 00 00 00 c2 06 00 00 3f 40 00 00 00 09 00 00 00 00 00 00 c7 12 00 00 00 00 00 00 fa 00 00 00
07 10 12 59 07 10 00 68 00 68 00 81 b8 cc 71 87 b0 8e f4 0f 01 01 00 03 00 00 00 00 01 00 00 00 00 87 81 3c 00 00 00 00 00 c9 1b 02 00 00 00 00 00 9c 2d 01 00 00 00 00 00 d4 1d 01 00 00 00 00 00 c4 0d 01 00 00 00 00 00 26 00 00 00 3c 12 00 00 8e 00 00 00 c2 06 00 00 3f 40 00 00 00 09 00 00 00 00 00 00 c7 12 00 00 00 00 00 00 fa 00 00 00
07 10 12 59 07 10 00 68 00 68 00 81 b8 6c 7a 8b b0 8e f4 0f 01 01 00 03 00 00 00 00 01 00 00 00 00 87 81 3c 00 00 00 00 00 c9 1b 02 00 00 00 00 00 9c 2d 01 00 00 00 00 00 d4 1d 01 00 00 00 00 00 c4 0d 01 00 00 00 00 00 26 00 00 00 3c 12 00 00 8e 00 00 00 c3 06 00 00 44 40 00 00 00 09 00 00 00 00 00 00 c7 12 00 00 00 00 00 00 fa 00 00 00
07 10 12 59 07 10 00 68 00 68 00 81 b8 c0 01 8c b0 8e f4 0f 01 01 00 03 00 00 00 00 01 00 00 00 00 87 81 3c 00 00 00 00 00 c9 1b 02 00 00 00 00 00 9c 2d 01 00 00 00 00 00 d4 1d 01 00 00 00 00 00 c4 0d 01 00 00 00 00 00 26 00 00 00 3c 12 00 00 8e 00 00 00 c3 06 00 00 44 40 00 00 00 09 00 00 00 00 00 00 c7 12 00 00 00 00 00 00 fa 00 00 00
07 10 12 59 07 10 00 68 00 68 00 81 b8 7c 36 04 b1 8e f4 0f 01 01 00 03 00 00 00 00 01 00 00 00 00 87 81 3c 00 00 00 00 00 c9 1b 02 00 00 00 00 00 9c 2d 01 00 00 00 00 00 d4 1d 01 00 00 00 00 00 c4 0d 01 00 00 00 00 00 26 00 00 00 3c 12 00 00 8e 00 00 00 c3 06 00 00 44 40 00 00 00 09 00 00 00 00 00 00 c7 12 00 00 00 00 00 00 fa 00 00 00
07 10 12 59 07 10 00 68 00 68 00 81 b8 bb 32 08 b1 8e f4 0f 01 01 00 03 00 00 00 00 01 00 00 00 00 87 81 3c 00 00 00 00 00 c9 1b 02 00 00 00 00 00 9c 2d 01 00 00 00 00 00 d4 1d 01 00 00 00 00 00 c4 0d 01 00 00 00 00 00 26 00 00 00 3c 12 00 00 8e 00 00 00 c3 06 00 00 44 40 00 00 00 09 00 00 00 00 00 00 c7 12 00 00 00 00 00 00 fa 00 00 00
07 10 12 59 07 10 00 68 00 68 00 81 b8 6a 01 0c b1 8e f4 0f 01 01 00 03 00 00 00 00 01 00 00 00 00 87 81 3c 00 00 00 00 00 c9 1b 02 00 00 00 00 00 9c 2d 01 00 00 00 00 00 d4 1d 01 00 00 00 00 00 c4 0d 01 00 00 00 00 00 26 00 00 00 3c 12 00 00 8e 00 00 00 c4 06 00 00 4c 40 00 00 00 09 00 00 00 00 00 00 c7 12 00 00 00 00 00 00 fa 00 00 00
07 10 12 59 07 10 00 68 00 68 00 81 b8 95 65 7f b1 8e f4 0f 01 01 00 03 00 00 00 00 01 00 00 00 00 87 81 3c 00 00 00 00 00 c9 1b 02 00 00 00 00 00 9c 2d 01 00 00 00 00 00 d4 1d 01 00 00 00 00 00 c4 0d 01 00 00 00 00 00 26 00 00 00 3c 12 00 00 8e 00 00 00 c4 06 00 00 4c 40 00 00 00 09 00 00 00 00 00 00 c7 12 00 00 00 00 00 00 fa 00 00 00
07 10 12 59 07 10 00 68 00 68 00 81 b8 f3 74 83 b1 8e f4 0f 01 01 00 03 00 00 00 00 01 00 00 00 00 87 81 3c 00 00 00 00 00 c9 1b 02 00 00 00 00 00 9c 2d 01 00 00 00 00 00 d4 1d 01 00 00 00 00 00 c4 0d 01 00 00 00 00 00 26 00 00 00 3c 12 00 00 8e 00 00 00 c4 06 00 00 4c 40 00 00 00 09 00 00 00 00 00 00 c7 12 00 00 00 00 00 00 fa 00 00 00
07 10 12 59 07 10 00 68 00 68 00 81 b8 6e 72 87 b1 8e f4 0f 01 01 00 03 00 00 00 00 01 00 00 00 00 87 81 3c 00 00 00 00 00 c9 1b 02 00 00 00 00 00 9c 2d 01 00 00 00 00 00 d4 1d 01 00 00 00 00 00 c4 0d 01 00 00 00 00 00 26 00 00 00 3c 12 00 00 8e 00 00 00 c4 06 00 00 4c 40 00 00 00 09 00 00 00 00 00 00 c7 12 00 00 00 00 00 00 fa 00 00 00
07 10 12 59 07 10 00 68 00 68 00 81 b8 4f 79 8b b1 8e f4 0f 01 01 00 03 00 00 00 00 01 00 00 00 00 87 81 3c 00 00 00 00 00 c9 1b 02 00 00 00 00 00 9c 2d 01 00 00 00 00 00 d4 1d 01 00 00 00 00 00 c4 0d 01 00 00 00 00 00 26 00 00 00 3c 12 00 00 8e 00 00 00 c5 06 00 00 52 40 00 00 00 09 00 00 00 00 00 00 c7 12 00 00 00 00 00 00 fa 00 00 00
07 10 12 59 07 10 00 68 00 68 00 81 b8 f3 00 8c b1 8e f4 0f 01 01 00 03 00 00 00 00 01 00 00 00 00 87 81 3c 00 00 00 00 00 c9 1b 02 00 00 00 00 00 9c 2d 01 00 00 00 00 00 d4 1d 01 00 00 00 00 00 c4 0d 01 00 00 00 00 00 26 00 00 00 3c 12 00 00 8e 00 00 00 c5 06 00 00 52 40 00 00 00 09 00 00 00 00 00 00 c7 12 00 00 00 00 00 00 fa 00 00 00
07 10 12 59 08 10 00 68 00 68 00 81 b8 bd 37 04 b2 8e f4 0f 01 01 00 03 00 00 00 00 01 00 00 00 00 87 81 3c 00 00 00 00 00 c9 1b 02 00 00 00 00 00 9c 2d 01 00 00 00 00 00 d4 1d 01 00 00 00 00 00 c4 0d 01 00 00 00 00 00 26 00 00 00 3c 12 00 00 8e 00 00 00 c5 06 00 00 52 40 00 00 00 09 00 00 00 00 00 00 c7 12 00 00 00 00 00 00 fa 00 00 00
07 10 12 59 08 10 00 68 00 68 00 81 b8 74 32 08 b2 8e f4 0f 01 01 00 03 00 00 00 00 01 00 00 00 00 87 81 3c 00 00 00 00 00 c9 1b 02 00 00 00 00 00 9c 2d 01 00 00 00 00 00 d4 1d 01 00 00 00 00 00 c4 0d 01 00 00 00 00 00 26 00 00 00 3c 12 00 00 8e 00 00 00 c5 06 00 00 52 40 00 00 00 09 00 00 00 00 00 00 c7 12 00 00 00 00 00 00 fa 00 00 00
07 10 12 59 08 10 00 68 00 68 00 81 b8 f5 01 0c b2 8e f4 0f 01 01 00 03 00 00 00 00 01 00 00 00 00 87 81 3c 00 00 00 00 00 c9 1b 02 00 00 00 00 00 9c 2d 01 00 00 00 00 00 d4 1d 01 00 00 00 00 00 c4 0d 01 00 00 00 00 00 26 00 00 00 3c 12 00 00 8e 00 00 00 c5 06 00 00 5d 40 00 00 00 09 00 00 00 00 00 00 c7 12 00 00 00 00 00 00 fa 00 00 00
07 10 12 59 08 10 00 68 00 68 00 81 b8 5f 66 7f b2 8e f4 0f 01 01 00 03 00 00 00 00 01 00 00 00 00 87 81 3c 00 00 00 00 00 c9 1b 02 00 00 00 00 00 9c 2d 01 00 00 00 00 00 d4 1d 01 00 00 00 00 00 c4 0d 01 00 00 00 00 00 26 00 00 00 3c 12 00 00 8e 00 00 00 c5 06 00 00 5d 40 00 00 00 09 00 00 00 00 00 00 c7 12 00 00 00 00 00 00 fa 00 00 00
07 10 12 59 08 10 00 68 00 68 00 81 b8 0d 75 83 b2 8e f4 0f 01 01 00 03 00 00 00 00 01 00 00 00 00 87 81 3c 00 00 00 00 00 c9 1b 02 00 00 00 00 00 9c 2d 01 00 00 00 00 00 d4 1d 01 00 00 00 00 00 c4 0d 01 00 00 00 00 00 26 00 00 00 3c 12 00 00 8e 00 00 00 c5 06 00 00 5d 40 00 00 00 09 00 00 00 00 00 00 c7 12 00 00 00 00 00 00 fa 00 00 00
07 10 12 59 08 10 00 68 00 68 00 81 b8 2c 72 87 b2 8e f4 0f 01 01 00 03 00 00 00 00 01 00 00 00 00 87 81 3c 00 00 00 00 00 c9 1b 02 00 00 00 00 00 9c 2d 01 00 00 00 00 00 d4 1d 01 00 00 00 00 00 c4 0d 01 00 00 00 00 00 26 00 00 00 3c 12 00 00 8e 00 00 00 c5 06 00 00 5d 40 00 00 00 09 00 00 00 00 00 00 c7 12 00 00 00 00 00 00 fa 00 00 00
07 10 12 59 08 10 00 68 00 68 00 81 b8 2c 7b 8b b2 8e f4 0f 01 01 00 03 00 00 00 00 01 00 00 00 00 87 81 3c 00 00 00 00 00 c9 1b 02 00 00 00 00 00 9c 2d 01 00 00 00 00 00 d4 1d 01 00 00 00 00 00 c4 0d 01 00 00 00 00 00 26 00 00 00 3c 12 00 00 8e 00 00 00 c6 06 00 00 64 40 00 00 00 09 00 00 00 00 00 00 c7 12 00 00 00 00 00 00 fa 00 00 00
07 10 12 59 08 10 00 68 00 68 00 81 b8 1c 01 8c b2 8e f4 0f 01 01 00 03 00 00 00 00 01 00 00 00 00 87 81 3c 00 00 00 00 00 c9 1b 02 00 00 00 00 00 9c 2d 01 00 00 00 00 00 d4 1d 01 00 00 00 00 00 c4 0d 01 00 00 00 00 00 26 00 00 00 3c 12 00 00 8e 00 00 00 c6 06 00 00 64 40 00 00 00 09 00 00 00 00 00 00 c7 12 00 00 00 00 00 00 fa 00 00 00
07 10 12 59 08 10 00 68 00 68 00 81 b8 38 36 04 b3 8e f4 0f 01 01 00 03 00 00 00 00 01 00 00 00 00 87 81 3c 00 00 00 00 00 c9 1b 02 00 00 00 00 00 9c 2d 01 00 00 00 00 00 d4 1d 01 00 00 00 00 00 c4 0d 01 00 00 00 00 00 26 00 00 00 3c 12 00 00 8e 00 00 00 c6 06 00 00 64 40 00 00 00 09 00 00 00 00 00 00 c7 12 00 00 00 00 00 00 fa 00 00 00
07 10 12 59 08 10 00 68 00 68 00 81 b8 ff 33 08 b3 8e f4 0f 01 01 00 03 00 00 00 00 01 00 00 00 00 87 81 3c 00 00 00 00 00 c9 1b 02 00 00 00 00 00 9c 2d 01 00 00 00 00 00 d4 1d 01 00 00 00 00 00 c4 0d 01 00 00 00 00 00 26 00 00 00 3c 12 00 00 8e 00 00 00 c6 06 00 00 64 40 00 00 00 09 00 00 00 00 00 00 c7 12 00 00 00 00 00 00 fa 00 00 00
07 10 12 59 08 10 00 68 00 68 00 81 b8 b3 01 0c b3 8e f4 0f 01 01 00 03 00 00 00 00 01 00 00 00 00 87 81 3c 00 00 00 00 00 c9 1b 02 00 00 00 00 00 9c 2d 01 00 00 00 00 00 d4 1d 01 00 00 00 00 00 c4 0d 01 00 00 00 00 00 26 00 00 00 3c 12 00 00 8e 00 00 00 c7 06 00 00 6b 40 00 00 00 09 00 00 00 00 00 00 c7 12 00 00 00 00 00 00 fa 00 00 00
07 10 12 59 08 10 00 68 00 68 00 81 b8 63 67 7f b3 8e f4 0f 01 01 00 03 00 00 00 00 01 00 00 00 00 87 81 3c 00 00 00 00 00 c9 1b 02 00 00 00 00 00 9c 2d 01 00 00 00 00 00 d4 1d 01 00 00 00 00 00 c4 0d 01 00 00 00 00 00 26 00 00 00 3c 12 00 00 8e 00 00 00 c7 06 00 00 6b 40 00 00 00 09 00 00 00 00 00 00 c7 12 00 00 00 00 00 00 fa 00 00 00
07 10 12 59 08 10 00 68 00 68 00 81 b8 1c 75 83 b3 8e f4 0f 01 01 00 03 00 00 00 00 01 00 00 00 00 87 81 3c 00 00 00 00 00 c9 1b 02 00 00 00 00 00 9c 2d 01 00 00 00 00 00 d4 1d 01 00 00 00 00 00 c4 0d 01 00 00 00 00 00 26 00 00 00 3c 12 00 00 8e 00 00 00 c7 06 00 00 6b 40 00 00 00 09 00 00 00 00 00 00 c7 12 00 00 00 00 00 00 fa 00 00 00
07 10 12 59 08 10 00 68 00 68 00 81 b8 ad 72 87 b3 8e f4 0f 01 01 00 03 00 00 00 00 01 00 00 00 00 87 81 3c 00 00 00 00 00 c9 1b 02 00 00 00 00 00 9c 2d 01 00 00 00 00 00 d4 1d 01 00 00 00 00 00 c4 0d 01 00 00 00 00 00 26 00 00 00 3c 12 00 00 8e 00 00 00 c7 06 00 00 6b 40 00 00 00 09 00 00 00 00 00 00 c7 12 00 00 00 00 00 00 fa 00 00 00
07 10 12 59 08 10 00 68 00 68 00 81 b8 7c 79 8b b3 8e f4 0f 01 01 00 03 00 00 00 00 01 00 00 00 00 87 81 3c 00 00 00 00 00 c9 1b 02 00 00 00 00 00 9c 2d 01 00 00 00 00 00 d4 1d 01 00 00 00 00 00 c4 0d 01 00 00 00 00 00 26 00 00 00 3c 12 00 00 8e 00 00 00 c8 06 00 00 71 40 00 00 00 09 00 00 00 00 00 00 c7 12 00 00 00 00 00 00 fa 00 00 00
07 10 12 59 08 10 00 68 00 68 00 81 b8 22 01 8c b3 8e f4 0f 01 01 00 03 00 00 00 00 01 00 00 00 00 87 81 3c 00 00 00 00 00 c9 1b 02 00 00 00 00 00 9c 2d 01 00 00 00 00 00 d4 1d 01 00 00 00 00 00 c4 0d 01 00 00 00 00 00 26 00 00 00 3c 12 00 00 8e 00 00 00 c8 06 00 00 71 40 00 00 00 09 00 00 00 00 00 00 c7 12 00 00 00 00 00 00 fa 00 00 00
07 10 12 59 08 10 00 68 00 68 00 81 b8 8c 87 03 b4 8e f4 0f 01 01 00 03 00 00 00 00 01 00 00 00 00 87 81 3c 00 00 00 00 00 c9 1b 02 00 00 00 00 00 9c 2d 01 00 00 00 00 00 d4 1d 01 00 00 00 00 00 c4 0d 01 00 00 00 00 00 26 00 00 00 3c 12 00 00 8e 00 00 00 c8 06 00 00 71 40 00 00 00 09 00 00 00 00 00 00 c7 12 00 00 00 00 00 00 fa 00 00 00
07 10 12 59 08 10 00 68 00 68 00 81 b8 38 72 07 b4 8e f4 0f 01 01 00 03 00 00 00 00 01 00 00 00 00 87 81 3c 00 00 00 00 00 c9 1b 02 00 00 00 00 00 9c 2d 01 00 00 00 00 00 d4 1d 01 00 00 00 00 00 c4 0d 01 00 00 00 00 00 26 00 00 00 3c 12 00 00 8e 00 00 00 c8 06 00 00 71 40 00 00 00 09 00 00 00 00 00 00 c7 12 00 00 00 00 00 00 fa 00 00 00
07 10 12 59 08 10 00 68 00 68 00 81 b8 63 7a 0b b4 8e f4 0f 01 01 00 03 00 00 00 00 01 00 00 00 00 87 81 3c 00 00 00 00 00 c9 1b 02 00 00 00 00 00 9c 2d 01 00 00 00 00 00 d4 1d 01 00 00 00 00 00 c4 0d 01 00 00 00 00 00 26 00 00 00 3c 12 00 00 8e 00 00 00 c9 06 00 00 78 40 00 00 00 09 00 00 00 00 00 00 c7 12 00 00 00 00 00 00 fa 00 00 00
07 10 12 59 08 10 00 68 00 68 00 81 b8 95 01 0c b4 8e f4 0f 01 01 00 03 00 00 00 00 01 00 00 00 00 87 81 3c 00 00 00 00 00 c9 1b 02 00 00 00 00 00 9c 2d 01 00 00 00 00 00 d4 1d 01 00 00 00 00 00 c4 0d 01 00 00 00 00 00 26 00 00 00 3c 12 00 00 8e 00 00 00 c9 06 00 00 78 40 00 00 00 09 00 00 00 00 00 00 c7 12 00 00 00 00 00 00 fa 00 00 00
07 10 12 59 08 10 00 68 00 68 00 81 b8 bd 65 7f b4 8e f4 0f 01 01 00 03 00 00 00 00 01 00 00 00 00 87 81 3c 00 00 00 00 00 c9 1b 02 00 00 00 00 00 9c 2d 01 00 00 00 00 00 d4 1d 01 00 00 00 00 00 c4 0d 01 00 00 00 00 00 26 00 00 00 3c 12 00 00 8e 00 00 00 c9 06 00 00 78 40 00 00 00 09 00 00 00 00 00 00 c7 12 00 00 00 00 00 00 fa 00 00 00
07 10 12 59 08 10 00 68 00 68 00 81 b8 b9 74 83 b4 8e f4 0f 01 01 00 03 00 00 00 00 01 00 00 00 00 87 81 3c 00 00 00 00 00 c9 1b 02 00 00 00 00 00 9c 2d 01 00 00 00 00 00 d4 1d 01 00 00 00 00 00 c4 0d 01 00 00 00 00 00 26 00 00 00 3c 12 00 00 8e 00 00 00 c9 06 00 00 78 40 00 00 00 09 00 00 00 00 00 00 c7 12 00 00 00 00 00 00 fa 00 00 00
07 10 12 59 08 10 00 68 00 68 00 81 b8 6a 72 87 b4 8e f4 0f 01 01 00 03 00 00 00 00 01 00 00 00 00 87 81 3c 00 00 00 00 00 c9 1b 02 00 00 00 00 00 9c 2d 01 00 00 00 00 00 d4 1d 01 00 00 00 00 00 c4 0d 01 00 00 00 00 00 26 00 00 00 3c 12 00 00 8e 00 00 00 c9 06 00 00 78 40 00 00 00 09 00 00 00 00 00 00 c7 12 00 00 00 00 00 00 fa 00 00 00
07 10 12 59 08 10 00 68 00 68 00 81 b8 38 79 8b b4 8e f4 0f 01 01 00 03 00 00 00 00 01 00 00 00 00 87 81 3c 00 00 00 00 00 c9 1b 02 00 00 00 00 00 9c 2d 01 00 00 00 00 00 d4 1d 01 00 00 00 00 00 c4 0d 01 00 00 00 00 00 26 00 00 00 3c 12 00 00 8e 00 00 00 ca 06 00 00 7e 40 00 00 00 09 00 00 00 00 00 00 c7 12 00 00 00 00 00 00 fa 00 00 00
07 10 12 59 08 10 00 68 00 68 00 81 b8 fd 00 8c b4 8e f4 0f 01 01 00 03 00 00 00 00 01 00 00 00 00 87 81 3c 00 00 00 00 00 c9 1b 02 00 00 00 00 00 9c 2d 01 00 00 00 00 00 d4 1d 01 00 00 00 00 00 c4 0d 01 00 00 00 00 00 26 00 00 00 3c 12 00 00 8e 00 00 00 ca 06 00 00 7e 40 00 00 00 09 00 00 00 00 00 00 c7 12 00 00 00 00 00 00 fa 00 00 00
07 10 12 59 08 10 00 68 00 68 00 81 b8 26 36 04 b5 8e f4 0f 01 01 00 03 00 00 00 00 01 00 00 00 00 87 81 3c 00 00 00 00 00 c9 1b 02 00 00 00 00 00 9c 2d 01 00 00 00 00 00 d4 1d 01 00 00 00 00 00 c4 0d 01 00 00 00 00 00 26 00 00 00 3c 12 00 00 8e 00 00 00 ca 06 00 00 7e 40 00 00 00 09 00 00 00 00 00 00 c7 12 00 00 00 00 00 00 fa 00 00 00
07 10 12 59 08 10 00 68 00 68 00 81 b8 bd 31 08 b5 8e f4 0f 01 01 00 03 00 00 00 00 01 00 00 00 00 87 81 3c 00 00 00 00 00 c9 1b 02 00 00 00 00 00 9c 2d 01 00 00 00 00 00 d4 1d 01 00 00 00 00 00 c4 0d 01 00 00 00 00 00 26 00 00 00 3c 12 00 00 8e 00 00 00 ca 06 00 00 7e 40 00 00 00 09 00 00 00 00 00 00 c7 12 00 00 00 00 00 00 fa 00 00 00
07 10 12 59 08 10 00 68 00 68 00 81 b8 72 01 0c b5 8e f4 0f 01 01 00 03 00 00 00 00 01 00 00 00 00 87 81 3c 00 00 00 00 00 c9 1b 02 00 00 00 00 00 9c 2d 01 00 00 00 00 00 d4 1d 01 00 00 00 00 00 c4 0d 01 00 00 00 00 00 26 00 00 00 3c 12 00 00 8e 00 00 00 cb 06 00 00 84 40 00 00 00 09 00 00 00 00 00 00 c7 12 00 00 00 00 00 00 fa 00 00 00
07 10 12 59 08 10 00 68 00 68 00 81 b8 45 64 7f b5 8e f4 0f 01 01 00 03 00 00 00 00 01 00 00 00 00 87 81 3c 00 00 00 00 00 c9 1b 02 00 00 00 00 00 9c 2d 01 00 00 00 00 00 d4 1d 01 00 00 00 00 00 c4 0d 01 00 00 00 00 00 26 00 00 00 3c 12 00 00 8e 00 00 00 cb 06 00 00 84 40 00 00 00 09 00 00 00 00 00 00 c7 12 00 00 00 00 00 00 fa 00 00 00
07 10 12 59 08 10 00 68 00 68 00 81 b8 38 75 83 b5 8e f4 0f 01 01 00 03 00 00 00 00 01 00 00 00 00 87 81 3c 00 00 00 00 00 c9 1b 02 00 00 00 00 00 9c 2d 01 00 00 00 00 00 d4 1d 01 00 00 00 00 00 c4 0d 01 00 00 00 00 00 26 00 00 00 3c 12 00 00 8e 00 00 00 cb 06 00 00 84 40 00 00 00 09 00 00 00 00 00 00 c7 12 00 00 00 00 00 00 fa 00 00 00
07 10 12 59 08 10 00 68 00 68 00 81 b8 2c 72 87 b5 8e f4 0f 01 01 00 03 00 00 00 00 01 00 00 00 00 87 81 3c 00 00 00 00 00 c9 1b 02 00 00 00 00 00 9c 2d 01 00 00 00 00 00 d4 1d 01 00 00 00 00 00 c4 0d 01 00 00 00 00 00 26 00 00 00 3c 12 00 00 8e 00 00 00 cb 06 00 00 84 40 00 00 00 09 00 00 00 00 00 00 c7 12 00 00 00 00 00 00 fa 00 00 00
07 10 12 59 08 10 00 68 00 68 00 81 b8 f9 79 8b b5 8e f4 0f 01 01 00 03 00 00 00 00 01 00 00 00 00 87 81 3c 00 00 00 00 00 c9 1b 02 00 00 00 00 00 9c 2d 01 00 00 00 00 00 d4 1d 01 00 00 00 00 00 c4 0d 01 00 00 00 00 00 26 00 00 00 3c 12 00 00 8e 00 00 00 cc 06 00 00 8b 40 00 00 00 09 00 00 00 00 00 00 c7 12 00 00 00 00 00 00 fa 00 00 00
07 10 12 59 08 10 00 68 00 68 00 81 b8 b1 01 8c b5 8e f4 0f 01 01 00 03 00 00 00 00 01 00 00 00 00 87 81 3c 00 00 00 00 00 c9 1b 02 00 00 00 00 00 9c 2d 01 00 00 00 00 00 d4 1d 01 00 00 00 00 00 c4 0d 01 00 00 00 00 00 26 00 00 00 3c 12 00 00 8e 00 00 00 cc 06 00 00 8b 40 00 00 00 09 00 00 00 00 00 00 c7 12 00 00 00 00 00 00 fa 00 00 00
07 10 12 59 08 10 00 68 00 68 00 81 b8 43 35 04 b6 8e f4 0f 01 01 00 03 00 00 00 00 01 00 00 00 00 87 81 3c 00 00 00 00 00 c9 1b 02 00 00 00 00 00 9c 2d 01 00 00 00 00 00 d4 1d 01 00 00 00 00 00 c4 0d 01 00 00 00 00 00 26 00 00 00 3c 12 00 00 8e 00 00 00 cc 06 00 00 8b 40 00 00 00 09 00 00 00 00 00 00 c7 12 00 00 00 00 00 00 fa 00 00 00
07 10 12 59 08 10 00 68 00 68 00 81 b8 61 31 08 b6 8e f4 0f 01 01 00 03 00 00 00 00 01 00 00 00 00 87 81 3c 00 00 00 00 00 c9 1b 02 00 00 00 00 00 9c 2d 01 00 00 00 00 00 d4 1d 01 00 00 00 00 00 c4 0d 01 00 00 00 00 00 26 00 00 00 3c 12 00 00 8e 00 00 00 cc 06 00 00 8b 40 00 00 00 09 00 00 00 00 00 00 c7 12 00 00 00 00 00 00 fa 00 00 00
07 10 12 59 08 10 00 68 00 68 00 81 b8 b5 00 0c b6 8e f4 0f 01 01 00 03 00 00 00 00 01 00 00 00 00 87 81 3c 00 00 00 00 00 c9 1b 02 00 00 00 00 00 9c 2d 01 00 00 00 00 00 d4 1d 01 00 00 00 00 00 c4 0d 01 00 00 00 00 00 26 00 00 00 3c 12 00 00 8e 00 00 00 cd 06 00 00 91 40 00 00 00 09 00 00 00 00 00 00 c7 12 00 00 00 00 00 00 fa 00 00 00
07 10 12 59 08 10 00 68 00 68 00 81 b8 63 67 7f b6 8e f4 0f 01 01 00 03 00 00 00 00 01 00 00 00 00 87 81 3c 00 00 00 00 00 c9 1b 02 00 00 00 00 00 9c 2d 01 00 00 00 00 00 d4 1d 01 00 00 00 00 00 c4 0d 01 00 00 00 00 00 26 00 00 00 3c 12 00 00 8e 00 00 00 cd 06 00 00 91 40 00 00 00 09 00 00 00 00 00 00 c7 12 00 00 00 00 00 00 fa 00 00 00
07 10 12 59 08 10 00 68 00 68 00 81 b8 d4 74 83 b6 8e f4 0f 01 01 00 03 00 00 00 00 01 00 00 00 00 87 81 3c 00 00 00 00 00 c9 1b 02 00 00 00 00 00 9c 2d 01 00 00 00 00 00 d4 1d 01 00 00 00 00 00 c4 0d 01 00 00 00 00 00 26 00 00 00 3c 12 00 00 8e 00 00 00 cd 06 00 00 91 40 00 00 00 09 00 00 00 00 00 00 c7 12 00 00 00 00 00 00 fa 00 00 00
07 10 12 59 08 10 00 68 00 68 00 81 b8 53 72 87 b6 8e f4 0f 01 01 00 03 00 00 00 00 01 00 00 00 00 87 81 3c 00 00 00 00 00 c9 1b 02 00 00 00 00 00 9c 2d 01 00 00 00 00 00 d4 1d 01 00 00 00 00 00 c4 0d 01 00 00 00 00 00 26 00 00 00 3c 12 00 00 8e 00 00 00 cd 06 00 00 91 40 00 00 00 09 00 00 00 00 00 00 c7 12 00 00 00 00 00 00 fa 00 00 00
07 10 12 59 08 10 00 68 00 68 00 81 b8 fd 79 8b b6 8e f4 0f 01 01 00 03 00 00 00 00 01 00 00 00 00 87 81 3c 00 00 00 00 00 c9 1b 02 00 00 00 00 00 9c 2d 01 00 00 00 00 00 d4 1d 01 00 00 00 00 00 c4 0d 01 00 00 00 00 00 26 00 00 00 3c 12 00 00 8e 00 00 00 ce 06 00 00 97 40 00 00 00 09 00 00 00 00 00 00 c7 12 00 00 00 00 00 00 fa 00 00 00
07 10 12 59 08 10 00 68 00 68 00 81 b8 6c 00 8c b6 8e f4 0f 01 01 00 03 00 00 00 00 01 00 00 00 00 87 81 3c 00 00 00 00 00 c9 1b 02 00 00 00 00 00 9c 2d 01 00 00 00 00 00 d4 1d 01 00 00 00 00 00 c4 0d 01 00 00 00 00 00 26 00 00 00 3c 12 00 00 8e 00 00 00 ce 06 00 00 97 40 00 00 00 09 00 00 00 00 00 00 c7 12 00 00 00 00 00 00 fa 00 00 00
07 10 12 59 08 10 00 68 00 68 00 81 b8 57 35 04 b7 8e f4 0f 01 01 00 03 00 00 00 00 01 00 00 00 00 87 81 3c 00 00 00 00 00 c9 1b 02 00 00 00 00 00 9c 2d 01 00 00 00 00 00 d4 1d 01 00 00 00 00 00 c4 0d 01 00 00 00 00 00 26 00 00 00 3c 12 00 00 8e 00 00 00 ce 06 00 00 97 40 00 00 00 09 00 00 00 00 00 00 c7 12 00 00 00 00 00 00 fa 00 00 00
07 10 12 59 08 10 00 68 00 68 00 81 b8 82 32 08 b7 8e f4 0f 01 01 00 03 00 00 00 00 01 00 00 00 00 87 81 3c 00 00 00 00 00 c9 1b 02 00 00 00 00 00 9c 2d 01 00 00 00 00 00 d4 1d 01 00 00 00 00 00 c4 0d 01 00 00 00 00 00 26 00 00 00 3c 12 00 00 8e 00 00 00 ce 06 00 00 97 40 00 00 00 09 00 00 00 00 00 00 c7 12 00 00 00 00 00 00 fa 00 00 00
07 10 12 59 08 10 00 68 00 68 00 81 b8 8e 00 0c b7 8e f4 0f 01 01 00 03 00 00 00 00 01 00 00 00 00 87 81 3c 00 00 00 00 00 c9 1b 02 00 00 00 00 00 9c 2d 01 00 00 00 00 00 d4 1d 01 00 00 00 00 00 c4 0d 01 00 00 00 00 00 26 00 00 00 3c 12 00 00 8e 00 00 00 cf 06 00 00 9e 40 00 00 00 09 00 00 00 00 00 00 c7 12 00 00 00 00 00 00 fa 00 00 00
07 10 12 59 08 10 00 68 00 68 00 81 b8 86 64 7f b7 8e f4 0f 01 01 00 03 00 00 00 00 01 00 00 00 00 87 81 3c 00 00 00 00 00 c9 1b 02 00 00 00 00 00 9c 2d 01 00 00 00 00 00 d4 1d 01 00 00 00 00 00 c4 0d 01 00 00 00 00 00 26 00 00 00 3c 12 00 00 8e 00 00 00 cf 06 00 00 9e 40 00 00 00 09 00 00 00 00 00 00 c7 12 00 00 00 00 00 00 fa 00 00 00
07 10 12 59 08 10 00 68 00 68 00 81 b8 5b 74 83 b7 8e f4 0f 01 01 00 03 00 00 00 00 01 00 00 00 00 87 81 3c 00 00 00 00 00 c9 1b 02 00 00 00 00 00 9c 2d 01 00 00 00 00 00 d4 1d 01 00 00 00 00 00 c4 0d 01 00 00 00 00 00 26 00 00 00 3c 12 00 00 8e 00 00 00 cf 06 00 00 9e 40 00 00 00 09 00 00 00 00 00 00 c7 12 00 00 00 00 00 00 fa 00 00 00
07 10 12 59 08 10 00 68 00 68 00 81 b8 4b 71 87 b7 8e f4 0f 01 01 00 03 00 00 00 00 01 00 00 00 00 87 81 3c 00 00 00 00 00 c9 1b 02 00 00 00 00 00 9c 2d 01 00 00 00 00 00 d4 1d 01 00 00 00 00 00 c4 0d 01 00 00 00 00 00 26 00 00 00 3c 12 00 00 8e 00 00 00 cf 06 00 00 9e 40 00 00 00 09 00 00 00 00 00 00 c7 12 00 00 00 00 00 00 fa 00 00 00
07 10 12 59 08 10 00 68 00 68 00 81 b8 c8 79 8b b7 8e f4 0f 01 01 00 03 00 00 00 00 01 00 00 00 00 87 81 3c 00 00 00 00 00 c9 1b 02 00 00 00 00 00 9c 2d 01 00 00 00 00 00 d4 1d 01 00 00 00 00 00 c4 0d 01 00 00 00 00 00 26 00 00 00 3c 12 00 00 8e 00 00 00 d0 06 00 00 a8 40 00 00 00 09 00 00 00 00 00 00 c7 12 00 00 00 00 00 00 fa 00 00 00
07 10 12 59 08 10 00 68 00 68 00 81 b8 3c 00 8c b7 8e f4 0f 01 01 00 03 00 00 00 00 01 00 00 00 00 87 81 3c 00 00 00 00 00 c9 1b 02 00 00 00 00 00 9c 2d 01 00 00 00 00 00 d4 1d 01 00 00 00 00 00 c4 0d 01 00 00 00 00 00 26 00 00 00 3c 12 00 00 8e 00 00 00 d0 06 00 00 a8 40 00 00 00 09 00 00 00 00 00 00 c7 12 00 00 00 00 00 00 fa 00 00 00
07 10 12 59 08 10 00 68 00 68 00 81 b8 7c 35 04 b8 8e f4 0f 01 01 00 03 00 00 00 00 01 00 00 00 00 87 81 3c 00 00 00 00 00 c9 1b 02 00 00 00 00 00 9c 2d 01 00 00 00 00 00 d4 1d 01 00 00 00 00 00 c4 0d 01 00 00 00 00 00 26 00 00 00 3c 12 00 00 8e 00 00 00 d0 06 00 00 a8 40 00 00 00 09 00 00 00 00 00 00 c7 12 00 00 00 00 00 00 fa 00 00 00
07 10 12 59 08 10 00 68 00 68 00 81 b8 82 31 08 b8 8e f4 0f 01 01 00 03 00 00 00 00 01 00 00 00 00 87 81 3c 00 00 00 00 00 c9 1b 02 00 00 00 00 00 9c 2d 01 00 00 00 00 00 d4 1d 01 00 00 00 00 00 c4 0d 01 00 00 00 00 00 26 00 00 00 3c 12 00 00 8e 00 00 00 d0 06 00 00 a8 40 00 00 00 09 00 00 00 00 00 00 c7 12 00 00 00 00 00 00 fa 00 00 00
07 10 12 59 08 10 00 68 00 68 00 81 b8 86 00 0c b8 8e f4 0f 01 01 00 03 00 00 00 00 01 00 00 00 00 87 81 3c 00 00 00 00 00 c9 1b 02 00 00 00 00 00 9c 2d 01 00 00 00 00 00 d4 1d 01 00 00 00 00 00 c4 0d 01 00 00 00 00 00 26 00 00 00 3c 12 00 00 8e 00 00 00 d0 06 00 00 b2 40 00 00 00 09 00 00 00 00 00 00 c7 12 00 00 00 00 00 00 fa 00 00 00
07 10 12 59 08 10 00 68 00 68 00 81 b8 88 63 7f b8 8e f4 0f 01 01 00 03 00 00 00 00 01 00 00 00 00 87 81 3c 00 00 00 00 00 c9 1b 02 00 00 00 00 00 9c 2d 01 00 00 00 00 00 d4 1d 01 00 00 00 00 00 c4 0d 01 00 00 00 00 00 26 00 00 00 3c 12 00 00 8e 00 00 00 d0 06 00 00 b2 40 00 00 00 09 00 00 00 00 00 00 c7 12 00 00 00 00 00 00 fa 00 00 00
07 10 12 59 08 10 00 68 00 68 00 81 b8 a5 74 83 b8 8e f4 0f 01 01 00 03 00 00 00 00 01 00 00 00 00 87 81 3c 00 00 00 00 00 c9 1b 02 00 00 00 00 00 9c 2d 01 00 00 00 00 00 d4 1d 01 00 00 00 00 00 c4 0d 01 00 00 00 00 00 26 00 00 00 3c 12 00 00 8e 00 00 00 d0 06 00 00 b2 40 00 00 00 09 00 00 00 00 00 00 c7 12 00 00 00 00 00 00 fa 00 00 00
07 10 12 59 08 10 00 68 00 68 00 81 b8 80 71 87 b8 8e f4 0f 01 01 00 03 00 00 00 00 01 00 00 00 00 87 81 3c 00 00 00 00 00 c9 1b 02 00 00 00 00 00 9c 2d 01 00 00 00 00 00 d4 1d 01 00 00 00 00 00 c4 0d 01 00 00 00 00 00 26 00 00 00 3c 12 00 00 8e 00 00 00 d0 06 00 00 b2 40 00 00 00 09 00 00 00 00 00 00 c7 12 00 00 00 00 00 00 fa 00 00 00
07 10 12 59 08 10 00 68 00 68 00 81 b8 70 7a 8b b8 8e f4 0f 01 01 00 03 00 00 00 00 01 00 00 00 00 87 81 3c 00 00 00 00 00 c9 1b 02 00 00 00 00 00 9c 2d 01 00 00 00 00 00 d4 1d 01 00 00 00 00 00 c4 0d 01 00 00 00 00 00 26 00 00 00 3c 12 00 00 8e 00 00 00 d1 06 00 00 b8 40 00 00 00 09 00 00 00 00 00 00 c7 12 00 00 00 00 00 00 fa 00 00 00
07 10 12 59 08 10 00 68 00 68 00 81 b8 84 03 8c b8 8e f4 0f 01 01 00 03 00 00 00 00 01 00 00 00 00 87 81 3c 00 00 00 00 00 c9 1b 02 00 00 00 00 00 9c 2d 01 00 00 00 00 00 d4 1d 01 00 00 00 00 00 c4 0d 01 00 00 00 00 00 26 00 00 00 3c 12 00 00 8e 00 00 00 d1 06 00 00 b8 40 00 00 00 09 00 00 00 00 00 00 c7 12 00 00 00 00 00 00 fa 00 00 00
07 10 12 59 08 10 00 68 00 68 00 81 b8 c8 3b c5 b8 8e f4 0f 01 01 00 03 00 00 00 00 01 00 00 00 00 87 81 3c 00 00 00 00 00 c9 1b 02 00 00 00 00 00 9c 2d 01 00 00 00 00 00 d4 1d 01 00 00 00 00 00 c4 0d 01 00 00 00 00 00 26 00 00 00 3c 12 00 00 8e 00 00 00 d1 06 00 00 b8 40 00 00 00 09 00 00 00 00 00 00 c7 12 00 00 00 00 00 00 fa 00 00 00
07 10 12 59 08 10 00 68 00 68 00 81 b8 3c 23 c9 b8 8e f4 0f 01 01 00 03 00 00 00 00 01 00 00 00 00 87 81 3c 00 00 00 00 00 c9 1b 02 00 00 00 00 00 9c 2d 01 00 00 00 00 00 d4 1d 01 00 00 00 00 00 c4 0d 01 00 00 00 00 00 26 00 00 00 3c 12 00 00 8e 00 00 00 d1 06 00 00 b8 40 00 00 00 09 00 00 00 00 00 00 c7 12 00 00 00 00 00 00 fa 00 00 00
07 10 12 59 08 10 00 68 00 68 00 81 b8 41 23 cd b8 8e f4 0f 01 01 00 03 00 00 00 00 01 00 00 00 00 93 81 3c 00 00 00 00 00 c9 1b 02 00 00 00 00 00 9c 2d 01 00 00 00 00 00 d7 1d 01 00 00 00 00 00 ea 0d 01 00 00 00 00 00 26 00 00 00 3d 12 00 00 8e 00 00 00 d1 06 00 00 b8 40 00 00 01 09 00 00 00 00 00 00 c8 12 00 00 00 00 00 00 fa 00 00 00
07 10 12 59 08 10 00 68 00 68 00 81 b8 4b 22 d1 b8 8e f4 0f 01 01 00 03 00 00 00 00 01 00 00 00 00 9d 83 3c 00 00 00 00 00 c9 1b 02 00 00 00 00 00 9c 2d 01 00 00 00 00 00 51 1e 01 00 00 00 00 00 ea 0d 01 00 00 00 00 00 26 00 00 00 3f 12 00 00 8e 00 00 00 d1 06 00 00 b8 40 00 00 01 09 00 00 00 00 00 00 ca 12 00 00 00 00 00 00 fa 00 00 00
07 10 12 59 08 10 00 68 00 68 00 81 b8 d6 23 d5 b8 8e f4 0f 01 01 00 03 00 00 00 00 01 00 00 00 00 be 8a 3c 00 00 00 00 00 c9 1b 02 00 00 00 00 00 a1 2d 01 00 00 00 00 00 91 1e 01 00 00 00 00 00 ea 0d 01 00 00 00 00 00 26 00 00 00 40 12 00 00 8e 00 00 00 d1 06 00 00 b8 40 00 00 01 09 00 00 00 00 00 00 cb 12 00 00 00 00 00 00 fa 00 00 00
07 10 12 59 08 10 00 68 00 68 00 81 b8 3f 22 d9 b8 8e f4 0f 01 01 00 03 00 00 00 00 01 00 00 00 00 bf 9e 3c 00 00 00 00 00 c9 1b 02 00 00 00 00 00 ab 2d 01 00 00 00 00 00 83 1f 01 00 00 00 00 00 ea 0d 01 00 00 00 00 00 26 00 00 00 42 12 00 00 8e 00 00 00 d1 06 00 00 b8 40 00 00 01 09 00 00 00 00 00 00 cd 12 00 00 00 00 00 00 fa 00 00 00
07 10 12 59 08 10 00 34 00 34 00 87 b8 7c 94 da b8 8e f4 0f 01 06 00 03 00 00 00 00 01 09 01 3b 02 01 00 00 00 01 3b 26 18 f6 81 b3 26 e0 0d 80 30 02 38 80 01 07 00 29 00 19 ee 02 1c
07 10 12 59 08 10 00 68 00 68 00 81 b8 45 23 dd b8 8e f4 0f 01 01 00 03 00 00 00 00 01 00 00 00 00 20 ae 3c 00 00 00 00 00 c9 1b 02 00 00 00 00 00 c0 2d 01 00 00 00 00 00 fb 1f 01 00 00 00 00 00 ff 0d 01 00 00 00 00 00 26 00 00 00 44 12 00 00 8e 00 00 00 d1 06 00 00 b8 40 00 00 02 09 00 00 00 00 00 00 cf 12 00 00 00 00 00 00 fa 00 00 00
07 10 12 59 08 10 00 34 00 34 00 87 b8 18 22 e1 b8 8e f4 0f 01 06 00 03 00 00 00 00 01 00 01 3c 02 01 00 00 00 01 3c 02 18 f6 81 b3 26 80 0b 80 28 02 40 40 01 07 00 25 00 11 ee 02 1c
07 10 12 59 08 10 00 68 00 68 00 81 b8 41 23 e1 b8 8e f4 0f 01 01 00 03 00 00 00 00 01 00 00 00 00 20 ae 3c 00 00 00 00 00 c9 1b 02 00 00 00 00 00 c0 2d 01 00 00 00 00 00 fb 1f 01 00 00 00 00 00 ff 0d 01 00 00 00 00 00 26 00 00 00 44 12 00 00 8e 00 00 00 d1 06 00 00 b8 40 00 00 02 09 00 00 00 00 00 00 cf 12 00 00 00 00 00 00 fa 00 00 00
07 10 12 59 08 10 00 34 00 34 00 87 b8 f5 34 e4 b8 8e f4 0f 01 06 00 03 00 00 00 00 01 0a 01 3c 02 01 00 00 00 01 3c 2a 18 f6 81 b3 26 a0 0c 80 2c 02 48 40 01 07 00 29 00 19 ee 02 1c
07 10 12 59 08 10 00 68 00 68 00 81 b8 0d 23 e5 b8 8e f4 0f 01 01 00 03 00 00 00 00 01 00 00 00 00 20 ae 3c 00 00 00 00 00 c9 1b 02 00 00 00 00 00 c0 2d 01 00 00 00 00 00 fb 1f 01 00 00 00 00 00 ff 0d 01 00 00 00 00 00 26 00 00 00 44 12 00 00 8e 00 00 00 d1 06 00 00 b8 40 00 00 02 09 00 00 00 00 00 00 cf 12 00 00 00 00 00 00 fa 00 00 00
07 10 12 59 08 10 00 34 00 34 00 87 b8 92 70 e7 b8 8e f4 0f 01 06 00 03 00 00 00 00 01 00 01 3d 02 01 00 00 00 01 3d 02 18 f6 81 b3 26 80 0b 80 28 02 50 40 01 07 00 25 00 19 ee 02 1c
07 10 12 59 08 10 00 68 00 68 00 81 b8 28 22 e9 b8 8e f4 0f 01 01 00 03 00 00 00 00 01 00 00 00 00 20 ae 3c 00 00 00 00 00 c9 1b 02 00 00 00 00 00 c0 2d 01 00 00 00 00 00 fb 1f 01 00 00 00 00 00 ff 0d 01 00 00 00 00 00 26 00 00 00 44 12 00 00 8e 00 00 00 d1 06 00 00 b8 40 00 00 02 09 00 00 00 00 00 00 cf 12 00 00 00 00 00 00 fa 00 00 00
07 10 12 59 08 10 00 68 00 68 00 81 b8 d6 24 ed b8 8e f4 0f 01 01 00 03 00 00 00 00 01 00 00 00 00 f2 af 3c 00 00 00 00 00 c9 1b 02 00 00 00 00 00 de 2d 01 00 00 00 00 00 01 20 01 00 00 00 00 00 23 0e 01 00 00 00 00 00 26 00 00 00 46 12 00 00 8e 00 00 00 d1 06 00 00 b8 40 00 00 03 09 00 00 00 00 00 00 d1 12 00 00 00 00 00 00 fa 00 00 00
07 10 12 59 08 10 00 34 00 34 00 87 b8 f5 21 f1 b8 8e f4 0f 01 06 00 03 00 00 00 00 01 00 01 3e 02 01 00 00 00 01 3e 02 18 f6 81 b3 26 c0 03 80 18 01 58 40 01 06 00 25 00 01 ee 02 1c
07 10 12 59 08 10 00 68 00 68 00 81 b8 5b 23 f1 b8 8e f4 0f 01 01 00 03 00 00 00 00 01 00 00 00 00 f2 af 3c 00 00 00 00 00 c9 1b 02 00 00 00 00 00 de 2d 01 00 00 00 00 00 01 20 01 00 00 00 00 00 23 0e 01 00 00 00 00 00 26 00 00 00 46 12 00 00 8e 00 00 00 d1 06 00 00 b8 40 00 00 03 09 00 00 00 00 00 00 d1 12 00 00 00 00 00 00 fa 00 00 00
07 10 12 59 08 10 00 34 00 34 00 87 b8 11 35 f4 b8 8e f4 0f 01 06 00 03 00 00 00 00 01 0a 01 3e 02 01 00 00 00 01 3e 2a 18 f6 81 b3 26 c0 03 80 18 01 5c 40 01 05 81 25 00 19 ee 02 1c
07 10 12 59 08 10 00 68 00 68 00 81 b8 53 23 f5 b8 8e f4 0f 01 01 00 03 00 00 00 00 01 00 00 00 00 f2 af 3c 00 00 00 00 00 c9 1b 02 00 00 00 00 00 de 2d 01 00 00 00 00 00 01 20 01 00 00 00 00 00 23 0e 01 00 00 00 00 00 26 00 00 00 46 12 00 00 8e 00 00 00 d1 06 00 00 b8 40 00 00 03 09 00 00 00 00 00 00 d1 12 00 00 00 00 00 00 fa 00 00 00
07 10 12 59 08 10 00 68 00 68 00 81 b8 e2 21 f9 b8 8e f4 0f 01 01 00 03 00 00 00 00 01 00 00 00 00 f2 af 3c 00 00 00 00 00 c9 1b 02 00 00 00 00 00 de 2d 01 00 00 00 00 00 01 20 01 00 00 00 00 00 23 0e 01 00 00 00 00 00 26 00 00 00 46 12 00 00 8e 00 00 00 d1 06 00 00 b8 40 00 00 03 09 00 00 00 00 00 00 d1 12 00 00 00 00 00 00 fa 00 00 00
07 10 12 59 08 10 00 68 00 68 00 81 b8 9f 22 fd b8 8e f4 0f 01 01 00 03 00 00 00 00 01 00 00 00 00 f2 af 3c 00 00 00 00 00 c9 1b 02 00 00 00 00 00 de 2d 01 00 00 00 00 00 01 20 01 00 00 00 00 00 23 0e 01 00 00 00 00 00 26 00 00 00 46 12 00 00 8e 00 00 00 d1 06 00 00 b8 40 00 00 03 09 00 00 00 00 00 00 d1 12 00 00 00 00 00 00 fa 00 00 00
07 10 12 59 08 10 00 68 00 68 00 81 b8 b5 21 01 b9 8e f4 0f 01 01 00 03 00 00 00 00 01 00 00 00 00 f2 af 3c 00 00 00 00 00 c9 1b 02 00 00 00 00 00 de 2d 01 00 00 00 00 00 01 20 01 00 00 00 00 00 23 0e 01 00 00 00 00 00 26 00 00 00 46 12 00 00 8e 00 00 00 d1 06 00 00 b8 40 00 00 03 09 00 00 00 00 00 00 d1 12 00 00 00 00 00 00 fa 00 00 00
07 10 12 59 08 10 00 68 00 68 00 81 b8 c4 23 05 b9 8e f4 0f 01 01 00 03 00 00 00 00 01 00 00 00 00 f2 af 3c 00 00 00 00 00 c9 1b 02 00 00 00 00 00 de 2d 01 00 00 00 00 00 01 20 01 00 00 00 00 00 23 0e 01 00 00 00 00 00 26 00 00 00 46 12 00 00 8e 00 00 00 d1 06 00 00 b8 40 00 00 03 09 00 00 00 00 00 00 d1 12 00 00 00 00 00 00 fa 00 00 00
07 10 12 59 08 10 00 68 00 68 00 81 b8 43 23 09 b9 8e f4 0f 01 01 00 03 00 00 00 00 01 00 00 00 00 f2 af 3c 00 00 00 00 00 c9 1b 02 00 00 00 00 00 de 2d 01 00 00 00 00 00 01 20 01 00 00 00 00 00 23 0e 01 00 00 00 00 00 26 00 00 00 46 12 00 00 8e 00 00 00 d1 06 00 00 b8 40 00 00 03 09 00 00 00 00 00 00 d1 12 00 00 00 00 00 00 fa 00 00 00
07 10 12 59 08 10 00 68 00 68 00 81 b8 bd 22 0d b9 8e f4 0f 01 01 00 03 00 00 00 00 01 00 00 00 00 f2 af 3c 00 00 00 00 00 c9 1b 02 00 00 00 00 00 de 2d 01 00 00 00 00 00 01 20 01 00 00 00 00 00 23 0e 01 00 00 00 00 00 26 00 00 00 46 12 00 00 8e 00 00 00 d1 06 00 00 be 40 00 00 03 09 00 00 00 00 00 00 d1 12 00 00 00 00 00 00 fa 00 00 00
07 10 12 59 08 10 00 68 00 68 00 81 b8 38 21 11 b9 8e f4 0f 01 01 00 03 00 00 00 00 01 00 00 00 00 f2 af 3c 00 00 00 00 00 c9 1b 02 00 00 00 00 00 de 2d 01 00 00 00 00 00 01 20 01 00 00 00 00 00 23 0e 01 00 00 00 00 00 26 00 00 00 46 12 00 00 8e 00 00 00 d1 06 00 00 be 40 00 00 03 09 00 00 00 00 00 00 d1 12 00 00 00 00 00 00 fa 00 00 00
07 10 12 59 08 10 00 68 00 68 00 81 b8 5f 26 15 b9 8e f4 0f 01 01 00 03 00 00 00 00 01 00 00 00 00 f2 af 3c 00 00 00 00 00 c9 1b 02 00 00 00 00 00 de 2d 01 00 00 00 00 00 01 20 01 00 00 00 00 00 23 0e 01 00 00 00 00 00 26 00 00 00 46 12 00 00 8e 00 00 00 d1 06 00 00 be 40 00 00 03 09 00 00 00 00 00 00 d1 12 00 00 00 00 00 00 fa 00 00 00
07 10 12 59 08 10 00 68 00 68 00 81 b8 6e 21 19 b9 8e f4 0f 01 01 00 03 00 00 00 00 01 00 00 00 00 f2 af 3c 00 00 00 00 00 c9 1b 02 00 00 00 00 00 de 2d 01 00 00 00 00 00 01 20 01 00 00 00 00 00 23 0e 01 00 00 00 00 00 26 00 00 00 46 12 00 00 8e 00 00 00 d1 06 00 00 be 40 00 00 03 09 00 00 00 00 00 00 d1 12 00 00 00 00 00 00 fa 00 00 00
07 10 12 59 08 10 00 68 00 68 00 81 b8 9f 25 1d b9 8e f4 0f 01 01 00 03 00 00 00 00 01 00 00 00 00 f2 af 3c 00 00 00 00 00 c9 1b 02 00 00 00 00 00 de 2d 01 00 00 00 00 00 01 20 01 00 00 00 00 00 23 0e 01 00 00 00 00 00 26 00 00 00 46 12 00 00 8e 00 00 00 d1 06 00 00 be 40 00 00 03 09 00 00 00 00 00 00 d1 12 00 00 00 00 00 00 fa 00 00 00
07 10 12 59 08 10 00 68 00 68 00 81 b8 d0 22 21 b9 8e f4 0f 01 01 00 03 00 00 00 00 01 00 00 00 00 f2 af 3c 00 00 00 00 00 c9 1b 02 00 00 00 00 00 de 2d 01 00 00 00 00 00 01 20 01 00 00 00 00 00 23 0e 01 00 00 00 00 00 26 00 00 00 46 12 00 00 8e 00 00 00 d1 06 00 00 be 40 00 00 03 09 00 00 00 00 00 00 d1 12 00 00 00 00 00 00 fa 00 00 00
07 10 12 59 08 10 00 68 00 68 00 81 b8 9f 22 25 b9 8e f4 0f 01 01 00 03 00 00 00 00 01 00 00 00 00 f2 af 3c 00 00 00 00 00 c9 1b 02 00 00 00 00 00 de 2d 01 00 00 00 00 00 01 20 01 00 00 00 00 00 23 0e 01 00 00 00 00 00 26 00 00 00 46 12 00 00 8e 00 00 00 d1 06 00 00 be 40 00 00 03 09 00 00 00 00 00 00 d1 12 00 00 00 00 00 00 fa 00 00 00
07 10 12 59 08 10 00 68 00 68 00 81 b8 3a 21 29 b9 8e f4 0f 01 01 00 03 00 00 00 00 01 00 00 00 00 f2 af 3c 00 00 00 00 00 c9 1b 02 00 00 00 00 00 de 2d 01 00 00 00 00 00 01 20 01 00 00 00 00 00 23 0e 01 00 00 00 00 00 26 00 00 00 46 12 00 00 8e 00 00 00 d1 06 00 00 be 40 00 00 03 09 00 00 00 00 00 00 d1 12 00 00 00 00 00 00 fa 00 00 00
07 10 12 59 08 10 00 68 00 68 00 81 b8 05 22 2d b9 8e f4 0f 01 01 00 03 00 00 00 00 01 00 00 00 00 f2 af 3c 00 00 00 00 00 c9 1b 02 00 00 00 00 00 de 2d 01 00 00 00 00 00 01 20 01 00 00 00 00 00 23 0e 01 00 00 00 00 00 26 00 00 00 46 12 00 00 8e 00 00 00 d1 06 00 00 be 40 00 00 03 09 00 00 00 00 00 00 d1 12 00 00 00 00 00 00 fa 00 00 00
07 10 12 59 08 10 00 34 00 34 00 87 b8 a3 ba 2d b9 8e f4 0f 01 06 00 03 00 00 00 00 01 11 01 45 02 01 00 00 00 01 45 46 18 f6 81 b3 26 00 40 80 1c 0f 60 c0 01 07 00 25 00 19 ee 02 1c
07 10 12 59 08 10 00 68 00 68 00 81 b8 61 21 31 b9 8e f4 0f 01 01 00 03 00 00 00 00 01 00 00 00 00 f2 af 3c 00 00 00 00 00 c9 1b 02 00 00 00 00 00 de 2d 01 00 00 00 00 00 01 20 01 00 00 00 00 00 23 0e 01 00 00 00 00 00 26 00 00 00 46 12 00 00 8e 00 00 00 d1 06 00 00 be 40 00 00 03 09 00 00 00 00 00 00 d1 12 00 00 00 00 00 00 fa 00 00 00
07 10 12 59 08 10 00 68 00 68 00 81 b8 65 23 35 b9 8e f4 0f 01 01 00 03 00 00 00 00 01 00 00 00 00 ef b0 3c 00 00 00 00 00 c9 1b 02 00 00 00 00 00 ee 2d 01 00 00 00 00 00 04 20 01 00 00 00 00 00 44 0e 01 00 00 00 00 00 26 00 00 00 47 12 00 00 8e 00 00 00 d1 06 00 00 be 40 00 00 04 09 00 00 03 00 00 00 d2 12 00 00 00 00 00 00 fa 00 00 00
07 10 12 59 08 10 00 68 00 68 00 81 b8 a7 21 39 b9 8e f4 0f 01 01 00 03 00 00 00 00 01 00 00 00 00 ef b0 3c 00 00 00 00 00 c9 1b 02 00 00 00 00 00 ee 2d 01 00 00 00 00 00 04 20 01 00 00 00 00 00 44 0e 01 00 00 00 00 00 26 00 00 00 47 12 00 00 8e 00 00 00 d1 06 00 00 be 40 00 00 04 09 00 00 03 00 00 00 d2 12 00 00 00 00 00 00 fa 00 00 00
07 10 12 59 08 10 00 68 00 68 00 81 b8 07 25 3d b9 8e f4 0f 01 01 00 03 00 00 00 00 01 00 00 00 00 1c b2 3c 00 00 00 00 00 c9 1b 02 00 00 00 00 00 01 2e 01 00 00 00 00 00 07 20 01 00 00 00 00 00 44 0e 01 00 00 00 00 00 26 00 00 00 48 12 00 00 8e 00 00 00 d1 06 00 00 be 40 00 00 04 09 00 00 03 00 00 00 d3 12 00 00 00 00 00 00 fa 00 00 00
07 10 12 59 08 10 00 34 00 34 00 87 b8 76 21 41 b9 8e f4 0f 01 06 00 03 00 00 00 00 01 00 01 48 02 01 00 00 00 01 48 02 18 f6 81 b3 26 c0 03 80 18 01 68 40 01 07 00 25 00 19 ee 02 1c
07 10 12 59 08 10 00 68 00 68 00 81 b8 bb 22 41 b9 8e f4 0f 01 01 00 03 00 00 00 00 01 00 00 00 00 1c b2 3c 00 00 00 00 00 c9 1b 02 00 00 00 00 00 01 2e 01 00 00 00 00 00 07 20 01 00 00 00 00 00 44 0e 01 00 00 00 00 00 26 00 00 00 48 12 00 00 8e 00 00 00 d1 06 00 00 be 40 00 00 04 09 00 00 03 00 00 00 d3 12 00 00 00 00 00 00 fa 00 00 00
07 10 12 59 08 10 00 68 00 68 00 81 b8 a1 22 45 b9 8e f4 0f 01 01 00 03 00 00 00 00 01 00 00 00 00 1c b2 3c 00 00 00 00 00 c9 1b 02 00 00 00 00 00 01 2e 01 00 00 00 00 00 07 20 01 00 00 00 00 00 44 0e 01 00 00 00 00 00 26 00 00 00 48 12 00 00 8e 00 00 00 d1 06 00 00 be 40 00 00 04 09 00 00 03 00 00 00 d3 12 00 00 00 00 00 00 fa 00 00 00
07 10 12 59 08 10 00 68 00 68 00 81 b8 59 21 49 b9 8e f4 0f 01 01 00 03 00 00 00 00 01 00 00 00 00 1c b2 3c 00 00 00 00 00 c9 1b 02 00 00 00 00 00 01 2e 01 00 00 00 00 00 07 20 01 00 00 00 00 00 44 0e 01 00 00 00 00 00 26 00 00 00 48 12 00 00 8e 00 00 00 d1 06 00 00 be 40 00 00 04 09 00 00 03 00 00 00 d3 12 00 00 00 00 00 00 fa 00 00 00
07 10 12 59 08 10 00 68 00 68 00 81 b8 80 22 4d b9 8e f4 0f 01 01 00 03 00 00 00 00 01 00 00 00 00 1c b2 3c 00 00 00 00 00 c9 1b 02 00 00 00 00 00 01 2e 01 00 00 00 00 00 07 20 01 00 00 00 00 00 44 0e 01 00 00 00 00 00 26 00 00 00 48 12 00 00 8e 00 00 00 d1 06 00 00 be 40 00 00 04 09 00 00 03 00 00 00 d3 12 00 00 00 00 00 00 fa 00 00 00
07 10 12 59 08 10 00 34 00 34 00 87 b8 80 ba 4d b9 8e f4 0f 01 06 00 03 00 00 00 00 01 0a 01 49 02 01 00 00 00 01 49 2a 18 f6 81 b3 26 40 0d 80 1c 03 70 40 01 07 00 25 00 19 ee 02 1c
07 10 12 59 08 10 00 68 00 68 00 81 b8 cc 21 51 b9 8e f4 0f 01 01 00 03 00 00 00 00 01 00 00 00 00 49 b3 3c 00 00 00 00 00 c9 1b 02 00 00 00 00 00 14 2e 01 00 00 00 00 00 0a 20 01 00 00 00 00 00 64 0e 01 00 00 00 00 00 26 00 00 00 49 12 00 00 8e 00 00 00 d1 06 00 00 be 40 00 00 05 09 00 00 03 00 00 00 d4 12 00 00 00 00 00 00 fa 00 00 00
07 10 12 59 08 10 00 68 00 68 00 81 b8 1a 22 55 b9 8e f4 0f 01 01 00 03 00 00 00 00 01 00 00 00 00 49 b3 3c 00 00 00 00 00 c9 1b 02 00 00 00 00 00 14 2e 01 00 00 00 00 00 0a 20 01 00 00 00 00 00 64 0e 01 00 00 00 00 00 26 00 00 00 49 12 00 00 8e 00 00 00 d1 06 00 00 be 40 00 00 05 09 00 00 03 00 00 00 d4 12 00 00 00 00 00 00 fa 00 00 00
07 10 12 59 08 10 00 68 00 68 00 81 b8 55 21 59 b9 8e f4 0f 01 01 00 03 00 00 00 00 01 00 00 00 00 49 b3 3c 00 00 00 00 00 c9 1b 02 00 00 00 00 00 14 2e 01 00 00 00 00 00 0a 20 01 00 00 00 00 00 64 0e 01 00 00 00 00 00 26 00 00 00 49 12 00 00 8e 00 00 00 d1 06 00 00 be 40 00 00 05 09 00 00 03 00 00 00 d4 12 00 00 00 00 00 00 fa 00 00 00
07 10 12 59 08 10 00 68 00 68 00 81 b8 4d 22 5d b9 8e f4 0f 01 01 00 03 00 00 00 00 01 00 00 00 00 49 b3 3c 00 00 00 00 00 c9 1b 02 00 00 00 00 00 14 2e 01 00 00 00 00 00 0a 20 01 00 00 00 00 00 64 0e 01 00 00 00 00 00 26 00 00 00 49 12 00 00 8e 00 00 00 d1 06 00 00 be 40 00 00 05 09 00 00 03 00 00 00 d4 12 00 00 00 00 00 00 fa 00 00 00
07 10 12 59 08 10 00 68 00 68 00 81 b8 67 21 61 b9 8e f4 0f 01 01 00 03 00 00 00 00 01 00 00 00 00 49 b3 3c 00 00 00 00 00 c9 1b 02 00 00 00 00 00 14 2e 01 00 00 00 00 00 0a 20 01 00 00 00 00 00 64 0e 01 00 00 00 00 00 26 00 00 00 49 12 00 00 8e 00 00 00 d1 06 00 00 be 40 00 00 05 09 00 00 03 00 00 00 d4 12 00 00 00 00 00 00 fa 00 00 00
07 10 12 59 08 10 00 68 00 68 00 81 b8 86 26 65 b9 8e f4 0f 01 01 00 03 00 00 00 00 01 00 00 00 00 49 b3 3c 00 00 00 00 00 c9 1b 02 00 00 00 00 00 14 2e 01 00 00 00 00 00 0a 20 01 00 00 00 00 00 64 0e 01 00 00 00 00 00 26 00 00 00 49 12 00 00 8e 00 00 00 d1 06 00 00 be 40 00 00 05 09 00 00 03 00 00 00 d4 12 00 00 00 00 00 00 fa 00 00 00
07 10 12 59 08 10 00 68 00 68 00 81 b8 7a 21 69 b9 8e f4 0f 01 01 00 03 00 00 00 00 01 00 00 00 00 49 b3 3c 00 00 00 00 00 c9 1b 02 00 00 00 00 00 14 2e 01 00 00 00 00 00 0a 20 01 00 00 00 00 00 64 0e 01 00 00 00 00 00 26 00 00 00 49 12 00 00 8e 00 00 00 d1 06 00 00 be 40 00 00 05 09 00 00 03 00 00 00 d4 12 00 00 00 00 00 00 fa 00 00 00
07 10 12 59 08 10 00 68 00 68 00 81 b8 0d 22 6d b9 8e f4 0f 01 01 00 03 00 00 00 00 01 00 00 00 00 49 b3 3c 00 00 00 00 00 c9 1b 02 00 00 00 00 00 14 2e 01 00 00 00 00 00 0a 20 01 00 00 00 00 00 64 0e 01 00 00 00 00 00 26 00 00 00 49 12 00 00 8e 00 00 00 d1 06 00 00 be 40 00 00 05 09 00 00 03 00 00 00 d4 12 00 00 00 00 00 00 fa 00 00 00
07 10 12 59 08 10 00 68 00 68 00 81 b8 a9 22 71 b9 8e f4 0f 01 01 00 03 00 00 00 00 01 00 00 00 00 49 b3 3c 00 00 00 00 00 c9 1b 02 00 00 00 00 00 14 2e 01 00 00 00 00 00 0a 20 01 00 00 00 00 00 64 0e 01 00 00 00 00 00 26 00 00 00 49 12 00 00 8e 00 00 00 d1 06 00 00 be 40 00 00 05 09 00 00 03 00 00 00 d4 12 00 00 00 00 00 00 fa 00 00 00
07 10 12 59 08 10 00 68 00 68 00 81 b8 72 22 75 b9 8e f4 0f 01 01 00 03 00 00 00 00 01 00 00 00 00 49 b3 3c 00 00 00 00 00 c9 1b 02 00 00 00 00 00 14 2e 01 00 00 00 00 00 0a 20 01 00 00 00 00 00 64 0e 01 00 00 00 00 00 26 00 00 00 49 12 00 00 8e 00 00 00 d1 06 00 00 be 40 00 00 05 09 00 00 03 00 00 00 d4 12 00 00 00 00 00 00 fa 00 00 00
07 10 12 59 08 10 00 68 00 68 00 81 b8 7e 21 79 b9 8e f4 0f 01 01 00 03 00 00 00 00 01 00 00 00 00 49 b3 3c 00 00 00 00 00 c9 1b 02 00 00 00 00 00 14 2e 01 00 00 00 00 00 0a 20 01 00 00 00 00 00 64 0e 01 00 00 00 00 00 26 00 00 00 49 12 00 00 8e 00 00 00 d1 06 00 00 be 40 00 00 05 09 00 00 03 00 00 00 d4 12 00 00 00 00 00 00 fa 00 00 00
07 10 12 59 08 10 00 68 00 68 00 81 b8 74 22 7d b9 8e f4 0f 01 01 00 03 00 00 00 00 01 00 00 00 00 49 b3 3c 00 00 00 00 00 c9 1b 02 00 00 00 00 00 14 2e 01 00 00 00 00 00 0a 20 01 00 00 00 00 00 64 0e 01 00 00 00 00 00 26 00 00 00 49 12 00 00 8e 00 00 00 d1 06 00 00 be 40 00 00 05 09 00 00 03 00 00 00 d4 12 00 00 00 00 00 00 fa 00 00 00
07 10 12 59 08 10 00 68 00 68 00 81 b8 26 22 81 b9 8e f4 0f 01 01 00 03 00 00 00 00 01 00 00 00 00 49 b3 3c 00 00 00 00 00 c9 1b 02 00 00 00 00 00 14 2e 01 00 00 00 00 00 0a 20 01 00 00 00 00 00 64 0e 01 00 00 00 00 00 26 00 00 00 49 12 00 00 8e 00 00 00 d1 06 00 00 be 40 00 00 05 09 00 00 03 00 00 00 d4 12 00 00 00 00 00 00 fa 00 00 00
07 10 12 59 08 10 00 68 00 68 00 81 b8 88 22 85 b9 8e f4 0f 01 01 00 03 00 00 00 00 01 00 00 00 00 49 b3 3c 00 00 00 00 00 c9 1b 02 00 00 00 00 00 14 2e 01 00 00 00 00 00 0a 20 01 00 00 00 00 00 64 0e 01 00 00 00 00 00 26 00 00 00 49 12 00 00 8e 00 00 00 d1 06 00 00 be 40 00 00 05 09 00 00 03 00 00 00 d4 12 00 00 00 00 00 00 fa 00 00 00
07 10 12 59 08 10 00 68 00 68 00 81 b8 63 21 89 b9 8e f4 0f 01 01 00 03 00 00 00 00 01 00 00 00 00 49 b3 3c 00 00 00 00 00 c9 1b 02 00 00 00 00 00 14 2e 01 00 00 00 00 00 0a 20 01 00 00 00 00 00 64 0e 01 00 00 00 00 00 26 00 00 00 49 12 00 00 8e 00 00 00 d1 06 00 00 be 40 00 00 05 09 00 00 03 00 00 00 d4 12 00 00 00 00 00 00 fa 00 00 00
07 10 12 59 08 10 00 68 00 68 00 81 b8 b1 24 8d b9 8e f4 0f 01 01 00 03 00 00 00 00 01 00 00 00 00 49 b3 3c 00 00 00 00 00 c9 1b 02 00 00 00 00 00 14 2e 01 00 00 00 00 00 0a 20 01 00 00 00 00 00 64 0e 01 00 00 00 00 00 26 00 00 00 49 12 00 00 8e 00 00 00 d2 06 00 00 c7 40 00 00 05 09 00 00 03 00 00 00 d4 12 00 00 00 00 00 00 fa 00 00 00
07 10 12 59 08 10 00 68 00 68 00 81 b8 2a 21 91 b9 8e f4 0f 01 01 00 03 00 00 00 00 01 00 00 00 00 49 b3 3c 00 00 00 00 00 c9 1b 02 00 00 00 00 00 14 2e 01 00 00 00 00 00 0a 20 01 00 00 00 00 00 64 0e 01 00 00 00 00 00 26 00 00 00 49 12 00 00 8e 00 00 00 d2 06 00 00 c7 40 00 00 05 09 00 00 03 00 00 00 d4 12 00 00 00 00 00 00 fa 00 00 00
07 10 12 59 08 10 00 68 00 68 00 81 b8 20 22 95 b9 8e f4 0f 01 01 00 03 00 00 00 00 01 00 00 00 00 49 b3 3c 00 00 00 00 00 c9 1b 02 00 00 00 00 00 14 2e 01 00 00 00 00 00 0a 20 01 00 00 00 00 00 64 0e 01 00 00 00 00 00 26 00 00 00 49 12 00 00 8e 00 00 00 d2 06 00 00 c7 40 00 00 05 09 00 00 03 00 00 00 d4 12 00 00 00 00 00 00 fa 00 00 00
07 10 12 59 08 10 00 68 00 68 00 81 b8 78 21 99 b9 8e f4 0f 01 01 00 03 00 00 00 00 01 00 00 00 00 49 b3 3c 00 00 00 00 00 c9 1b 02 00 00 00 00 00 14 2e 01 00 00 00 00 00 0a 20 01 00 00 00 00 00 64 0e 01 00 00 00 00 00 26 00 00 00 49 12 00 00 8e 00 00 00 d2 06 00 00 c7 40 00 00 05 09 00 00 03 00 00 00 d4 12 00 00 00 00 00 00 fa 00 00 00
07 10 12 59 08 10 00 68 00 68 00 81 b8 0f 24 9d b9 8e f4 0f 01 01 00 03 00 00 00 00 01 00 00 00 00 49 b3 3c 00 00 00 00 00 c9 1b 02 00 00 00 00 00 14 2e 01 00 00 00 00 00 0a 20 01 00 00 00 00 00 64 0e 01 00 00 00 00 00 26 00 00 00 49 12 00 00 8e 00 00 00 d2 06 00 00 c7 40 00 00 05 09 00 00 03 00 00 00 d4 12 00 00 00 00 00 00 fa 00 00 00
07 10 12 59 08 10 00 68 00 68 00 81 b8 11 01 a0 b9 8e f4 0f 01 01 00 03 00 00 00 00 01 00 00 00 00 49 b3 3c 00 00 00 00 00 c9 1b 02 00 00 00 00 00 14 2e 01 00 00 00 00 00 0a 20 01 00 00 00 00 00 64 0e 01 00 00 00 00 00 26 00 00 00 49 12 00 00 8e 00 00 00 d2 06 00 00 c7 40 00 00 05 09 00 00 03 00 00 00 d4 12 00 00 00 00 00 00 fa 00 00 00
07 10 12 59 08 10 00 68 00 68 00 81 b8 a5 56 a3 b9 8e f4 0f 01 01 00 03 00 00 00 00 01 00 00 00 00 49 b3 3c 00 00 00 00 00 c9 1b 02 00 00 00 00 00 14 2e 01 00 00 00 00 00 0a 20 01 00 00 00 00 00 64 0e 01 00 00 00 00 00 26 00 00 00 49 12 00 00 8e 00 00 00 d2 06 00 00 c7 40 00 00 05 09 00 00 03 00 00 00 d4 12 00 00 00 00 00 00 fa 00 00 00
07 10 12 59 08 10 00 68 00 68 00 81 b8 4b bb 05 ba 8e f4 0f 01 01 00 03 00 00 00 00 01 00 00 00 00 49 b3 3c 00 00 00 00 00 c9 1b 02 00 00 00 00 00 14 2e 01 00 00 00 00 00 0a 20 01 00 00 00 00 00 64 0e 01 00 00 00 00 00 26 00 00 00 49 12 00 00 8e 00 00 00 d2 06 00 00 c7 40 00 00 05 09 00 00 03 00 00 00 d4 12 00 00 00 00 00 00 fa 00 00 00
07 10 12 59 08 10 00 68 00 68 00 81 b8 59 bb 09 ba 8e f4 0f 01 01 00 03 00 00 00 00 01 00 00 00 00 49 b3 3c 00 00 00 00 00 c9 1b 02 00 00 00 00 00 14 2e 01 00 00 00 00 00 0a 20 01 00 00 00 00 00 64 0e 01 00 00 00 00 00 26 00 00 00 49 12 00 00 8e 00 00 00 d2 06 00 00 d1 40 00 00 05 09 00 00 03 00 00 00 d4 12 00 00 00 00 00 00 fa 00 00 00
07 10 12 59 08 10 00 68 00 68 00 81 b8 51 bb 0d ba 8e f4 0f 01 01 00 03 00 00 00 00 01 00 00 00 00 46 b4 3c 00 00 00 00 00 c9 1b 02 00 00 00 00 00 24 2e 01 00 00 00 00 00 0d 20 01 00 00 00 00 00 84 0e 01 00 00 00 00 00 26 00 00 00 4a 12 00 00 8e 00 00 00 d2 06 00 00 d1 40 00 00 06 09 00 00 03 00 00 00 d5 12 00 00 00 00 00 00 fa 00 00 00
07 10 12 59 08 10 00 34 00 34 00 87 b8 9b 21 11 ba 8e f4 0f 01 06 00 03 00 00 00 00 01 00 01 62 02 01 00 00 00 01 62 02 18 f6 81 b3 26 c0 03 80 18 01 78 40 01 07 00 25 00 19 ee 02 1c
07 10 12 59 08 10 00 68 00 68 00 81 b8 7e bb 11 ba 8e f4 0f 01 01 00 03 00 00 00 00 01 00 00 00 00 46 b4 3c 00 00 00 00 00 c9 1b 02 00 00 00 00 00 24 2e 01 00 00 00 00 00 0d 20 01 00 00 00 00 00 84 0e 01 00 00 00 00 00 26 00 00 00 4a 12 00 00 8e 00 00 00 d2 06 00 00 d1 40 00 00 06 09 00 00 03 00 00 00 d5 12 00 00 00 00 00 00 fa 00 00 00
07 10 12 59 08 10 00 68 00 68 00 81 b8 a7 bb 15 ba 8e f4 0f 01 01 00 03 00 00 00 00 01 00 00 00 00 43 b5 3c 00 00 00 00 00 c9 1b 02 00 00 00 00 00 34 2e 01 00 00 00 00 00 10 20 01 00 00 00 00 00 84 0e 01 00 00 00 00 00 26 00 00 00 4b 12 00 00 8e 00 00 00 d2 06 00 00 d1 40 00 00 06 09 00 00 03 00 00 00 d6 12 00 00 00 00 00 00 fa 00 00 00
07 10 12 59 08 10 00 68 00 68 00 81 b8 a7 bb 19 ba 8e f4 0f 01 01 00 03 00 00 00 00 01 00 00 00 00 43 b5 3c 00 00 00 00 00 c9 1b 02 00 00 00 00 00 34 2e 01 00 00 00 00 00 10 20 01 00 00 00 00 00 84 0e 01 00 00 00 00 00 26 00 00 00 4b 12 00 00 8e 00 00 00 d2 06 00 00 d1 40 00 00 06 09 00 00 03 00 00 00 d6 12 00 00 00 00 00 00 fa 00 00 00
07 10 12 59 08 10 00 68 00 68 00 81 b8 01 bb 1d ba 8e f4 0f 01 01 00 03 00 00 00 00 01 00 00 00 00 43 b5 3c 00 00 00 00 00 c9 1b 02 00 00 00 00 00 34 2e 01 00 00 00 00 00 10 20 01 00 00 00 00 00 84 0e 01 00 00 00 00 00 26 00 00 00 4b 12 00 00 8e 00 00 00 d2 06 00 00 d1 40 00 00 06 09 00 00 03 00 00 00 d6 12 00 00 00 00 00 00 fa 00 00 00
07 10 12 59 08 10 00 68 00 68 00 81 b8 47 bb 21 ba 8e f4 0f 01 01 00 03 00 00 00 00 01 00 00 00 00 43 b5 3c 00 00 00 00 00 c9 1b 02 00 00 00 00 00 34 2e 01 00 00 00 00 00 10 20 01 00 00 00 00 00 84 0e 01 00 00 00 00 00 26 00 00 00 4b 12 00 00 8e 00 00 00 d2 06 00 00 d1 40 00 00 06 09 00 00 03 00 00 00 d6 12 00 00 00 00 00 00 fa 00 00 00
07 10 12 59 08 10 00 68 00 68 00 81 b8 c6 bb 25 ba 8e f4 0f 01 01 00 03 00 00 00 00 01 00 00 00 00 43 b5 3c 00 00 00 00 00 c9 1b 02 00 00 00 00 00 34 2e 01 00 00 00 00 00 10 20 01 00 00 00 00 00 84 0e 01 00 00 00 00 00 26 00 00 00 4b 12 00 00 8e 00 00 00 d2 06 00 00 d1 40 00 00 06 09 00 00 03 00 00 00 d6 12 00 00 00 00 00 00 fa 00 00 00
07 10 12 59 08 10 00 68 00 68 00 81 b8 90 bb 29 ba 8e f4 0f 01 01 00 03 00 00 00 00 01 00 00 00 00 43 b5 3c 00 00 00 00 00 c9 1b 02 00 00 00 00 00 34 2e 01 00 00 00 00 00 10 20 01 00 00 00 00 00 84 0e 01 00 00 00 00 00 26 00 00 00 4b 12 00 00 8e 00 00 00 d2 06 00 00 d1 40 00 00 06 09 00 00 03 00 00 00 d6 12 00 00 00 00 00 00 fa 00 00 00
07 10 12 59 08 10 00 68 00 68 00 81 b8 ad ba 2d ba 8e f4 0f 01 01 00 03 00 00 00 00 01 00 00 00 00 43 b5 3c 00 00 00 00 00 c9 1b 02 00 00 00 00 00 34 2e 01 00 00 00 00 00 10 20 01 00 00 00 00 00 84 0e 01 00 00 00 00 00 26 00 00 00 4b 12 00 00 8e 00 00 00 d2 06 00 00 d1 40 00 00 06 09 00 00 03 00 00 00 d6 12 00 00 00 00 00 00 fa 00 00 00
07 10 12 59 08 10 00 68 00 68 00 81 b8 59 bb 31 ba 8e f4 0f 01 01 00 03 00 00 00 00 01 00 00 00 00 43 b5 3c 00 00 00 00 00 c9 1b 02 00 00 00 00 00 34 2e 01 00 00 00 00 00 10 20 01 00 00 00 00 00 84 0e 01 00 00 00 00 00 26 00 00 00 4b 12 00 00 8e 00 00 00 d2 06 00 00 d1 40 00 00 06 09 00 00 03 00 00 00 d6 12 00 00 00 00 00 00 fa 00 00 00
07 10 12 59 08 10 00 68 00 68 00 81 b8 1c bb 35 ba 8e f4 0f 01 01 00 03 00 00 00 00 01 00 00 00 00 43 b5 3c 00 00 00 00 00 c9 1b 02 00 00 00 00 00 34 2e 01 00 00 00 00 00 10 20 01 00 00 00 00 00 84 0e 01 00 00 00 00 00 26 00 00 00 4b 12 00 00 8e 00 00 00 d2 06 00 00 d1 40 00 00 06 09 00 00 03 00 00 00 d6 12 00 00 00 00 00 00 fa 00 00 00
07 10 12 59 08 10 00 68 00 68 00 81 b8 70 bb 39 ba 8e f4 0f 01 01 00 03 00 00 00 00 01 00 00 00 00 43 b5 3c 00 00 00 00 00 c9 1b 02 00 00 00 00 00 34 2e 01 00 00 00 00 00 10 20 01 00 00 00 00 00 84 0e 01 00 00 00 00 00 26 00 00 00 4b 12 00 00 8e 00 00 00 d2 06 00 00 d1 40 00 00 06 09 00 00 03 00 00 00 d6 12 00 00 00 00 00 00 fa 00 00 00
07 10 12 59 08 10 00 68 00 68 00 81 b8 b9 ba 3d ba 8e f4 0f 01 01 00 03 00 00 00 00 01 00 00 00 00 43 b5 3c 00 00 00 00 00 c9 1b 02 00 00 00 00 00 34 2e 01 00 00 00 00 00 10 20 01 00 00 00 00 00 84 0e 01 00 00 00 00 00 26 00 00 00 4b 12 00 00 8e 00 00 00 d2 06 00 00 d1 40 00 00 06 09 00 00 03 00 00 00 d6 12 00 00 00 00 00 00 fa 00 00 00
07 10 12 59 08 10 00 68 00 68 00 81 b8 51 bd 41 ba 8e f4 0f 01 01 00 03 00 00 00 00 01 00 00 00 00 43 b5 3c 00 00 00 00 00 c9 1b 02 00 00 00 00 00 34 2e 01 00 00 00 00 00 10 20 01 00 00 00 00 00 84 0e 01 00 00 00 00 00 26 00 00 00 4b 12 00 00 8e 00 00 00 d2 06 00 00 d1 40 00 00 06 09 00 00 03 00 00 00 d6 12 00 00 00 00 00 00 fa 00 00 00
07 10 12 59 08 10 00 68 00 68 00 81 b8 f5 ba 45 ba 8e f4 0f 01 01 00 03 00 00 00 00 01 00 00 00 00 43 b5 3c 00 00 00 00 00 c9 1b 02 00 00 00 00 00 34 2e 01 00 00 00 00 00 10 20 01 00 00 00 00 00 84 0e 01 00 00 00 00 00 26 00 00 00 4b 12 00 00 8e 00 00 00 d2 06 00 00 d1 40 00 00 06 09 00 00 03 00 00 00 d6 12 00 00 00 00 00 00 fa 00 00 00
07 10 12 59 08 10 00 68 00 68 00 81 b8 47 bb 49 ba 8e f4 0f 01 01 00 03 00 00 00 00 01 00 00 00 00 43 b5 3c 00 00 00 00 00 c9 1b 02 00 00 00 00 00 34 2e 01 00 00 00 00 00 10 20 01 00 00 00 00 00 84 0e 01 00 00 00 00 00 26 00 00 00 4b 12 00 00 8e 00 00 00 d2 06 00 00 d1 40 00 00 06 09 00 00 03 00 00 00 d6 12 00 00 00 00 00 00 fa 00 00 00
07 10 12 59 08 10 00 68 00 68 00 81 b8 ad ba 4d ba 8e f4 0f 01 01 00 03 00 00 00 00 01 00 00 00 00 43 b5 3c 00 00 00 00 00 c9 1b 02 00 00 00 00 00 34 2e 01 00 00 00 00 00 10 20 01 00 00 00 00 00 84 0e 01 00 00 00 00 00 26 00 00 00 4b 12 00 00 8e 00 00 00 d2 06 00 00 d1 40 00 00 06 09 00 00 03 00 00 00 d6 12 00 00 00 00 00 00 fa 00 00 00
07 10 12 59 08 10 00 68 00 68 00 81 b8 07 bb 51 ba 8e f4 0f 01 01 00 03 00 00 00 00 01 00 00 00 00 43 b5 3c 00 00 00 00 00 c9 1b 02 00 00 00 00 00 34 2e 01 00 00 00 00 00 10 20 01 00 00 00 00 00 84 0e 01 00 00 00 00 00 26 00 00 00 4b 12 00 00 8e 00 00 00 d2 06 00 00 d1 40 00 00 06 09 00 00 03 00 00 00 d6 12 00 00 00 00 00 00 fa 00 00 00
07 10 12 59 08 10 00 68 00 68 00 81 b8 9b ba 55 ba 8e f4 0f 01 01 00 03 00 00 00 00 01 00 00 00 00 43 b5 3c 00 00 00 00 00 c9 1b 02 00 00 00 00 00 34 2e 01 00 00 00 00 00 10 20 01 00 00 00 00 00 84 0e 01 00 00 00 00 00 26 00 00 00 4b 12 00 00 8e 00 00 00 d2 06 00 00 d1 40 00 00 06 09 00 00 03 00 00 00 d6 12 00 00 00 00 00 00 fa 00 00 00
07 10 12 59 08 10 00 68 00 68 00 81 b8 2c bb 59 ba 8e f4 0f 01 01 00 03 00 00 00 00 01 00 00 00 00 43 b5 3c 00 00 00 00 00 c9 1b 02 00 00 00 00 00 34 2e 01 00 00 00 00 00 10 20 01 00 00 00 00 00 84 0e 01 00 00 00 00 00 26 00 00 00 4b 12 00 00 8e 00 00 00 d2 06 00 00 d1 40 00 00 06 09 00 00 03 00 00 00 d6 12 00 00 00 00 00 00 fa 00 00 00
07 10 12 59 08 10 00 68 00 68 00 81 b8 bd ba 5d ba 8e f4 0f 01 01 00 03 00 00 00 00 01 00 00 00 00 43 b5 3c 00 00 00 00 00 c9 1b 02 00 00 00 00 00 34 2e 01 00 00 00 00 00 10 20 01 00 00 00 00 00 84 0e 01 00 00 00 00 00 26 00 00 00 4b 12 00 00 8e 00 00 00 d2 06 00 00 d1 40 00 00 06 09 00 00 03 00 00 00 d6 12 00 00 00 00 00 00 fa 00 00 00
07 10 12 59 08 10 00 68 00 68 00 81 b8 22 bb 61 ba 8e f4 0f 01 01 00 03 00 00 00 00 01 00 00 00 00 43 b5 3c 00 00 00 00 00 c9 1b 02 00 00 00 00 00 34 2e 01 00 00 00 00 00 10 20 01 00 00 00 00 00 84 0e 01 00 00 00 00 00 26 00 00 00 4b 12 00 00 8e 00 00 00 d2 06 00 00 d1 40 00 00 06 09 00 00 03 00 00 00 d6 12 00 00 00 00 00 00 fa 00 00 00
07 10 12 59 08 10 00 68 00 68 00 81 b8 f9 74 63 ba 8e f4 0f 01 01 00 03 00 00 00 00 01 00 00 00 00 43 b5 3c 00 00 00 00 00 c9 1b 02 00 00 00 00 00 34 2e 01 00 00 00 00 00 10 20 01 00 00 00 00 00 84 0e 01 00 00 00 00 00 26 00 00 00 4b 12 00 00 8e 00 00 00 d2 06 00 00 d1 40 00 00 06 09 00 00 03 00 00 00 d6 12 00 00 00 00 00 00 fa 00 00 00
07 10 12 59 08 10 00 68 00 68 00 81 b8 86 83 83 ba 8e f4 0f 01 01 00 03 00 00 00 00 01 00 00 00 00 43 b5 3c 00 00 00 00 00 c9 1b 02 00 00 00 00 00 34 2e 01 00 00 00 00 00 10 20 01 00 00 00 00 00 84 0e 01 00 00 00 00 00 26 00 00 00 4b 12 00 00 8e 00 00 00 d2 06 00 00 d1 40 00 00 06 09 00 00 03 00 00 00 d6 12 00 00 00 00 00 00 fa 00 00 00
07 10 12 59 08 10 00 68 00 68 00 81 b8 2c 73 87 ba 8e f4 0f 01 01 00 03 00 00 00 00 01 00 00 00 00 43 b5 3c 00 00 00 00 00 c9 1b 02 00 00 00 00 00 34 2e 01 00 00 00 00 00 10 20 01 00 00 00 00 00 84 0e 01 00 00 00 00 00 26 00 00 00 4b 12 00 00 8e 00 00 00 d2 06 00 00 d1 40 00 00 06 09 00 00 03 00 00 00 d6 12 00 00 00 00 00 00 fa 00 00 00
07 10 12 59 08 10 00 68 00 68 00 81 b8 5d 74 8b ba 8e f4 0f 01 01 00 03 00 00 00 00 01 00 00 00 00 43 b5 3c 00 00 00 00 00 c9 1b 02 00 00 00 00 00 34 2e 01 00 00 00 00 00 10 20 01 00 00 00 00 00 84 0e 01 00 00 00 00 00 26 00 00 00 4b 12 00 00 8e 00 00 00 d3 06 00 00 d9 40 00 00 06 09 00 00 03 00 00 00 d6 12 00 00 00 00 00 00 fa 00 00 00
07 10 12 59 08 10 00 68 00 68 00 81 b8 ff bf 8b ba 8e f4 0f 01 01 00 03 00 00 00 00 01 00 00 00 00 43 b5 3c 00 00 00 00 00 c9 1b 02 00 00 00 00 00 34 2e 01 00 00 00 00 00 10 20 01 00 00 00 00 00 84 0e 01 00 00 00 00 00 26 00 00 00 4b 12 00 00 8e 00 00 00 d3 06 00 00 d9 40 00 00 06 09 00 00 03 00 00 00 d6 12 00 00 00 00 00 00 fa 00 00 00
07 10 12 59 09 10 00 68 00 68 00 81 b8 20 36 04 bb 8e f4 0f 01 01 00 03 00 00 00 00 01 00 00 00 00 43 b5 3c 00 00 00 00 00 c9 1b 02 00 00 00 00 00 34 2e 01 00 00 00 00 00 10 20 01 00 00 00 00 00 84 0e 01 00 00 00 00 00 26 00 00 00 4b 12 00 00 8e 00 00 00 d3 06 00 00 d9 40 00 00 06 09 00 00 03 00 00 00 d6 12 00 00 00 00 00 00 fa 00 00 00
07 10 12 59 09 10 00 68 00 68 00 81 b8 63 39 08 bb 8e f4 0f 01 01 00 03 00 00 00 00 01 00 00 00 00 43 b5 3c 00 00 00 00 00 c9 1b 02 00 00 00 00 00 34 2e 01 00 00 00 00 00 10 20 01 00 00 00 00 00 84 0e 01 00 00 00 00 00 26 00 00 00 4b 12 00 00 8e 00 00 00 d3 06 00 00 d9 40 00 00 06 09 00 00 03 00 00 00 d6 12 00 00 00 00 00 00 fa 00 00 00
07 10 12 59 09 10 00 68 00 68 00 81 b8 45 00 0c bb 8e f4 0f 01 01 00 03 00 00 00 00 01 00 00 00 00 43 b5 3c 00 00 00 00 00 c9 1b 02 00 00 00 00 00 34 2e 01 00 00 00 00 00 10 20 01 00 00 00 00 00 84 0e 01 00 00 00 00 00 26 00 00 00 4b 12 00 00 8e 00 00 00 d4 06 00 00 e2 40 00 00 06 09 00 00 03 00 00 00 d6 12 00 00 00 00 00 00 fa 00 00 00
07 10 12 59 09 10 00 68 00 68 00 81 b8 53 63 7f bb 8e f4 0f 01 01 00 03 00 00 00 00 01 00 00 00 00 43 b5 3c 00 00 00 00 00 c9 1b 02 00 00 00 00 00 34 2e 01 00 00 00 00 00 10 20 01 00 00 00 00 00 84 0e 01 00 00 00 00 00 26 00 00 00 4b 12 00 00 8e 00 00 00 d4 06 00 00 e2 40 00 00 06 09 00 00 03 00 00 00 d6 12 00 00 00 00 00 00 fa 00 00 00
07 10 12 59 09 10 00 68 00 68 00 81 b8 c6 74 83 bb 8e f4 0f 01 01 00 03 00 00 00 00 01 00 00 00 00 43 b5 3c 00 00 00 00 00 c9 1b 02 00 00 00 00 00 34 2e 01 00 00 00 00 00 10 20 01 00 00 00 00 00 84 0e 01 00 00 00 00 00 26 00 00 00 4b 12 00 00 8e 00 00 00 d4 06 00 00 e2 40 00 00 06 09 00 00 03 00 00 00 d6 12 00 00 00 00 00 00 fa 00 00 00
07 10 12 59 09 10 00 68 00 68 00 81 b8 a3 70 87 bb 8e f4 0f 01 01 00 03 00 00 00 00 01 00 00 00 00 43 b5 3c 00 00 00 00 00 c9 1b 02 00 00 00 00 00 34 2e 01 00 00 00 00 00 10 20 01 00 00 00 00 00 84 0e 01 00 00 00 00 00 26 00 00 00 4b 12 00 00 8e 00 00 00 d4 06 00 00 e2 40 00 00 06 09 00 00 03 00 00 00 d6 12 00 00 00 00 00 00 fa 00 00 00
07 10 12 59 09 10 00 68 00 68 00 81 b8 5b 75 8b bb 8e f4 0f 01 01 00 03 00 00 00 00 01 00 00 00 00 43 b5 3c 00 00 00 00 00 c9 1b 02 00 00 00 00 00 34 2e 01 00 00 00 00 00 10 20 01 00 00 00 00 00 84 0e 01 00 00 00 00 00 26 00 00 00 4b 12 00 00 8e 00 00 00 d5 06 00 00 e9 40 00 00 06 09 00 00 03 00 00 00 d6 12 00 00 00 00 00 00 fa 00 00 00
07 10 12 59 09 10 00 68 00 68 00 81 b8 67 00 8c bb 8e f4 0f 01 01 00 03 00 00 00 00 01 00 00 00 00 43 b5 3c 00 00 00 00 00 c9 1b 02 00 00 00 00 00 34 2e 01 00 00 00 00 00 10 20 01 00 00 00 00 00 84 0e 01 00 00 00 00 00 26 00 00 00 4b 12 00 00 8e 00 00 00 d5 06 00 00 e9 40 00 00 06 09 00 00 03 00 00 00 d6 12 00 00 00 00 00 00 fa 00 00 00
07 10 12 59 09 10 00 68 00 68 00 81 b8 90 84 03 bc 8e f4 0f 01 01 00 03 00 00 00 00 01 00 00 00 00 43 b5 3c 00 00 00 00 00 c9 1b 02 00 00 00 00 00 34 2e 01 00 00 00 00 00 10 20 01 00 00 00 00 00 84 0e 01 00 00 00 00 00 26 00 00 00 4b 12 00 00 8e 00 00 00 d5 06 00 00 e9 40 00 00 06 09 00 00 03 00 00 00 d6 12 00 00 00 00 00 00 fa 00 00 00
07 10 12 59 09 10 00 68 00 68 00 81 b8 7a 72 07 bc 8e f4 0f 01 01 00 03 00 00 00 00 01 00 00 00 00 43 b5 3c 00 00 00 00 00 c9 1b 02 00 00 00 00 00 34 2e 01 00 00 00 00 00 10 20 01 00 00 00 00 00 84 0e 01 00 00 00 00 00 26 00 00 00 4b 12 00 00 8e 00 00 00 d5 06 00 00 e9 40 00 00 06 09 00 00 03 00 00 00 d6 12 00 00 00 00 00 00 fa 00 00 00
07 10 12 59 09 10 00 68 00 68 00 81 b8 53 74 0b bc 8e f4 0f 01 01 00 03 00 00 00 00 01 00 00 00 00 43 b5 3c 00 00 00 00 00 c9 1b 02 00 00 00 00 00 34 2e 01 00 00 00 00 00 10 20 01 00 00 00 00 00 84 0e 01 00 00 00 00 00 26 00 00 00 4b 12 00 00 8e 00 00 00 d6 06 00 00 f2 40 00 00 06 09 00 00 03 00 00 00 d6 12 00 00 00 00 00 00 fa 00 00 00
07 10 12 59 09 10 00 68 00 68 00 81 b8 07 01 0c bc 8e f4 0f 01 01 00 03 00 00 00 00 01 00 00 00 00 43 b5 3c 00 00 00 00 00 c9 1b 02 00 00 00 00 00 34 2e 01 00 00 00 00 00 10 20 01 00 00 00 00 00 84 0e 01 00 00 00 00 00 26 00 00 00 4b 12 00 00 8e 00 00 00 d6 06 00 00 f2 40 00 00 06 09 00 00 03 00 00 00 d6 12 00 00 00 00 00 00 fa 00 00 00
07 10 12 59 09 10 00 68 00 68 00 81 b8 af 64 7f bc 8e f4 0f 01 01 00 03 00 00 00 00 01 00 00 00 00 43 b5 3c 00 00 00 00 00 c9 1b 02 00 00 00 00 00 34 2e 01 00 00 00 00 00 10 20 01 00 00 00 00 00 84 0e 01 00 00 00 00 00 26 00 00 00 4b 12 00 00 8e 00 00 00 d6 06 00 00 f2 40 00 00 06 09 00 00 03 00 00 00 d6 12 00 00 00 00 00 00 fa 00 00 00
07 10 12 59 09 10 00 68 00 68 00 81 b8 b3 73 83 bc 8e f4 0f 01 01 00 03 00 00 00 00 01 00 00 00 00 43 b5 3c 00 00 00 00 00 c9 1b 02 00 00 00 00 00 34 2e 01 00 00 00 00 00 10 20 01 00 00 00 00 00 84 0e 01 00 00 00 00 00 26 00 00 00 4b 12 00 00 8e 00 00 00 d6 06 00 00 f2 40 00 00 06 09 00 00 03 00 00 00 d6 12 00 00 00 00 00 00 fa 00 00 00
07 10 12 59 09 10 00 68 00 68 00 81 b8 d8 70 87 bc 8e f4 0f 01 01 00 03 00 00 00 00 01 00 00 00 00 43 b5 3c 00 00 00 00 00 c9 1b 02 00 00 00 00 00 34 2e 01 00 00 00 00 00 10 20 01 00 00 00 00 00 84 0e 01 00 00 00 00 00 26 00 00 00 4b 12 00 00 8e 00 00 00 d6 06 00 00 f2 40 00 00 06 09 00 00 03 00 00 00 d6 12 00 00 00 00 00 00 fa 00 00 00
07 10 12 59 09 10 00 68 00 68 00 81 b8 a7 73 8b bc 8e f4 0f 01 01 00 03 00 00 00 00 01 00 00 00 00 43 b5 3c 00 00 00 00 00 c9 1b 02 00 00 00 00 00 34 2e 01 00 00 00 00 00 10 20 01 00 00 00 00 00 84 0e 01 00 00 00 00 00 26 00 00 00 4b 12 00 00 8e 00 00 00 d7 06 00 00 fa 40 00 00 06 09 00 00 03 00 00 00 d6 12 00 00 00 00 00 00 fa 00 00 00
07 10 12 59 09 10 00 68 00 68 00 81 b8 53 bf 8b bc 8e f4 0f 01 01 00 03 00 00 00 00 01 00 00 00 00 43 b5 3c 00 00 00 00 00 c9 1b 02 00 00 00 00 00 34 2e 01 00 00 00 00 00 10 20 01 00 00 00 00 00 84 0e 01 00 00 00 00 00 26 00 00 00 4b 12 00 00 8e 00 00 00 d7 06 00 00 fa 40 00 00 06 09 00 00 03 00 00 00 d6 12 00 00 00 00 00 00 fa 00 00 00
07 10 12 59 09 10 00 68 00 68 00 81 b8 ed 63 ff bc 8e f4 0f 01 01 00 03 00 00 00 00 01 00 00 00 00 43 b5 3c 00 00 00 00 00 c9 1b 02 00 00 00 00 00 34 2e 01 00 00 00 00 00 10 20 01 00 00 00 00 00 84 0e 01 00 00 00 00 00 26 00 00 00 4b 12 00 00 8e 00 00 00 d7 06 00 00 fa 40 00 00 06 09 00 00 03 00 00 00 d6 12 00 00 00 00 00 00 fa 00 00 00
07 10 12 59 09 10 00 68 00 68 00 81 b8 e0 73 03 bd 8e f4 0f 01 01 00 03 00 00 00 00 01 00 00 00 00 43 b5 3c 00 00 00 00 00 c9 1b 02 00 00 00 00 00 34 2e 01 00 00 00 00 00 10 20 01 00 00 00 00 00 84 0e 01 00 00 00 00 00 26 00 00 00 4b 12 00 00 8e 00 00 00 d7 06 00 00 fa 40 00 00 06 09 00 00 03 00 00 00 d6 12 00 00 00 00 00 00 fa 00 00 00
07 10 12 59 09 10 00 68 00 68 00 81 b8 05 70 07 bd 8e f4 0f 01 01 00 03 00 00 00 00 01 00 00 00 00 43 b5 3c 00 00 00 00 00 c9 1b 02 00 00 00 00 00 34 2e 01 00 00 00 00 00 10 20 01 00 00 00 00 00 84 0e 01 00 00 00 00 00 26 00 00 00 4b 12 00 00 8e 00 00 00 d7 06 00 00 fa 40 00 00 06 09 00 00 03 00 00 00 d6 12 00 00 00 00 00 00 fa 00 00 00
07 10 12 59 09 10 00 68 00 68 00 81 b8 bd 71 0b bd 8e f4 0f 01 01 00 03 00 00 00 00 01 00 00 00 00 43 b5 3c 00 00 00 00 00 c9 1b 02 00 00 00 00 00 34 2e 01 00 00 00 00 00 10 20 01 00 00 00 00 00 84 0e 01 00 00 00 00 00 26 00 00 00 4b 12 00 00 8e 00 00 00 d8 06 00 00 03 41 00 00 06 09 00 00 03 00 00 00 d6 12 00 00 00 00 00 00 fa 00 00 00
07 10 12 59 09 10 00 68 00 68 00 81 b8 01 be 0b bd 8e f4 0f 01 01 00 03 00 00 00 00 01 00 00 00 00 43 b5 3c 00 00 00 00 00 c9 1b 02 00 00 00 00 00 34 2e 01 00 00 00 00 00 10 20 01 00 00 00 00 00 84 0e 01 00 00 00 00 00 26 00 00 00 4b 12 00 00 8e 00 00 00 d8 06 00 00 03 41 00 00 06 09 00 00 03 00 00 00 d6 12 00 00 00 00 00 00 fa 00 00 00
07 10 12 59 09 10 00 68 00 68 00 81 b8 1e 63 7f bd 8e f4 0f 01 01 00 03 00 00 00 00 01 00 00 00 00 43 b5 3c 00 00 00 00 00 c9 1b 02 00 00 00 00 00 34 2e 01 00 00 00 00 00 10 20 01 00 00 00 00 00 84 0e 01 00 00 00 00 00 26 00 00 00 4b 12 00 00 8e 00 00 00 d8 06 00 00 03 41 00 00 06 09 00 00 03 00 00 00 d6 12 00 00 00 00 00 00 fa 00 00 00
07 10 12 59 09 10 00 68 00 68 00 81 b8 95 73 83 bd 8e f4 0f 01 01 00 03 00 00 00 00 01 00 00 00 00 43 b5 3c 00 00 00 00 00 c9 1b 02 00 00 00 00 00 34 2e 01 00 00 00 00 00 10 20 01 00 00 00 00 00 84 0e 01 00 00 00 00 00 26 00 00 00 4b 12 00 00 8e 00 00 00 d8 06 00 00 03 41 00 00 06 09 00 00 03 00 00 00 d6 12 00 00 00 00 00 00 fa 00 00 00
07 10 12 59 09 10 00 68 00 68 00 81 b8 72 70 87 bd 8e f4 0f 01 01 00 03 00 00 00 00 01 00 00 00 00 43 b5 3c 00 00 00 00 00 c9 1b 02 00 00 00 00 00 34 2e 01 00 00 00 00 00 10 20 01 00 00 00 00 00 84 0e 01 00 00 00 00 00 26 00 00 00 4b 12 00 00 8e 00 00 00 d8 06 00 00 03 41 00 00 06 09 00 00 03 00 00 00 d6 12 00 00 00 00 00 00 fa 00 00 00
07 10 12 59 09 10 00 68 00 68 00 81 b8 a9 73 8b bd 8e f4 0f 01 01 00 03 00 00 00 00 01 00 00 00 00 43 b5 3c 00 00 00 00 00 c9 1b 02 00 00 00 00 00 34 2e 01 00 00 00 00 00 10 20 01 00 00 00 00 00 84 0e 01 00 00 00 00 00 26 00 00 00 4b 12 00 00 8e 00 00 00 d9 06 00 00 0b 41 00 00 06 09 00 00 03 00 00 00 d6 12 00 00 00 00 00 00 fa 00 00 00
07 10 12 59 09 10 00 68 00 68 00 81 b8 4b bf 8b bd 8e f4 0f 01 01 00 03 00 00 00 00 01 00 00 00 00 43 b5 3c 00 00 00 00 00 c9 1b 02 00 00 00 00 00 34 2e 01 00 00 00 00 00 10 20 01 00 00 00 00 00 84 0e 01 00 00 00 00 00 26 00 00 00 4b 12 00 00 8e 00 00 00 d9 06 00 00 0b 41 00 00 06 09 00 00 03 00 00 00 d6 12 00 00 00 00 00 00 fa 00 00 00
07 10 12 59 09 10 00 68 00 68 00 81 b8 ef 65 ff bd 8e f4 0f 01 01 00 03 00 00 00 00 01 00 00 00 00 43 b5 3c 00 00 00 00 00 c9 1b 02 00 00 00 00 00 34 2e 01 00 00 00 00 00 10 20 01 00 00 00 00 00 84 0e 01 00 00 00 00 00 26 00 00 00 4b 12 00 00 8e 00 00 00 d9 06 00 00 0b 41 00 00 06 09 00 00 03 00 00 00 d6 12 00 00 00 00 00 00 fa 00 00 00
07 10 12 59 09 10 00 68 00 68 00 81 b8 2c 73 03 be 8e f4 0f 01 01 00 03 00 00 00 00 01 00 00 00 00 43 b5 3c 00 00 00 00 00 c9 1b 02 00 00 00 00 00 34 2e 01 00 00 00 00 00 10 20 01 00 00 00 00 00 84 0e 01 00 00 00 00 00 26 00 00 00 4b 12 00 00 8e 00 00 00 d9 06 00 00 0b 41 00 00 06 09 00 00 03 00 00 00 d6 12 00 00 00 00 00 00 fa 00 00 00
07 10 12 59 09 10 00 68 00 68 00 81 b8 45 70 07 be 8e f4 0f 01 01 00 03 00 00 00 00 01 00 00 00 00 43 b5 3c 00 00 00 00 00 c9 1b 02 00 00 00 00 00 34 2e 01 00 00 00 00 00 10 20 01 00 00 00 00 00 84 0e 01 00 00 00 00 00 26 00 00 00 4b 12 00 00 8e 00 00 00 d9 06 00 00 0b 41 00 00 06 09 00 00 03 00 00 00 d6 12 00 00 00 00 00 00 fa 00 00 00
07 10 12 59 09 10 00 68 00 68 00 81 b8 a7 72 0b be 8e f4 0f 01 01 00 03 00 00 00 00 01 00 00 00 00 43 b5 3c 00 00 00 00 00 c9 1b 02 00 00 00 00 00 34 2e 01 00 00 00 00 00 10 20 01 00 00 00 00 00 84 0e 01 00 00 00 00 00 26 00 00 00 4b 12 00 00 8e 00 00 00 d9 06 00 00 16 41 00 00 06 09 00 00 03 00 00 00 d6 12 00 00 00 00 00 00 fa 00 00 00
07 10 12 59 09 10 00 68 00 68 00 81 b8 dc bd 0b be 8e f4 0f 01 01 00 03 00 00 00 00 01 00 00 00 00 43 b5 3c 00 00 00 00 00 c9 1b 02 00 00 00 00 00 34 2e 01 00 00 00 00 00 10 20 01 00 00 00 00 00 84 0e 01 00 00 00 00 00 26 00 00 00 4b 12 00 00 8e 00 00 00 d9 06 00 00 16 41 00 00 06 09 00 00 03 00 00 00 d6 12 00 00 00 00 00 00 fa 00 00 00
07 10 12 59 09 10 00 68 00 68 00 81 b8 c0 65 7f be 8e f4 0f 01 01 00 03 00 00 00 00 01 00 00 00 00 43 b5 3c 00 00 00 00 00 c9 1b 02 00 00 00 00 00 34 2e 01 00 00 00 00 00 10 20 01 00 00 00 00 00 84 0e 01 00 00 00 00 00 26 00 00 00 4b 12 00 00 8e 00 00 00 d9 06 00 00 16 41 00 00 06 09 00 00 03 00 00 00 d6 12 00 00 00 00 00 00 fa 00 00 00
07 10 12 59 09 10 00 68 00 68 00 81 b8 a9 73 83 be 8e f4 0f 01 01 00 03 00 00 00 00 01 00 00 00 00 43 b5 3c 00 00 00 00 00 c9 1b 02 00 00 00 00 00 34 2e 01 00 00 00 00 00 10 20 01 00 00 00 00 00 84 0e 01 00 00 00 00 00 26 00 00 00 4b 12 00 00 8e 00 00 00 d9 06 00 00 16 41 00 00 06 09 00 00 03 00 00 00 d6 12 00 00 00 00 00 00 fa 00 00 00
07 10 12 59 09 10 00 68 00 68 00 81 b8 03 71 87 be 8e f4 0f 01 01 00 03 00 00 00 00 01 00 00 00 00 43 b5 3c 00 00 00 00 00 c9 1b 02 00 00 00 00 00 34 2e 01 00 00 00 00 00 10 20 01 00 00 00 00 00 84 0e 01 00 00 00 00 00 26 00 00 00 4b 12 00 00 8e 00 00 00 d9 06 00 00 16 41 00 00 06 09 00 00 03 00 00 00 d6 12 00 00 00 00 00 00 fa 00 00 00
07 10 12 59 09 10 00 68 00 68 00 81 b8 43 73 8b be 8e f4 0f 01 01 00 03 00 00 00 00 01 00 00 00 00 43 b5 3c 00 00 00 00 00 c9 1b 02 00 00 00 00 00 34 2e 01 00 00 00 00 00 10 20 01 00 00 00 00 00 84 0e 01 00 00 00 00 00 26 00 00 00 4b 12 00 00 8e 00 00 00 da 06 00 00 20 41 00 00 06 09 00 00 03 00 00 00 d6 12 00 00 00 00 00 00 fa 00 00 00
07 10 12 59 09 10 00 68 00 68 00 81 b8 34 00 8c be 8e f4 0f 01 01 00 03 00 00 00 00 01 00 00 00 00 43 b5 3c 00 00 00 00 00 c9 1b 02 00 00 00 00 00 34 2e 01 00 00 00 00 00 10 20 01 00 00 00 00 00 84 0e 01 00 00 00 00 00 26 00 00 00 4b 12 00 00 8e 00 00 00 da 06 00 00 20 41 00 00 06 09 00 00 03 00 00 00 d6 12 00 00 00 00 00 00 fa 00 00 00
07 10 12 59 09 10 00 68 00 68 00 81 b8 74 69 ff be 8e f4 0f 01 01 00 03 00 00 00 00 01 00 00 00 00 43 b5 3c 00 00 00 00 00 c9 1b 02 00 00 00 00 00 34 2e 01 00 00 00 00 00 10 20 01 00 00 00 00 00 84 0e 01 00 00 00 00 00 26 00 00 00 4b 12 00 00 8e 00 00 00 da 06 00 00 20 41 00 00 06 09 00 00 03 00 00 00 d6 12 00 00 00 00 00 00 fa 00 00 00
07 10 12 59 09 10 00 68 00 68 00 81 b8 78 73 03 bf 8e f4 0f 01 01 00 03 00 00 00 00 01 00 00 00 00 43 b5 3c 00 00 00 00 00 c9 1b 02 00 00 00 00 00 34 2e 01 00 00 00 00 00 10 20 01 00 00 00 00 00 84 0e 01 00 00 00 00 00 26 00 00 00 4b 12 00 00 8e 00 00 00 da 06 00 00 20 41 00 00 06 09 00 00 03 00 00 00 d6 12 00 00 00 00 00 00 fa 00 00 00
07 10 12 59 09 10 00 68 00 68 00 81 b8 5b 72 07 bf 8e f4 0f 01 01 00 03 00 00 00 00 01 00 00 00 00 43 b5 3c 00 00 00 00 00 c9 1b 02 00 00 00 00 00 34 2e 01 00 00 00 00 00 10 20 01 00 00 00 00 00 84 0e 01 00 00 00 00 00 26 00 00 00 4b 12 00 00 8e 00 00 00 da 06 00 00 20 41 00 00 06 09 00 00 03 00 00 00 d6 12 00 00 00 00 00 00 fa 00 00 00
07 10 12 59 09 10 00 68 00 68 00 81 b8 ad 72 0b bf 8e f4 0f 01 01 00 03 00 00 00 00 01 00 00 00 00 43 b5 3c 00 00 00 00 00 c9 1b 02 00 00 00 00 00 34 2e 01 00 00 00 00 00 10 20 01 00 00 00 00 00 84 0e 01 00 00 00 00 00 26 00 00 00 4b 12 00 00 8e 00 00 00 da 06 00 00 2c 41 00 00 06 09 00 00 03 00 00 00 d6 12 00 00 00 00 00 00 fa 00 00 00
07 10 12 59 09 10 00 68 00 68 00 81 b8 45 bf 0b bf 8e f4 0f 01 01 00 03 00 00 00 00 01 00 00 00 00 43 b5 3c 00 00 00 00 00 c9 1b 02 00 00 00 00 00 34 2e 01 00 00 00 00 00 10 20 01 00 00 00 00 00 84 0e 01 00 00 00 00 00 26 00 00 00 4b 12 00 00 8e 00 00 00 da 06 00 00 2c 41 00 00 06 09 00 00 03 00 00 00 d6 12 00 00 00 00 00 00 fa 00 00 00
07 10 12 59 09 10 00 68 00 68 00 81 b8 de 65 7f bf 8e f4 0f 01 01 00 03 00 00 00 00 01 00 00 00 00 43 b5 3c 00 00 00 00 00 c9 1b 02 00 00 00 00 00 34 2e 01 00 00 00 00 00 10 20 01 00 00 00 00 00 84 0e 01 00 00 00 00 00 26 00 00 00 4b 12 00 00 8e 00 00 00 da 06 00 00 2c 41 00 00 06 09 00 00 03 00 00 00 d6 12 00 00 00 00 00 00 fa 00 00 00
07 10 12 59 09 10 00 68 00 68 00 81 b8 5b 73 83 bf 8e f4 0f 01 01 00 03 00 00 00 00 01 00 00 00 00 43 b5 3c 00 00 00 00 00 c9 1b 02 00 00 00 00 00 34 2e 01 00 00 00 00 00 10 20 01 00 00 00 00 00 84 0e 01 00 00 00 00 00 26 00 00 00 4b 12 00 00 8e 00 00 00 da 06 00 00 2c 41 00 00 06 09 00 00 03 00 00 00 d6 12 00 00 00 00 00 00 fa 00 00 00
07 10 12 59 09 10 00 68 00 68 00 81 b8 41 71 87 bf 8e f4 0f 01 01 00 03 00 00 00 00 01 00 00 00 00 43 b5 3c 00 00 00 00 00 c9 1b 02 00 00 00 00 00 34 2e 01 00 00 00 00 00 10 20 01 00 00 00 00 00 84 0e 01 00 00 00 00 00 26 00 00 00 4b 12 00 00 8e 00 00 00 da 06 00 00 2c 41 00 00 06 09 00 00 03 00 00 00 d6 12 00 00 00 00 00 00 fa 00 00 00
07 10 12 59 09 10 00 68 00 68 00 81 b8 1e 74 8b bf 8e f4 0f 01 01 00 03 00 00 00 00 01 00 00 00 00 43 b5 3c 00 00 00 00 00 c9 1b 02 00 00 00 00 00 34 2e 01 00 00 00 00 00 10 20 01 00 00 00 00 00 84 0e 01 00 00 00 00 00 26 00 00 00 4b 12 00 00 8e 00 00 00 db 06 00 00 33 41 00 00 06 09 00 00 03 00 00 00 d6 12 00 00 00 00 00 00 fa 00 00 00
07 10 12 59 09 10 00 68 00 68 00 81 b8 e4 00 8c bf 8e f4 0f 01 01 00 03 00 00 00 00 01 00 00 00 00 43 b5 3c 00 00 00 00 00 c9 1b 02 00 00 00 00 00 34 2e 01 00 00 00 00 00 10 20 01 00 00 00 00 00 84 0e 01 00 00 00 00 00 26 00 00 00 4b 12 00 00 8e 00 00 00 db 06 00 00 33 41 00 00 06 09 00 00 03 00 00 00 d6 12 00 00 00 00 00 00 fa 00 00 00
07 10 12 59 09 10 00 68 00 68 00 81 b8 f3 31 00 c0 8e f4 0f 01 01 00 03 00 00 00 00 01 00 00 00 00 43 b5 3c 00 00 00 00 00 c9 1b 02 00 00 00 00 00 34 2e 01 00 00 00 00 00 10 20 01 00 00 00 00 00 84 0e 01 00 00 00 00 00 26 00 00 00 4b 12 00 00 8e 00 00 00 db 06 00 00 33 41 00 00 06 09 00 00 03 00 00 00 d6 12 00 00 00 00 00 00 fa 00 00 00
07 10 12 59 09 10 00 68 00 68 00 81 b8 3a 36 04 c0 8e f4 0f 01 01 00 03 00 00 00 00 01 00 00 00 00 43 b5 3c 00 00 00 00 00 c9 1b 02 00 00 00 00 00 34 2e 01 00 00 00 00 00 10 20 01 00 00 00 00 00 84 0e 01 00 00 00 00 00 26 00 00 00 4b 12 00 00 8e 00 00 00 db 06 00 00 33 41 00 00 06 09 00 00 03 00 00 00 d6 12 00 00 00 00 00 00 fa 00 00 00
07 10 12 59 09 10 00 68 00 68 00 81 b8 26 35 08 c0 8e f4 0f 01 01 00 03 00 00 00 00 01 00 00 00 00 43 b5 3c 00 00 00 00 00 c9 1b 02 00 00 00 00 00 34 2e 01 00 00 00 00 00 10 20 01 00 00 00 00 00 84 0e 01 00 00 00 00 00 26 00 00 00 4b 12 00 00 8e 00 00 00 db 06 00 00 33 41 00 00 06 09 00 00 03 00 00 00 d6 12 00 00 00 00 00 00 fa 00 00 00
07 10 12 59 09 10 00 68 00 68 00 81 b8 ab bf 0b c0 8e f4 0f 01 01 00 03 00 00 00 00 01 00 00 00 00 43 b5 3c 00 00 00 00 00 c9 1b 02 00 00 00 00 00 34 2e 01 00 00 00 00 00 10 20 01 00 00 00 00 00 84 0e 01 00 00 00 00 00 26 00 00 00 4b 12 00 00 8e 00 00 00 dc 06 00 00 3a 41 00 00 06 09 00 00 03 00 00 00 d6 12 00 00 00 00 00 00 fa 00 00 00
07 10 12 59 09 10 00 68 00 68 00 81 b8 92 62 7f c0 8e f4 0f 01 01 00 03 00 00 00 00 01 00 00 00 00 43 b5 3c 00 00 00 00 00 c9 1b 02 00 00 00 00 00 34 2e 01 00 00 00 00 00 10 20 01 00 00 00 00 00 84 0e 01 00 00 00 00 00 26 00 00 00 4b 12 00 00 8e 00 00 00 dc 06 00 00 3a 41 00 00 06 09 00 00 03 00 00 00 d6 12 00 00 00 00 00 00 fa 00 00 00
07 10 12 59 09 10 00 68 00 68 00 81 b8 26 73 83 c0 8e f4 0f 01 01 00 03 00 00 00 00 01 00 00 00 00 43 b5 3c 00 00 00 00 00 c9 1b 02 00 00 00 00 00 34 2e 01 00 00 00 00 00 10 20 01 00 00 00 00 00 84 0e 01 00 00 00 00 00 26 00 00 00 4b 12 00 00 8e 00 00 00 dc 06 00 00 3a 41 00 00 06 09 00 00 03 00 00 00 d6 12 00 00 00 00 00 00 fa 00 00 00
07 10 12 59 09 10 00 68 00 68 00 81 b8 59 70 87 c0 8e f4 0f 01 01 00 03 00 00 00 00 01 00 00 00 00 43 b5 3c 00 00 00 00 00 c9 1b 02 00 00 00 00 00 34 2e 01 00 00 00 00 00 10 20 01 00 00 00 00 00 84 0e 01 00 00 00 00 00 26 00 00 00 4b 12 00 00 8e 00 00 00 dc 06 00 00 3a 41 00 00 06 09 00 00 03 00 00 00 d6 12 00 00 00 00 00 00 fa 00 00 00
07 10 12 59 09 10 00 68 00 68 00 81 b8 d6 71 8b c0 8e f4 0f 01 01 00 03 00 00 00 00 01 00 00 00 00 43 b5 3c 00 00 00 00 00 c9 1b 02 00 00 00 00 00 34 2e 01 00 00 00 00 00 10 20 01 00 00 00 00 00 84 0e 01 00 00 00 00 00 26 00 00 00 4b 12 00 00 8e 00 00 00 dc 06 00 00 43 41 00 00 06 09 00 00 03 00 00 00 d6 12 00 00 00 00 00 00 fa 00 00 00
07 10 12 59 09 10 00 68 00 68 00 81 b8 bb bd 8b c0 8e f4 0f 01 01 00 03 00 00 00 00 01 00 00 00 00 43 b5 3c 00 00 00 00 00 c9 1b 02 00 00 00 00 00 34 2e 01 00 00 00 00 00 10 20 01 00 00 00 00 00 84 0e 01 00 00 00 00 00 26 00 00 00 4b 12 00 00 8e 00 00 00 dc 06 00 00 43 41 00 00 06 09 00 00 03 00 00 00 d6 12 00 00 00 00 00 00 fa 00 00 00
07 10 12 59 09 10 00 68 00 68 00 81 b8 57 66 ff c0 8e f4 0f 01 01 00 03 00 00 00 00 01 00 00 00 00 43 b5 3c 00 00 00 00 00 c9 1b 02 00 00 00 00 00 34 2e 01 00 00 00 00 00 10 20 01 00 00 00 00 00 84 0e 01 00 00 00 00 00 26 00 00 00 4b 12 00 00 8e 00 00 00 dc 06 00 00 43 41 00 00 06 09 00 00 03 00 00 00 d6 12 00 00 00 00 00 00 fa 00 00 00
07 10 12 59 09 10 00 68 00 68 00 81 b8 cc 72 03 c1 8e f4 0f 01 01 00 03 00 00 00 00 01 00 00 00 00 43 b5 3c 00 00 00 00 00 c9 1b 02 00 00 00 00 00 34 2e 01 00 00 00 00 00 10 20 01 00 00 00 00 00 84 0e 01 00 00 00 00 00 26 00 00 00 4b 12 00 00 8e 00 00 00 dc 06 00 00 43 41 00 00 06 09 00 00 03 00 00 00 d6 12 00 00 00 00 00 00 fa 00 00 00
07 10 12 59 09 10 00 68 00 68 00 81 b8 76 71 07 c1 8e f4 0f 01 01 00 03 00 00 00 00 01 00 00 00 00 43 b5 3c 00 00 00 00 00 c9 1b 02 00 00 00 00 00 34 2e 01 00 00 00 00 00 10 20 01 00 00 00 00 00 84 0e 01 00 00 00 00 00 26 00 00 00 4b 12 00 00 8e 00 00 00 dc 06 00 00 43 41 00 00 06 09 00 00 03 00 00 00 d6 12 00 00 00 00 00 00 fa 00 00 00
07 10 12 59 09 10 00 68 00 68 00 81 b8 bd 71 0b c1 8e f4 0f 01 01 00 03 00 00 00 00 01 00 00 00 00 43 b5 3c 00 00 00 00 00 c9 1b 02 00 00 00 00 00 34 2e 01 00 00 00 00 00 10 20 01 00 00 00 00 00 84 0e 01 00 00 00 00 00 26 00 00 00 4b 12 00 00 8e 00 00 00 dc 06 00 00 4c 41 00 00 06 09 00 00 03 00 00 00 d6 12 00 00 00 00 00 00 fa 00 00 00
07 10 12 59 09 10 00 68 00 68 00 81 b8 a3 bd 0b c1 8e f4 0f 01 01 00 03 00 00 00 00 01 00 00 00 00 43 b5 3c 00 00 00 00 00 c9 1b 02 00 00 00 00 00 34 2e 01 00 00 00 00 00 10 20 01 00 00 00 00 00 84 0e 01 00 00 00 00 00 26 00 00 00 4b 12 00 00 8e 00 00 00 dc 06 00 00 4c 41 00 00 06 09 00 00 03 00 00 00 d6 12 00 00 00 00 00 00 fa 00 00 00
07 10 12 59 09 10 00 68 00 68 00 81 b8 a3 63 7f c1 8e f4 0f 01 01 00 03 00 00 00 00 01 00 00 00 00 43 b5 3c 00 00 00 00 00 c9 1b 02 00 00 00 00 00 34 2e 01 00 00 00 00 00 10 20 01 00 00 00 00 00 84 0e 01 00 00 00 00 00 26 00 00 00 4b 12 00 00 8e 00 00 00 dc 06 00 00 4c 41 00 00 06 09 00 00 03 00 00 00 d6 12 00 00 00 00 00 00 fa 00 00 00
07 10 12 59 09 10 00 68 00 68 00 81 b8 e4 72 83 c1 8e f4 0f 01 01 00 03 00 00 00 00 01 00 00 00 00 43 b5 3c 00 00 00 00 00 c9 1b 02 00 00 00 00 00 34 2e 01 00 00 00 00 00 10 20 01 00 00 00 00 00 84 0e 01 00 00 00 00 00 26 00 00 00 4b 12 00 00 8e 00 00 00 dc 06 00 00 4c 41 00 00 06 09 00 00 03 00 00 00 d6 12 00 00 00 00 00 00 fa 00 00 00
07 10 12 59 09 10 00 68 00 68 00 81 b8 7e 71 87 c1 8e f4 0f 01 01 00 03 00 00 00 00 01 00 00 00 00 43 b5 3c 00 00 00 00 00 c9 1b 02 00 00 00 00 00 34 2e 01 00 00 00 00 00 10 20 01 00 00 00 00 00 84 0e 01 00 00 00 00 00 26 00 00 00 4b 12 00 00 8e 00 00 00 dc 06 00 00 4c 41 00 00 06 09 00 00 03 00 00 00 d6 12 00 00 00 00 00 00 fa 00 00 00
07 10 12 59 09 10 00 68 00 68 00 81 b8 07 73 8b c1 8e f4 0f 01 01 00 03 00 00 00 00 01 00 00 00 00 43 b5 3c 00 00 00 00 00 c9 1b 02 00 00 00 00 00 34 2e 01 00 00 00 00 00 10 20 01 00 00 00 00 00 84 0e 01 00 00 00 00 00 26 00 00 00 4b 12 00 00 8e 00 00 00 dd 06 00 00 53 41 00 00 06 09 00 00 03 00 00 00 d6 12 00 00 00 00 00 00 fa 00 00 00
07 10 12 59 09 10 00 68 00 68 00 81 b8 2a be 8b c1 8e f4 0f 01 01 00 03 00 00 00 00 01 00 00 00 00 43 b5 3c 00 00 00 00 00 c9 1b 02 00 00 00 00 00 34 2e 01 00 00 00 00 00 10 20 01 00 00 00 00 00 84 0e 01 00 00 00 00 00 26 00 00 00 4b 12 00 00 8e 00 00 00 dd 06 00 00 53 41 00 00 06 09 00 00 03 00 00 00 d6 12 00 00 00 00 00 00 fa 00 00 00
07 10 12 59 09 10 00 68 00 68 00 81 b8 34 66 ff c1 8e f4 0f 01 01 00 03 00 00 00 00 01 00 00 00 00 43 b5 3c 00 00 00 00 00 c9 1b 02 00 00 00 00 00 34 2e 01 00 00 00 00 00 10 20 01 00 00 00 00 00 84 0e 01 00 00 00 00 00 26 00 00 00 4b 12 00 00 8e 00 00 00 dd 06 00 00 53 41 00 00 06 09 00 00 03 00 00 00 d6 12 00 00 00 00 00 00 fa 00 00 00
07 10 12 59 09 10 00 68 00 68 00 81 b8 8c 73 03 c2 8e f4 0f 01 01 00 03 00 00 00 00 01 00 00 00 00 43 b5 3c 00 00 00 00 00 c9 1b 02 00 00 00 00 00 34 2e 01 00 00 00 00 00 10 20 01 00 00 00 00 00 84 0e 01 00 00 00 00 00 26 00 00 00 4b 12 00 00 8e 00 00 00 dd 06 00 00 53 41 00 00 06 09 00 00 03 00 00 00 d6 12 00 00 00 00 00 00 fa 00 00 00
07 10 12 59 09 10 00 68 00 68 00 81 b8 6a 6f 07 c2 8e f4 0f 01 01 00 03 00 00 00 00 01 00 00 00 00 43 b5 3c 00 00 00 00 00 c9 1b 02 00 00 00 00 00 34 2e 01 00 00 00 00 00 10 20 01 00 00 00 00 00 84 0e 01 00 00 00 00 00 26 00 00 00 4b 12 00 00 8e 00 00 00 dd 06 00 00 53 41 00 00 06 09 00 00 03 00 00 00 d6 12 00 00 00 00 00 00 fa 00 00 00
07 10 12 59 09 10 00 68 00 68 00 81 b8 3c 72 0b c2 8e f4 0f 01 01 00 03 00 00 00 00 01 00 00 00 00 43 b5 3c 00 00 00 00 00 c9 1b 02 00 00 00 00 00 34 2e 01 00 00 00 00 00 10 20 01 00 00 00 00 00 84 0e 01 00 00 00 00 00 26 00 00 00 4b 12 00 00 8e 00 00 00 de 06 00 00 5c 41 00 00 06 09 00 00 03 00 00 00 d6 12 00 00 00 00 00 00 fa 00 00 00
07 10 12 59 09 10 00 68 00 68 00 81 b8 32 bd 0b c2 8e f4 0f 01 01 00 03 00 00 00 00 01 00 00 00 00 43 b5 3c 00 00 00 00 00 c9 1b 02 00 00 00 00 00 34 2e 01 00 00 00 00 00 10 20 01 00 00 00 00 00 84 0e 01 00 00 00 00 00 26 00 00 00 4b 12 00 00 8e 00 00 00 de 06 00 00 5c 41 00 00 06 09 00 00 03 00 00 00 d6 12 00 00 00 00 00 00 fa 00 00 00
07 10 12 59 09 10 00 68 00 68 00 81 b8 a7 62 7f c2 8e f4 0f 01 01 00 03 00 00 00 00 01 00 00 00 00 43 b5 3c 00 00 00 00 00 c9 1b 02 00 00 00 00 00 34 2e 01 00 00 00 00 00 10 20 01 00 00 00 00 00 84 0e 01 00 00 00 00 00 26 00 00 00 4b 12 00 00 8e 00 00 00 de 06 00 00 5c 41 00 00 06 09 00 00 03 00 00 00 d6 12 00 00 00 00 00 00 fa 00 00 00
07 10 12 59 09 10 00 68 00 68 00 81 b8 bd 72 83 c2 8e f4 0f 01 01 00 03 00 00 00 00 01 00 00 00 00 43 b5 3c 00 00 00 00 00 c9 1b 02 00 00 00 00 00 34 2e 01 00 00 00 00 00 10 20 01 00 00 00 00 00 84 0e 01 00 00 00 00 00 26 00 00 00 4b 12 00 00 8e 00 00 00 de 06 00 00 5c 41 00 00 06 09 00 00 03 00 00 00 d6 12 00 00 00 00 00 00 fa 00 00 00
07 10 12 59 09 10 00 68 00 68 00 81 b8 c0 6f 87 c2 8e f4 0f 01 01 00 03 00 00 00 00 01 00 00 00 00 43 b5 3c 00 00 00 00 00 c9 1b 02 00 00 00 00 00 34 2e 01 00 00 00 00 00 10 20 01 00 00 00 00 00 84 0e 01 00 00 00 00 00 26 00 00 00 4b 12 00 00 8e 00 00 00 de 06 00 00 5c 41 00 00 06 09 00 00 03 00 00 00 d6 12 00 00 00 00 00 00 fa 00 00 00
07 10 12 59 09 10 00 68 00 68 00 81 b8 a1 72 8b c2 8e f4 0f 01 01 00 03 00 00 00 00 01 00 00 00 00 43 b5 3c 00 00 00 00 00 c9 1b 02 00 00 00 00 00 34 2e 01 00 00 00 00 00 10 20 01 00 00 00 00 00 84 0e 01 00 00 00 00 00 26 00 00 00 4b 12 00 00 8e 00 00 00 df 06 00 00 66 41 00 00 06 09 00 00 03 00 00 00 d6 12 00 00 00 00 00 00 fa 00 00 00
07 10 12 59 09 10 00 68 00 68 00 81 b8 af be 8b c2 8e f4 0f 01 01 00 03 00 00 00 00 01 00 00 00 00 43 b5 3c 00 00 00 00 00 c9 1b 02 00 00 00 00 00 34 2e 01 00 00 00 00 00 10 20 01 00 00 00 00 00 84 0e 01 00 00 00 00 00 26 00 00 00 4b 12 00 00 8e 00 00 00 df 06 00 00 66 41 00 00 06 09 00 00 03 00 00 00 d6 12 00 00 00 00 00 00 fa 00 00 00
07 10 12 59 09 10 00 68 00 68 00 81 b8 eb 30 00 c3 8e f4 0f 01 01 00 03 00 00 00 00 01 00 00 00 00 43 b5 3c 00 00 00 00 00 c9 1b 02 00 00 00 00 00 34 2e 01 00 00 00 00 00 10 20 01 00 00 00 00 00 84 0e 01 00 00 00 00 00 26 00 00 00 4b 12 00 00 8e 00 00 00 df 06 00 00 66 41 00 00 06 09 00 00 03 00 00 00 d6 12 00 00 00 00 00 00 fa 00 00 00
07 10 12 59 09 10 00 68 00 68 00 81 b8 0f 35 04 c3 8e f4 0f 01 01 00 03 00 00 00 00 01 00 00 00 00 43 b5 3c 00 00 00 00 00 c9 1b 02 00 00 00 00 00 34 2e 01 00 00 00 00 00 10 20 01 00 00 00 00 00 84 0e 01 00 00 00 00 00 26 00 00 00 4b 12 00 00 8e 00 00 00 df 06 00 00 66 41 00 00 06 09 00 00 03 00 00 00 d6 12 00 00 00 00 00 00 fa 00 00 00
07 10 12 59 09 10 00 68 00 68 00 81 b8 3c 34 08 c3 8e f4 0f 01 01 00 03 00 00 00 00 01 00 00 00 00 43 b5 3c 00 00 00 00 00 c9 1b 02 00 00 00 00 00 34 2e 01 00 00 00 00 00 10 20 01 00 00 00 00 00 84 0e 01 00 00 00 00 00 26 00 00 00 4b 12 00 00 8e 00 00 00 df 06 00 00 66 41 00 00 06 09 00 00 03 00 00 00 d6 12 00 00 00 00 00 00 fa 00 00 00
07 10 12 59 09 10 00 68 00 68 00 81 b8 c4 be 0b c3 8e f4 0f 01 01 00 03 00 00 00 00 01 00 00 00 00 43 b5 3c 00 00 00 00 00 c9 1b 02 00 00 00 00 00 34 2e 01 00 00 00 00 00 10 20 01 00 00 00 00 00 84 0e 01 00 00 00 00 00 26 00 00 00 4b 12 00 00 8e 00 00 00 e0 06 00 00 6e 41 00 00 06 09 00 00 03 00 00 00 d6 12 00 00 00 00 00 00 fa 00 00 00
07 10 12 59 09 10 00 68 00 68 00 81 b8 f5 64 7f c3 8e f4 0f 01 01 00 03 00 00 00 00 01 00 00 00 00 43 b5 3c 00 00 00 00 00 c9 1b 02 00 00 00 00 00 34 2e 01 00 00 00 00 00 10 20 01 00 00 00 00 00 84 0e 01 00 00 00 00 00 26 00 00 00 4b 12 00 00 8e 00 00 00 e0 06 00 00 6e 41 00 00 06 09 00 00 03 00 00 00 d6 12 00 00 00 00 00 00 fa 00 00 00
07 10 12 59 09 10 00 68 00 68 00 81 b8 bb 72 83 c3 8e f4 0f 01 01 00 03 00 00 00 00 01 00 00 00 00 43 b5 3c 00 00 00 00 00 c9 1b 02 00 00 00 00 00 34 2e 01 00 00 00 00 00 10 20 01 00 00 00 00 00 84 0e 01 00 00 00 00 00 26 00 00 00 4b 12 00 00 8e 00 00 00 e0 06 00 00 6e 41 00 00 06 09 00 00 03 00 00 00 d6 12 00 00 00 00 00 00 fa 00 00 00
07 10 12 59 09 10 00 68 00 68 00 81 b8 ef 6f 87 c3 8e f4 0f 01 01 00 03 00 00 00 00 01 00 00 00 00 43 b5 3c 00 00 00 00 00 c9 1b 02 00 00 00 00 00 34 2e 01 00 00 00 00 00 10 20 01 00 00 00 00 00 84 0e 01 00 00 00 00 00 26 00 00 00 4b 12 00 00 8e 00 00 00 e0 06 00 00 6e 41 00 00 06 09 00 00 03 00 00 00 d6 12 00 00 00 00 00 00 fa 00 00 00
07 10 12 59 09 10 00 68 00 68 00 81 b8 11 73 8b c3 8e f4 0f 01 01 00 03 00 00 00 00 01 00 00 00 00 43 b5 3c 00 00 00 00 00 c9 1b 02 00 00 00 00 00 34 2e 01 00 00 00 00 00 10 20 01 00 00 00 00 00 84 0e 01 00 00 00 00 00 26 00 00 00 4b 12 00 00 8e 00 00 00 e1 06 00 00 75 41 00 00 06 09 00 00 03 00 00 00 d6 12 00 00 00 00 00 00 fa 00 00 00
07 10 12 59 09 10 00 68 00 68 00 81 b8 99 bf 8b c3 8e f4 0f 01 01 00 03 00 00 00 00 01 00 00 00 00 43 b5 3c 00 00 00 00 00 c9 1b 02 00 00 00 00 00 34 2e 01 00 00 00 00 00 10 20 01 00 00 00 00 00 84 0e 01 00 00 00 00 00 26 00 00 00 4b 12 00 00 8e 00 00 00 e1 06 00 00 75 41 00 00 06 09 00 00 03 00 00 00 d6 12 00 00 00 00 00 00 fa 00 00 00
07 10 12 59 09 10 00 68 00 68 00 81 b8 99 64 ff c3 8e f4 0f 01 01 00 03 00 00 00 00 01 00 00 00 00 43 b5 3c 00 00 00 00 00 c9 1b 02 00 00 00 00 00 34 2e 01 00 00 00 00 00 10 20 01 00 00 00 00 00 84 0e 01 00 00 00 00 00 26 00 00 00 4b 12 00 00 8e 00 00 00 e1 06 00 00 75 41 00 00 06 09 00 00 03 00 00 00 d6 12 00 00 00 00 00 00 fa 00 00 00
07 10 12 59 09 10 00 68 00 68 00 81 b8 11 73 03 c4 8e f4 0f 01 01 00 03 00 00 00 00 01 00 00 00 00 43 b5 3c 00 00 00 00 00 c9 1b 02 00 00 00 00 00 34 2e 01 00 00 00 00 00 10 20 01 00 00 00 00 00 84 0e 01 00 00 00 00 00 26 00 00 00 4b 12 00 00 8e 00 00 00 e1 06 00 00 75 41 00 00 06 09 00 00 03 00 00 00 d6 12 00 00 00 00 00 00 fa 00 00 00
07 10 12 59 09 10 00 68 00 68 00 81 b8 1a 70 07 c4 8e f4 0f 01 01 00 03 00 00 00 00 01 00 00 00 00 43 b5 3c 00 00 00 00 00 c9 1b 02 00 00 00 00 00 34 2e 01 00 00 00 00 00 10 20 01 00 00 00 00 00 84 0e 01 00 00 00 00 00 26 00 00 00 4b 12 00 00 8e 00 00 00 e1 06 00 00 75 41 00 00 06 09 00 00 03 00 00 00 d6 12 00 00 00 00 00 00 fa 00 00 00
07 10 12 59 09 10 00 68 00 68 00 81 b8 b1 73 0b c4 8e f4 0f 01 01 00 03 00 00 00 00 01 00 00 00 00 43 b5 3c 00 00 00 00 00 c9 1b 02 00 00 00 00 00 34 2e 01 00 00 00 00 00 10 20 01 00 00 00 00 00 84 0e 01 00 00 00 00 00 26 00 00 00 4b 12 00 00 8e 00 00 00 e2 06 00 00 7f 41 00 00 06 09 00 00 03 00 00 00 d6 12 00 00 00 00 00 00 fa 00 00 00
07 10 12 59 09 10 00 68 00 68 00 81 b8 0d bf 0b c4 8e f4 0f 01 01 00 03 00 00 00 00 01 00 00 00 00 43 b5 3c 00 00 00 00 00 c9 1b 02 00 00 00 00 00 34 2e 01 00 00 00 00 00 10 20 01 00 00 00 00 00 84 0e 01 00 00 00 00 00 26 00 00 00 4b 12 00 00 8e 00 00 00 e2 06 00 00 7f 41 00 00 06 09 00 00 03 00 00 00 d6 12 00 00 00 00 00 00 fa 00 00 00
07 10 12 59 09 10 00 68 00 68 00 81 b8 43 63 7f c4 8e f4 0f 01 01 00 03 00 00 00 00 01 00 00 00 00 43 b5 3c 00 00 00 00 00 c9 1b 02 00 00 00 00 00 34 2e 01 00 00 00 00 00 10 20 01 00 00 00 00 00 84 0e 01 00 00 00 00 00 26 00 00 00 4b 12 00 00 8e 00 00 00 e2 06 00 00 7f 41 00 00 06 09 00 00 03 00 00 00 d6 12 00 00 00 00 00 00 fa 00 00 00
07 10 12 59 09 10 00 68 00 68 00 81 b8 09 73 83 c4 8e f4 0f 01 01 00 03 00 00 00 00 01 00 00 00 00 43 b5 3c 00 00 00 00 00 c9 1b 02 00 00 00 00 00 34 2e 01 00 00 00 00 00 10 20 01 00 00 00 00 00 84 0e 01 00 00 00 00 00 26 00 00 00 4b 12 00 00 8e 00 00 00 e2 06 00 00 7f 41 00 00 06 09 00 00 03 00 00 00 d6 12 00 00 00 00 00 00 fa 00 00 00
07 10 12 59 09 10 00 68 00 68 00 81 b8 b5 70 87 c4 8e f4 0f 01 01 00 03 00 00 00 00 01 00 00 00 00 43 b5 3c 00 00 00 00 00 c9 1b 02 00 00 00 00 00 34 2e 01 00 00 00 00 00 10 20 01 00 00 00 00 00 84 0e 01 00 00 00 00 00 26 00 00 00 4b 12 00 00 8e 00 00 00 e2 06 00 00 7f 41 00 00 06 09 00 00 03 00 00 00 d6 12 00 00 00 00 00 00 fa 00 00 00
07 10 12 59 09 10 00 68 00 68 00 81 b8 9f 73 8b c4 8e f4 0f 01 01 00 03 00 00 00 00 01 00 00 00 00 43 b5 3c 00 00 00 00 00 c9 1b 02 00 00 00 00 00 34 2e 01 00 00 00 00 00 10 20 01 00 00 00 00 00 84 0e 01 00 00 00 00 00 26 00 00 00 4b 12 00 00 8e 00 00 00 e3 06 00 00 85 41 00 00 06 09 00 00 03 00 00 00 d6 12 00 00 00 00 00 00 fa 00 00 00
07 10 12 59 09 10 00 68 00 68 00 81 b8 30 bf 8b c4 8e f4 0f 01 01 00 03 00 00 00 00 01 00 00 00 00 43 b5 3c 00 00 00 00 00 c9 1b 02 00 00 00 00 00 34 2e 01 00 00 00 00 00 10 20 01 00 00 00 00 00 84 0e 01 00 00 00 00 00 26 00 00 00 4b 12 00 00 8e 00 00 00 e3 06 00 00 85 41 00 00 06 09 00 00 03 00 00 00 d6 12 00 00 00 00 00 00 fa 00 00 00
07 10 12 59 09 10 00 68 00 68 00 81 b8 de 65 ff c4 8e f4 0f 01 01 00 03 00 00 00 00 01 00 00 00 00 43 b5 3c 00 00 00 00 00 c9 1b 02 00 00 00 00 00 34 2e 01 00 00 00 00 00 10 20 01 00 00 00 00 00 84 0e 01 00 00 00 00 00 26 00 00 00 4b 12 00 00 8e 00 00 00 e3 06 00 00 85 41 00 00 06 09 00 00 03 00 00 00 d6 12 00 00 00 00 00 00 fa 00 00 00
07 10 12 59 09 10 00 68 00 68 00 81 b8 b5 72 03 c5 8e f4 0f 01 01 00 03 00 00 00 00 01 00 00 00 00 43 b5 3c 00 00 00 00 00 c9 1b 02 00 00 00 00 00 34 2e 01 00 00 00 00 00 10 20 01 00 00 00 00 00 84 0e 01 00 00 00 00 00 26 00 00 00 4b 12 00 00 8e 00 00 00 e3 06 00 00 85 41 00 00 06 09 00 00 03 00 00 00 d6 12 00 00 00 00 00 00 fa 00 00 00
07 10 12 59 09 10 00 68 00 68 00 81 b8 32 6f 07 c5 8e f4 0f 01 01 00 03 00 00 00 00 01 00 00 00 00 43 b5 3c 00 00 00 00 00 c9 1b 02 00 00 00 00 00 34 2e 01 00 00 00 00 00 10 20 01 00 00 00 00 00 84 0e 01 00 00 00 00 00 26 00 00 00 4b 12 00 00 8e 00 00 00 e3 06 00 00 85 41 00 00 06 09 00 00 03 00 00 00 d6 12 00 00 00 00 00 00 fa 00 00 00
07 10 12 59 09 10 00 68 00 68 00 81 b8 8e 71 0b c5 8e f4 0f 01 01 00 03 00 00 00 00 01 00 00 00 00 43 b5 3c 00 00 00 00 00 c9 1b 02 00 00 00 00 00 34 2e 01 00 00 00 00 00 10 20 01 00 00 00 00 00 84 0e 01 00 00 00 00 00 26 00 00 00 4b 12 00 00 8e 00 00 00 e4 06 00 00 8d 41 00 00 06 09 00 00 03 00 00 00 d6 12 00 00 00 00 00 00 fa 00 00 00
07 10 12 59 09 10 00 68 00 68 00 81 b8 b1 bc 0b c5 8e f4 0f 01 01 00 03 00 00 00 00 01 00 00 00 00 43 b5 3c 00 00 00 00 00 c9 1b 02 00 00 00 00 00 34 2e 01 00 00 00 00 00 10 20 01 00 00 00 00 00 84 0e 01 00 00 00 00 00 26 00 00 00 4b 12 00 00 8e 00 00 00 e4 06 00 00 8d 41 00 00 06 09 00 00 03 00 00 00 d6 12 00 00 00 00 00 00 fa 00 00 00
07 10 12 59 09 10 00 68 00 68 00 81 b8 5b 62 7f c5 8e f4 0f 01 01 00 03 00 00 00 00 01 00 00 00 00 43 b5 3c 00 00 00 00 00 c9 1b 02 00 00 00 00 00 34 2e 01 00 00 00 00 00 10 20 01 00 00 00 00 00 84 0e 01 00 00 00 00 00 26 00 00 00 4b 12 00 00 8e 00 00 00 e4 06 00 00 8d 41 00 00 06 09 00 00 03 00 00 00 d6 12 00 00 00 00 00 00 fa 00 00 00
07 10 12 59 09 10 00 68 00 68 00 81 b8 f7 72 83 c5 8e f4 0f 01 01 00 03 00 00 00 00 01 00 00 00 00 43 b5 3c 00 00 00 00 00 c9 1b 02 00 00 00 00 00 34 2e 01 00 00 00 00 00 10 20 01 00 00 00 00 00 84 0e 01 00 00 00 00 00 26 00 00 00 4b 12 00 00 8e 00 00 00 e4 06 00 00 8d 41 00 00 06 09 00 00 03 00 00 00 d6 12 00 00 00 00 00 00 fa 00 00 00
07 10 12 59 09 10 00 68 00 68 00 81 b8 3f 6f 87 c5 8e f4 0f 01 01 00 03 00 00 00 00 01 00 00 00 00 43 b5 3c 00 00 00 00 00 c9 1b 02 00 00 00 00 00 34 2e 01 00 00 00 00 00 10 20 01 00 00 00 00 00 84 0e 01 00 00 00 00 00 26 00 00 00 4b 12 00 00 8e 00 00 00 e4 06 00 00 8d 41 00 00 06 09 00 00 03 00 00 00 d6 12 00 00 00 00 00 00 fa 00 00 00
07 10 12 59 09 10 00 68 00 68 00 81 b8 59 72 8b c5 8e f4 0f 01 01 00 03 00 00 00 00 01 00 00 00 00 43 b5 3c 00 00 00 00 00 c9 1b 02 00 00 00 00 00 34 2e 01 00 00 00 00 00 10 20 01 00 00 00 00 00 84 0e 01 00 00 00 00 00 26 00 00 00 4b 12 00 00 8e 00 00 00 e4 06 00 00 94 41 00 00 06 09 00 00 03 00 00 00 d6 12 00 00 00 00 00 00 fa 00 00 00
07 10 12 59 09 10 00 68 00 68 00 81 b8 82 bd 8b c5 8e f4 0f 01 01 00 03 00 00 00 00 01 00 00 00 00 43 b5 3c 00 00 00 00 00 c9 1b 02 00 00 00 00 00 34 2e 01 00 00 00 00 00 10 20 01 00 00 00 00 00 84 0e 01 00 00 00 00 00 26 00 00 00 4b 12 00 00 8e 00 00 00 e4 06 00 00 94 41 00 00 06 09 00 00 03 00 00 00 d6 12 00 00 00 00 00 00 fa 00 00 00
07 10 12 59 09 10 00 68 00 68 00 81 b8 3c 66 ff c5 8e f4 0f 01 01 00 03 00 00 00 00 01 00 00 00 00 43 b5 3c 00 00 00 00 00 c9 1b 02 00 00 00 00 00 34 2e 01 00 00 00 00 00 10 20 01 00 00 00 00 00 84 0e 01 00 00 00 00 00 26 00 00 00 4b 12 00 00 8e 00 00 00 e4 06 00 00 94 41 00 00 06 09 00 00 03 00 00 00 d6 12 00 00 00 00 00 00 fa 00 00 00
07 10 12 59 09 10 00 68 00 68 00 81 b8 6c 72 03 c6 8e f4 0f 01 01 00 03 00 00 00 00 01 00 00 00 00 43 b5 3c 00 00 00 00 00 c9 1b 02 00 00 00 00 00 34 2e 01 00 00 00 00 00 10 20 01 00 00 00 00 00 84 0e 01 00 00 00 00 00 26 00 00 00 4b 12 00 00 8e 00 00 00 e4 06 00 00 94 41 00 00 06 09 00 00 03 00 00 00 d6 12 00 00 00 00 00 00 fa 00 00 00
07 10 12 59 09 10 00 68 00 68 00 81 b8 0f 6f 07 c6 8e f4 0f 01 01 00 03 00 00 00 00 01 00 00 00 00 43 b5 3c 00 00 00 00 00 c9 1b 02 00 00 00 00 00 34 2e 01 00 00 00 00 00 10 20 01 00 00 00 00 00 84 0e 01 00 00 00 00 00 26 00 00 00 4b 12 00 00 8e 00 00 00 e4 06 00 00 94 41 00 00 06 09 00 00 03 00 00 00 d6 12 00 00 00 00 00 00 fa 00 00 00
07 10 12 59 09 10 00 68 00 68 00 81 b8 bb 72 0b c6 8e f4 0f 01 01 00 03 00 00 00 00 01 00 00 00 00 43 b5 3c 00 00 00 00 00 c9 1b 02 00 00 00 00 00 34 2e 01 00 00 00 00 00 10 20 01 00 00 00 00 00 84 0e 01 00 00 00 00 00 26 00 00 00 4b 12 00 00 8e 00 00 00 e5 06 00 00 9c 41 00 00 06 09 00 00 03 00 00 00 d6 12 00 00 00 00 00 00 fa 00 00 00
07 10 12 59 09 10 00 68 00 68 00 81 b8 7a be 0b c6 8e f4 0f 01 01 00 03 00 00 00 00 01 00 00 00 00 43 b5 3c 00 00 00 00 00 c9 1b 02 00 00 00 00 00 34 2e 01 00 00 00 00 00 10 20 01 00 00 00 00 00 84 0e 01 00 00 00 00 00 26 00 00 00 4b 12 00 00 8e 00 00 00 e5 06 00 00 9c 41 00 00 06 09 00 00 03 00 00 00 d6 12 00 00 00 00 00 00 fa 00 00 00
07 10 12 59 09 10 00 68 00 68 00 81 b8 4d 62 7f c6 8e f4 0f 01 01 00 03 00 00 00 00 01 00 00 00 00 43 b5 3c 00 00 00 00 00 c9 1b 02 00 00 00 00 00 34 2e 01 00 00 00 00 00 10 20 01 00 00 00 00 00 84 0e 01 00 00 00 00 00 26 00 00 00 4b 12 00 00 8e 00 00 00 e5 06 00 00 9c 41 00 00 06 09 00 00 03 00 00 00 d6 12 00 00 00 00 00 00 fa 00 00 00
07 10 12 59 09 10 00 68 00 68 00 81 b8 b3 72 83 c6 8e f4 0f 01 01 00 03 00 00 00 00 01 00 00 00 00 43 b5 3c 00 00 00 00 00 c9 1b 02 00 00 00 00 00 34 2e 01 00 00 00 00 00 10 20 01 00 00 00 00 00 84 0e 01 00 00 00 00 00 26 00 00 00 4b 12 00 00 8e 00 00 00 e5 06 00 00 9c 41 00 00 06 09 00 00 03 00 00 00 d6 12 00 00 00 00 00 00 fa 00 00 00
07 10 12 59 09 10 00 68 00 68 00 81 b8 86 70 87 c6 8e f4 0f 01 01 00 03 00 00 00 00 01 00 00 00 00 43 b5 3c 00 00 00 00 00 c9 1b 02 00 00 00 00 00 34 2e 01 00 00 00 00 00 10 20 01 00 00 00 00 00 84 0e 01 00 00 00 00 00 26 00 00 00 4b 12 00 00 8e 00 00 00 e5 06 00 00 9c 41 00 00 06 09 00 00 03 00 00 00 d6 12 00 00 00 00 00 00 fa 00 00 00
07 10 12 59 10 10 00 68 00 68 00 81 b8 24 73 8b c6 8e f4 0f 01 01 00 03 00 00 00 00 01 00 00 00 00 43 b5 3c 00 00 00 00 00 c9 1b 02 00 00 00 00 00 34 2e 01 00 00 00 00 00 10 20 01 00 00 00 00 00 84 0e 01 00 00 00 00 00 26 00 00 00 4b 12 00 00 8e 00 00 00 e6 06 00 00 a7 41 00 00 06 09 00 00 03 00 00 00 d6 12 00 00 00 00 00 00 fa 00 00 00
07 10 12 59 10 10 00 68 00 68 00 81 b8 a7 be 8b c6 8e f4 0f 01 01 00 03 00 00 00 00 01 00 00 00 00 43 b5 3c 00 00 00 00 00 c9 1b 02 00 00 00 00 00 34 2e 01 00 00 00 00 00 10 20 01 00 00 00 00 00 84 0e 01 00 00 00 00 00 26 00 00 00 4b 12 00 00 8e 00 00 00 e6 06 00 00 a7 41 00 00 06 09 00 00 03 00 00 00 d6 12 00 00 00 00 00 00 fa 00 00 00
07 10 12 59 10 10 00 68 00 68 00 81 b8 eb 63 ff c6 8e f4 0f 01 01 00 03 00 00 00 00 01 00 00 00 00 43 b5 3c 00 00 00 00 00 c9 1b 02 00 00 00 00 00 34 2e 01 00 00 00 00 00 10 20 01 00 00 00 00 00 84 0e 01 00 00 00 00 00 26 00 00 00 4b 12 00 00 8e 00 00 00 e6 06 00 00 a7 41 00 00 06 09 00 00 03 00 00 00 d6 12 00 00 00 00 00 00 fa 00 00 00
07 10 12 59 10 10 00 68 00 68 00 81 b8 4d 72 03 c7 8e f4 0f 01 01 00 03 00 00 00 00 01 00 00 00 00 43 b5 3c 00 00 00 00 00 c9 1b 02 00 00 00 00 00 34 2e 01 00 00 00 00 00 10 20 01 00 00 00 00 00 84 0e 01 00 00 00 00 00 26 00 00 00 4b 12 00 00 8e 00 00 00 e6 06 00 00 a7 41 00 00 06 09 00 00 03 00 00 00 d6 12 00 00 00 00 00 00 fa 00 00 00
07 10 12 59 10 10 00 68 00 68 00 81 b8 4f 72 07 c7 8e f4 0f 01 01 00 03 00 00 00 00 01 00 00 00 00 43 b5 3c 00 00 00 00 00 c9 1b 02 00 00 00 00 00 34 2e 01 00 00 00 00 00 10 20 01 00 00 00 00 00 84 0e 01 00 00 00 00 00 26 00 00 00 4b 12 00 00 8e 00 00 00 e6 06 00 00 a7 41 00 00 06 09 00 00 03 00 00 00 d6 12 00 00 00 00 00 00 fa 00 00 00
07 10 12 59 10 10 00 34 00 34 00 87 b8 86 35 08 c7 8e f4 0f 01 06 00 03 00 00 00 00 01 02 01 01 00 01 00 00 00 01 01 08 18 f6 81 b3 26 40 01 80 1c 03 00 50 00 83 00 21 00 18 ee 02 1c
07 10 12 59 10 10 00 68 00 68 00 81 b8 ef 73 0b c7 8e f4 0f 01 01 00 03 00 00 00 00 01 00 00 00 00 43 b5 3c 00 00 00 00 00 c9 1b 02 00 00 00 00 00 34 2e 01 00 00 00 00 00 10 20 01 00 00 00 00 00 84 0e 01 00 00 00 00 00 26 00 00 00 4b 12 00 00 8e 00 00 00 e7 06 00 00 b0 41 00 00 06 09 00 00 03 00 00 00 d6 12 00 00 00 00 00 00 fa 00 00 00
07 10 12 59 10 10 00 68 00 68 00 81 b8 d4 be 0b c7 8e f4 0f 01 01 00 03 00 00 00 00 01 00 00 00 00 43 b5 3c 00 00 00 00 00 c9 1b 02 00 00 00 00 00 34 2e 01 00 00 00 00 00 10 20 01 00 00 00 00 00 84 0e 01 00 00 00 00 00 26 00 00 00 4b 12 00 00 8e 00 00 00 e7 06 00 00 b0 41 00 00 06 09 00 00 03 00 00 00 d6 12 00 00 00 00 00 00 fa 00 00 00
07 10 12 59 10 10 00 68 00 68 00 81 b8 18 65 7f c7 8e f4 0f 01 01 00 03 00 00 00 00 01 00 00 00 00 43 b5 3c 00 00 00 00 00 c9 1b 02 00 00 00 00 00 34 2e 01 00 00 00 00 00 10 20 01 00 00 00 00 00 84 0e 01 00 00 00 00 00 26 00 00 00 4b 12 00 00 8e 00 00 00 e7 06 00 00 b0 41 00 00 06 09 00 00 03 00 00 00 d6 12 00 00 00 00 00 00 fa 00 00 00
07 10 12 59 10 10 00 68 00 68 00 81 b8 24 73 83 c7 8e f4 0f 01 01 00 03 00 00 00 00 01 00 00 00 00 43 b5 3c 00 00 00 00 00 c9 1b 02 00 00 00 00 00 34 2e 01 00 00 00 00 00 10 20 01 00 00 00 00 00 84 0e 01 00 00 00 00 00 26 00 00 00 4b 12 00 00 8e 00 00 00 e7 06 00 00 b0 41 00 00 06 09 00 00 03 00 00 00 d6 12 00 00 00 00 00 00 fa 00 00 00
07 10 12 59 10 10 00 68 00 68 00 81 b8 26 6f 87 c7 8e f4 0f 01 01 00 03 00 00 00 00 01 00 00 00 00 43 b5 3c 00 00 00 00 00 c9 1b 02 00 00 00 00 00 34 2e 01 00 00 00 00 00 10 20 01 00 00 00 00 00 84 0e 01 00 00 00 00 00 26 00 00 00 4b 12 00 00 8e 00 00 00 e7 06 00 00 b0 41 00 00 06 09 00 00 03 00 00 00 d6 12 00 00 00 00 00 00 fa 00 00 00
07 10 12 59 10 10 00 68 00 68 00 81 b8 f1 72 8b c7 8e f4 0f 01 01 00 03 00 00 00 00 01 00 00 00 00 43 b5 3c 00 00 00 00 00 c9 1b 02 00 00 00 00 00 34 2e 01 00 00 00 00 00 10 20 01 00 00 00 00 00 84 0e 01 00 00 00 00 00 26 00 00 00 4b 12 00 00 8e 00 00 00 e7 06 00 00 bb 41 00 00 06 09 00 00 03 00 00 00 d6 12 00 00 00 00 00 00 fa 00 00 00
07 10 12 59 10 10 00 68 00 68 00 81 b8 57 bf 8b c7 8e f4 0f 01 01 00 03 00 00 00 00 01 00 00 00 00 43 b5 3c 00 00 00 00 00 c9 1b 02 00 00 00 00 00 34 2e 01 00 00 00 00 00 10 20 01 00 00 00 00 00 84 0e 01 00 00 00 00 00 26 00 00 00 4b 12 00 00 8e 00 00 00 e7 06 00 00 bb 41 00 00 06 09 00 00 03 00 00 00 d6 12 00 00 00 00 00 00 fa 00 00 00
07 10 12 59 10 10 00 68 00 68 00 81 b8 76 67 ff c7 8e f4 0f 01 01 00 03 00 00 00 00 01 00 00 00 00 43 b5 3c 00 00 00 00 00 c9 1b 02 00 00 00 00 00 34 2e 01 00 00 00 00 00 10 20 01 00 00 00 00 00 84 0e 01 00 00 00 00 00 26 00 00 00 4b 12 00 00 8e 00 00 00 e7 06 00 00 bb 41 00 00 06 09 00 00 03 00 00 00 d6 12 00 00 00 00 00 00 fa 00 00 00
07 10 12 59 10 10 00 68 00 68 00 81 b8 a7 72 03 c8 8e f4 0f 01 01 00 03 00 00 00 00 01 00 00 00 00 43 b5 3c 00 00 00 00 00 c9 1b 02 00 00 00 00 00 34 2e 01 00 00 00 00 00 10 20 01 00 00 00 00 00 84 0e 01 00 00 00 00 00 26 00 00 00 4b 12 00 00 8e 00 00 00 e7 06 00 00 bb 41 00 00 06 09 00 00 03 00 00 00 d6 12 00 00 00 00 00 00 fa 00 00 00
07 10 12 59 10 10 00 68 00 68 00 81 b8 36 70 07 c8 8e f4 0f 01 01 00 03 00 00 00 00 01 00 00 00 00 43 b5 3c 00 00 00 00 00 c9 1b 02 00 00 00 00 00 34 2e 01 00 00 00 00 00 10 20 01 00 00 00 00 00 84 0e 01 00 00 00 00 00 26 00 00 00 4b 12 00 00 8e 00 00 00 e7 06 00 00 bb 41 00 00 06 09 00 00 03 00 00 00 d6 12 00 00 00 00 00 00 fa 00 00 00
07 10 12 59 10 10 00 68 00 68 00 81 b8 c8 72 0b c8 8e f4 0f 01 01 00 03 00 00 00 00 01 00 00 00 00 43 b5 3c 00 00 00 00 00 c9 1b 02 00 00 00 00 00 34 2e 01 00 00 00 00 00 10 20 01 00 00 00 00 00 84 0e 01 00 00 00 00 00 26 00 00 00 4b 12 00 00 8e 00 00 00 e8 06 00 00 c5 41 00 00 06 09 00 00 03 00 00 00 d6 12 00 00 00 00 00 00 fa 00 00 00
07 10 12 59 10 10 00 68 00 68 00 81 b8 95 be 0b c8 8e f4 0f 01 01 00 03 00 00 00 00 01 00 00 00 00 43 b5 3c 00 00 00 00 00 c9 1b 02 00 00 00 00 00 34 2e 01 00 00 00 00 00 10 20 01 00 00 00 00 00 84 0e 01 00 00 00 00 00 26 00 00 00 4b 12 00 00 8e 00 00 00 e8 06 00 00 c5 41 00 00 06 09 00 00 03 00 00 00 d6 12 00 00 00 00 00 00 fa 00 00 00
07 10 12 59 10 10 00 68 00 68 00 81 b8 da 62 7f c8 8e f4 0f 01 01 00 03 00 00 00 00 01 00 00 00 00 43 b5 3c 00 00 00 00 00 c9 1b 02 00 00 00 00 00 34 2e 01 00 00 00 00 00 10 20 01 00 00 00 00 00 84 0e 01 00 00 00 00 00 26 00 00 00 4b 12 00 00 8e 00 00 00 e8 06 00 00 c5 41 00 00 06 09 00 00 03 00 00 00 d6 12 00 00 00 00 00 00 fa 00 00 00
07 10 12 59 10 10 00 68 00 68 00 81 b8 bd 72 83 c8 8e f4 0f 01 01 00 03 00 00 00 00 01 00 00 00 00 43 b5 3c 00 00 00 00 00 c9 1b 02 00 00 00 00 00 34 2e 01 00 00 00 00 00 10 20 01 00 00 00 00 00 84 0e 01 00 00 00 00 00 26 00 00 00 4b 12 00 00 8e 00 00 00 e8 06 00 00 c5 41 00 00 06 09 00 00 03 00 00 00 d6 12 00 00 00 00 00 00 fa 00 00 00
07 10 12 59 10 10 00 68 00 68 00 81 b8 01 71 87 c8 8e f4 0f 01 01 00 03 00 00 00 00 01 00 00 00 00 43 b5 3c 00 00 00 00 00 c9 1b 02 00 00 00 00 00 34 2e 01 00 00 00 00 00 10 20 01 00 00 00 00 00 84 0e 01 00 00 00 00 00 26 00 00 00 4b 12 00 00 8e 00 00 00 e8 06 00 00 c5 41 00 00 06 09 00 00 03 00 00 00 d6 12 00 00 00 00 00 00 fa 00 00 00
07 10 12 59 10 10 00 68 00 68 00 81 b8 de 72 8b c8 8e f4 0f 01 01 00 03 00 00 00 00 01 00 00 00 00 43 b5 3c 00 00 00 00 00 c9 1b 02 00 00 00 00 00 34 2e 01 00 00 00 00 00 10 20 01 00 00 00 00 00 84 0e 01 00 00 00 00 00 26 00 00 00 4b 12 00 00 8e 00 00 00 e9 06 00 00 cb 41 00 00 06 09 00 00 03 00 00 00 d6 12 00 00 00 00 00 00 fa 00 00 00
07 10 12 59 10 10 00 68 00 68 00 81 b8 b1 be 8b c8 8e f4 0f 01 01 00 03 00 00 00 00 01 00 00 00 00 43 b5 3c 00 00 00 00 00 c9 1b 02 00 00 00 00 00 34 2e 01 00 00 00 00 00 10 20 01 00 00 00 00 00 84 0e 01 00 00 00 00 00 26 00 00 00 4b 12 00 00 8e 00 00 00 e9 06 00 00 cb 41 00 00 06 09 00 00 03 00 00 00 d6 12 00 00 00 00 00 00 fa 00 00 00
07 10 12 59 10 10 00 68 00 68 00 81 b8 ce 66 ff c8 8e f4 0f 01 01 00 03 00 00 00 00 01 00 00 00 00 43 b5 3c 00 00 00 00 00 c9 1b 02 00 00 00 00 00 34 2e 01 00 00 00 00 00 10 20 01 00 00 00 00 00 84 0e 01 00 00 00 00 00 26 00 00 00 4b 12 00 00 8e 00 00 00 e9 06 00 00 cb 41 00 00 06 09 00 00 03 00 00 00 d6 12 00 00 00 00 00 00 fa 00 00 00
07 10 12 59 10 10 00 68 00 68 00 81 b8 eb 72 03 c9 8e f4 0f 01 01 00 03 00 00 00 00 01 00 00 00 00 43 b5 3c 00 00 00 00 00 c9 1b 02 00 00 00 00 00 34 2e 01 00 00 00 00 00 10 20 01 00 00 00 00 00 84 0e 01 00 00 00 00 00 26 00 00 00 4b 12 00 00 8e 00 00 00 e9 06 00 00 cb 41 00 00 06 09 00 00 03 00 00 00 d6 12 00 00 00 00 00 00 fa 00 00 00
07 10 12 59 10 10 00 68 00 68 00 81 b8 f7 6e 07 c9 8e f4 0f 01 01 00 03 00 00 00 00 01 00 00 00 00 43 b5 3c 00 00 00 00 00 c9 1b 02 00 00 00 00 00 34 2e 01 00 00 00 00 00 10 20 01 00 00 00 00 00 84 0e 01 00 00 00 00 00 26 00 00 00 4b 12 00 00 8e 00 00 00 e9 06 00 00 cb 41 00 00 06 09 00 00 03 00 00 00 d6 12 00 00 00 00 00 00 fa 00 00 00
07 10 12 59 10 10 00 68 00 68 00 81 b8 e0 72 0b c9 8e f4 0f 01 01 00 03 00 00 00 00 01 00 00 00 00 43 b5 3c 00 00 00 00 00 c9 1b 02 00 00 00 00 00 34 2e 01 00 00 00 00 00 10 20 01 00 00 00 00 00 84 0e 01 00 00 00 00 00 26 00 00 00 4b 12 00 00 8e 00 00 00 ea 06 00 00 d3 41 00 00 06 09 00 00 03 00 00 00 d6 12 00 00 00 00 00 00 fa 00 00 00
07 10 12 59 10 10 00 68 00 68 00 81 b8 f7 be 0b c9 8e f4 0f 01 01 00 03 00 00 00 00 01 00 00 00 00 43 b5 3c 00 00 00 00 00 c9 1b 02 00 00 00 00 00 34 2e 01 00 00 00 00 00 10 20 01 00 00 00 00 00 84 0e 01 00 00 00 00 00 26 00 00 00 4b 12 00 00 8e 00 00 00 ea 06 00 00 d3 41 00 00 06 09 00 00 03 00 00 00 d6 12 00 00 00 00 00 00 fa 00 00 00
07 10 12 59 10 10 00 68 00 68 00 81 b8 c2 63 7f c9 8e f4 0f 01 01 00 03 00 00 00 00 01 00 00 00 00 43 b5 3c 00 00 00 00 00 c9 1b 02 00 00 00 00 00 34 2e 01 00 00 00 00 00 10 20 01 00 00 00 00 00 84 0e 01 00 00 00 00 00 26 00 00 00 4b 12 00 00 8e 00 00 00 ea 06 00 00 d3 41 00 00 06 09 00 00 03 00 00 00 d6 12 00 00 00 00 00 00 fa 00 00 00
07 10 12 59 10 10 00 68 00 68 00 81 b8 51 72 83 c9 8e f4 0f 01 01 00 03 00 00 00 00 01 00 00 00 00 43 b5 3c 00 00 00 00 00 c9 1b 02 00 00 00 00 00 34 2e 01 00 00 00 00 00 10 20 01 00 00 00 00 00 84 0e 01 00 00 00 00 00 26 00 00 00 4b 12 00 00 8e 00 00 00 ea 06 00 00 d3 41 00 00 06 09 00 00 03 00 00 00 d6 12 00 00 00 00 00 00 fa 00 00 00
07 10 12 59 10 10 00 68 00 68 00 81 b8 1c 6f 87 c9 8e f4 0f 01 01 00 03 00 00 00 00 01 00 00 00 00 43 b5 3c 00 00 00 00 00 c9 1b 02 00 00 00 00 00 34 2e 01 00 00 00 00 00 10 20 01 00 00 00 00 00 84 0e 01 00 00 00 00 00 26 00 00 00 4b 12 00 00 8e 00 00 00 ea 06 00 00 d3 41 00 00 06 09 00 00 03 00 00 00 d6 12 00 00 00 00 00 00 fa 00 00 00
07 10 12 59 10 10 00 68 00 68 00 81 b8 41 72 8b c9 8e f4 0f 01 01 00 03 00 00 00 00 01 00 00 00 00 43 b5 3c 00 00 00 00 00 c9 1b 02 00 00 00 00 00 34 2e 01 00 00 00 00 00 10 20 01 00 00 00 00 00 84 0e 01 00 00 00 00 00 26 00 00 00 4b 12 00 00 8e 00 00 00 eb 06 00 00 db 41 00 00 06 09 00 00 03 00 00 00 d6 12 00 00 00 00 00 00 fa 00 00 00
07 10 12 59 10 10 00 68 00 68 00 81 b8 f1 be 8b c9 8e f4 0f 01 01 00 03 00 00 00 00 01 00 00 00 00 43 b5 3c 00 00 00 00 00 c9 1b 02 00 00 00 00 00 34 2e 01 00 00 00 00 00 10 20 01 00 00 00 00 00 84 0e 01 00 00 00 00 00 26 00 00 00 4b 12 00 00 8e 00 00 00 eb 06 00 00 db 41 00 00 06 09 00 00 03 00 00 00 d6 12 00 00 00 00 00 00 fa 00 00 00
07 10 12 59 10 10 00 68 00 68 00 81 b8 d6 66 ff c9 8e f4 0f 01 01 00 03 00 00 00 00 01 00 00 00 00 43 b5 3c 00 00 00 00 00 c9 1b 02 00 00 00 00 00 34 2e 01 00 00 00 00 00 10 20 01 00 00 00 00 00 84 0e 01 00 00 00 00 00 26 00 00 00 4b 12 00 00 8e 00 00 00 eb 06 00 00 db 41 00 00 06 09 00 00 03 00 00 00 d6 12 00 00 00 00 00 00 fa 00 00 00
07 10 12 59 10 10 00 68 00 68 00 81 b8 2e 73 03 ca 8e f4 0f 01 01 00 03 00 00 00 00 01 00 00 00 00 43 b5 3c 00 00 00 00 00 c9 1b 02 00 00 00 00 00 34 2e 01 00 00 00 00 00 10 20 01 00 00 00 00 00 84 0e 01 00 00 00 00 00 26 00 00 00 4b 12 00 00 8e 00 00 00 eb 06 00 00 db 41 00 00 06 09 00 00 03 00 00 00 d6 12 00 00 00 00 00 00 fa 00 00 00
07 10 12 59 10 10 00 68 00 68 00 81 b8 ef 6f 07 ca 8e f4 0f 01 01 00 03 00 00 00 00 01 00 00 00 00 43 b5 3c 00 00 00 00 00 c9 1b 02 00 00 00 00 00 34 2e 01 00 00 00 00 00 10 20 01 00 00 00 00 00 84 0e 01 00 00 00 00 00 26 00 00 00 4b 12 00 00 8e 00 00 00 eb 06 00 00 db 41 00 00 06 09 00 00 03 00 00 00 d6 12 00 00 00 00 00 00 fa 00 00 00
07 10 12 59 10 10 00 68 00 68 00 81 b8 24 6e 0b ca 8e f4 0f 01 01 00 03 00 00 00 00 01 00 00 00 00 43 b5 3c 00 00 00 00 00 c9 1b 02 00 00 00 00 00 34 2e 01 00 00 00 00 00 10 20 01 00 00 00 00 00 84 0e 01 00 00 00 00 00 26 00 00 00 4b 12 00 00 8e 00 00 00 ec 06 00 00 e1 41 00 00 06 09 00 00 03 00 00 00 d6 12 00 00 00 00 00 00 fa 00 00 00
07 10 12 59 10 10 00 68 00 68 00 81 b8 6a 6e 0f ca 8e f4 0f 01 01 00 03 00 00 00 00 01 00 00 00 00 43 b5 3c 00 00 00 00 00 c9 1b 02 00 00 00 00 00 34 2e 01 00 00 00 00 00 10 20 01 00 00 00 00 00 84 0e 01 00 00 00 00 00 26 00 00 00 4b 12 00 00 8e 00 00 00 ec 06 00 00 e1 41 00 00 06 09 00 00 03 00 00 00 d6 12 00 00 00 00 00 00 fa 00 00 00
07 10 12 59 10 10 00 68 00 68 00 81 b8 82 71 13 ca 8e f4 0f 01 01 00 03 00 00 00 00 01 00 00 00 00 43 b5 3c 00 00 00 00 00 c9 1b 02 00 00 00 00 00 34 2e 01 00 00 00 00 00 10 20 01 00 00 00 00 00 84 0e 01 00 00 00 00 00 26 00 00 00 4b 12 00 00 8e 00 00 00 ec 06 00 00 e1 41 00 00 06 09 00 00 03 00 00 00 d6 12 00 00 00 00 00 00 fa 00 00 00
07 10 12 59 10 10 00 68 00 68 00 81 b8 59 6e 17 ca 8e f4 0f 01 01 00 03 00 00 00 00 01 00 00 00 00 43 b5 3c 00 00 00 00 00 c9 1b 02 00 00 00 00 00 34 2e 01 00 00 00 00 00 10 20 01 00 00 00 00 00 84 0e 01 00 00 00 00 00 26 00 00 00 4b 12 00 00 8e 00 00 00 ec 06 00 00 e1 41 00 00 06 09 00 00 03 00 00 00 d6 12 00 00 00 00 00 00 fa 00 00 00
07 10 12 59 10 10 00 68 00 68 00 81 b8 30 78 1b ca 8e f4 0f 01 01 00 03 00 00 00 00 01 00 00 00 00 4f b5 3c 00 00 00 00 00 c9 1b 02 00 00 00 00 00 34 2e 01 00 00 00 00 00 13 20 01 00 00 00 00 00 84 0e 01 00 00 00 00 00 26 00 00 00 4c 12 00 00 8e 00 00 00 ec 06 00 00 e1 41 00 00 06 09 00 00 03 00 00 00 d7 12 00 00 00 00 00 00 fa 00 00 00
07 10 12 59 10 10 00 68 00 68 00 81 b8 d2 76 1f ca 8e f4 0f 01 01 00 03 00 00 00 00 01 00 00 00 00 e8 b5 3c 00 00 00 00 00 c9 1b 02 00 00 00 00 00 3e 2e 01 00 00 00 00 00 16 20 01 00 00 00 00 00 a7 0e 01 00 00 00 00 00 26 00 00 00 4d 12 00 00 8e 00 00 00 ec 06 00 00 e1 41 00 00 07 09 00 00 03 00 00 00 d8 12 00 00 00 00 00 00 fa 00 00 00
07 10 12 59 10 10 00 68 00 68 00 81 b8 1e 72 23 ca 8e f4 0f 01 01 00 03 00 00 00 00 01 00 00 00 00 e8 b5 3c 00 00 00 00 00 c9 1b 02 00 00 00 00 00 3e 2e 01 00 00 00 00 00 16 20 01 00 00 00 00 00 a7 0e 01 00 00 00 00 00 26 00 00 00 4d 12 00 00 8e 00 00 00 ec 06 00 00 e1 41 00 00 07 09 00 00 03 00 00 00 d8 12 00 00 00 00 00 00 fa 00 00 00
07 10 12 59 10 10 00 34 00 34 00 87 b8 ff 1e 25 ca 8e f4 0f 01 06 00 03 00 00 00 00 01 0a 01 64 00 01 00 00 00 01 64 28 18 f6 81 b3 26 80 03 80 0c 01 00 40 21 03 00 21 00 19 ee 02 1c
07 10 12 59 10 10 00 68 00 68 00 81 b8 c6 76 27 ca 8e f4 0f 01 01 00 03 00 00 00 00 01 00 00 00 00 b1 b6 3c 00 00 00 00 00 c9 1b 02 00 00 00 00 00 4b 2e 01 00 00 00 00 00 19 20 01 00 00 00 00 00 a7 0e 01 00 00 00 00 00 26 00 00 00 4e 12 00 00 8e 00 00 00 ec 06 00 00 e1 41 00 00 07 09 00 00 03 00 00 00 d9 12 00 00 00 00 00 00 fa 00 00 00
07 10 12 59 10 10 00 68 00 68 00 81 b8 ad 6f 2b ca 8e f4 0f 01 01 00 03 00 00 00 00 01 00 00 00 00 b1 b6 3c 00 00 00 00 00 c9 1b 02 00 00 00 00 00 4b 2e 01 00 00 00 00 00 19 20 01 00 00 00 00 00 a7 0e 01 00 00 00 00 00 26 00 00 00 4e 12 00 00 8e 00 00 00 ec 06 00 00 e1 41 00 00 07 09 00 00 03 00 00 00 d9 12 00 00 00 00 00 00 fa 00 00 00
07 10 12 59 10 10 00 68 00 68 00 81 b8 ab 6f 2f ca 8e f4 0f 01 01 00 03 00 00 00 00 01 00 00 00 00 b1 b6 3c 00 00 00 00 00 c9 1b 02 00 00 00 00 00 4b 2e 01 00 00 00 00 00 19 20 01 00 00 00 00 00 a7 0e 01 00 00 00 00 00 26 00 00 00 4e 12 00 00 8e 00 00 00 ec 06 00 00 e1 41 00 00 07 09 00 00 03 00 00 00 d9 12 00 00 00 00 00 00 fa 00 00 00
07 10 12 59 10 10 00 68 00 68 00 81 b8 f1 71 33 ca 8e f4 0f 01 01 00 03 00 00 00 00 01 00 00 00 00 b1 b6 3c 00 00 00 00 00 c9 1b 02 00 00 00 00 00 4b 2e 01 00 00 00 00 00 19 20 01 00 00 00 00 00 a7 0e 01 00 00 00 00 00 26 00 00 00 4e 12 00 00 8e 00 00 00 ec 06 00 00 e1 41 00 00 07 09 00 00 03 00 00 00 d9 12 00 00 00 00 00 00 fa 00 00 00
07 10 12 59 10 10 00 68 00 68 00 81 b8 84 6e 37 ca 8e f4 0f 01 01 00 03 00 00 00 00 01 00 00 00 00 b1 b6 3c 00 00 00 00 00 c9 1b 02 00 00 00 00 00 4b 2e 01 00 00 00 00 00 19 20 01 00 00 00 00 00 a7 0e 01 00 00 00 00 00 26 00 00 00 4e 12 00 00 8e 00 00 00 ec 06 00 00 e1 41 00 00 07 09 00 00 03 00 00 00 d9 12 00 00 00 00 00 00 fa 00 00 00
07 10 12 59 10 10 00 68 00 68 00 81 b8 c0 6e 3b ca 8e f4 0f 01 01 00 03 00 00 00 00 01 00 00 00 00 b1 b6 3c 00 00 00 00 00 c9 1b 02 00 00 00 00 00 4b 2e 01 00 00 00 00 00 19 20 01 00 00 00 00 00 a7 0e 01 00 00 00 00 00 26 00 00 00 4e 12 00 00 8e 00 00 00 ec 06 00 00 e1 41 00 00 07 09 00 00 03 00 00 00 d9 12 00 00 00 00 00 00 fa 00 00 00
07 10 12 59 10 10 00 68 00 68 00 81 b8 da 6e 3f ca 8e f4 0f 01 01 00 03 00 00 00 00 01 00 00 00 00 b1 b6 3c 00 00 00 00 00 c9 1b 02 00 00 00 00 00 4b 2e 01 00 00 00 00 00 19 20 01 00 00 00 00 00 a7 0e 01 00 00 00 00 00 26 00 00 00 4e 12 00 00 8e 00 00 00 ec 06 00 00 e1 41 00 00 07 09 00 00 03 00 00 00 d9 12 00 00 00 00 00 00 fa 00 00 00
07 10 12 59 10 10 00 68 00 68 00 81 b8 a9 71 43 ca 8e f4 0f 01 01 00 03 00 00 00 00 01 00 00 00 00 b1 b6 3c 00 00 00 00 00 c9 1b 02 00 00 00 00 00 4b 2e 01 00 00 00 00 00 19 20 01 00 00 00 00 00 a7 0e 01 00 00 00 00 00 26 00 00 00 4e 12 00 00 8e 00 00 00 ec 06 00 00 e1 41 00 00 07 09 00 00 03 00 00 00 d9 12 00 00 00 00 00 00 fa 00 00 00
07 10 12 59 10 10 00 68 00 68 00 81 b8 84 6e 47 ca 8e f4 0f 01 01 00 03 00 00 00 00 01 00 00 00 00 b1 b6 3c 00 00 00 00 00 c9 1b 02 00 00 00 00 00 4b 2e 01 00 00 00 00 00 19 20 01 00 00 00 00 00 a7 0e 01 00 00 00 00 00 26 00 00 00 4e 12 00 00 8e 00 00 00 ec 06 00 00 e1 41 00 00 07 09 00 00 03 00 00 00 d9 12 00 00 00 00 00 00 fa 00 00 00
07 10 12 59 10 10 00 68 00 68 00 81 b8 4d 6d 4b ca 8e f4 0f 01 01 00 03 00 00 00 00 01 00 00 00 00 b1 b6 3c 00 00 00 00 00 c9 1b 02 00 00 00 00 00 4b 2e 01 00 00 00 00 00 19 20 01 00 00 00 00 00 a7 0e 01 00 00 00 00 00 26 00 00 00 4e 12 00 00 8e 00 00 00 ec 06 00 00 e1 41 00 00 07 09 00 00 03 00 00 00 d9 12 00 00 00 00 00 00 fa 00 00 00
07 10 12 59 10 10 00 68 00 68 00 81 b8 86 6f 4f ca 8e f4 0f 01 01 00 03 00 00 00 00 01 00 00 00 00 b1 b6 3c 00 00 00 00 00 c9 1b 02 00 00 00 00 00 4b 2e 01 00 00 00 00 00 19 20 01 00 00 00 00 00 a7 0e 01 00 00 00 00 00 26 00 00 00 4e 12 00 00 8e 00 00 00 ec 06 00 00 e1 41 00 00 07 09 00 00 03 00 00 00 d9 12 00 00 00 00 00 00 fa 00 00 00
07 10 12 59 10 10 00 68 00 68 00 81 b8 36 71 53 ca 8e f4 0f 01 01 00 03 00 00 00 00 01 00 00 00 00 b1 b6 3c 00 00 00 00 00 c9 1b 02 00 00 00 00 00 4b 2e 01 00 00 00 00 00 19 20 01 00 00 00 00 00 a7 0e 01 00 00 00 00 00 26 00 00 00 4e 12 00 00 8e 00 00 00 ec 06 00 00 e1 41 00 00 07 09 00 00 03 00 00 00 d9 12 00 00 00 00 00 00 fa 00 00 00
07 10 12 59 10 10 00 68 00 68 00 81 b8 63 6e 57 ca 8e f4 0f 01 01 00 03 00 00 00 00 01 00 00 00 00 b1 b6 3c 00 00 00 00 00 c9 1b 02 00 00 00 00 00 4b 2e 01 00 00 00 00 00 19 20 01 00 00 00 00 00 a7 0e 01 00 00 00 00 00 26 00 00 00 4e 12 00 00 8e 00 00 00 ec 06 00 00 e1 41 00 00 07 09 00 00 03 00 00 00 d9 12 00 00 00 00 00 00 fa 00 00 00
07 10 12 59 10 10 00 68 00 68 00 81 b8 ce 6d 5b ca 8e f4 0f 01 01 00 03 00 00 00 00 01 00 00 00 00 b1 b6 3c 00 00 00 00 00 c9 1b 02 00 00 00 00 00 4b 2e 01 00 00 00 00 00 19 20 01 00 00 00 00 00 a7 0e 01 00 00 00 00 00 26 00 00 00 4e 12 00 00 8e 00 00 00 ec 06 00 00 e1 41 00 00 07 09 00 00 03 00 00 00 d9 12 00 00 00 00 00 00 fa 00 00 00
07 10 12 59 10 10 00 68 00 68 00 81 b8 0f 6f 5f ca 8e f4 0f 01 01 00 03 00 00 00 00 01 00 00 00 00 b1 b6 3c 00 00 00 00 00 c9 1b 02 00 00 00 00 00 4b 2e 01 00 00 00 00 00 19 20 01 00 00 00 00 00 a7 0e 01 00 00 00 00 00 26 00 00 00 4e 12 00 00 8e 00 00 00 ec 06 00 00 e1 41 00 00 07 09 00 00 03 00 00 00 d9 12 00 00 00 00 00 00 fa 00 00 00
07 10 12 59 10 10 00 68 00 68 00 81 b8 fb 70 63 ca 8e f4 0f 01 01 00 03 00 00 00 00 01 00 00 00 00 b1 b6 3c 00 00 00 00 00 c9 1b 02 00 00 00 00 00 4b 2e 01 00 00 00 00 00 19 20 01 00 00 00 00 00 a7 0e 01 00 00 00 00 00 26 00 00 00 4e 12 00 00 8e 00 00 00 ec 06 00 00 e1 41 00 00 07 09 00 00 03 00 00 00 d9 12 00 00 00 00 00 00 fa 00 00 00
07 10 12 59 10 10 00 68 00 68 00 81 b8 8a 6d 67 ca 8e f4 0f 01 01 00 03 00 00 00 00 01 00 00 00 00 b1 b6 3c 00 00 00 00 00 c9 1b 02 00 00 00 00 00 4b 2e 01 00 00 00 00 00 19 20 01 00 00 00 00 00 a7 0e 01 00 00 00 00 00 26 00 00 00 4e 12 00 00 8e 00 00 00 ec 06 00 00 e1 41 00 00 07 09 00 00 03 00 00 00 d9 12 00 00 00 00 00 00 fa 00 00 00
07 10 12 59 10 10 00 68 00 68 00 81 b8 c6 6d 6b ca 8e f4 0f 01 01 00 03 00 00 00 00 01 00 00 00 00 b1 b6 3c 00 00 00 00 00 c9 1b 02 00 00 00 00 00 4b 2e 01 00 00 00 00 00 19 20 01 00 00 00 00 00 a7 0e 01 00 00 00 00 00 26 00 00 00 4e 12 00 00 8e 00 00 00 ec 06 00 00 e1 41 00 00 07 09 00 00 03 00 00 00 d9 12 00 00 00 00 00 00 fa 00 00 00
07 10 12 59 10 10 00 68 00 68 00 81 b8 de 6e 6f ca 8e f4 0f 01 01 00 03 00 00 00 00 01 00 00 00 00 b1 b6 3c 00 00 00 00 00 c9 1b 02 00 00 00 00 00 4b 2e 01 00 00 00 00 00 19 20 01 00 00 00 00 00 a7 0e 01 00 00 00 00 00 26 00 00 00 4e 12 00 00 8e 00 00 00 ec 06 00 00 e1 41 00 00 07 09 00 00 03 00 00 00 d9 12 00 00 00 00 00 00 fa 00 00 00
07 10 12 59 10 10 00 68 00 68 00 81 b8 24 71 73 ca 8e f4 0f 01 01 00 03 00 00 00 00 01 00 00 00 00 b1 b6 3c 00 00 00 00 00 c9 1b 02 00 00 00 00 00 4b 2e 01 00 00 00 00 00 19 20 01 00 00 00 00 00 a7 0e 01 00 00 00 00 00 26 00 00 00 4e 12 00 00 8e 00 00 00 ec 06 00 00 e1 41 00 00 07 09 00 00 03 00 00 00 d9 12 00 00 00 00 00 00 fa 00 00 00
07 10 12 59 10 10 00 68 00 68 00 81 b8 09 73 77 ca 8e f4 0f 01 01 00 03 00 00 00 00 01 00 00 00 00 b1 b6 3c 00 00 00 00 00 c9 1b 02 00 00 00 00 00 4b 2e 01 00 00 00 00 00 19 20 01 00 00 00 00 00 a7 0e 01 00 00 00 00 00 26 00 00 00 4e 12 00 00 8e 00 00 00 ec 06 00 00 e1 41 00 00 07 09 00 00 03 00 00 00 d9 12 00 00 00 00 00 00 fa 00 00 00
07 10 12 59 10 10 00 68 00 68 00 81 b8 e9 7b 7a ca 8e f4 0f 01 01 00 03 00 00 00 00 01 00 00 00 00 b1 b6 3c 00 00 00 00 00 c9 1b 02 00 00 00 00 00 4b 2e 01 00 00 00 00 00 19 20 01 00 00 00 00 00 a7 0e 01 00 00 00 00 00 26 00 00 00 4e 12 00 00 8e 00 00 00 ec 06 00 00 e1 41 00 00 07 09 00 00 03 00 00 00 d9 12 00 00 00 00 00 00 fa 00 00 00
07 10 12 59 10 10 00 68 00 68 00 81 b8 59 7b 7e ca 8e f4 0f 01 01 00 03 00 00 00 00 01 00 00 00 00 b1 b6 3c 00 00 00 00 00 c9 1b 02 00 00 00 00 00 4b 2e 01 00 00 00 00 00 19 20 01 00 00 00 00 00 a7 0e 01 00 00 00 00 00 26 00 00 00 4e 12 00 00 8e 00 00 00 ec 06 00 00 e1 41 00 00 07 09 00 00 03 00 00 00 d9 12 00 00 00 00 00 00 fa 00 00 00
07 10 12 59 10 10 00 68 00 68 00 81 b8 84 7b 82 ca 8e f4 0f 01 01 00 03 00 00 00 00 01 00 00 00 00 b1 b6 3c 00 00 00 00 00 c9 1b 02 00 00 00 00 00 4b 2e 01 00 00 00 00 00 19 20 01 00 00 00 00 00 a7 0e 01 00 00 00 00 00 26 00 00 00 4e 12 00 00 8e 00 00 00 ec 06 00 00 e1 41 00 00 07 09 00 00 03 00 00 00 d9 12 00 00 00 00 00 00 fa 00 00 00
07 10 12 59 10 10 00 68 00 68 00 81 b8 b3 91 86 ca 8e f4 0f 01 01 00 03 00 00 00 00 01 00 00 00 00 b1 b6 3c 00 00 00 00 00 c9 1b 02 00 00 00 00 00 4b 2e 01 00 00 00 00 00 19 20 01 00 00 00 00 00 a7 0e 01 00 00 00 00 00 26 00 00 00 4e 12 00 00 8e 00 00 00 ec 06 00 00 e1 41 00 00 07 09 00 00 03 00 00 00 d9 12 00 00 00 00 00 00 fa 00 00 00
07 10 12 59 10 10 00 68 00 68 00 81 b8 4d 92 8a ca 8e f4 0f 01 01 00 03 00 00 00 00 01 00 00 00 00 b1 b6 3c 00 00 00 00 00 c9 1b 02 00 00 00 00 00 4b 2e 01 00 00 00 00 00 19 20 01 00 00 00 00 00 a7 0e 01 00 00 00 00 00 26 00 00 00 4e 12 00 00 8e 00 00 00 ed 06 00 00 ea 41 00 00 07 09 00 00 03 00 00 00 d9 12 00 00 00 00 00 00 fa 00 00 00
07 10 12 59 10 10 00 68 00 68 00 81 b8 5f be 8b ca 8e f4 0f 01 01 00 03 00 00 00 00 01 00 00 00 00 b1 b6 3c 00 00 00 00 00 c9 1b 02 00 00 00 00 00 4b 2e 01 00 00 00 00 00 19 20 01 00 00 00 00 00 a7 0e 01 00 00 00 00 00 26 00 00 00 4e 12 00 00 8e 00 00 00 ed 06 00 00 ea 41 00 00 07 09 00 00 03 00 00 00 d9 12 00 00 00 00 00 00 fa 00 00 00
07 10 12 59 10 10 00 68 00 68 00 81 b8 fd 32 04 cb 8e f4 0f 01 01 00 03 00 00 00 00 01 00 00 00 00 b1 b6 3c 00 00 00 00 00 c9 1b 02 00 00 00 00 00 4b 2e 01 00 00 00 00 00 19 20 01 00 00 00 00 00 a7 0e 01 00 00 00 00 00 26 00 00 00 4e 12 00 00 8e 00 00 00 ed 06 00 00 ea 41 00 00 07 09 00 00 03 00 00 00 d9 12 00 00 00 00 00 00 fa 00 00 00
07 10 12 59 10 10 00 68 00 68 00 81 b8 f5 2f 08 cb 8e f4 0f 01 01 00 03 00 00 00 00 01 00 00 00 00 b1 b6 3c 00 00 00 00 00 c9 1b 02 00 00 00 00 00 4b 2e 01 00 00 00 00 00 19 20 01 00 00 00 00 00 a7 0e 01 00 00 00 00 00 26 00 00 00 4e 12 00 00 8e 00 00 00 ed 06 00 00 ea 41 00 00 07 09 00 00 03 00 00 00 d9 12 00 00 00 00 00 00 fa 00 00 00
07 10 12 59 10 10 00 68 00 68 00 81 b8 72 bd 0b cb 8e f4 0f 01 01 00 03 00 00 00 00 01 00 00 00 00 b1 b6 3c 00 00 00 00 00 c9 1b 02 00 00 00 00 00 4b 2e 01 00 00 00 00 00 19 20 01 00 00 00 00 00 a7 0e 01 00 00 00 00 00 26 00 00 00 4e 12 00 00 8e 00 00 00 ee 06 00 00 f2 41 00 00 07 09 00 00 03 00 00 00 d9 12 00 00 00 00 00 00 fa 00 00 00
07 10 12 59 10 10 00 68 00 68 00 81 b8 0f 63 7f cb 8e f4 0f 01 01 00 03 00 00 00 00 01 00 00 00 00 b1 b6 3c 00 00 00 00 00 c9 1b 02 00 00 00 00 00 4b 2e 01 00 00 00 00 00 19 20 01 00 00 00 00 00 a7 0e 01 00 00 00 00 00 26 00 00 00 4e 12 00 00 8e 00 00 00 ee 06 00 00 f2 41 00 00 07 09 00 00 03 00 00 00 d9 12 00 00 00 00 00 00 fa 00 00 00
07 10 12 59 10 10 00 68 00 68 00 81 b8 16 72 83 cb 8e f4 0f 01 01 00 03 00 00 00 00 01 00 00 00 00 b1 b6 3c 00 00 00 00 00 c9 1b 02 00 00 00 00 00 4b 2e 01 00 00 00 00 00 19 20 01 00 00 00 00 00 a7 0e 01 00 00 00 00 00 26 00 00 00 4e 12 00 00 8e 00 00 00 ee 06 00 00 f2 41 00 00 07 09 00 00 03 00 00 00 d9 12 00 00 00 00 00 00 fa 00 00 00
07 10 12 59 10 10 00 68 00 68 00 81 b8 a5 6e 87 cb 8e f4 0f 01 01 00 03 00 00 00 00 01 00 00 00 00 b1 b6 3c 00 00 00 00 00 c9 1b 02 00 00 00 00 00 4b 2e 01 00 00 00 00 00 19 20 01 00 00 00 00 00 a7 0e 01 00 00 00 00 00 26 00 00 00 4e 12 00 00 8e 00 00 00 ee 06 00 00 f2 41 00 00 07 09 00 00 03 00 00 00 d9 12 00 00 00 00 00 00 fa 00 00 00
07 10 12 59 10 10 00 68 00 68 00 81 b8 d4 76 8b cb 8e f4 0f 01 01 00 03 00 00 00 00 01 00 00 00 00 b1 b6 3c 00 00 00 00 00 c9 1b 02 00 00 00 00 00 4b 2e 01 00 00 00 00 00 19 20 01 00 00 00 00 00 a7 0e 01 00 00 00 00 00 26 00 00 00 4e 12 00 00 8e 00 00 00 ef 06 00 00 fb 41 00 00 07 09 00 00 03 00 00 00 d9 12 00 00 00 00 00 00 fa 00 00 00
07 10 12 59 10 10 00 68 00 68 00 81 b8 5d be 8b cb 8e f4 0f 01 01 00 03 00 00 00 00 01 00 00 00 00 b1 b6 3c 00 00 00 00 00 c9 1b 02 00 00 00 00 00 4b 2e 01 00 00 00 00 00 19 20 01 00 00 00 00 00 a7 0e 01 00 00 00 00 00 26 00 00 00 4e 12 00 00 8e 00 00 00 ef 06 00 00 fb 41 00 00 07 09 00 00 03 00 00 00 d9 12 00 00 00 00 00 00 fa 00 00 00
07 10 12 59 10 10 00 68 00 68 00 81 b8 57 34 04 cc 8e f4 0f 01 01 00 03 00 00 00 00 01 00 00 00 00 b1 b6 3c 00 00 00 00 00 c9 1b 02 00 00 00 00 00 4b 2e 01 00 00 00 00 00 19 20 01 00 00 00 00 00 a7 0e 01 00 00 00 00 00 26 00 00 00 4e 12 00 00 8e 00 00 00 ef 06 00 00 fb 41 00 00 07 09 00 00 03 00 00 00 d9 12 00 00 00 00 00 00 fa 00 00 00
07 10 12 59 10 10 00 68 00 68 00 81 b8 c4 2e 08 cc 8e f4 0f 01 01 00 03 00 00 00 00 01 00 00 00 00 b1 b6 3c 00 00 00 00 00 c9 1b 02 00 00 00 00 00 4b 2e 01 00 00 00 00 00 19 20 01 00 00 00 00 00 a7 0e 01 00 00 00 00 00 26 00 00 00 4e 12 00 00 8e 00 00 00 ef 06 00 00 fb 41 00 00 07 09 00 00 03 00 00 00 d9 12 00 00 00 00 00 00 fa 00 00 00
07 10 12 59 10 10 00 68 00 68 00 81 b8 53 be 0b cc 8e f4 0f 01 01 00 03 00 00 00 00 01 00 00 00 00 b1 b6 3c 00 00 00 00 00 c9 1b 02 00 00 00 00 00 4b 2e 01 00 00 00 00 00 19 20 01 00 00 00 00 00 a7 0e 01 00 00 00 00 00 26 00 00 00 4e 12 00 00 8e 00 00 00 f0 06 00 00 01 42 00 00 07 09 00 00 03 00 00 00 d9 12 00 00 00 00 00 00 fa 00 00 00
07 10 12 59 10 10 00 68 00 68 00 81 b8 34 64 7f cc 8e f4 0f 01 01 00 03 00 00 00 00 01 00 00 00 00 b1 b6 3c 00 00 00 00 00 c9 1b 02 00 00 00 00 00 4b 2e 01 00 00 00 00 00 19 20 01 00 00 00 00 00 a7 0e 01 00 00 00 00 00 26 00 00 00 4e 12 00 00 8e 00 00 00 f0 06 00 00 01 42 00 00 07 09 00 00 03 00 00 00 d9 12 00 00 00 00 00 00 fa 00 00 00
07 10 12 59 10 10 00 68 00 68 00 81 b8 0f 72 83 cc 8e f4 0f 01 01 00 03 00 00 00 00 01 00 00 00 00 b1 b6 3c 00 00 00 00 00 c9 1b 02 00 00 00 00 00 4b 2e 01 00 00 00 00 00 19 20 01 00 00 00 00 00 a7 0e 01 00 00 00 00 00 26 00 00 00 4e 12 00 00 8e 00 00 00 f0 06 00 00 01 42 00 00 07 09 00 00 03 00 00 00 d9 12 00 00 00 00 00 00 fa 00 00 00
07 10 12 59 10 10 00 68 00 68 00 81 b8 ce 6e 87 cc 8e f4 0f 01 01 00 03 00 00 00 00 01 00 00 00 00 b1 b6 3c 00 00 00 00 00 c9 1b 02 00 00 00 00 00 4b 2e 01 00 00 00 00 00 19 20 01 00 00 00 00 00 a7 0e 01 00 00 00 00 00 26 00 00 00 4e 12 00 00 8e 00 00 00 f0 06 00 00 01 42 00 00 07 09 00 00 03 00 00 00 d9 12 00 00 00 00 00 00 fa 00 00 00
07 10 12 59 10 10 00 68 00 68 00 81 b8 78 77 8b cc 8e f4 0f 01 01 00 03 00 00 00 00 01 00 00 00 00 b1 b6 3c 00 00 00 00 00 c9 1b 02 00 00 00 00 00 4b 2e 01 00 00 00 00 00 19 20 01 00 00 00 00 00 a7 0e 01 00 00 00 00 00 26 00 00 00 4e 12 00 00 8e 00 00 00 f0 06 00 00 0b 42 00 00 07 09 00 00 03 00 00 00 d9 12 00 00 00 00 00 00 fa 00 00 00
07 10 12 59 10 10 00 68 00 68 00 81 b8 7e be 8b cc 8e f4 0f 01 01 00 03 00 00 00 00 01 00 00 00 00 b1 b6 3c 00 00 00 00 00 c9 1b 02 00 00 00 00 00 4b 2e 01 00 00 00 00 00 19 20 01 00 00 00 00 00 a7 0e 01 00 00 00 00 00 26 00 00 00 4e 12 00 00 8e 00 00 00 f0 06 00 00 0b 42 00 00 07 09 00 00 03 00 00 00 d9 12 00 00 00 00 00 00 fa 00 00 00
07 10 12 59 10 10 00 68 00 68 00 81 b8 59 66 ff cc 8e f4 0f 01 01 00 03 00 00 00 00 01 00 00 00 00 b1 b6 3c 00 00 00 00 00 c9 1b 02 00 00 00 00 00 4b 2e 01 00 00 00 00 00 19 20 01 00 00 00 00 00 a7 0e 01 00 00 00 00 00 26 00 00 00 4e 12 00 00 8e 00 00 00 f0 06 00 00 0b 42 00 00 07 09 00 00 03 00 00 00 d9 12 00 00 00 00 00 00 fa 00 00 00
07 10 12 59 10 10 00 68 00 68 00 81 b8 20 72 03 cd 8e f4 0f 01 01 00 03 00 00 00 00 01 00 00 00 00 b1 b6 3c 00 00 00 00 00 c9 1b 02 00 00 00 00 00 4b 2e 01 00 00 00 00 00 19 20 01 00 00 00 00 00 a7 0e 01 00 00 00 00 00 26 00 00 00 4e 12 00 00 8e 00 00 00 f0 06 00 00 0b 42 00 00 07 09 00 00 03 00 00 00 d9 12 00 00 00 00 00 00 fa 00 00 00
07 10 12 59 10 10 00 68 00 68 00 81 b8 3a 70 07 cd 8e f4 0f 01 01 00 03 00 00 00 00 01 00 00 00 00 b1 b6 3c 00 00 00 00 00 c9 1b 02 00 00 00 00 00 4b 2e 01 00 00 00 00 00 19 20 01 00 00 00 00 00 a7 0e 01 00 00 00 00 00 26 00 00 00 4e 12 00 00 8e 00 00 00 f0 06 00 00 0b 42 00 00 07 09 00 00 03 00 00 00 d9 12 00 00 00 00 00 00 fa 00 00 00
07 10 12 59 10 10 00 68 00 68 00 81 b8 ed 74 0b cd 8e f4 0f 01 01 00 03 00 00 00 00 01 00 00 00 00 b1 b6 3c 00 00 00 00 00 c9 1b 02 00 00 00 00 00 4b 2e 01 00 00 00 00 00 19 20 01 00 00 00 00 00 a7 0e 01 00 00 00 00 00 26 00 00 00 4e 12 00 00 8e 00 00 00 f0 06 00 00 15 42 00 00 07 09 00 00 03 00 00 00 d9 12 00 00 00 00 00 00 fa 00 00 00
07 10 12 59 10 10 00 68 00 68 00 81 b8 9b be 0b cd 8e f4 0f 01 01 00 03 00 00 00 00 01 00 00 00 00 b1 b6 3c 00 00 00 00 00 c9 1b 02 00 00 00 00 00 4b 2e 01 00 00 00 00 00 19 20 01 00 00 00 00 00 a7 0e 01 00 00 00 00 00 26 00 00 00 4e 12 00 00 8e 00 00 00 f0 06 00 00 15 42 00 00 07 09 00 00 03 00 00 00 d9 12 00 00 00 00 00 00 fa 00 00 00
07 10 12 59 10 10 00 68 00 68 00 81 b8 78 61 7f cd 8e f4 0f 01 01 00 03 00 00 00 00 01 00 00 00 00 b1 b6 3c 00 00 00 00 00 c9 1b 02 00 00 00 00 00 4b 2e 01 00 00 00 00 00 19 20 01 00 00 00 00 00 a7 0e 01 00 00 00 00 00 26 00 00 00 4e 12 00 00 8e 00 00 00 f0 06 00 00 15 42 00 00 07 09 00 00 03 00 00 00 d9 12 00 00 00 00 00 00 fa 00 00 00
07 10 12 59 10 10 00 68 00 68 00 81 b8 1e 72 83 cd 8e f4 0f 01 01 00 03 00 00 00 00 01 00 00 00 00 b1 b6 3c 00 00 00 00 00 c9 1b 02 00 00 00 00 00 4b 2e 01 00 00 00 00 00 19 20 01 00 00 00 00 00 a7 0e 01 00 00 00 00 00 26 00 00 00 4e 12 00 00 8e 00 00 00 f0 06 00 00 15 42 00 00 07 09 00 00 03 00 00 00 d9 12 00 00 00 00 00 00 fa 00 00 00
07 10 12 59 10 10 00 68 00 68 00 81 b8 70 6e 87 cd 8e f4 0f 01 01 00 03 00 00 00 00 01 00 00 00 00 b1 b6 3c 00 00 00 00 00 c9 1b 02 00 00 00 00 00 4b 2e 01 00 00 00 00 00 19 20 01 00 00 00 00 00 a7 0e 01 00 00 00 00 00 26 00 00 00 4e 12 00 00 8e 00 00 00 f0 06 00 00 15 42 00 00 07 09 00 00 03 00 00 00 d9 12 00 00 00 00 00 00 fa 00 00 00
07 10 12 59 10 10 00 68 00 68 00 81 b8 b5 76 8b cd 8e f4 0f 01 01 00 03 00 00 00 00 01 00 00 00 00 b1 b6 3c 00 00 00 00 00 c9 1b 02 00 00 00 00 00 4b 2e 01 00 00 00 00 00 19 20 01 00 00 00 00 00 a7 0e 01 00 00 00 00 00 26 00 00 00 4e 12 00 00 8e 00 00 00 f1 06 00 00 1c 42 00 00 07 09 00 00 03 00 00 00 d9 12 00 00 00 00 00 00 fa 00 00 00
07 10 12 59 10 10 00 68 00 68 00 81 b8 70 be 8b cd 8e f4 0f 01 01 00 03 00 00 00 00 01 00 00 00 00 b1 b6 3c 00 00 00 00 00 c9 1b 02 00 00 00 00 00 4b 2e 01 00 00 00 00 00 19 20 01 00 00 00 00 00 a7 0e 01 00 00 00 00 00 26 00 00 00 4e 12 00 00 8e 00 00 00 f1 06 00 00 1c 42 00 00 07 09 00 00 03 00 00 00 d9 12 00 00 00 00 00 00 fa 00 00 00
07 10 12 59 10 10 00 68 00 68 00 81 b8 c8 66 ff cd 8e f4 0f 01 01 00 03 00 00 00 00 01 00 00 00 00 b1 b6 3c 00 00 00 00 00 c9 1b 02 00 00 00 00 00 4b 2e 01 00 00 00 00 00 19 20 01 00 00 00 00 00 a7 0e 01 00 00 00 00 00 26 00 00 00 4e 12 00 00 8e 00 00 00 f1 06 00 00 1c 42 00 00 07 09 00 00 03 00 00 00 d9 12 00 00 00 00 00 00 fa 00 00 00
07 10 12 59 10 10 00 68 00 68 00 81 b8 95 71 03 ce 8e f4 0f 01 01 00 03 00 00 00 00 01 00 00 00 00 b1 b6 3c 00 00 00 00 00 c9 1b 02 00 00 00 00 00 4b 2e 01 00 00 00 00 00 19 20 01 00 00 00 00 00 a7 0e 01 00 00 00 00 00 26 00 00 00 4e 12 00 00 8e 00 00 00 f1 06 00 00 1c 42 00 00 07 09 00 00 03 00 00 00 d9 12 00 00 00 00 00 00 fa 00 00 00
07 10 12 59 10 10 00 68 00 68 00 81 b8 9d 6e 07 ce 8e f4 0f 01 01 00 03 00 00 00 00 01 00 00 00 00 b1 b6 3c 00 00 00 00 00 c9 1b 02 00 00 00 00 00 4b 2e 01 00 00 00 00 00 19 20 01 00 00 00 00 00 a7 0e 01 00 00 00 00 00 26 00 00 00 4e 12 00 00 8e 00 00 00 f1 06 00 00 1c 42 00 00 07 09 00 00 03 00 00 00 d9 12 00 00 00 00 00 00 fa 00 00 00
07 10 12 59 10 10 00 68 00 68 00 81 b8 70 77 0b ce 8e f4 0f 01 01 00 03 00 00 00 00 01 00 00 00 00 b1 b6 3c 00 00 00 00 00 c9 1b 02 00 00 00 00 00 4b 2e 01 00 00 00 00 00 19 20 01 00 00 00 00 00 a7 0e 01 00 00 00 00 00 26 00 00 00 4e 12 00 00 8e 00 00 00 f2 06 00 00 23 42 00 00 07 09 00 00 03 00 00 00 d9 12 00 00 00 00 00 00 fa 00 00 00
07 10 12 59 10 10 00 68 00 68 00 81 b8 59 be 0b ce 8e f4 0f 01 01 00 03 00 00 00 00 01 00 00 00 00 b1 b6 3c 00 00 00 00 00 c9 1b 02 00 00 00 00 00 4b 2e 01 00 00 00 00 00 19 20 01 00 00 00 00 00 a7 0e 01 00 00 00 00 00 26 00 00 00 4e 12 00 00 8e 00 00 00 f2 06 00 00 23 42 00 00 07 09 00 00 03 00 00 00 d9 12 00 00 00 00 00 00 fa 00 00 00
07 10 12 59 10 10 00 68 00 68 00 81 b8 32 63 7f ce 8e f4 0f 01 01 00 03 00 00 00 00 01 00 00 00 00 b1 b6 3c 00 00 00 00 00 c9 1b 02 00 00 00 00 00 4b 2e 01 00 00 00 00 00 19 20 01 00 00 00 00 00 a7 0e 01 00 00 00 00 00 26 00 00 00 4e 12 00 00 8e 00 00 00 f2 06 00 00 23 42 00 00 07 09 00 00 03 00 00 00 d9 12 00 00 00 00 00 00 fa 00 00 00
07 10 12 59 10 10 00 68 00 68 00 81 b8 1c 72 83 ce 8e f4 0f 01 01 00 03 00 00 00 00 01 00 00 00 00 b1 b6 3c 00 00 00 00 00 c9 1b 02 00 00 00 00 00 4b 2e 01 00 00 00 00 00 19 20 01 00 00 00 00 00 a7 0e 01 00 00 00 00 00 26 00 00 00 4e 12 00 00 8e 00 00 00 f2 06 00 00 23 42 00 00 07 09 00 00 03 00 00 00 d9 12 00 00 00 00 00 00 fa 00 00 00
07 10 12 59 10 10 00 68 00 68 00 81 b8 11 6f 87 ce 8e f4 0f 01 01 00 03 00 00 00 00 01 00 00 00 00 b1 b6 3c 00 00 00 00 00 c9 1b 02 00 00 00 00 00 4b 2e 01 00 00 00 00 00 19 20 01 00 00 00 00 00 a7 0e 01 00 00 00 00 00 26 00 00 00 4e 12 00 00 8e 00 00 00 f2 06 00 00 23 42 00 00 07 09 00 00 03 00 00 00 d9 12 00 00 00 00 00 00 fa 00 00 00
07 10 12 59 10 10 00 68 00 68 00 81 b8 28 78 8b ce 8e f4 0f 01 01 00 03 00 00 00 00 01 00 00 00 00 b1 b6 3c 00 00 00 00 00 c9 1b 02 00 00 00 00 00 4b 2e 01 00 00 00 00 00 19 20 01 00 00 00 00 00 a7 0e 01 00 00 00 00 00 26 00 00 00 4e 12 00 00 8e 00 00 00 f3 06 00 00 2a 42 00 00 07 09 00 00 03 00 00 00 d9 12 00 00 00 00 00 00 fa 00 00 00
07 10 12 59 10 10 00 68 00 68 00 81 b8 e6 be 8b ce 8e f4 0f 01 01 00 03 00 00 00 00 01 00 00 00 00 b1 b6 3c 00 00 00 00 00 c9 1b 02 00 00 00 00 00 4b 2e 01 00 00 00 00 00 19 20 01 00 00 00 00 00 a7 0e 01 00 00 00 00 00 26 00 00 00 4e 12 00 00 8e 00 00 00 f3 06 00 00 2a 42 00 00 07 09 00 00 03 00 00 00 d9 12 00 00 00 00 00 00 fa 00 00 00
07 10 12 59 10 10 00 68 00 68 00 81 b8 dc 66 ff ce 8e f4 0f 01 01 00 03 00 00 00 00 01 00 00 00 00 b1 b6 3c 00 00 00 00 00 c9 1b 02 00 00 00 00 00 4b 2e 01 00 00 00 00 00 19 20 01 00 00 00 00 00 a7 0e 01 00 00 00 00 00 26 00 00 00 4e 12 00 00 8e 00 00 00 f3 06 00 00 2a 42 00 00 07 09 00 00 03 00 00 00 d9 12 00 00 00 00 00 00 fa 00 00 00
07 10 12 59 10 10 00 68 00 68 00 81 b8 ed 71 03 cf 8e f4 0f 01 01 00 03 00 00 00 00 01 00 00 00 00 b1 b6 3c 00 00 00 00 00 c9 1b 02 00 00 00 00 00 4b 2e 01 00 00 00 00 00 19 20 01 00 00 00 00 00 a7 0e 01 00 00 00 00 00 26 00 00 00 4e 12 00 00 8e 00 00 00 f3 06 00 00 2a 42 00 00 07 09 00 00 03 00 00 00 d9 12 00 00 00 00 00 00 fa 00 00 00
07 10 12 59 10 10 00 68 00 68 00 81 b8 26 72 07 cf 8e f4 0f 01 01 00 03 00 00 00 00 01 00 00 00 00 b1 b6 3c 00 00 00 00 00 c9 1b 02 00 00 00 00 00 4b 2e 01 00 00 00 00 00 19 20 01 00 00 00 00 00 a7 0e 01 00 00 00 00 00 26 00 00 00 4e 12 00 00 8e 00 00 00 f3 06 00 00 2a 42 00 00 07 09 00 00 03 00 00 00 d9 12 00 00 00 00 00 00 fa 00 00 00
07 10 12 59 10 10 00 34 00 34 00 87 b8 ab 30 08 cf 8e f4 0f 01 06 00 03 00 00 00 00 01 02 01 01 01 01 00 00 00 01 01 09 18 f6 81 b3 26 40 01 80 1c 03 00 50 00 83 00 21 00 18 ee 02 1c
07 10 12 59 10 10 00 68 00 68 00 81 b8 a9 76 0b cf 8e f4 0f 01 01 00 03 00 00 00 00 01 00 00 00 00 b1 b6 3c 00 00 00 00 00 c9 1b 02 00 00 00 00 00 4b 2e 01 00 00 00 00 00 19 20 01 00 00 00 00 00 a7 0e 01 00 00 00 00 00 26 00 00 00 4e 12 00 00 8e 00 00 00 f4 06 00 00 31 42 00 00 07 09 00 00 03 00 00 00 d9 12 00 00 00 00 00 00 fa 00 00 00
07 10 12 59 10 10 00 68 00 68 00 81 b8 22 be 0b cf 8e f4 0f 01 01 00 03 00 00 00 00 01 00 00 00 00 b1 b6 3c 00 00 00 00 00 c9 1b 02 00 00 00 00 00 4b 2e 01 00 00 00 00 00 19 20 01 00 00 00 00 00 a7 0e 01 00 00 00 00 00 26 00 00 00 4e 12 00 00 8e 00 00 00 f4 06 00 00 31 42 00 00 07 09 00 00 03 00 00 00 d9 12 00 00 00 00 00 00 fa 00 00 00
07 10 12 59 10 10 00 68 00 68 00 81 b8 e4 62 7f cf 8e f4 0f 01 01 00 03 00 00 00 00 01 00 00 00 00 b1 b6 3c 00 00 00 00 00 c9 1b 02 00 00 00 00 00 4b 2e 01 00 00 00 00 00 19 20 01 00 00 00 00 00 a7 0e 01 00 00 00 00 00 26 00 00 00 4e 12 00 00 8e 00 00 00 f4 06 00 00 31 42 00 00 07 09 00 00 03 00 00 00 d9 12 00 00 00 00 00 00 fa 00 00 00
07 10 12 59 10 10 00 68 00 68 00 81 b8 c0 71 83 cf 8e f4 0f 01 01 00 03 00 00 00 00 01 00 00 00 00 b1 b6 3c 00 00 00 00 00 c9 1b 02 00 00 00 00 00 4b 2e 01 00 00 00 00 00 19 20 01 00 00 00 00 00 a7 0e 01 00 00 00 00 00 26 00 00 00 4e 12 00 00 8e 00 00 00 f4 06 00 00 31 42 00 00 07 09 00 00 03 00 00 00 d9 12 00 00 00 00 00 00 fa 00 00 00
07 10 12 59 10 10 00 68 00 68 00 81 b8 b3 6e 87 cf 8e f4 0f 01 01 00 03 00 00 00 00 01 00 00 00 00 b1 b6 3c 00 00 00 00 00 c9 1b 02 00 00 00 00 00 4b 2e 01 00 00 00 00 00 19 20 01 00 00 00 00 00 a7 0e 01 00 00 00 00 00 26 00 00 00 4e 12 00 00 8e 00 00 00 f4 06 00 00 31 42 00 00 07 09 00 00 03 00 00 00 d9 12 00 00 00 00 00 00 fa 00 00 00
07 10 12 59 10 10 00 68 00 68 00 81 b8 e9 76 8b cf 8e f4 0f 01 01 00 03 00 00 00 00 01 00 00 00 00 b1 b6 3c 00 00 00 00 00 c9 1b 02 00 00 00 00 00 4b 2e 01 00 00 00 00 00 19 20 01 00 00 00 00 00 a7 0e 01 00 00 00 00 00 26 00 00 00 4e 12 00 00 8e 00 00 00 f5 06 00 00 3b 42 00 00 07 09 00 00 03 00 00 00 d9 12 00 00 00 00 00 00 fa 00 00 00
07 10 12 59 10 10 00 68 00 68 00 81 b8 1c bf 8b cf 8e f4 0f 01 01 00 03 00 00 00 00 01 00 00 00 00 b1 b6 3c 00 00 00 00 00 c9 1b 02 00 00 00 00 00 4b 2e 01 00 00 00 00 00 19 20 01 00 00 00 00 00 a7 0e 01 00 00 00 00 00 26 00 00 00 4e 12 00 00 8e 00 00 00 f5 06 00 00 3b 42 00 00 07 09 00 00 03 00 00 00 d9 12 00 00 00 00 00 00 fa 00 00 00
07 10 12 59 10 10 00 68 00 68 00 81 b8 f9 65 ff cf 8e f4 0f 01 01 00 03 00 00 00 00 01 00 00 00 00 b1 b6 3c 00 00 00 00 00 c9 1b 02 00 00 00 00 00 4b 2e 01 00 00 00 00 00 19 20 01 00 00 00 00 00 a7 0e 01 00 00 00 00 00 26 00 00 00 4e 12 00 00 8e 00 00 00 f5 06 00 00 3b 42 00 00 07 09 00 00 03 00 00 00 d9 12 00 00 00 00 00 00 fa 00 00 00
07 10 12 59 10 10 00 68 00 68 00 81 b8 a9 71 03 d0 8e f4 0f 01 01 00 03 00 00 00 00 01 00 00 00 00 b1 b6 3c 00 00 00 00 00 c9 1b 02 00 00 00 00 00 4b 2e 01 00 00 00 00 00 19 20 01 00 00 00 00 00 a7 0e 01 00 00 00 00 00 26 00 00 00 4e 12 00 00 8e 00 00 00 f5 06 00 00 3b 42 00 00 07 09 00 00 03 00 00 00 d9 12 00 00 00 00 00 00 fa 00 00 00
07 10 12 59 10 10 00 68 00 68 00 81 b8 20 6e 07 d0 8e f4 0f 01 01 00 03 00 00 00 00 01 00 00 00 00 b1 b6 3c 00 00 00 00 00 c9 1b 02 00 00 00 00 00 4b 2e 01 00 00 00 00 00 19 20 01 00 00 00 00 00 a7 0e 01 00 00 00 00 00 26 00 00 00 4e 12 00 00 8e 00 00 00 f5 06 00 00 3b 42 00 00 07 09 00 00 03 00 00 00 d9 12 00 00 00 00 00 00 fa 00 00 00
07 10 12 59 10 10 00 68 00 68 00 81 b8 fb 79 0b d0 8e f4 0f 01 01 00 03 00 00 00 00 01 00 00 00 00 b1 b6 3c 00 00 00 00 00 c9 1b 02 00 00 00 00 00 4b 2e 01 00 00 00 00 00 19 20 01 00 00 00 00 00 a7 0e 01 00 00 00 00 00 26 00 00 00 4e 12 00 00 8e 00 00 00 f6 06 00 00 43 42 00 00 07 09 00 00 03 00 00 00 d9 12 00 00 00 00 00 00 fa 00 00 00
07 10 12 59 10 10 00 68 00 68 00 81 b8 30 be 0b d0 8e f4 0f 01 01 00 03 00 00 00 00 01 00 00 00 00 b1 b6 3c 00 00 00 00 00 c9 1b 02 00 00 00 00 00 4b 2e 01 00 00 00 00 00 19 20 01 00 00 00 00 00 a7 0e 01 00 00 00 00 00 26 00 00 00 4e 12 00 00 8e 00 00 00 f6 06 00 00 43 42 00 00 07 09 00 00 03 00 00 00 d9 12 00 00 00 00 00 00 fa 00 00 00
07 10 12 59 10 10 00 68 00 68 00 81 b8 ad 62 7f d0 8e f4 0f 01 01 00 03 00 00 00 00 01 00 00 00 00 b1 b6 3c 00 00 00 00 00 c9 1b 02 00 00 00 00 00 4b 2e 01 00 00 00 00 00 19 20 01 00 00 00 00 00 a7 0e 01 00 00 00 00 00 26 00 00 00 4e 12 00 00 8e 00 00 00 f6 06 00 00 43 42 00 00 07 09 00 00 03 00 00 00 d9 12 00 00 00 00 00 00 fa 00 00 00
07 10 12 59 10 10 00 68 00 68 00 81 b8 8c 71 83 d0 8e f4 0f 01 01 00 03 00 00 00 00 01 00 00 00 00 b1 b6 3c 00 00 00 00 00 c9 1b 02 00 00 00 00 00 4b 2e 01 00 00 00 00 00 19 20 01 00 00 00 00 00 a7 0e 01 00 00 00 00 00 26 00 00 00 4e 12 00 00 8e 00 00 00 f6 06 00 00 43 42 00 00 07 09 00 00 03 00 00 00 d9 12 00 00 00 00 00 00 fa 00 00 00
07 10 12 59 10 10 00 68 00 68 00 81 b8 de 6e 87 d0 8e f4 0f 01 01 00 03 00 00 00 00 01 00 00 00 00 b1 b6 3c 00 00 00 00 00 c9 1b 02 00 00 00 00 00 4b 2e 01 00 00 00 00 00 19 20 01 00 00 00 00 00 a7 0e 01 00 00 00 00 00 26 00 00 00 4e 12 00 00 8e 00 00 00 f6 06 00 00 43 42 00 00 07 09 00 00 03 00 00 00 d9 12 00 00 00 00 00 00 fa 00 00 00
07 10 12 59 10 10 00 68 00 68 00 81 b8 99 77 8b d0 8e f4 0f 01 01 00 03 00 00 00 00 01 00 00 00 00 b1 b6 3c 00 00 00 00 00 c9 1b 02 00 00 00 00 00 4b 2e 01 00 00 00 00 00 19 20 01 00 00 00 00 00 a7 0e 01 00 00 00 00 00 26 00 00 00 4e 12 00 00 8e 00 00 00 f7 06 00 00 4b 42 00 00 07 09 00 00 03 00 00 00 d9 12 00 00 00 00 00 00 fa 00 00 00
07 10 12 59 10 10 00 68 00 68 00 81 b8 0f bf 8b d0 8e f4 0f 01 01 00 03 00 00 00 00 01 00 00 00 00 b1 b6 3c 00 00 00 00 00 c9 1b 02 00 00 00 00 00 4b 2e 01 00 00 00 00 00 19 20 01 00 00 00 00 00 a7 0e 01 00 00 00 00 00 26 00 00 00 4e 12 00 00 8e 00 00 00 f7 06 00 00 4b 42 00 00 07 09 00 00 03 00 00 00 d9 12 00 00 00 00 00 00 fa 00 00 00
07 10 12 59 10 10 00 68 00 68 00 81 b8 c6 66 ff d0 8e f4 0f 01 01 00 03 00 00 00 00 01 00 00 00 00 b1 b6 3c 00 00 00 00 00 c9 1b 02 00 00 00 00 00 4b 2e 01 00 00 00 00 00 19 20 01 00 00 00 00 00 a7 0e 01 00 00 00 00 00 26 00 00 00 4e 12 00 00 8e 00 00 00 f7 06 00 00 4b 42 00 00 07 09 00 00 03 00 00 00 d9 12 00 00 00 00 00 00 fa 00 00 00
07 10 12 59 10 10 00 68 00 68 00 81 b8 a3 71 03 d1 8e f4 0f 01 01 00 03 00 00 00 00 01 00 00 00 00 b1 b6 3c 00 00 00 00 00 c9 1b 02 00 00 00 00 00 4b 2e 01 00 00 00 00 00 19 20 01 00 00 00 00 00 a7 0e 01 00 00 00 00 00 26 00 00 00 4e 12 00 00 8e 00 00 00 f7 06 00 00 4b 42 00 00 07 09 00 00 03 00 00 00 d9 12 00 00 00 00 00 00 fa 00 00 00
07 10 12 59 10 10 00 68 00 68 00 81 b8 20 6e 07 d1 8e f4 0f 01 01 00 03 00 00 00 00 01 00 00 00 00 b1 b6 3c 00 00 00 00 00 c9 1b 02 00 00 00 00 00 4b 2e 01 00 00 00 00 00 19 20 01 00 00 00 00 00 a7 0e 01 00 00 00 00 00 26 00 00 00 4e 12 00 00 8e 00 00 00 f7 06 00 00 4b 42 00 00 07 09 00 00 03 00 00 00 d9 12 00 00 00 00 00 00 fa 00 00 00
07 10 12 59 11 10 00 68 00 68 00 81 b8 8e 75 0b d1 8e f4 0f 01 01 00 03 00 00 00 00 01 00 00 00 00 b1 b6 3c 00 00 00 00 00 c9 1b 02 00 00 00 00 00 4b 2e 01 00 00 00 00 00 19 20 01 00 00 00 00 00 a7 0e 01 00 00 00 00 00 26 00 00 00 4e 12 00 00 8e 00 00 00 f8 06 00 00 52 42 00 00 07 09 00 00 03 00 00 00 d9 12 00 00 00 00 00 00 fa 00 00 00
07 10 12 59 11 10 00 68 00 68 00 81 b8 51 bd 0b d1 8e f4 0f 01 01 00 03 00 00 00 00 01 00 00 00 00 b1 b6 3c 00 00 00 00 00 c9 1b 02 00 00 00 00 00 4b 2e 01 00 00 00 00 00 19 20 01 00 00 00 00 00 a7 0e 01 00 00 00 00 00 26 00 00 00 4e 12 00 00 8e 00 00 00 f8 06 00 00 52 42 00 00 07 09 00 00 03 00 00 00 d9 12 00 00 00 00 00 00 fa 00 00 00
07 10 12 59 11 10 00 68 00 68 00 81 b8 9f 61 7f d1 8e f4 0f 01 01 00 03 00 00 00 00 01 00 00 00 00 b1 b6 3c 00 00 00 00 00 c9 1b 02 00 00 00 00 00 4b 2e 01 00 00 00 00 00 19 20 01 00 00 00 00 00 a7 0e 01 00 00 00 00 00 26 00 00 00 4e 12 00 00 8e 00 00 00 f8 06 00 00 52 42 00 00 07 09 00 00 03 00 00 00 d9 12 00 00 00 00 00 00 fa 00 00 00
07 10 12 59 11 10 00 68 00 68 00 81 b8 59 71 83 d1 8e f4 0f 01 01 00 03 00 00 00 00 01 00 00 00 00 b1 b6 3c 00 00 00 00 00 c9 1b 02 00 00 00 00 00 4b 2e 01 00 00 00 00 00 19 20 01 00 00 00 00 00 a7 0e 01 00 00 00 00 00 26 00 00 00 4e 12 00 00 8e 00 00 00 f8 06 00 00 52 42 00 00 07 09 00 00 03 00 00 00 d9 12 00 00 00 00 00 00 fa 00 00 00
07 10 12 59 11 10 00 68 00 68 00 81 b8 3c 6e 87 d1 8e f4 0f 01 01 00 03 00 00 00 00 01 00 00 00 00 b1 b6 3c 00 00 00 00 00 c9 1b 02 00 00 00 00 00 4b 2e 01 00 00 00 00 00 19 20 01 00 00 00 00 00 a7 0e 01 00 00 00 00 00 26 00 00 00 4e 12 00 00 8e 00 00 00 f8 06 00 00 52 42 00 00 07 09 00 00 03 00 00 00 d9 12 00 00 00 00 00 00 fa 00 00 00
07 10 12 59 11 10 00 68 00 68 00 81 b8 6e 76 8b d1 8e f4 0f 01 01 00 03 00 00 00 00 01 00 00 00 00 b1 b6 3c 00 00 00 00 00 c9 1b 02 00 00 00 00 00 4b 2e 01 00 00 00 00 00 19 20 01 00 00 00 00 00 a7 0e 01 00 00 00 00 00 26 00 00 00 4e 12 00 00 8e 00 00 00 f9 06 00 00 5b 42 00 00 07 09 00 00 03 00 00 00 d9 12 00 00 00 00 00 00 fa 00 00 00
07 10 12 59 11 10 00 68 00 68 00 81 b8 c8 bc 8b d1 8e f4 0f 01 01 00 03 00 00 00 00 01 00 00 00 00 b1 b6 3c 00 00 00 00 00 c9 1b 02 00 00 00 00 00 4b 2e 01 00 00 00 00 00 19 20 01 00 00 00 00 00 a7 0e 01 00 00 00 00 00 26 00 00 00 4e 12 00 00 8e 00 00 00 f9 06 00 00 5b 42 00 00 07 09 00 00 03 00 00 00 d9 12 00 00 00 00 00 00 fa 00 00 00
07 10 12 59 11 10 00 68 00 68 00 81 b8 99 62 ff d1 8e f4 0f 01 01 00 03 00 00 00 00 01 00 00 00 00 b1 b6 3c 00 00 00 00 00 c9 1b 02 00 00 00 00 00 4b 2e 01 00 00 00 00 00 19 20 01 00 00 00 00 00 a7 0e 01 00 00 00 00 00 26 00 00 00 4e 12 00 00 8e 00 00 00 f9 06 00 00 5b 42 00 00 07 09 00 00 03 00 00 00 d9 12 00 00 00 00 00 00 fa 00 00 00
07 10 12 59 11 10 00 68 00 68 00 81 b8 de 71 03 d2 8e f4 0f 01 01 00 03 00 00 00 00 01 00 00 00 00 b1 b6 3c 00 00 00 00 00 c9 1b 02 00 00 00 00 00 4b 2e 01 00 00 00 00 00 19 20 01 00 00 00 00 00 a7 0e 01 00 00 00 00 00 26 00 00 00 4e 12 00 00 8e 00 00 00 f9 06 00 00 5b 42 00 00 07 09 00 00 03 00 00 00 d9 12 00 00 00 00 00 00 fa 00 00 00
07 10 12 59 11 10 00 68 00 68 00 81 b8 09 6e 07 d2 8e f4 0f 01 01 00 03 00 00 00 00 01 00 00 00 00 b1 b6 3c 00 00 00 00 00 c9 1b 02 00 00 00 00 00 4b 2e 01 00 00 00 00 00 19 20 01 00 00 00 00 00 a7 0e 01 00 00 00 00 00 26 00 00 00 4e 12 00 00 8e 00 00 00 f9 06 00 00 5b 42 00 00 07 09 00 00 03 00 00 00 d9 12 00 00 00 00 00 00 fa 00 00 00
07 10 12 59 11 10 00 68 00 68 00 81 b8 0d 75 0b d2 8e f4 0f 01 01 00 03 00 00 00 00 01 00 00 00 00 b1 b6 3c 00 00 00 00 00 c9 1b 02 00 00 00 00 00 4b 2e 01 00 00 00 00 00 19 20 01 00 00 00 00 00 a7 0e 01 00 00 00 00 00 26 00 00 00 4e 12 00 00 8e 00 00 00 fa 06 00 00 63 42 00 00 07 09 00 00 03 00 00 00 d9 12 00 00 00 00 00 00 fa 00 00 00
07 10 12 59 11 10 00 68 00 68 00 81 b8 c8 bd 0b d2 8e f4 0f 01 01 00 03 00 00 00 00 01 00 00 00 00 b1 b6 3c 00 00 00 00 00 c9 1b 02 00 00 00 00 00 4b 2e 01 00 00 00 00 00 19 20 01 00 00 00 00 00 a7 0e 01 00 00 00 00 00 26 00 00 00 4e 12 00 00 8e 00 00 00 fa 06 00 00 63 42 00 00 07 09 00 00 03 00 00 00 d9 12 00 00 00 00 00 00 fa 00 00 00
07 10 12 59 11 10 00 68 00 68 00 81 b8 b1 62 7f d2 8e f4 0f 01 01 00 03 00 00 00 00 01 00 00 00 00 b1 b6 3c 00 00 00 00 00 c9 1b 02 00 00 00 00 00 4b 2e 01 00 00 00 00 00 19 20 01 00 00 00 00 00 a7 0e 01 00 00 00 00 00 26 00 00 00 4e 12 00 00 8e 00 00 00 fa 06 00 00 63 42 00 00 07 09 00 00 03 00 00 00 d9 12 00 00 00 00 00 00 fa 00 00 00
07 10 12 59 11 10 00 68 00 68 00 81 b8 09 71 83 d2 8e f4 0f 01 01 00 03 00 00 00 00 01 00 00 00 00 b1 b6 3c 00 00 00 00 00 c9 1b 02 00 00 00 00 00 4b 2e 01 00 00 00 00 00 19 20 01 00 00 00 00 00 a7 0e 01 00 00 00 00 00 26 00 00 00 4e 12 00 00 8e 00 00 00 fa 06 00 00 63 42 00 00 07 09 00 00 03 00 00 00 d9 12 00 00 00 00 00 00 fa 00 00 00
07 10 12 59 11 10 00 68 00 68 00 81 b8 59 6e 87 d2 8e f4 0f 01 01 00 03 00 00 00 00 01 00 00 00 00 b1 b6 3c 00 00 00 00 00 c9 1b 02 00 00 00 00 00 4b 2e 01 00 00 00 00 00 19 20 01 00 00 00 00 00 a7 0e 01 00 00 00 00 00 26 00 00 00 4e 12 00 00 8e 00 00 00 fa 06 00 00 63 42 00 00 07 09 00 00 03 00 00 00 d9 12 00 00 00 00 00 00 fa 00 00 00
07 10 12 59 11 10 00 68 00 68 00 81 b8 b7 78 8b d2 8e f4 0f 01 01 00 03 00 00 00 00 01 00 00 00 00 b1 b6 3c 00 00 00 00 00 c9 1b 02 00 00 00 00 00 4b 2e 01 00 00 00 00 00 19 20 01 00 00 00 00 00 a7 0e 01 00 00 00 00 00 26 00 00 00 4e 12 00 00 8e 00 00 00 fb 06 00 00 69 42 00 00 07 09 00 00 03 00 00 00 d9 12 00 00 00 00 00 00 fa 00 00 00
07 10 12 59 11 10 00 68 00 68 00 81 b8 9d be 8b d2 8e f4 0f 01 01 00 03 00 00 00 00 01 00 00 00 00 b1 b6 3c 00 00 00 00 00 c9 1b 02 00 00 00 00 00 4b 2e 01 00 00 00 00 00 19 20 01 00 00 00 00 00 a7 0e 01 00 00 00 00 00 26 00 00 00 4e 12 00 00 8e 00 00 00 fb 06 00 00 69 42 00 00 07 09 00 00 03 00 00 00 d9 12 00 00 00 00 00 00 fa 00 00 00
07 10 12 59 11 10 00 68 00 68 00 81 b8 af 64 ff d2 8e f4 0f 01 01 00 03 00 00 00 00 01 00 00 00 00 b1 b6 3c 00 00 00 00 00 c9 1b 02 00 00 00 00 00 4b 2e 01 00 00 00 00 00 19 20 01 00 00 00 00 00 a7 0e 01 00 00 00 00 00 26 00 00 00 4e 12 00 00 8e 00 00 00 fb 06 00 00 69 42 00 00 07 09 00 00 03 00 00 00 d9 12 00 00 00 00 00 00 fa 00 00 00
07 10 12 59 11 10 00 68 00 68 00 81 b8 a3 71 03 d3 8e f4 0f 01 01 00 03 00 00 00 00 01 00 00 00 00 b1 b6 3c 00 00 00 00 00 c9 1b 02 00 00 00 00 00 4b 2e 01 00 00 00 00 00 19 20 01 00 00 00 00 00 a7 0e 01 00 00 00 00 00 26 00 00 00 4e 12 00 00 8e 00 00 00 fb 06 00 00 69 42 00 00 07 09 00 00 03 00 00 00 d9 12 00 00 00 00 00 00 fa 00 00 00
07 10 12 59 11 10 00 68 00 68 00 81 b8 95 70 07 d3 8e f4 0f 01 01 00 03 00 00 00 00 01 00 00 00 00 b1 b6 3c 00 00 00 00 00 c9 1b 02 00 00 00 00 00 4b 2e 01 00 00 00 00 00 19 20 01 00 00 00 00 00 a7 0e 01 00 00 00 00 00 26 00 00 00 4e 12 00 00 8e 00 00 00 fb 06 00 00 69 42 00 00 07 09 00 00 03 00 00 00 d9 12 00 00 00 00 00 00 fa 00 00 00
07 10 12 59 11 10 00 34 00 34 00 87 b8 bb 30 08 d3 8e f4 0f 01 06 00 03 00 00 00 00 01 02 01 81 01 01 00 00 00 01 81 09 18 f6 81 b3 26 40 01 80 1c 03 00 50 00 83 00 21 00 18 ee 02 1c
07 10 12 59 11 10 00 68 00 68 00 81 b8 ed 75 0b d3 8e f4 0f 01 01 00 03 00 00 00 00 01 00 00 00 00 b1 b6 3c 00 00 00 00 00 c9 1b 02 00 00 00 00 00 4b 2e 01 00 00 00 00 00 19 20 01 00 00 00 00 00 a7 0e 01 00 00 00 00 00 26 00 00 00 4e 12 00 00 8e 00 00 00 fb 06 00 00 73 42 00 00 07 09 00 00 03 00 00 00 d9 12 00 00 00 00 00 00 fa 00 00 00
07 10 12 59 11 10 00 68 00 68 00 81 b8 a1 bd 0b d3 8e f4 0f 01 01 00 03 00 00 00 00 01 00 00 00 00 b1 b6 3c 00 00 00 00 00 c9 1b 02 00 00 00 00 00 4b 2e 01 00 00 00 00 00 19 20 01 00 00 00 00 00 a7 0e 01 00 00 00 00 00 26 00 00 00 4e 12 00 00 8e 00 00 00 fb 06 00 00 73 42 00 00 07 09 00 00 03 00 00 00 d9 12 00 00 00 00 00 00 fa 00 00 00
07 10 12 59 11 10 00 68 00 68 00 81 b8 0b 63 7f d3 8e f4 0f 01 01 00 03 00 00 00 00 01 00 00 00 00 b1 b6 3c 00 00 00 00 00 c9 1b 02 00 00 00 00 00 4b 2e 01 00 00 00 00 00 19 20 01 00 00 00 00 00 a7 0e 01 00 00 00 00 00 26 00 00 00 4e 12 00 00 8e 00 00 00 fb 06 00 00 73 42 00 00 07 09 00 00 03 00 00 00 d9 12 00 00 00 00 00 00 fa 00 00 00
07 10 12 59 11 10 00 68 00 68 00 81 b8 ad 70 83 d3 8e f4 0f 01 01 00 03 00 00 00 00 01 00 00 00 00 b1 b6 3c 00 00 00 00 00 c9 1b 02 00 00 00 00 00 4b 2e 01 00 00 00 00 00 19 20 01 00 00 00 00 00 a7 0e 01 00 00 00 00 00 26 00 00 00 4e 12 00 00 8e 00 00 00 fb 06 00 00 73 42 00 00 07 09 00 00 03 00 00 00 d9 12 00 00 00 00 00 00 fa 00 00 00
07 10 12 59 11 10 00 68 00 68 00 81 b8 3c 6e 87 d3 8e f4 0f 01 01 00 03 00 00 00 00 01 00 00 00 00 b1 b6 3c 00 00 00 00 00 c9 1b 02 00 00 00 00 00 4b 2e 01 00 00 00 00 00 19 20 01 00 00 00 00 00 a7 0e 01 00 00 00 00 00 26 00 00 00 4e 12 00 00 8e 00 00 00 fb 06 00 00 73 42 00 00 07 09 00 00 03 00 00 00 d9 12 00 00 00 00 00 00 fa 00 00 00
07 10 12 59 11 10 00 68 00 68 00 81 b8 9b 74 8b d3 8e f4 0f 01 01 00 03 00 00 00 00 01 00 00 00 00 b1 b6 3c 00 00 00 00 00 c9 1b 02 00 00 00 00 00 4b 2e 01 00 00 00 00 00 19 20 01 00 00 00 00 00 a7 0e 01 00 00 00 00 00 26 00 00 00 4e 12 00 00 8e 00 00 00 fc 06 00 00 7c 42 00 00 07 09 00 00 03 00 00 00 d9 12 00 00 00 00 00 00 fa 00 00 00
07 10 12 59 11 10 00 68 00 68 00 81 b8 b7 bc 8b d3 8e f4 0f 01 01 00 03 00 00 00 00 01 00 00 00 00 b1 b6 3c 00 00 00 00 00 c9 1b 02 00 00 00 00 00 4b 2e 01 00 00 00 00 00 19 20 01 00 00 00 00 00 a7 0e 01 00 00 00 00 00 26 00 00 00 4e 12 00 00 8e 00 00 00 fc 06 00 00 7c 42 00 00 07 09 00 00 03 00 00 00 d9 12 00 00 00 00 00 00 fa 00 00 00
07 10 12 59 11 10 00 68 00 68 00 81 b8 d2 65 ff d3 8e f4 0f 01 01 00 03 00 00 00 00 01 00 00 00 00 b1 b6 3c 00 00 00 00 00 c9 1b 02 00 00 00 00 00 4b 2e 01 00 00 00 00 00 19 20 01 00 00 00 00 00 a7 0e 01 00 00 00 00 00 26 00 00 00 4e 12 00 00 8e 00 00 00 fc 06 00 00 7c 42 00 00 07 09 00 00 03 00 00 00 d9 12 00 00 00 00 00 00 fa 00 00 00
07 10 12 59 11 10 00 68 00 68 00 81 b8 05 71 03 d4 8e f4 0f 01 01 00 03 00 00 00 00 01 00 00 00 00 b1 b6 3c 00 00 00 00 00 c9 1b 02 00 00 00 00 00 4b 2e 01 00 00 00 00 00 19 20 01 00 00 00 00 00 a7 0e 01 00 00 00 00 00 26 00 00 00 4e 12 00 00 8e 00 00 00 fc 06 00 00 7c 42 00 00 07 09 00 00 03 00 00 00 d9 12 00 00 00 00 00 00 fa 00 00 00
07 10 12 59 11 10 00 68 00 68 00 81 b8 bb 6d 07 d4 8e f4 0f 01 01 00 03 00 00 00 00 01 00 00 00 00 b1 b6 3c 00 00 00 00 00 c9 1b 02 00 00 00 00 00 4b 2e 01 00 00 00 00 00 19 20 01 00 00 00 00 00 a7 0e 01 00 00 00 00 00 26 00 00 00 4e 12 00 00 8e 00 00 00 fc 06 00 00 7c 42 00 00 07 09 00 00 03 00 00 00 d9 12 00 00 00 00 00 00 fa 00 00 00
07 10 12 59 11 10 00 68 00 68 00 81 b8 59 79 0b d4 8e f4 0f 01 01 00 03 00 00 00 00 01 00 00 00 00 b1 b6 3c 00 00 00 00 00 c9 1b 02 00 00 00 00 00 4b 2e 01 00 00 00 00 00 19 20 01 00 00 00 00 00 a7 0e 01 00 00 00 00 00 26 00 00 00 4e 12 00 00 8e 00 00 00 fd 06 00 00 82 42 00 00 07 09 00 00 03 00 00 00 d9 12 00 00 00 00 00 00 fa 00 00 00
07 10 12 59 11 10 00 68 00 68 00 81 b8 5d be 0b d4 8e f4 0f 01 01 00 03 00 00 00 00 01 00 00 00 00 b1 b6 3c 00 00 00 00 00 c9 1b 02 00 00 00 00 00 4b 2e 01 00 00 00 00 00 19 20 01 00 00 00 00 00 a7 0e 01 00 00 00 00 00 26 00 00 00 4e 12 00 00 8e 00 00 00 fd 06 00 00 82 42 00 00 07 09 00 00 03 00 00 00 d9 12 00 00 00 00 00 00 fa 00 00 00
07 10 12 59 11 10 00 68 00 68 00 81 b8 de 61 7f d4 8e f4 0f 01 01 00 03 00 00 00 00 01 00 00 00 00 b1 b6 3c 00 00 00 00 00 c9 1b 02 00 00 00 00 00 4b 2e 01 00 00 00 00 00 19 20 01 00 00 00 00 00 a7 0e 01 00 00 00 00 00 26 00 00 00 4e 12 00 00 8e 00 00 00 fd 06 00 00 82 42 00 00 07 09 00 00 03 00 00 00 d9 12 00 00 00 00 00 00 fa 00 00 00
07 10 12 59 11 10 00 68 00 68 00 81 b8 53 71 83 d4 8e f4 0f 01 01 00 03 00 00 00 00 01 00 00 00 00 b1 b6 3c 00 00 00 00 00 c9 1b 02 00 00 00 00 00 4b 2e 01 00 00 00 00 00 19 20 01 00 00 00 00 00 a7 0e 01 00 00 00 00 00 26 00 00 00 4e 12 00 00 8e 00 00 00 fd 06 00 00 82 42 00 00 07 09 00 00 03 00 00 00 d9 12 00 00 00 00 00 00 fa 00 00 00
07 10 12 59 11 10 00 68 00 68 00 81 b8 7a 6d 87 d4 8e f4 0f 01 01 00 03 00 00 00 00 01 00 00 00 00 b1 b6 3c 00 00 00 00 00 c9 1b 02 00 00 00 00 00 4b 2e 01 00 00 00 00 00 19 20 01 00 00 00 00 00 a7 0e 01 00 00 00 00 00 26 00 00 00 4e 12 00 00 8e 00 00 00 fd 06 00 00 82 42 00 00 07 09 00 00 03 00 00 00 d9 12 00 00 00 00 00 00 fa 00 00 00
07 10 12 59 11 10 00 68 00 68 00 81 b8 92 77 8b d4 8e f4 0f 01 01 00 03 00 00 00 00 01 00 00 00 00 b1 b6 3c 00 00 00 00 00 c9 1b 02 00 00 00 00 00 4b 2e 01 00 00 00 00 00 19 20 01 00 00 00 00 00 a7 0e 01 00 00 00 00 00 26 00 00 00 4e 12 00 00 8e 00 00 00 fe 06 00 00 89 42 00 00 07 09 00 00 03 00 00 00 d9 12 00 00 00 00 00 00 fa 00 00 00
07 10 12 59 11 10 00 68 00 68 00 81 b8 e6 bd 8b d4 8e f4 0f 01 01 00 03 00 00 00 00 01 00 00 00 00 b1 b6 3c 00 00 00 00 00 c9 1b 02 00 00 00 00 00 4b 2e 01 00 00 00 00 00 19 20 01 00 00 00 00 00 a7 0e 01 00 00 00 00 00 26 00 00 00 4e 12 00 00 8e 00 00 00 fe 06 00 00 89 42 00 00 07 09 00 00 03 00 00 00 d9 12 00 00 00 00 00 00 fa 00 00 00
07 10 12 59 11 10 00 68 00 68 00 81 b8 ce 67 ff d4 8e f4 0f 01 01 00 03 00 00 00 00 01 00 00 00 00 b1 b6 3c 00 00 00 00 00 c9 1b 02 00 00 00 00 00 4b 2e 01 00 00 00 00 00 19 20 01 00 00 00 00 00 a7 0e 01 00 00 00 00 00 26 00 00 00 4e 12 00 00 8e 00 00 00 fe 06 00 00 89 42 00 00 07 09 00 00 03 00 00 00 d9 12 00 00 00 00 00 00 fa 00 00 00
07 10 12 59 11 10 00 68 00 68 00 81 b8 f7 70 03 d5 8e f4 0f 01 01 00 03 00 00 00 00 01 00 00 00 00 b1 b6 3c 00 00 00 00 00 c9 1b 02 00 00 00 00 00 4b 2e 01 00 00 00 00 00 19 20 01 00 00 00 00 00 a7 0e 01 00 00 00 00 00 26 00 00 00 4e 12 00 00 8e 00 00 00 fe 06 00 00 89 42 00 00 07 09 00 00 03 00 00 00 d9 12 00 00 00 00 00 00 fa 00 00 00
07 10 12 59 11 10 00 68 00 68 00 81 b8 49 6d 07 d5 8e f4 0f 01 01 00 03 00 00 00 00 01 00 00 00 00 b1 b6 3c 00 00 00 00 00 c9 1b 02 00 00 00 00 00 4b 2e 01 00 00 00 00 00 19 20 01 00 00 00 00 00 a7 0e 01 00 00 00 00 00 26 00 00 00 4e 12 00 00 8e 00 00 00 fe 06 00 00 89 42 00 00 07 09 00 00 03 00 00 00 d9 12 00 00 00 00 00 00 fa 00 00 00
07 10 12 59 11 10 00 68 00 68 00 81 b8 32 75 0b d5 8e f4 0f 01 01 00 03 00 00 00 00 01 00 00 00 00 b1 b6 3c 00 00 00 00 00 c9 1b 02 00 00 00 00 00 4b 2e 01 00 00 00 00 00 19 20 01 00 00 00 00 00 a7 0e 01 00 00 00 00 00 26 00 00 00 4e 12 00 00 8e 00 00 00 ff 06 00 00 8f 42 00 00 07 09 00 00 03 00 00 00 d9 12 00 00 00 00 00 00 fa 00 00 00
07 10 12 59 11 10 00 68 00 68 00 81 b8 b7 bc 0b d5 8e f4 0f 01 01 00 03 00 00 00 00 01 00 00 00 00 b1 b6 3c 00 00 00 00 00 c9 1b 02 00 00 00 00 00 4b 2e 01 00 00 00 00 00 19 20 01 00 00 00 00 00 a7 0e 01 00 00 00 00 00 26 00 00 00 4e 12 00 00 8e 00 00 00 ff 06 00 00 8f 42 00 00 07 09 00 00 03 00 00 00 d9 12 00 00 00 00 00 00 fa 00 00 00
07 10 12 59 11 10 00 68 00 68 00 81 b8 1c 60 7f d5 8e f4 0f 01 01 00 03 00 00 00 00 01 00 00 00 00 b1 b6 3c 00 00 00 00 00 c9 1b 02 00 00 00 00 00 4b 2e 01 00 00 00 00 00 19 20 01 00 00 00 00 00 a7 0e 01 00 00 00 00 00 26 00 00 00 4e 12 00 00 8e 00 00 00 ff 06 00 00 8f 42 00 00 07 09 00 00 03 00 00 00 d9 12 00 00 00 00 00 00 fa 00 00 00
07 10 12 59 11 10 00 68 00 68 00 81 b8 0f 71 83 d5 8e f4 0f 01 01 00 03 00 00 00 00 01 00 00 00 00 b1 b6 3c 00 00 00 00 00 c9 1b 02 00 00 00 00 00 4b 2e 01 00 00 00 00 00 19 20 01 00 00 00 00 00 a7 0e 01 00 00 00 00 00 26 00 00 00 4e 12 00 00 8e 00 00 00 ff 06 00 00 8f 42 00 00 07 09 00 00 03 00 00 00 d9 12 00 00 00 00 00 00 fa 00 00 00
07 10 12 59 11 10 00 68 00 68 00 81 b8 eb 6d 87 d5 8e f4 0f 01 01 00 03 00 00 00 00 01 00 00 00 00 b1 b6 3c 00 00 00 00 00 c9 1b 02 00 00 00 00 00 4b 2e 01 00 00 00 00 00 19 20 01 00 00 00 00 00 a7 0e 01 00 00 00 00 00 26 00 00 00 4e 12 00 00 8e 00 00 00 ff 06 00 00 8f 42 00 00 07 09 00 00 03 00 00 00 d9 12 00 00 00 00 00 00 fa 00 00 00
07 10 12 59 11 10 00 68 00 68 00 81 b8 ab 77 8b d5 8e f4 0f 01 01 00 03 00 00 00 00 01 00 00 00 00 b1 b6 3c 00 00 00 00 00 c9 1b 02 00 00 00 00 00 4b 2e 01 00 00 00 00 00 19 20 01 00 00 00 00 00 a7 0e 01 00 00 00 00 00 26 00 00 00 4e 12 00 00 8e 00 00 00 00 07 00 00 97 42 00 00 07 09 00 00 03 00 00 00 d9 12 00 00 00 00 00 00 fa 00 00 00
07 10 12 59 11 10 00 68 00 68 00 81 b8 7e bd 8b d5 8e f4 0f 01 01 00 03 00 00 00 00 01 00 00 00 00 b1 b6 3c 00 00 00 00 00 c9 1b 02 00 00 00 00 00 4b 2e 01 00 00 00 00 00 19 20 01 00 00 00 00 00 a7 0e 01 00 00 00 00 00 26 00 00 00 4e 12 00 00 8e 00 00 00 00 07 00 00 97 42 00 00 07 09 00 00 03 00 00 00 d9 12 00 00 00 00 00 00 fa 00 00 00
07 10 12 59 11 10 00 68 00 68 00 81 b8 ff 64 ff d5 8e f4 0f 01 01 00 03 00 00 00 00 01 00 00 00 00 b1 b6 3c 00 00 00 00 00 c9 1b 02 00 00 00 00 00 4b 2e 01 00 00 00 00 00 19 20 01 00 00 00 00 00 a7 0e 01 00 00 00 00 00 26 00 00 00 4e 12 00 00 8e 00 00 00 00 07 00 00 97 42 00 00 07 09 00 00 03 00 00 00 d9 12 00 00 00 00 00 00 fa 00 00 00
07 10 12 59 11 10 00 68 00 68 00 81 b8 ab 70 03 d6 8e f4 0f 01 01 00 03 00 00 00 00 01 00 00 00 00 b1 b6 3c 00 00 00 00 00 c9 1b 02 00 00 00 00 00 4b 2e 01 00 00 00 00 00 19 20 01 00 00 00 00 00 a7 0e 01 00 00 00 00 00 26 00 00 00 4e 12 00 00 8e 00 00 00 00 07 00 00 97 42 00 00 07 09 00 00 03 00 00 00 d9 12 00 00 00 00 00 00 fa 00 00 00
07 10 12 59 11 10 00 68 00 68 00 81 b8 80 6d 07 d6 8e f4 0f 01 01 00 03 00 00 00 00 01 00 00 00 00 b1 b6 3c 00 00 00 00 00 c9 1b 02 00 00 00 00 00 4b 2e 01 00 00 00 00 00 19 20 01 00 00 00 00 00 a7 0e 01 00 00 00 00 00 26 00 00 00 4e 12 00 00 8e 00 00 00 00 07 00 00 97 42 00 00 07 09 00 00 03 00 00 00 d9 12 00 00 00 00 00 00 fa 00 00 00
07 10 12 59 11 10 00 68 00 68 00 81 b8 8c 75 0b d6 8e f4 0f 01 01 00 03 00 00 00 00 01 00 00 00 00 b1 b6 3c 00 00 00 00 00 c9 1b 02 00 00 00 00 00 4b 2e 01 00 00 00 00 00 19 20 01 00 00 00 00 00 a7 0e 01 00 00 00 00 00 26 00 00 00 4e 12 00 00 8e 00 00 00 01 07 00 00 9d 42 00 00 07 09 00 00 03 00 00 00 d9 12 00 00 00 00 00 00 fa 00 00 00
07 10 12 59 11 10 00 68 00 68 00 81 b8 c6 bd 0b d6 8e f4 0f 01 01 00 03 00 00 00 00 01 00 00 00 00 b1 b6 3c 00 00 00 00 00 c9 1b 02 00 00 00 00 00 4b 2e 01 00 00 00 00 00 19 20 01 00 00 00 00 00 a7 0e 01 00 00 00 00 00 26 00 00 00 4e 12 00 00 8e 00 00 00 01 07 00 00 9d 42 00 00 07 09 00 00 03 00 00 00 d9 12 00 00 00 00 00 00 fa 00 00 00
07 10 12 59 11 10 00 68 00 68 00 81 b8 b5 63 7f d6 8e f4 0f 01 01 00 03 00 00 00 00 01 00 00 00 00 b1 b6 3c 00 00 00 00 00 c9 1b 02 00 00 00 00 00 4b 2e 01 00 00 00 00 00 19 20 01 00 00 00 00 00 a7 0e 01 00 00 00 00 00 26 00 00 00 4e 12 00 00 8e 00 00 00 01 07 00 00 9d 42 00 00 07 09 00 00 03 00 00 00 d9 12 00 00 00 00 00 00 fa 00 00 00
07 10 12 59 11 10 00 68 00 68 00 81 b8 f1 70 83 d6 8e f4 0f 01 01 00 03 00 00 00 00 01 00 00 00 00 b1 b6 3c 00 00 00 00 00 c9 1b 02 00 00 00 00 00 4b 2e 01 00 00 00 00 00 19 20 01 00 00 00 00 00 a7 0e 01 00 00 00 00 00 26 00 00 00 4e 12 00 00 8e 00 00 00 01 07 00 00 9d 42 00 00 07 09 00 00 03 00 00 00 d9 12 00 00 00 00 00 00 fa 00 00 00
07 10 12 59 11 10 00 68 00 68 00 81 b8 97 6d 87 d6 8e f4 0f 01 01 00 03 00 00 00 00 01 00 00 00 00 b1 b6 3c 00 00 00 00 00 c9 1b 02 00 00 00 00 00 4b 2e 01 00 00 00 00 00 19 20 01 00 00 00 00 00 a7 0e 01 00 00 00 00 00 26 00 00 00 4e 12 00 00 8e 00 00 00 01 07 00 00 9d 42 00 00 07 09 00 00 03 00 00 00 d9 12 00 00 00 00 00 00 fa 00 00 00
07 10 12 59 11 10 00 68 00 68 00 81 b8 07 77 8b d6 8e f4 0f 01 01 00 03 00 00 00 00 01 00 00 00 00 b1 b6 3c 00 00 00 00 00 c9 1b 02 00 00 00 00 00 4b 2e 01 00 00 00 00 00 19 20 01 00 00 00 00 00 a7 0e 01 00 00 00 00 00 26 00 00 00 4e 12 00 00 8e 00 00 00 02 07 00 00 a4 42 00 00 07 09 00 00 03 00 00 00 d9 12 00 00 00 00 00 00 fa 00 00 00
07 10 12 59 11 10 00 68 00 68 00 81 b8 a7 bc 8b d6 8e f4 0f 01 01 00 03 00 00 00 00 01 00 00 00 00 b1 b6 3c 00 00 00 00 00 c9 1b 02 00 00 00 00 00 4b 2e 01 00 00 00 00 00 19 20 01 00 00 00 00 00 a7 0e 01 00 00 00 00 00 26 00 00 00 4e 12 00 00 8e 00 00 00 02 07 00 00 a4 42 00 00 07 09 00 00 03 00 00 00 d9 12 00 00 00 00 00 00 fa 00 00 00
07 10 12 59 11 10 00 68 00 68 00 81 b8 18 2f 00 d7 8e f4 0f 01 01 00 03 00 00 00 00 01 00 00 00 00 b1 b6 3c 00 00 00 00 00 c9 1b 02 00 00 00 00 00 4b 2e 01 00 00 00 00 00 19 20 01 00 00 00 00 00 a7 0e 01 00 00 00 00 00 26 00 00 00 4e 12 00 00 8e 00 00 00 02 07 00 00 a4 42 00 00 07 09 00 00 03 00 00 00 d9 12 00 00 00 00 00 00 fa 00 00 00
07 10 12 59 11 10 00 68 00 68 00 81 b8 55 32 04 d7 8e f4 0f 01 01 00 03 00 00 00 00 01 00 00 00 00 b1 b6 3c 00 00 00 00 00 c9 1b 02 00 00 00 00 00 4b 2e 01 00 00 00 00 00 19 20 01 00 00 00 00 00 a7 0e 01 00 00 00 00 00 26 00 00 00 4e 12 00 00 8e 00 00 00 02 07 00 00 a4 42 00 00 07 09 00 00 03 00 00 00 d9 12 00 00 00 00 00 00 fa 00 00 00
07 10 12 59 11 10 00 68 00 68 00 81 b8 57 2e 08 d7 8e f4 0f 01 01 00 03 00 00 00 00 01 00 00 00 00 b1 b6 3c 00 00 00 00 00 c9 1b 02 00 00 00 00 00 4b 2e 01 00 00 00 00 00 19 20 01 00 00 00 00 00 a7 0e 01 00 00 00 00 00 26 00 00 00 4e 12 00 00 8e 00 00 00 02 07 00 00 a4 42 00 00 07 09 00 00 03 00 00 00 d9 12 00 00 00 00 00 00 fa 00 00 00
07 10 12 59 11 10 00 68 00 68 00 81 b8 da bc 0b d7 8e f4 0f 01 01 00 03 00 00 00 00 01 00 00 00 00 b1 b6 3c 00 00 00 00 00 c9 1b 02 00 00 00 00 00 4b 2e 01 00 00 00 00 00 19 20 01 00 00 00 00 00 a7 0e 01 00 00 00 00 00 26 00 00 00 4e 12 00 00 8e 00 00 00 03 07 00 00 ac 42 00 00 07 09 00 00 03 00 00 00 d9 12 00 00 00 00 00 00 fa 00 00 00
07 10 12 59 11 10 00 68 00 68 00 81 b8 05 62 7f d7 8e f4 0f 01 01 00 03 00 00 00 00 01 00 00 00 00 b1 b6 3c 00 00 00 00 00 c9 1b 02 00 00 00 00 00 4b 2e 01 00 00 00 00 00 19 20 01 00 00 00 00 00 a7 0e 01 00 00 00 00 00 26 00 00 00 4e 12 00 00 8e 00 00 00 03 07 00 00 ac 42 00 00 07 09 00 00 03 00 00 00 d9 12 00 00 00 00 00 00 fa 00 00 00
07 10 12 59 11 10 00 68 00 68 00 81 b8 bd 70 83 d7 8e f4 0f 01 01 00 03 00 00 00 00 01 00 00 00 00 b1 b6 3c 00 00 00 00 00 c9 1b 02 00 00 00 00 00 4b 2e 01 00 00 00 00 00 19 20 01 00 00 00 00 00 a7 0e 01 00 00 00 00 00 26 00 00 00 4e 12 00 00 8e 00 00 00 03 07 00 00 ac 42 00 00 07 09 00 00 03 00 00 00 d9 12 00 00 00 00 00 00 fa 00 00 00
07 10 12 59 11 10 00 68 00 68 00 81 b8 99 6d 87 d7 8e f4 0f 01 01 00 03 00 00 00 00 01 00 00 00 00 b1 b6 3c 00 00 00 00 00 c9 1b 02 00 00 00 00 00 4b 2e 01 00 00 00 00 00 19 20 01 00 00 00 00 00 a7 0e 01 00 00 00 00 00 26 00 00 00 4e 12 00 00 8e 00 00 00 03 07 00 00 ac 42 00 00 07 09 00 00 03 00 00 00 d9 12 00 00 00 00 00 00 fa 00 00 00
07 10 12 59 11 10 00 68 00 68 00 81 b8 cc 75 8b d7 8e f4 0f 01 01 00 03 00 00 00 00 01 00 00 00 00 b1 b6 3c 00 00 00 00 00 c9 1b 02 00 00 00 00 00 4b 2e 01 00 00 00 00 00 19 20 01 00 00 00 00 00 a7 0e 01 00 00 00 00 00 26 00 00 00 4e 12 00 00 8e 00 00 00 04 07 00 00 b3 42 00 00 07 09 00 00 03 00 00 00 d9 12 00 00 00 00 00 00 fa 00 00 00
07 10 12 59 11 10 00 68 00 68 00 81 b8 b9 bc 8b d7 8e f4 0f 01 01 00 03 00 00 00 00 01 00 00 00 00 b1 b6 3c 00 00 00 00 00 c9 1b 02 00 00 00 00 00 4b 2e 01 00 00 00 00 00 19 20 01 00 00 00 00 00 a7 0e 01 00 00 00 00 00 26 00 00 00 4e 12 00 00 8e 00 00 00 04 07 00 00 b3 42 00 00 07 09 00 00 03 00 00 00 d9 12 00 00 00 00 00 00 fa 00 00 00
07 10 12 59 11 10 00 68 00 68 00 81 b8 a9 66 ff d7 8e f4 0f 01 01 00 03 00 00 00 00 01 00 00 00 00 b1 b6 3c 00 00 00 00 00 c9 1b 02 00 00 00 00 00 4b 2e 01 00 00 00 00 00 19 20 01 00 00 00 00 00 a7 0e 01 00 00 00 00 00 26 00 00 00 4e 12 00 00 8e 00 00 00 04 07 00 00 b3 42 00 00 07 09 00 00 03 00 00 00 d9 12 00 00 00 00 00 00 fa 00 00 00
07 10 12 59 11 10 00 68 00 68 00 81 b8 82 70 03 d8 8e f4 0f 01 01 00 03 00 00 00 00 01 00 00 00 00 b1 b6 3c 00 00 00 00 00 c9 1b 02 00 00 00 00 00 4b 2e 01 00 00 00 00 00 19 20 01 00 00 00 00 00 a7 0e 01 00 00 00 00 00 26 00 00 00 4e 12 00 00 8e 00 00 00 04 07 00 00 b3 42 00 00 07 09 00 00 03 00 00 00 d9 12 00 00 00 00 00 00 fa 00 00 00
07 10 12 59 11 10 00 68 00 68 00 81 b8 05 6d 07 d8 8e f4 0f 01 01 00 03 00 00 00 00 01 00 00 00 00 b1 b6 3c 00 00 00 00 00 c9 1b 02 00 00 00 00 00 4b 2e 01 00 00 00 00 00 19 20 01 00 00 00 00 00 a7 0e 01 00 00 00 00 00 26 00 00 00 4e 12 00 00 8e 00 00 00 04 07 00 00 b3 42 00 00 07 09 00 00 03 00 00 00 d9 12 00 00 00 00 00 00 fa 00 00 00
07 10 12 59 11 10 00 68 00 68 00 81 b8 67 75 0b d8 8e f4 0f 01 01 00 03 00 00 00 00 01 00 00 00 00 b1 b6 3c 00 00 00 00 00 c9 1b 02 00 00 00 00 00 4b 2e 01 00 00 00 00 00 19 20 01 00 00 00 00 00 a7 0e 01 00 00 00 00 00 26 00 00 00 4e 12 00 00 8e 00 00 00 05 07 00 00 ba 42 00 00 07 09 00 00 03 00 00 00 d9 12 00 00 00 00 00 00 fa 00 00 00
07 10 12 59 11 10 00 68 00 68 00 81 b8 da bd 0b d8 8e f4 0f 01 01 00 03 00 00 00 00 01 00 00 00 00 b1 b6 3c 00 00 00 00 00 c9 1b 02 00 00 00 00 00 4b 2e 01 00 00 00 00 00 19 20 01 00 00 00 00 00 a7 0e 01 00 00 00 00 00 26 00 00 00 4e 12 00 00 8e 00 00 00 05 07 00 00 ba 42 00 00 07 09 00 00 03 00 00 00 d9 12 00 00 00 00 00 00 fa 00 00 00
07 10 12 59 11 10 00 68 00 68 00 81 b8 ab 61 7f d8 8e f4 0f 01 01 00 03 00 00 00 00 01 00 00 00 00 b1 b6 3c 00 00 00 00 00 c9 1b 02 00 00 00 00 00 4b 2e 01 00 00 00 00 00 19 20 01 00 00 00 00 00 a7 0e 01 00 00 00 00 00 26 00 00 00 4e 12 00 00 8e 00 00 00 05 07 00 00 ba 42 00 00 07 09 00 00 03 00 00 00 d9 12 00 00 00 00 00 00 fa 00 00 00
07 10 12 59 11 10 00 68 00 68 00 81 b8 6e 70 83 d8 8e f4 0f 01 01 00 03 00 00 00 00 01 00 00 00 00 b1 b6 3c 00 00 00 00 00 c9 1b 02 00 00 00 00 00 4b 2e 01 00 00 00 00 00 19 20 01 00 00 00 00 00 a7 0e 01 00 00 00 00 00 26 00 00 00 4e 12 00 00 8e 00 00 00 05 07 00 00 ba 42 00 00 07 09 00 00 03 00 00 00 d9 12 00 00 00 00 00 00 fa 00 00 00
07 10 12 59 11 10 00 34 00 34 00 87 b8 5d 1c 85 d8 8e f4 0f 01 06 00 03 00 00 00 00 01 0d 01 30 02 01 00 00 00 01 30 36 18 f6 81 b3 26 00 04 80 14 02 08 c0 22 03 00 25 00 19 ee 02 1c
07 10 12 59 11 10 00 68 00 68 00 81 b8 80 6d 87 d8 8e f4 0f 01 01 00 03 00 00 00 00 01 00 00 00 00 b1 b6 3c 00 00 00 00 00 c9 1b 02 00 00 00 00 00 4b 2e 01 00 00 00 00 00 19 20 01 00 00 00 00 00 a7 0e 01 00 00 00 00 00 26 00 00 00 4e 12 00 00 8e 00 00 00 05 07 00 00 ba 42 00 00 07 09 00 00 03 00 00 00 d9 12 00 00 00 00 00 00 fa 00 00 00
07 10 12 59 11 10 00 68 00 68 00 81 b8 8c 74 8b d8 8e f4 0f 01 01 00 03 00 00 00 00 01 00 00 00 00 bd b6 3c 00 00 00 00 00 c9 1b 02 00 00 00 00 00 4b 2e 01 00 00 00 00 00 1c 20 01 00 00 00 00 00 a7 0e 01 00 00 00 00 00 26 00 00 00 4f 12 00 00 8e 00 00 00 06 07 00 00 c0 42 00 00 07 09 00 00 03 00 00 00 da 12 00 00 00 00 00 00 fa 00 00 00
07 10 12 59 11 10 00 68 00 68 00 81 b8 ca 69 8f d8 8e f4 0f 01 01 00 03 00 00 00 00 01 00 00 00 00 bd b6 3c 00 00 00 00 00 c9 1b 02 00 00 00 00 00 4b 2e 01 00 00 00 00 00 1c 20 01 00 00 00 00 00 c8 0e 01 00 00 00 00 00 26 00 00 00 4f 12 00 00 8e 00 00 00 06 07 00 00 c0 42 00 00 08 09 00 00 03 00 00 00 da 12 00 00 00 00 00 00 fa 00 00 00
07 10 12 59 11 10 00 68 00 68 00 81 b8 f3 4b 93 d8 8e f4 0f 01 01 00 03 00 00 00 00 01 00 00 00 00 00 00 00 00 00 00 00 00 00 00 00 00 00 00 00 00 00 00 00 00 00 00 00 00 00 00 00 00 00 00 00 00 00 00 00 00 00 00 00 00 00 00 00 00 00 00 00 00 00 00 00 00 00 00 00 00 00 00 00 00 00 00 00 00 00 00 00 00 00 00 00 00 00 00 00 00 fa 00 00 00
07 10 12 59 11 10 00 68 00 68 00 81 b8 76 4d 97 d8 8e f4 0f 01 01 00 03 00 00 00 00 01 00 00 00 00 00 00 00 00 00 00 00 00 00 00 00 00 00 00 00 00 00 00 00 00 00 00 00 00 00 00 00 00 00 00 00 00 00 00 00 00 00 00 00 00 00 00 00 00 00 00 00 00 00 00 00 00 00 00 00 00 00 00 00 00 00 00 00 00 00 00 00 00 00 00 00 00 00 00 00 00 fa 00 00 00
07 10 12 59 11 10 00 68 00 68 00 81 b8 5f 4c 9b d8 8e f4 0f 01 01 00 03 00 00 00 00 01 00 00 00 00 00 00 00 00 00 00 00 00 00 00 00 00 00 00 00 00 00 00 00 00 00 00 00 00 00 00 00 00 00 00 00 00 00 00 00 00 00 00 00 00 00 00 00 00 00 00 00 00 00 00 00 00 00 00 00 00 00 00 00 00 00 00 00 00 00 00 00 00 00 00 00 00 00 00 00 00 00 00 00 00
07 10 12 59 11 10 00 68 00 68 00 81 b8 8a 4d 9f d8 8e f4 0f 01 01 00 03 00 00 00 00 01 00 00 00 00 00 00 00 00 00 00 00 00 00 00 00 00 00 00 00 00 00 00 00 00 00 00 00 00 00 00 00 00 00 00 00 00 00 00 00 00 00 00 00 00 00 00 00 00 00 00 00 00 00 00 00 00 00 00 00 00 00 00 00 00 00 00 00 00 00 00 00 00 00 00 00 00 00 00 00 00 00 00 00 00
07 10 12 59 11 10 00 68 00 68 00 81 b8 f7 be a8 d8 8e f4 0f 01 01 00 03 00 00 00 00 01 00 00 00 00 00 00 00 00 00 00 00 00 00 00 00 00 00 00 00 00 00 00 00 00 00 00 00 00 00 00 00 00 00 00 00 00 00 00 00 00 00 00 00 00 00 00 00 00 00 00 00 00 00 00 00 00 00 00 00 00 00 00 00 00 00 00 00 00 00 00 00 00 00 00 00 00 00 00 00 00 00 00 00 00
07 10 12 59 11 10 00 68 00 68 00 81 b8 e0 02 ad d8 8e f4 0f 01 01 00 03 00 00 00 00 01 00 00 00 00 00 00 00 00 00 00 00 00 00 00 00 00 00 00 00 00 00 00 00 00 00 00 00 00 00 00 00 00 00 00 00 00 00 00 00 00 00 00 00 00 00 00 00 00 00 00 00 00 00 00 00 00 00 00 00 00 00 00 00 00 00 00 00 00 00 00 00 00 00 00 00 00 00 00 00 00 00 00 00 00
07 10 12 59 11 10 00 68 00 68 00 81 b8 57 01 b1 d8 8e f4 0f 01 01 00 03 00 00 00 00 01 00 00 00 00 00 00 00 00 00 00 00 00 00 00 00 00 00 00 00 00 00 00 00 00 00 00 00 00 00 00 00 00 00 00 00 00 00 00 00 00 00 00 00 00 00 00 00 00 00 00 00 00 00 00 00 00 00 00 00 00 00 00 00 00 00 00 00 00 00 00 00 00 00 00 00 00 00 00 00 00 00 00 00 00
07 10 12 59 11 10 00 68 00 68 00 81 b8 34 00 b5 d8 8e f4 0f 01 01 00 03 00 00 00 00 01 00 00 00 00 00 00 00 00 00 00 00 00 00 00 00 00 00 00 00 00 00 00 00 00 00 00 00 00 00 00 00 00 00 00 00 00 00 00 00 00 00 00 00 00 00 00 00 00 00 00 00 00 00 00 00 00 00 00 00 00 00 00 00 00 00 00 00 00 00 00 00 00 00 00 00 00 00 00 00 00 00 00 00 00
07 10 12 59 11 10 00 68 00 68 00 81 b8 63 02 b9 d8 8e f4 0f 01 01 00 03 00 00 00 00 01 00 00 00 00 bd b6 3c 00 00 00 00 00 c9 1b 02 00 00 00 00 00 4b 2e 01 00 00 00 00 00 1c 20 01 00 00 00 00 00 c8 0e 01 00 00 00 00 00 00 00 00 00 4f 12 00 00 8e 00 00 00 06 07 00 00 c0 42 00 00 08 09 00 00 03 00 00 00 da 12 00 00 00 00 00 00 00 00 00 00
07 10 12 59 11 10 00 68 00 68 00 81 b8 30 9a c5 d8 8e f4 0f 01 01 00 03 00 00 00 00 01 00 00 00 00 bd b6 3c 00 00 00 00 00 c9 1b 02 00 00 00 00 00 4b 2e 01 00 00 00 00 00 1c 20 01 00 00 00 00 00 c8 0e 01 00 00 00 00 00 00 00 00 00 4f 12 00 00 8e 00 00 00 06 07 00 00 c0 42 00 00 08 09 00 00 03 00 00 00 da 12 00 00 00 00 00 00 00 00 00 00
07 10 12 59 11 10 00 68 00 68 00 81 b8 a3 99 c9 d8 8e f4 0f 01 01 00 03 00 00 00 00 01 00 00 00 00 bd b6 3c 00 00 00 00 00 c9 1b 02 00 00 00 00 00 4b 2e 01 00 00 00 00 00 1c 20 01 00 00 00 00 00 c8 0e 01 00 00 00 00 00 00 00 00 00 4f 12 00 00 8e 00 00 00 06 07 00 00 c0 42 00 00 08 09 00 00 03 00 00 00 da 12 00 00 00 00 00 00 00 00 00 00
07 10 12 59 11 10 00 68 00 68 00 81 b8 51 9a cd d8 8e f4 0f 01 01 00 03 00 00 00 00 01 00 00 00 00 bd b6 3c 00 00 00 00 00 c9 1b 02 00 00 00 00 00 4b 2e 01 00 00 00 00 00 1c 20 01 00 00 00 00 00 c8 0e 01 00 00 00 00 00 00 00 00 00 4f 12 00 00 8e 00 00 00 06 07 00 00 c0 42 00 00 08 09 00 00 03 00 00 00 da 12 00 00 00 00 00 00 00 00 00 00
07 10 12 59 11 10 00 68 00 68 00 81 b8 a7 9b 91 d9 8e f4 0f 01 01 00 03 00 00 00 00 01 00 00 00 00 bd b6 3c 00 00 00 00 00 c9 1b 02 00 00 00 00 00 4b 2e 01 00 00 00 00 00 1c 20 01 00 00 00 00 00 c8 0e 01 00 00 00 00 00 00 00 00 00 4f 12 00 00 8e 00 00 00 06 07 00 00 c0 42 00 00 08 09 00 00 03 00 00 00 da 12 00 00 00 00 00 00 00 00 00 00
07 10 12 59 11 10 00 68 00 68 00 81 b8 38 99 95 d9 8e f4 0f 01 01 00 03 00 00 00 00 01 00 00 00 00 bd b6 3c 00 00 00 00 00 c9 1b 02 00 00 00 00 00 4b 2e 01 00 00 00 00 00 1c 20 01 00 00 00 00 00 c8 0e 01 00 00 00 00 00 00 00 00 00 4f 12 00 00 8e 00 00 00 06 07 00 00 c0 42 00 00 08 09 00 00 03 00 00 00 da 12 00 00 00 00 00 00 00 00 00 00
07 10 12 59 11 10 00 68 00 68 00 81 b8 9b 99 99 d9 8e f4 0f 01 01 00 03 00 00 00 00 01 00 00 00 00 bd b6 3c 00 00 00 00 00 c9 1b 02 00 00 00 00 00 4b 2e 01 00 00 00 00 00 1c 20 01 00 00 00 00 00 c8 0e 01 00 00 00 00 00 00 00 00 00 4f 12 00 00 8e 00 00 00 06 07 00 00 c0 42 00 00 08 09 00 00 03 00 00 00 da 12 00 00 00 00 00 00 00 00 00 00
07 10 12 59 11 10 00 68 00 68 00 81 b8 7c 56 8f e1 8e f4 0f 01 01 00 03 00 00 00 00 01 00 00 00 00 bd b6 3c 00 00 00 00 00 c9 1b 02 00 00 00 00 00 4b 2e 01 00 00 00 00 00 1c 20 01 00 00 00 00 00 c8 0e 01 00 00 00 00 00 00 00 00 00 4f 12 00 00 8e 00 00 00 06 07 00 00 c0 42 00 00 08 09 00 00 03 00 00 00 da 12 00 00 00 00 00 00 00 00 00 00
07 10 12 59 11 10 00 68 00 68 00 81 b8 22 4d 93 e1 8e f4 0f 01 01 00 03 00 00 00 00 01 00 00 00 00 bd b6 3c 00 00 00 00 00 c9 1b 02 00 00 00 00 00 4b 2e 01 00 00 00 00 00 1c 20 01 00 00 00 00 00 c8 0e 01 00 00 00 00 00 00 00 00 00 4f 12 00 00 8e 00 00 00 06 07 00 00 c0 42 00 00 08 09 00 00 03 00 00 00 da 12 00 00 00 00 00 00 00 00 00 00
07 10 12 59 11 10 00 68 00 68 00 81 b8 57 59 97 e1 8e f4 0f 01 01 00 03 00 00 00 00 01 00 00 00 00 bd b6 3c 00 00 00 00 00 c9 1b 02 00 00 00 00 00 4b 2e 01 00 00 00 00 00 1c 20 01 00 00 00 00 00 c8 0e 01 00 00 00 00 00 00 00 00 00 4f 12 00 00 8e 00 00 00 06 07 00 00 c0 42 00 00 08 09 00 00 03 00 00 00 da 12 00 00 00 00 00 00 00 00 00 00
07 10 12 59 11 10 00 68 00 68 00 81 b8 67 bf 98 e5 8e f4 0f 01 01 00 03 00 00 00 00 01 00 00 00 00 bd b6 3c 00 00 00 00 00 c9 1b 02 00 00 00 00 00 4b 2e 01 00 00 00 00 00 1c 20 01 00 00 00 00 00 c8 0e 01 00 00 00 00 00 00 00 00 00 4f 12 00 00 8e 00 00 00 06 07 00 00 c0 42 00 00 08 09 00 00 03 00 00 00 da 12 00 00 00 00 00 00 00 00 00 00
07 10 12 59 11 10 00 68 00 68 00 81 b8 53 00 91 e9 8e f4 0f 01 01 00 03 00 00 00 00 01 00 00 00 00 bd b6 3c 00 00 00 00 00 c9 1b 02 00 00 00 00 00 4b 2e 01 00 00 00 00 00 1c 20 01 00 00 00 00 00 c8 0e 01 00 00 00 00 00 00 00 00 00 4f 12 00 00 8e 00 00 00 06 07 00 00 c0 42 00 00 08 09 00 00 03 00 00 00 da 12 00 00 00 00 00 00 00 00 00 00
07 10 12 59 11 10 00 68 00 68 00 81 b8 4b 01 95 e9 8e f4 0f 01 01 00 03 00 00 00 00 01 00 00 00 00 bd b6 3c 00 00 00 00 00 c9 1b 02 00 00 00 00 00 4b 2e 01 00 00 00 00 00 1c 20 01 00 00 00 00 00 c8 0e 01 00 00 00 00 00 00 00 00 00 4f 12 00 00 8e 00 00 00 06 07 00 00 c0 42 00 00 08 09 00 00 03 00 00 00 da 12 00 00 00 00 00 00 00 00 00 00
07 10 12 59 11 10 00 68 00 68 00 81 b8 95 be 98 e9 8e f4 0f 01 01 00 03 00 00 00 00 01 00 00 00 00 bd b6 3c 00 00 00 00 00 c9 1b 02 00 00 00 00 00 4b 2e 01 00 00 00 00 00 1c 20 01 00 00 00 00 00 c8 0e 01 00 00 00 00 00 00 00 00 00 4f 12 00 00 8e 00 00 00 06 07 00 00 c0 42 00 00 08 09 00 00 03 00 00 00 da 12 00 00 00 00 00 00 00 00 00 00
07 10 12 59 11 10 00 68 00 68 00 81 b8 eb 71 9a ed 8e f4 0f 01 01 00 03 00 00 00 00 01 00 00 00 00 bd b6 3c 00 00 00 00 00 c9 1b 02 00 00 00 00 00 4b 2e 01 00 00 00 00 00 1c 20 01 00 00 00 00 00 c8 0e 01 00 00 00 00 00 00 00 00 00 4f 12 00 00 8e 00 00 00 06 07 00 00 c0 42 00 00 08 09 00 00 03 00 00 00 da 12 00 00 00 00 00 00 00 00 00 00
07 10 12 59 11 10 00 68 00 68 00 81 b8 ca 72 92 f1 8e f4 0f 01 01 00 03 00 00 00 00 01 00 00 00 00 bd b6 3c 00 00 00 00 00 c9 1b 02 00 00 00 00 00 4b 2e 01 00 00 00 00 00 1c 20 01 00 00 00 00 00 c8 0e 01 00 00 00 00 00 00 00 00 00 4f 12 00 00 8e 00 00 00 06 07 00 00 c0 42 00 00 08 09 00 00 03 00 00 00 da 12 00 00 00 00 00 00 00 00 00 00
07 10 12 59 11 10 00 68 00 68 00 81 b8 a5 71 96 f1 8e f4 0f 01 01 00 03 00 00 00 00 01 00 00 00 00 bd b6 3c 00 00 00 00 00 c9 1b 02 00 00 00 00 00 4b 2e 01 00 00 00 00 00 1c 20 01 00 00 00 00 00 c8 0e 01 00 00 00 00 00 00 00 00 00 4f 12 00 00 8e 00 00 00 06 07 00 00 c0 42 00 00 08 09 00 00 03 00 00 00 da 12 00 00 00 00 00 00 00 00 00 00
07 10 12 59 11 10 00 68 00 68 00 81 b8 65 31 98 f5 8e f4 0f 01 01 00 03 00 00 00 00 01 00 00 00 00 bd b6 3c 00 00 00 00 00 c9 1b 02 00 00 00 00 00 4b 2e 01 00 00 00 00 00 1c 20 01 00 00 00 00 00 c8 0e 01 00 00 00 00 00 00 00 00 00 4f 12 00 00 8e 00 00 00 06 07 00 00 c0 42 00 00 08 09 00 00 03 00 00 00 da 12 00 00 00 00 00 00 00 00 00 00
07 10 12 59 11 10 00 34 00 34 00 87 b8 d2 bd 98 f5 8e f4 0f 01 06 00 03 00 00 00 00 01 02 01 d3 01 01 00 00 00 01 d3 09 06 f6 81 b3 26 40 01 80 1c 03 00 50 00 83 00 21 00 18 ee 02 1c
07 10 12 59 11 10 00 68 00 68 00 81 b8 07 24 90 f9 8e f4 0f 01 01 00 03 00 00 00 00 01 00 00 00 00 bd b6 3c 00 00 00 00 00 c9 1b 02 00 00 00 00 00 4b 2e 01 00 00 00 00 00 1c 20 01 00 00 00 00 00 c8 0e 01 00 00 00 00 00 00 00 00 00 4f 12 00 00 8e 00 00 00 06 07 00 00 c0 42 00 00 08 09 00 00 03 00 00 00 da 12 00 00 00 00 00 00 00 00 00 00
07 10 12 59 12 10 00 68 00 68 00 81 b8 f3 27 94 f9 8e f4 0f 01 01 00 03 00 00 00 00 01 00 00 00 00 bd b6 3c 00 00 00 00 00 c9 1b 02 00 00 00 00 00 4b 2e 01 00 00 00 00 00 1c 20 01 00 00 00 00 00 c8 0e 01 00 00 00 00 00 00 00 00 00 4f 12 00 00 8e 00 00 00 06 07 00 00 c0 42 00 00 08 09 00 00 03 00 00 00 da 12 00 00 00 00 00 00 00 00 00 00
07 10 12 59 12 10 00 68 00 68 00 81 b8 76 24 98 f9 8e f4 0f 01 01 00 03 00 00 00 00 01 00 00 00 00 bd b6 3c 00 00 00 00 00 c9 1b 02 00 00 00 00 00 4b 2e 01 00 00 00 00 00 1c 20 01 00 00 00 00 00 c8 0e 01 00 00 00 00 00 00 00 00 00 4f 12 00 00 8e 00 00 00 06 07 00 00 c0 42 00 00 08 09 00 00 03 00 00 00 da 12 00 00 00 00 00 00 00 00 00 00
07 10 12 59 12 10 00 68 00 68 00 81 b8 bb 96 99 fd 8e f4 0f 01 01 00 03 00 00 00 00 01 00 00 00 00 bd b6 3c 00 00 00 00 00 c9 1b 02 00 00 00 00 00 4b 2e 01 00 00 00 00 00 1c 20 01 00 00 00 00 00 c8 0e 01 00 00 00 00 00 00 00 00 00 4f 12 00 00 8e 00 00 00 06 07 00 00 c0 42 00 00 08 09 00 00 03 00 00 00 da 12 00 00 00 00 00 00 00 00 00 00
07 10 12 59 12 10 00 68 00 68 00 81 b8 2a 9b 91 01 8f f4 0f 01 01 00 03 00 00 00 00 01 00 00 00 00 bd b6 3c 00 00 00 00 00 c9 1b 02 00 00 00 00 00 4b 2e 01 00 00 00 00 00 1c 20 01 00 00 00 00 00 c8 0e 01 00 00 00 00 00 00 00 00 00 4f 12 00 00 8e 00 00 00 06 07 00 00 c0 42 00 00 08 09 00 00 03 00 00 00 da 12 00 00 00 00 00 00 00 00 00 00
07 10 12 59 12 10 00 68 00 68 00 81 b8 5b 95 95 01 8f f4 0f 01 01 00 03 00 00 00 00 01 00 00 00 00 bd b6 3c 00 00 00 00 00 c9 1b 02 00 00 00 00 00 4b 2e 01 00 00 00 00 00 1c 20 01 00 00 00 00 00 c8 0e 01 00 00 00 00 00 00 00 00 00 4f 12 00 00 8e 00 00 00 06 07 00 00 c0 42 00 00 08 09 00 00 03 00 00 00 da 12 00 00 00 00 00 00 00 00 00 00
07 10 12 59 12 10 00 34 00 34 00 87 b8 57 26 98 01 8f f4 0f 01 06 00 03 00 00 00 00 01 02 01 53 03 01 00 00 00 01 53 0b 06 f6 81 b3 26 40 01 80 1c 03 00 50 00 83 00 21 00 18 ee 02 1c
07 10 12 59 12 10 00 68 00 68 00 81 b8 c4 94 99 01 8f f4 0f 01 01 00 03 00 00 00 00 01 00 00 00 00 bd b6 3c 00 00 00 00 00 c9 1b 02 00 00 00 00 00 4b 2e 01 00 00 00 00 00 1c 20 01 00 00 00 00 00 c8 0e 01 00 00 00 00 00 00 00 00 00 4f 12 00 00 8e 00 00 00 06 07 00 00 c0 42 00 00 08 09 00 00 03 00 00 00 da 12 00 00 00 00 00 00 00 00 00 00
07 10 12 59 12 10 00 68 00 68 00 81 b8 5d 51 8f 09 8f f4 0f 01 01 00 03 00 00 00 00 01 00 00 00 00 bd b6 3c 00 00 00 00 00 c9 1b 02 00 00 00 00 00 4b 2e 01 00 00 00 00 00 1c 20 01 00 00 00 00 00 c8 0e 01 00 00 00 00 00 00 00 00 00 4f 12 00 00 8e 00 00 00 06 07 00 00 c0 42 00 00 08 09 00 00 03 00 00 00 da 12 00 00 00 00 00 00 00 00 00 00
07 10 12 59 12 10 00 68 00 68 00 81 b8 80 48 93 09 8f f4 0f 01 01 00 03 00 00 00 00 01 00 00 00 00 bd b6 3c 00 00 00 00 00 c9 1b 02 00 00 00 00 00 4b 2e 01 00 00 00 00 00 1c 20 01 00 00 00 00 00 c8 0e 01 00 00 00 00 00 00 00 00 00 4f 12 00 00 8e 00 00 00 06 07 00 00 c0 42 00 00 08 09 00 00 03 00 00 00 da 12 00 00 00 00 00 00 00 00 00 00
07 10 12 59 12 10 00 68 00 68 00 81 b8 6e 54 97 09 8f f4 0f 01 01 00 03 00 00 00 00 01 00 00 00 00 bd b6 3c 00 00 00 00 00 c9 1b 02 00 00 00 00 00 4b 2e 01 00 00 00 00 00 1c 20 01 00 00 00 00 00 c8 0e 01 00 00 00 00 00 00 00 00 00 4f 12 00 00 8e 00 00 00 06 07 00 00 c0 42 00 00 08 09 00 00 03 00 00 00 da 12 00 00 00 00 00 00 00 00 00 00
07 10 12 59 12 10 00 34 00 34 00 87 b8 92 94 99 09 8f f4 0f 01 06 00 03 00 00 00 00 01 02 01 53 00 01 00 00 00 01 53 08 06 f6 81 b3 26 40 01 80 1c 03 00 50 00 83 00 21 00 18 ee 02 1c
07 10 12 59 12 10 00 68 00 68 00 81 b8 16 ba 98 0d 8f f4 0f 01 01 00 03 00 00 00 00 01 00 00 00 00 bd b6 3c 00 00 00 00 00 c9 1b 02 00 00 00 00 00 4b 2e 01 00 00 00 00 00 1c 20 01 00 00 00 00 00 c8 0e 01 00 00 00 00 00 00 00 00 00 4f 12 00 00 8e 00 00 00 06 07 00 00 c0 42 00 00 08 09 00 00 03 00 00 00 da 12 00 00 00 00 00 00 00 00 00 00
07 10 12 59 12 10 00 68 00 68 00 81 b8 5b bb 90 11 8f f4 0f 01 01 00 03 00 00 00 00 01 00 00 00 00 bd b6 3c 00 00 00 00 00 c9 1b 02 00 00 00 00 00 4b 2e 01 00 00 00 00 00 1c 20 01 00 00 00 00 00 c8 0e 01 00 00 00 00 00 00 00 00 00 4f 12 00 00 8e 00 00 00 06 07 00 00 c0 42 00 00 08 09 00 00 03 00 00 00 da 12 00 00 00 00 00 00 00 00 00 00
07 10 12 59 12 10 00 68 00 68 00 81 b8 86 bc 94 11 8f f4 0f 01 01 00 03 00 00 00 00 01 00 00 00 00 bd b6 3c 00 00 00 00 00 c9 1b 02 00 00 00 00 00 4b 2e 01 00 00 00 00 00 1c 20 01 00 00 00 00 00 c8 0e 01 00 00 00 00 00 00 00 00 00 4f 12 00 00 8e 00 00 00 06 07 00 00 c0 42 00 00 08 09 00 00 03 00 00 00 da 12 00 00 00 00 00 00 00 00 00 00
07 10 12 59 12 10 00 68 00 68 00 81 b8 2c ba 98 11 8f f4 0f 01 01 00 03 00 00 00 00 01 00 00 00 00 bd b6 3c 00 00 00 00 00 c9 1b 02 00 00 00 00 00 4b 2e 01 00 00 00 00 00 1c 20 01 00 00 00 00 00 c8 0e 01 00 00 00 00 00 00 00 00 00 4f 12 00 00 8e 00 00 00 06 07 00 00 c0 42 00 00 08 09 00 00 03 00 00 00 da 12 00 00 00 00 00 00 00 00 00 00
07 10 12 59 12 10 00 68 00 68 00 81 b8 fb 6c 9a 15 8f f4 0f 01 01 00 03 00 00 00 00 01 00 00 00 00 bd b6 3c 00 00 00 00 00 c9 1b 02 00 00 00 00 00 4b 2e 01 00 00 00 00 00 1c 20 01 00 00 00 00 00 c8 0e 01 00 00 00 00 00 00 00 00 00 4f 12 00 00 8e 00 00 00 06 07 00 00 c0 42 00 00 08 09 00 00 03 00 00 00 da 12 00 00 00 00 00 00 00 00 00 00
07 10 12 59 12 10 00 68 00 68 00 81 b8 7c 6d 92 19 8f f4 0f 01 01 00 03 00 00 00 00 01 00 00 00 00 bd b6 3c 00 00 00 00 00 c9 1b 02 00 00 00 00 00 4b 2e 01 00 00 00 00 00 1c 20 01 00 00 00 00 00 c8 0e 01 00 00 00 00 00 00 00 00 00 4f 12 00 00 8e 00 00 00 06 07 00 00 c0 42 00 00 08 09 00 00 03 00 00 00 da 12 00 00 00 00 00 00 00 00 00 00
07 10 12 59 12 10 00 68 00 68 00 81 b8 b3 6c 96 19 8f f4 0f 01 01 00 03 00 00 00 00 01 00 00 00 00 bd b6 3c 00 00 00 00 00 c9 1b 02 00 00 00 00 00 4b 2e 01 00 00 00 00 00 1c 20 01 00 00 00 00 00 c8 0e 01 00 00 00 00 00 00 00 00 00 4f 12 00 00 8e 00 00 00 06 07 00 00 c0 42 00 00 08 09 00 00 03 00 00 00 da 12 00 00 00 00 00 00 00 00 00 00
07 10 12 59 12 10 00 68 00 68 00 81 b8 f3 28 98 1d 8f f4 0f 01 01 00 03 00 00 00 00 01 00 00 00 00 bd b6 3c 00 00 00 00 00 c9 1b 02 00 00 00 00 00 4b 2e 01 00 00 00 00 00 1c 20 01 00 00 00 00 00 c8 0e 01 00 00 00 00 00 00 00 00 00 4f 12 00 00 8e 00 00 00 06 07 00 00 c0 42 00 00 08 09 00 00 03 00 00 00 da 12 00 00 00 00 00 00 00 00 00 00
07 10 12 59 12 10 00 68 00 68 00 81 b8 c8 1e 90 21 8f f4 0f 01 01 00 03 00 00 00 00 01 00 00 00 00 bd b6 3c 00 00 00 00 00 c9 1b 02 00 00 00 00 00 4b 2e 01 00 00 00 00 00 1c 20 01 00 00 00 00 00 c8 0e 01 00 00 00 00 00 00 00 00 00 4f 12 00 00 8e 00 00 00 06 07 00 00 c0 42 00 00 08 09 00 00 03 00 00 00 da 12 00 00 00 00 00 00 00 00 00 00
07 10 12 59 12 10 00 68 00 68 00 81 b8 03 23 94 21 8f f4 0f 01 01 00 03 00 00 00 00 01 00 00 00 00 bd b6 3c 00 00 00 00 00 c9 1b 02 00 00 00 00 00 4b 2e 01 00 00 00 00 00 1c 20 01 00 00 00 00 00 c8 0e 01 00 00 00 00 00 00 00 00 00 4f 12 00 00 8e 00 00 00 06 07 00 00 c0 42 00 00 08 09 00 00 03 00 00 00 da 12 00 00 00 00 00 00 00 00 00 00
07 10 12 59 12 10 00 68 00 68 00 81 b8 a9 1f 98 21 8f f4 0f 01 01 00 03 00 00 00 00 01 00 00 00 00 bd b6 3c 00 00 00 00 00 c9 1b 02 00 00 00 00 00 4b 2e 01 00 00 00 00 00 1c 20 01 00 00 00 00 00 c8 0e 01 00 00 00 00 00 00 00 00 00 4f 12 00 00 8e 00 00 00 06 07 00 00 c0 42 00 00 08 09 00 00 03 00 00 00 da 12 00 00 00 00 00 00 00 00 00 00
07 10 12 59 12 10 00 68 00 68 00 81 b8 76 90 99 25 8f f4 0f 01 01 00 03 00 00 00 00 01 00 00 00 00 bd b6 3c 00 00 00 00 00 c9 1b 02 00 00 00 00 00 4b 2e 01 00 00 00 00 00 1c 20 01 00 00 00 00 00 c8 0e 01 00 00 00 00 00 00 00 00 00 4f 12 00 00 8e 00 00 00 06 07 00 00 c0 42 00 00 08 09 00 00 03 00 00 00 da 12 00 00 00 00 00 00 00 00 00 00
07 10 12 59 12 10 00 68 00 68 00 81 b8 c4 93 91 29 8f f4 0f 01 01 00 03 00 00 00 00 01 00 00 00 00 bd b6 3c 00 00 00 00 00 c9 1b 02 00 00 00 00 00 4b 2e 01 00 00 00 00 00 1c 20 01 00 00 00 00 00 c8 0e 01 00 00 00 00 00 00 00 00 00 4f 12 00 00 8e 00 00 00 06 07 00 00 c0 42 00 00 08 09 00 00 03 00 00 00 da 12 00 00 00 00 00 00 00 00 00 00
07 10 12 59 12 10 00 68 00 68 00 81 b8 74 90 95 29 8f f4 0f 01 01 00 03 00 00 00 00 01 00 00 00 00 bd b6 3c 00 00 00 00 00 c9 1b 02 00 00 00 00 00 4b 2e 01 00 00 00 00 00 1c 20 01 00 00 00 00 00 c8 0e 01 00 00 00 00 00 00 00 00 00 4f 12 00 00 8e 00 00 00 06 07 00 00 c0 42 00 00 08 09 00 00 03 00 00 00 da 12 00 00 00 00 00 00 00 00 00 00
07 10 12 59 12 10 00 68 00 68 00 81 b8 c4 90 99 29 8f f4 0f 01 01 00 03 00 00 00 00 01 00 00 00 00 bd b6 3c 00 00 00 00 00 c9 1b 02 00 00 00 00 00 4b 2e 01 00 00 00 00 00 1c 20 01 00 00 00 00 00 c8 0e 01 00 00 00 00 00 00 00 00 00 4f 12 00 00 8e 00 00 00 06 07 00 00 c0 42 00 00 08 09 00 00 03 00 00 00 da 12 00 00 00 00 00 00 00 00 00 00
07 10 12 59 12 10 00 68 00 68 00 81 b8 f3 4c 8f 31 8f f4 0f 01 01 00 03 00 00 00 00 01 00 00 00 00 bd b6 3c 00 00 00 00 00 c9 1b 02 00 00 00 00 00 4b 2e 01 00 00 00 00 00 1c 20 01 00 00 00 00 00 c8 0e 01 00 00 00 00 00 00 00 00 00 4f 12 00 00 8e 00 00 00 06 07 00 00 c0 42 00 00 08 09 00 00 03 00 00 00 da 12 00 00 00 00 00 00 00 00 00 00
07 10 12 59 12 10 00 68 00 68 00 81 b8 6e 43 93 31 8f f4 0f 01 01 00 03 00 00 00 00 01 00 00 00 00 bd b6 3c 00 00 00 00 00 c9 1b 02 00 00 00 00 00 4b 2e 01 00 00 00 00 00 1c 20 01 00 00 00 00 00 c8 0e 01 00 00 00 00 00 00 00 00 00 4f 12 00 00 8e 00 00 00 06 07 00 00 c0 42 00 00 08 09 00 00 03 00 00 00 da 12 00 00 00 00 00 00 00 00 00 00
07 10 12 59 12 10 00 68 00 68 00 81 b8 ca 4f 97 31 8f f4 0f 01 01 00 03 00 00 00 00 01 00 00 00 00 bd b6 3c 00 00 00 00 00 c9 1b 02 00 00 00 00 00 4b 2e 01 00 00 00 00 00 1c 20 01 00 00 00 00 00 c8 0e 01 00 00 00 00 00 00 00 00 00 4f 12 00 00 8e 00 00 00 06 07 00 00 c0 42 00 00 08 09 00 00 03 00 00 00 da 12 00 00 00 00 00 00 00 00 00 00
