timestamp,payload_idx,record_idx,version,carrier_id,slots_elapsed,pdsch_decode,crc_pass_tb,crc_fail_tb,bler_pct,retx_tb,ack_as_nack,harq_fail,crc_pass_bytes,crc_fail_bytes,tb_bytes,padding_bytes,retx_bytes,throughput_mbps
2026-06-26 20:04:52.810569,0,0,3.0,0,858698,53934,48755,5179,9.602477101642748,5134,124,9,1071055013,193922407,1264977420,1131907,197421311,
2026-06-26 20:04:52.815547,1,0,3.0,0,858708,53934,48755,5179,9.602477101642748,5134,124,9,1071055013,193922407,1264977420,1131907,197421311,0.0
2026-06-26 20:04:52.820535,2,0,3.0,0,858718,53935,48756,5179,9.602299063687772,5134,124,9,1071055041,193922407,1264977448,1131930,197421311,0.04490777866880513
2026-06-26 20:04:52.825524,3,0,3.0,0,858728,53935,48756,5179,9.602299063687772,5134,124,9,1071055041,193922407,1264977448,1131930,197421311,0.0
2026-06-26 20:04:52.830533,4,0,3.0,0,858738,53935,48756,5179,9.602299063687772,5134,124,9,1071055041,193922407,1264977448,1131930,197421311,0.0
2026-06-26 20:04:52.835552,5,0,3.0,0,858748,53935,48756,5179,9.602299063687772,5134,124,9,1071055041,193922407,1264977448,1131930,197421311,0.0
2026-06-26 20:04:52.840538,6,0,3.0,0,858758,53935,48756,5179,9.602299063687772,5134,124,9,1071055041,193922407,1264977448,1131930,197421311,0.0
2026-06-26 20:04:52.845520,7,0,3.0,0,858768,53935,48756,5179,9.602299063687772,5134,124,9,1071055041,193922407,1264977448,1131930,197421311,0.0
2026-06-26 20:04:52.850531,8,0,3.0,0,858778,53935,48756,5179,9.602299063687772,5134,124,9,1071055041,193922407,1264977448,1131930,197421311,0.0
2026-06-26 20:04:52.855548,9,0,3.0,0,858788,53935,48756,5179,9.602299063687772,5134,124,9,1071055041,193922407,1264977448,1131930,197421311,0.0
2026-06-26 20:04:52.860545,10,0,3.0,0,858798,53935,48756,5179,9.602299063687772,5134,124,9,1071055041,193922407,1264977448,1131930,197421311,0.0
2026-06-26 20:04:52.865537,11,0,3.0,0,858808,53935,48756,5179,9.602299063687772,5134,124,9,1071055041,193922407,1264977448,1131930,197421311,0.0
2026-06-26 20:04:52.870566,12,0,3.0,0,858818,53936,48757,5179,9.602121032334619,5134,124,9,1071055147,193922407,1264977554,1131956,197421311,0.1686219924438258
2026-06-26 20:04:52.875542,13,0,3.0,0,858828,53936,48757,5179,9.602121032334619,5134,124,9,1071055147,193922407,1264977554,1131956,197421311,0.0
2026-06-26 20:04:52.880548,14,0,3.0,0,858838,53936,48757,5179,9.602121032334619,5134,124,9,1071055147,193922407,1264977554,1131956,197421311,0.0
2026-06-26 20:04:52.885519,15,0,3.0,0,858848,53936,48757,5179,9.602121032334619,5134,124,9,1071055147,193922407,1264977554,1131956,197421311,0.0
2026-06-26 20:04:52.890529,16,0,3.0,0,858858,53936,48757,5179,9.602121032334619,5134,124,9,1071055147,193922407,1264977554,1131956,197421311,0.0
2026-06-26 20:04:52.895551,17,0,3.0,0,858868,53936,48757,5179,9.602121032334619,5134,124,9,1071055147,193922407,1264977554,1131956,197421311,0.0
2026-06-26 20:04:52.900539,18,0,3.0,0,858878,53936,48757,5179,9.602121032334619,5134,124,9,1071055147,193922407,1264977554,1131956,197421311,0.0
2026-06-26 20:04:52.905525,19,0,3.0,0,858888,53936,48757,5179,9.602121032334619,5134,124,9,1071055147,193922407,1264977554,1131956,197421311,0.0
2026-06-26 20:04:52.910528,20,0,3.0,0,858898,53936,48757,5179,9.602121032334619,5134,124,9,1071055147,193922407,1264977554,1131956,197421311,0.0
2026-06-26 20:04:52.915552,21,0,3.0,0,858908,53936,48757,5179,9.602121032334619,5134,124,9,1071055147,193922407,1264977554,1131956,197421311,0.0
2026-06-26 20:04:52.920542,22,0,3.0,0,858918,53936,48757,5179,9.602121032334619,5134,124,9,1071055147,193922407,1264977554,1131956,197421311,0.0
2026-06-26 20:04:52.925519,23,0,3.0,0,858928,53936,48757,5179,9.602121032334619,5134,124,9,1071055147,193922407,1264977554,1131956,197421311,0.0
2026-06-26 20:04:52.930539,24,0,3.0,0,858938,53936,48757,5179,9.602121032334619,5134,124,9,1071055147,193922407,1264977554,1131956,197421311,0.0
2026-06-26 20:04:52.935546,25,0,3.0,0,858948,53936,48757,5179,9.602121032334619,5134,124,9,1071055147,193922407,1264977554,1131956,197421311,0.0
2026-06-26 20:04:52.940547,26,0,3.0,0,858958,53936,48757,5179,9.602121032334619,5134,124,9,1071055147,193922407,1264977554,1131956,197421311,0.0
2026-06-26 20:04:52.945519,27,0,3.0,0,858968,53936,48757,5179,9.602121032334619,5134,124,9,1071055147,193922407,1264977554,1131956,197421311,0.0
2026-06-26 20:04:52.950534,28,0,3.0,0,858978,53936,48757,5179,9.602121032334619,5134,124,9,1071055147,193922407,1264977554,1131956,197421311,0.0
2026-06-26 20:04:52.955548,29,0,3.0,0,858988,53936,48757,5179,9.602121032334619,5134,124,9,1071055147,193922407,1264977554,1131956,197421311,0.0
2026-06-26 20:04:52.960541,30,0,3.0,0,858998,53936,48757,5179,9.602121032334619,5134,124,9,1071055147,193922407,1264977554,1131956,197421311,0.0
2026-06-26 20:04:52.965520,31,0,3.0,0,859008,53936,48757,5179,9.602121032334619,5134,124,9,1071055147,193922407,1264977554,1131956,197421311,0.0
2026-06-26 20:04:52.970538,32,0,3.0,0,859016,53936,48757,5179,9.602121032334619,5134,124,9,1071055147,193922407,1264977554,1131956,197421311,0.0
2026-06-26 20:04:52.974356,33,0,3.0,0,859026,53936,48757,5179,9.602121032334619,5134,124,9,1071055147,193922407,1264977554,1131956,197421311,0.0
2026-06-26 20:04:52.979337,34,0,3.0,0,859036,53936,48757,5179,9.602121032334619,5134,124,9,1071055147,193922407,1264977554,1131956,197421311,0.0
2026-06-26 20:04:52.984340,35,0,3.0,0,859046,53936,48757,5179,9.602121032334619,5134,124,9,1071055147,193922407,1264977554,1131956,197421311,0.0
2026-06-26 20:04:52.989448,36,0,3.0,0,859056,53936,48757,5179,9.602121032334619,5134,124,9,1071055147,193922407,1264977554,1131956,197421311,0.0
2026-06-26 20:04:52.994453,37,0,3.0,0,859066,53936,48757,5179,9.602121032334619,5134,124,9,1071055147,193922407,1264977554,1131956,197421311,0.0
2026-06-26 20:04:52.996490,38,0,3.0,0,859068,53936,48757,5179,9.602121032334619,5134,124,9,1071055147,193922407,1264977554,1131956,197421311,0.0
2026-06-26 20:04:53.146548,39,0,3.0,0,859078,53936,48757,5179,9.602121032334619,5134,124,9,1071055147,193922407,1264977554,1131956,197421311,0.0
2026-06-26 20:04:53.151473,40,0,3.0,0,859088,53937,48758,5179,9.601943007582921,5134,124,9,1071059244,193922407,1264981651,1132340,197421311,6.65502538071066
2026-06-26 20:04:53.156490,41,0,3.0,0,859098,53937,48758,5179,9.601943007582921,5134,124,9,1071059244,193922407,1264981651,1132340,197421311,0.0
2026-06-26 20:04:53.161479,42,0,3.0,0,859108,53937,48758,5179,9.601943007582921,5134,124,9,1071059244,193922407,1264981651,1132340,197421311,0.0
2026-06-26 20:04:53.166479,43,0,3.0,0,859118,53937,48758,5179,9.601943007582921,5134,124,9,1071059244,193922407,1264981651,1132340,197421311,0.0
2026-06-26 20:04:53.171470,44,0,3.0,0,859128,53937,48758,5179,9.601943007582921,5134,124,9,1071059244,193922407,1264981651,1132340,197421311,0.0
2026-06-26 20:04:53.176500,45,0,3.0,0,859138,53937,48758,5179,9.601943007582921,5134,124,9,1071059244,193922407,1264981651,1132340,197421311,0.0
2026-06-26 20:04:53.181472,46,0,3.0,0,859148,53939,48760,5179,9.601586977882423,5134,124,9,1071059364,193922407,1264981771,1132375,197421311,0.19308125502815768
2026-06-26 20:04:53.186482,47,0,3.0,0,859158,53939,48760,5179,9.601586977882423,5134,124,9,1071059364,193922407,1264981771,1132375,197421311,0.0
2026-06-26 20:04:53.191482,48,0,3.0,0,859168,53939,48760,5179,9.601586977882423,5134,124,9,1071059364,193922407,1264981771,1132375,197421311,0.0
2026-06-26 20:04:53.196492,49,0,3.0,0,859178,53939,48760,5179,9.601586977882423,5134,124,9,1071059364,193922407,1264981771,1132375,197421311,0.0
2026-06-26 20:04:53.201489,50,0,3.0,0,859188,53940,48761,5179,9.601408972932889,5134,124,9,1071059505,193922407,1264981912,1132391,197421311,0.22573544126475886
2026-06-26 20:04:53.206485,51,0,3.0,0,859198,53940,48761,5179,9.601408972932889,5134,124,9,1071059505,193922407,1264981912,1132391,197421311,0.0
2026-06-26 20:04:53.211476,52,0,3.0,0,859208,53943,48764,5179,9.60087499768274,5134,124,9,1071060504,193922407,1264982911,1132507,197421311,1.6012823081546783
2026-06-26 20:04:53.216506,53,0,3.0,0,859218,53943,48764,5179,9.60087499768274,5134,124,9,1071060504,193922407,1264982911,1132507,197421311,0.0
2026-06-26 20:04:53.221502,54,0,3.0,0,859228,53943,48764,5179,9.60087499768274,5134,124,9,1071060504,193922407,1264982911,1132507,197421311,0.0
2026-06-26 20:04:53.226486,55,0,3.0,0,859238,53943,48764,5179,9.60087499768274,5134,124,9,1071060504,193922407,1264982911,1132507,197421311,0.0
2026-06-26 20:04:53.231476,56,0,3.0,0,859248,53945,48766,5179,9.600519047177682,5134,124,9,1071060702,193922407,1264983109,1132529,197421311,0.31743486973947893
2026-06-26 20:04:53.236495,57,0,3.0,0,859258,53945,48766,5179,9.600519047177682,5134,124,9,1071060702,193922407,1264983109,1132529,197421311,0.0
2026-06-26 20:04:53.241492,58,0,3.0,0,859268,53946,48767,5179,9.600341081822563,5134,124,9,1071060979,193922407,1264983386,1132538,197421311,0.44346607964778867
2026-06-26 20:04:53.246481,59,0,3.0,0,859278,53946,48767,5179,9.600341081822563,5134,124,9,1071060979,193922407,1264983386,1132538,197421311,0.0
2026-06-26 20:04:53.251481,60,0,3.0,0,859288,53950,48771,5179,9.599629286376274,5134,124,9,1071061487,193922407,1264983894,1132614,197421311,0.8128
2026-06-26 20:04:53.256483,61,0,3.0,0,859298,53950,48771,5179,9.599629286376274,5134,124,9,1071061487,193922407,1264983894,1132614,197421311,0.0
2026-06-26 20:04:53.261486,62,0,3.0,0,859308,53951,48772,5179,9.599451354006414,5134,124,9,1071061588,193922407,1264983995,1132627,197421311,0.16150309814111533
2026-06-26 20:04:53.266479,63,0,3.0,0,859318,53951,48772,5179,9.599451354006414,5134,124,9,1071061588,193922407,1264983995,1132627,197421311,0.0
2026-06-26 20:04:53.271473,64,0,3.0,0,859328,53952,48773,5179,9.599273428232504,5134,124,9,1071061694,193922407,1264984101,1132645,197421311,0.1698037645174209
2026-06-26 20:04:53.276520,65,0,3.0,0,859338,53952,48773,5179,9.599273428232504,5134,124,9,1071061694,193922407,1264984101,1132645,197421311,0.0
2026-06-26 20:04:53.281485,66,0,3.0,0,859348,53954,48775,5179,9.598917596471068,5134,124,9,1071062234,193922407,1264984641,1132722,197421311,0.8700906344410876
2026-06-26 20:04:53.286482,67,0,3.0,0,859358,53954,48775,5179,9.598917596471068,5134,124,9,1071062234,193922407,1264984641,1132722,197421311,0.0
2026-06-26 20:04:53.291474,68,0,3.0,0,859368,53956,48776,5180,9.6004151530877,5134,124,9,1071062340,193922508,1264984848,1132735,197421311,0.16987179487179488
2026-06-26 20:04:53.296501,69,0,3.0,0,859378,53956,48776,5180,9.6004151530877,5134,124,9,1071062340,193922508,1264984848,1132735,197421311,0.0
2026-06-26 20:04:53.301490,70,0,3.0,0,859388,53957,48777,5180,9.600237225939173,5135,124,9,1071062441,193922508,1264984949,1132748,197421412,0.16195630386851073
2026-06-26 20:04:53.306481,71,0,3.0,0,859398,53957,48777,5180,9.600237225939173,5135,124,9,1071062441,193922508,1264984949,1132748,197421412,0.0
2026-06-26 20:04:53.311478,72,0,3.0,0,859408,53959,48779,5180,9.599881391426825,5135,124,9,1071062570,193922508,1264985078,1132784,197421412,0.20652391434860917
2026-06-26 20:04:53.316495,73,0,3.0,0,859418,53959,48779,5180,9.599881391426825,5135,124,9,1071062570,193922508,1264985078,1132784,197421412,0.0
2026-06-26 20:04:53.321483,74,0,3.0,0,859428,53961,48781,5180,9.599525583291637,5135,124,9,1071063200,193922508,1264985708,1132867,197421412,1.0104250200481155
2026-06-26 20:04:53.326492,75,0,3.0,0,859438,53961,48781,5180,9.599525583291637,5135,124,9,1071063200,193922508,1264985708,1132867,197421412,0.0
2026-06-26 20:04:53.331477,76,0,3.0,0,859448,53961,48781,5180,9.599525583291637,5135,124,9,1071063200,193922508,1264985708,1132867,197421412,0.0
2026-06-26 20:04:53.336499,77,0,3.0,0,859458,53961,48781,5180,9.599525583291637,5135,124,9,1071063200,193922508,1264985708,1132867,197421412,0.0
2026-06-26 20:04:53.341481,78,0,3.0,0,859468,53963,48783,5180,9.599169801530678,5135,124,9,1071063458,193922508,1264985966,1132885,197421412,0.41429144921718186
2026-06-26 20:04:53.346485,79,0,3.0,0,859478,53963,48783,5180,9.599169801530678,5135,124,9,1071063458,193922508,1264985966,1132885,197421412,0.0
2026-06-26 20:04:53.351480,80,0,3.0,0,859488,53964,48783,5181,9.600845007782967,5135,124,9,1071063458,193922913,1264986371,1132885,197421412,0.0
2026-06-26 20:04:53.356506,81,0,3.0,0,859498,53964,48783,5181,9.600845007782967,5135,124,9,1071063458,193922913,1264986371,1132885,197421412,0.0
2026-06-26 20:04:53.361478,82,0,3.0,0,859508,53965,48784,5181,9.600667099045678,5136,124,9,1071063863,193922913,1264986776,1132902,197421817,0.6516492357200322
2026-06-26 20:04:53.366482,83,0,3.0,0,859518,53965,48784,5181,9.600667099045678,5136,124,9,1071063863,193922913,1264986776,1132902,197421817,0.0
2026-06-26 20:04:53.371477,84,0,3.0,0,859528,53966,48785,5181,9.600489196901753,5136,124,9,1071063891,193922913,1264986804,1132925,197421817,0.04484484484484484
2026-06-26 20:04:53.376505,85,0,3.0,0,859538,53966,48785,5181,9.600489196901753,5136,124,9,1071063891,193922913,1264986804,1132925,197421817,0.0
2026-06-26 20:04:53.381486,86,0,3.0,0,859548,53967,48786,5181,9.600311301350825,5136,124,9,1071064032,193922913,1264986945,1132930,197421817,0.2264605500903433
2026-06-26 20:04:53.386482,87,0,3.0,0,859558,53967,48786,5181,9.600311301350825,5136,124,9,1071064032,193922913,1264986945,1132930,197421817,0.0
2026-06-26 20:04:53.391478,88,0,3.0,0,859568,53969,48788,5181,9.599955530026497,5136,124,9,1071064575,193922913,1264987488,1132976,197421817,0.8694955964771818
2026-06-26 20:04:53.396499,89,0,3.0,0,859578,53969,48788,5181,9.599955530026497,5136,124,9,1071064575,193922913,1264987488,1132976,197421817,0.0
2026-06-26 20:04:53.401482,90,0,3.0,0,859588,53969,48788,5181,9.599955530026497,5136,124,9,1071064575,193922913,1264987488,1132976,197421817,0.0
2026-06-26 20:04:53.406477,91,0,3.0,0,859598,53969,48788,5181,9.599955530026497,5136,124,9,1071064575,193922913,1264987488,1132976,197421817,0.0
2026-06-26 20:04:53.411474,92,0,3.0,0,859608,53970,48789,5181,9.599777654252364,5136,124,9,1071064603,193922913,1264987516,1132999,197421817,0.044826896137682606
2026-06-26 20:04:53.416502,93,0,3.0,0,859618,53970,48789,5181,9.599777654252364,5136,124,9,1071064603,193922913,1264987516,1132999,197421817,0.0
2026-06-26 20:04:53.421482,94,0,3.0,0,859628,53972,48791,5181,9.599421922478323,5136,124,9,1071065005,193922913,1264987918,1133037,197421817,0.6457831325301204
2026-06-26 20:04:53.426491,95,0,3.0,0,859638,53972,48791,5181,9.599421922478323,5136,124,9,1071065005,193922913,1264987918,1133037,197421817,0.0
2026-06-26 20:04:53.431480,96,0,3.0,0,859648,53972,48791,5181,9.599421922478323,5136,124,9,1071065005,193922913,1264987918,1133037,197421817,0.0
2026-06-26 20:04:53.436504,97,0,3.0,0,859658,53972,48791,5181,9.599421922478323,5136,124,9,1071065005,193922913,1264987918,1133037,197421817,0.0
2026-06-26 20:04:53.441490,98,0,3.0,0,859668,53975,48794,5181,9.598888374247338,5136,124,9,1071065315,193922913,1264988228,1133095,197421817,0.49739269955876453
2026-06-26 20:04:53.446487,99,0,3.0,0,859678,53975,48794,5181,9.598888374247338,5136,124,9,1071065315,193922913,1264988228,1133095,197421817,0.0
2026-06-26 20:04:53.451478,100,0,3.0,0,859688,53979,48797,5182,9.600029641156747,5136,124,9,1071065729,193923042,1264988771,1133138,197421817,0.663594470046083
2026-06-26 20:04:53.456497,101,0,3.0,0,859698,53979,48797,5182,9.600029641156747,5136,124,9,1071065729,193923042,1264988771,1133138,197421817,0.0
2026-06-26 20:04:53.461480,102,0,3.0,0,859708,53981,48799,5182,9.59967395935607,5137,124,9,1071065886,193923042,1264988928,1133176,197421946,0.2520569937788481
2026-06-26 20:04:53.466477,103,0,3.0,0,859718,53981,48799,5182,9.59967395935607,5137,124,9,1071065886,193923042,1264988928,1133176,197421946,0.0
2026-06-26 20:04:53.471477,104,0,3.0,0,859728,53983,48801,5182,9.599318303910492,5137,124,9,1071066144,193923042,1264989186,1133216,197421946,0.4128
2026-06-26 20:04:53.476533,105,0,3.0,0,859738,53983,48801,5182,9.599318303910492,5137,124,9,1071066144,193923042,1264989186,1133216,197421946,0.0
2026-06-26 20:04:53.481503,106,0,3.0,0,859748,53983,48801,5182,9.599318303910492,5137,124,9,1071066144,193923042,1264989186,1133216,197421946,0.0
2026-06-26 20:04:53.486485,107,0,3.0,0,859758,53983,48801,5182,9.599318303910492,5137,124,9,1071066144,193923042,1264989186,1133216,197421946,0.0
2026-06-26 20:04:53.491482,108,0,3.0,0,859768,53985,48803,5182,9.598962674817079,5137,124,9,1071066276,193923042,1264989318,1133255,197421946,0.2113267960776466
2026-06-26 20:04:53.496501,109,0,3.0,0,859778,53985,48803,5182,9.598962674817079,5137,124,9,1071066276,193923042,1264989318,1133255,197421946,0.0
2026-06-26 20:04:53.501488,110,0,3.0,0,859788,53985,48803,5182,9.598962674817079,5137,124,9,1071066276,193923042,1264989318,1133255,197421946,0.0
2026-06-26 20:04:53.506480,111,0,3.0,0,859798,53985,48803,5182,9.598962674817079,5137,124,9,1071066276,193923042,1264989318,1133255,197421946,0.0
2026-06-26 20:04:53.511477,112,0,3.0,0,859808,53988,48806,5182,9.59842928058087,5137,124,9,1071066636,193923042,1264989678,1133296,197421946,0.5763458074844907
2026-06-26 20:04:53.516491,113,0,3.0,0,859818,53988,48806,5182,9.59842928058087,5137,124,9,1071066636,193923042,1264989678,1133296,197421946,0.0
2026-06-26 20:04:53.521484,114,0,3.0,0,859828,53989,48807,5182,9.598251495675045,5137,124,9,1071066781,193923042,1264989823,1133322,197421946,0.2323252553575005
2026-06-26 20:04:53.526488,115,0,3.0,0,859838,53989,48807,5182,9.598251495675045,5137,124,9,1071066781,193923042,1264989823,1133322,197421946,0.0
2026-06-26 20:04:53.531478,116,0,3.0,0,859848,53990,48808,5182,9.598073717355065,5137,124,9,1071066958,193923042,1264990000,1133341,197421946,0.2837675350701403
2026-06-26 20:04:53.536501,117,0,3.0,0,859858,53990,48808,5182,9.598073717355065,5137,124,9,1071066958,193923042,1264990000,1133341,197421946,0.0
2026-06-26 20:04:53.541479,118,0,3.0,0,859868,53992,48810,5182,9.59771818047118,5137,124,9,1071067179,193923042,1264990221,1133393,197421946,0.3551627159501808
2026-06-26 20:04:53.546478,119,0,3.0,0,859878,53992,48810,5182,9.59771818047118,5137,124,9,1071067179,193923042,1264990221,1133393,197421946,0.0
2026-06-26 20:04:53.551476,120,0,3.0,0,859888,53993,48811,5182,9.597540421906544,5137,124,9,1071067207,193923042,1264990249,1133416,197421946,0.04481792717086835
2026-06-26 20:04:53.556486,121,0,3.0,0,859898,53993,48811,5182,9.597540421906544,5137,124,9,1071067207,193923042,1264990249,1133416,197421946,0.0
2026-06-26 20:04:53.561505,122,0,3.0,0,859908,53994,48812,5182,9.597362669926287,5137,124,9,1071067348,193923042,1264990390,1133436,197421946,0.22474596533173938
2026-06-26 20:04:53.566504,123,0,3.0,0,859918,53994,48812,5182,9.597362669926287,5137,124,9,1071067348,193923042,1264990390,1133436,197421946,0.0
2026-06-26 20:04:53.571480,124,0,3.0,0,859928,53995,48813,5182,9.59718492453005,5137,124,9,1071067376,193923042,1264990418,1133459,197421946,0.04501607717041801
2026-06-26 20:04:53.576528,125,0,3.0,0,859938,53995,48813,5182,9.59718492453005,5137,124,9,1071067376,193923042,1264990418,1133459,197421946,0.0
2026-06-26 20:04:53.581480,126,0,3.0,0,859948,53997,48815,5182,9.596829453488157,5137,124,9,1071067561,193923042,1264990603,1133508,197421946,0.2988691437802908
2026-06-26 20:04:53.586484,127,0,3.0,0,859958,53997,48815,5182,9.596829453488157,5137,124,9,1071067561,193923042,1264990603,1133508,197421946,0.0
2026-06-26 20:04:53.591479,128,0,3.0,0,859968,53998,48816,5182,9.596651727841772,5137,124,9,1071067702,193923042,1264990744,1133521,197421946,0.22582582582582583
2026-06-26 20:04:53.596488,129,0,3.0,0,859978,53998,48816,5182,9.596651727841772,5137,124,9,1071067702,193923042,1264990744,1133521,197421946,0.0
2026-06-26 20:04:53.601479,130,0,3.0,0,859988,54000,48818,5182,9.596296296296297,5137,124,9,1071067871,193923042,1264990913,1133554,197421946,0.2708875976758165
2026-06-26 20:04:53.606485,131,0,3.0,0,859998,54000,48818,5182,9.596296296296297,5137,124,9,1071067871,193923042,1264990913,1133554,197421946,0.0
2026-06-26 20:04:53.611475,132,0,3.0,0,860008,54000,48818,5182,9.596296296296297,5137,124,9,1071067871,193923042,1264990913,1133554,197421946,0.0
2026-06-26 20:04:53.616482,133,0,3.0,0,860018,54000,48818,5182,9.596296296296297,5137,124,9,1071067871,193923042,1264990913,1133554,197421946,0.0
2026-06-26 20:04:53.621477,134,0,3.0,0,860028,54001,48819,5182,9.596118590396474,5137,124,9,1071067899,193923042,1264990941,1133577,197421946,0.04484484484484484
2026-06-26 20:04:53.626488,135,0,3.0,0,860038,54001,48819,5182,9.596118590396474,5137,124,9,1071067899,193923042,1264990941,1133577,197421946,0.0
2026-06-26 20:04:53.631471,136,0,3.0,0,860048,54001,48819,5182,9.596118590396474,5137,124,9,1071067899,193923042,1264990941,1133577,197421946,0.0
2026-06-26 20:04:53.636484,137,0,3.0,0,860058,54001,48819,5182,9.596118590396474,5137,124,9,1071067899,193923042,1264990941,1133577,197421946,0.0
2026-06-26 20:04:53.641482,138,0,3.0,0,860068,54001,48819,5182,9.596118590396474,5137,124,9,1071067899,193923042,1264990941,1133577,197421946,0.0
2026-06-26 20:04:53.646477,139,0,3.0,0,860078,54001,48819,5182,9.596118590396474,5137,124,9,1071067899,193923042,1264990941,1133577,197421946,0.0
2026-06-26 20:04:53.651472,140,0,3.0,0,860088,54002,48820,5182,9.595940891078108,5137,124,9,1071068060,193923042,1264991102,1133607,197421946,0.25785785785785786
2026-06-26 20:04:53.656490,141,0,3.0,0,860098,54002,48820,5182,9.595940891078108,5137,124,9,1071068060,193923042,1264991102,1133607,197421946,0.0
2026-06-26 20:04:53.661487,142,0,3.0,0,860108,54003,48821,5182,9.595763198340833,5137,124,9,1071068088,193923042,1264991130,1133630,197421946,0.044826896137682606
2026-06-26 20:04:53.666476,143,0,3.0,0,860118,54003,48821,5182,9.595763198340833,5137,124,9,1071068088,193923042,1264991130,1133630,197421946,0.0
2026-06-26 20:04:53.671469,144,0,3.0,0,860128,54003,48821,5182,9.595763198340833,5137,124,9,1071068088,193923042,1264991130,1133630,197421946,0.0
2026-06-26 20:04:53.676504,145,0,3.0,0,860138,54003,48821,5182,9.595763198340833,5137,124,9,1071068088,193923042,1264991130,1133630,197421946,0.0
2026-06-26 20:04:53.681479,146,0,3.0,0,860148,54003,48821,5182,9.595763198340833,5137,124,9,1071068088,193923042,1264991130,1133630,197421946,0.0
2026-06-26 20:04:53.686475,147,0,3.0,0,860158,54003,48821,5182,9.595763198340833,5137,124,9,1071068088,193923042,1264991130,1133630,197421946,0.0
2026-06-26 20:04:53.691467,148,0,3.0,0,860168,54003,48821,5182,9.595763198340833,5137,124,9,1071068088,193923042,1264991130,1133630,197421946,0.0
2026-06-26 20:04:53.696481,149,0,3.0,0,860178,54003,48821,5182,9.595763198340833,5137,124,9,1071068088,193923042,1264991130,1133630,197421946,0.0
2026-06-26 20:04:53.701483,150,0,3.0,0,860188,54004,48822,5182,9.595585512184282,5137,124,9,1071068229,193923042,1264991271,1133652,197421946,0.22550979608156738
2026-06-26 20:04:53.706474,151,0,3.0,0,860198,54004,48822,5182,9.595585512184282,5137,124,9,1071068229,193923042,1264991271,1133652,197421946,0.0
2026-06-26 20:04:53.711469,152,0,3.0,0,860208,54006,48824,5182,9.595230159611894,5137,124,9,1071068434,193923042,1264991476,1133700,197421946,0.3283283283283283
2026-06-26 20:04:53.716493,153,0,3.0,0,860218,54006,48824,5182,9.595230159611894,5137,124,9,1071068434,193923042,1264991476,1133700,197421946,0.0
2026-06-26 20:04:53.721482,154,0,3.0,0,860228,54006,48824,5182,9.595230159611894,5137,124,9,1071068434,193923042,1264991476,1133700,197421946,0.0
2026-06-26 20:04:53.726489,155,0,3.0,0,860238,54006,48824,5182,9.595230159611894,5137,124,9,1071068434,193923042,1264991476,1133700,197421946,0.0
2026-06-26 20:04:53.731472,156,0,3.0,0,860248,54007,48825,5182,9.595052493195325,5137,124,9,1071068462,193923042,1264991504,1133723,197421946,0.04495283965482641
2026-06-26 20:04:53.736495,157,0,3.0,0,860258,54007,48825,5182,9.595052493195325,5137,124,9,1071068462,193923042,1264991504,1133723,197421946,0.0
2026-06-26 20:04:53.741473,158,0,3.0,0,860268,54007,48825,5182,9.595052493195325,5137,124,9,1071068462,193923042,1264991504,1133723,197421946,0.0
2026-06-26 20:04:53.746477,159,0,3.0,0,860278,54007,48825,5182,9.595052493195325,5137,124,9,1071068462,193923042,1264991504,1133723,197421946,0.0
2026-06-26 20:04:53.751472,160,0,3.0,0,860288,54007,48825,5182,9.595052493195325,5137,124,9,1071068462,193923042,1264991504,1133723,197421946,0.0
2026-06-26 20:04:53.756493,161,0,3.0,0,860298,54007,48825,5182,9.595052493195325,5137,124,9,1071068462,193923042,1264991504,1133723,197421946,0.0
2026-06-26 20:04:53.761477,162,0,3.0,0,860308,54007,48825,5182,9.595052493195325,5137,124,9,1071068462,193923042,1264991504,1133723,197421946,0.0
2026-06-26 20:04:53.766473,163,0,3.0,0,860318,54007,48825,5182,9.595052493195325,5137,124,9,1071068462,193923042,1264991504,1133723,197421946,0.0
2026-06-26 20:04:53.771468,164,0,3.0,0,860328,54007,48825,5182,9.595052493195325,5137,124,9,1071068462,193923042,1264991504,1133723,197421946,0.0
2026-06-26 20:04:53.776512,165,0,3.0,0,860338,54007,48825,5182,9.595052493195325,5137,124,9,1071068462,193923042,1264991504,1133723,197421946,0.0
2026-06-26 20:04:53.781476,166,0,3.0,0,860348,54007,48825,5182,9.595052493195325,5137,124,9,1071068462,193923042,1264991504,1133723,197421946,0.0
2026-06-26 20:04:53.786472,167,0,3.0,0,860358,54007,48825,5182,9.595052493195325,5137,124,9,1071068462,193923042,1264991504,1133723,197421946,0.0
2026-06-26 20:04:53.791471,168,0,3.0,0,860368,54007,48825,5182,9.595052493195325,5137,124,9,1071068462,193923042,1264991504,1133723,197421946,0.0
2026-06-26 20:04:53.796487,169,0,3.0,0,860378,54007,48825,5182,9.595052493195325,5137,124,9,1071068462,193923042,1264991504,1133723,197421946,0.0
2026-06-26 20:04:53.801486,170,0,3.0,0,860388,54007,48825,5182,9.595052493195325,5137,124,9,1071068462,193923042,1264991504,1133723,197421946,0.0
2026-06-26 20:04:53.806474,171,0,3.0,0,860398,54007,48825,5182,9.595052493195325,5137,124,9,1071068462,193923042,1264991504,1133723,197421946,0.0
2026-06-26 20:04:53.811468,172,0,3.0,0,860408,54007,48825,5182,9.595052493195325,5137,124,9,1071068462,193923042,1264991504,1133723,197421946,0.0
2026-06-26 20:04:53.816486,173,0,3.0,0,860418,54007,48825,5182,9.595052493195325,5137,124,9,1071068462,193923042,1264991504,1133723,197421946,0.0
2026-06-26 20:04:53.819470,174,0,3.0,0,860422,54007,48825,5182,9.595052493195325,5137,124,9,1071068462,193923042,1264991504,1133723,197421946,0.0
2026-06-26 20:04:53.823272,175,0,3.0,0,860432,54007,48825,5182,9.595052493195325,5137,124,9,1071068462,193923042,1264991504,1133723,197421946,0.0
2026-06-26 20:04:53.949456,176,0,3.0,0,860442,54007,48825,5182,9.595052493195325,5137,124,9,1071068462,193923042,1264991504,1133723,197421946,0.0
2026-06-26 20:04:53.954474,177,0,3.0,0,860452,54007,48825,5182,9.595052493195325,5137,124,9,1071068462,193923042,1264991504,1133723,197421946,0.0
2026-06-26 20:04:53.956484,178,0,3.0,0,860454,54007,48825,5182,9.595052493195325,5137,124,9,1071068462,193923042,1264991504,1133723,197421946,0.0
2026-06-26 20:04:54.107643,179,0,3.0,0,860464,54007,48825,5182,9.595052493195325,5137,124,9,1071068462,193923042,1264991504,1133723,197421946,0.0
2026-06-26 20:04:54.112638,180,0,3.0,0,860474,54007,48825,5182,9.595052493195325,5137,124,9,1071068462,193923042,1264991504,1133723,197421946,0.0
2026-06-26 20:04:54.116487,181,0,3.0,0,860480,54007,48825,5182,9.595052493195325,5137,124,9,1071068462,193923042,1264991504,1133723,197421946,0.0
2026-06-26 20:04:54.120510,182,0,3.0,0,860490,54007,48825,5182,9.595052493195325,5137,124,9,1071068462,193923042,1264991504,1133723,197421946,0.0
2026-06-26 20:04:54.234534,183,0,3.0,0,860500,54007,48825,5182,9.595052493195325,5137,124,9,1071068462,193923042,1264991504,1133723,197421946,0.0
2026-06-26 20:04:54.239464,184,0,3.0,0,860510,54007,48825,5182,9.595052493195325,5137,124,9,1071068462,193923042,1264991504,1133723,197421946,0.0
2026-06-26 20:04:54.244457,185,0,3.0,0,860520,54007,48825,5182,9.595052493195325,5137,124,9,1071068462,193923042,1264991504,1133723,197421946,0.0
2026-06-26 20:04:54.249450,186,0,3.0,0,860530,54007,48825,5182,9.595052493195325,5137,124,9,1071068462,193923042,1264991504,1133723,197421946,0.0
2026-06-26 20:04:54.254458,187,0,3.0,0,860540,54007,48825,5182,9.595052493195325,5137,124,9,1071068462,193923042,1264991504,1133723,197421946,0.0
2026-06-26 20:04:54.259449,188,0,3.0,0,860550,54008,48826,5182,9.59487483335802,5137,124,9,1071068490,193923042,1264991532,1133746,197421946,0.04488078541374474
2026-06-26 20:04:54.264471,189,0,3.0,0,860560,54008,48826,5182,9.59487483335802,5137,124,9,1071068490,193923042,1264991532,1133746,197421946,0.0
2026-06-26 20:04:54.269448,190,0,3.0,0,860570,54008,48826,5182,9.59487483335802,5137,124,9,1071068490,193923042,1264991532,1133746,197421946,0.0
2026-06-26 20:04:54.274458,191,0,3.0,0,860580,54008,48826,5182,9.59487483335802,5137,124,9,1071068490,193923042,1264991532,1133746,197421946,0.0
2026-06-26 20:04:54.279442,192,0,3.0,0,860590,54008,48826,5182,9.59487483335802,5137,124,9,1071068490,193923042,1264991532,1133746,197421946,0.0
2026-06-26 20:04:54.284446,193,0,3.0,0,860600,54008,48826,5182,9.59487483335802,5137,124,9,1071068490,193923042,1264991532,1133746,197421946,0.0
2026-06-26 20:04:54.289445,194,0,3.0,0,860610,54008,48826,5182,9.59487483335802,5137,124,9,1071068490,193923042,1264991532,1133746,197421946,0.0
2026-06-26 20:04:54.294457,195,0,3.0,0,860620,54008,48826,5182,9.59487483335802,5137,124,9,1071068490,193923042,1264991532,1133746,197421946,0.0
2026-06-26 20:04:54.299441,196,0,3.0,0,860630,54008,48826,5182,9.59487483335802,5137,124,9,1071068490,193923042,1264991532,1133746,197421946,0.0
2026-06-26 20:04:54.304451,197,0,3.0,0,860640,54008,48826,5182,9.59487483335802,5137,124,9,1071068490,193923042,1264991532,1133746,197421946,0.0
2026-06-26 20:04:54.309445,198,0,3.0,0,860650,54008,48826,5182,9.59487483335802,5137,124,9,1071068490,193923042,1264991532,1133746,197421946,0.0
2026-06-26 20:04:54.314460,199,0,3.0,0,860660,54008,48826,5182,9.59487483335802,5137,124,9,1071068490,193923042,1264991532,1133746,197421946,0.0
2026-06-26 20:04:54.319443,200,0,3.0,0,860670,54008,48826,5182,9.59487483335802,5137,124,9,1071068490,193923042,1264991532,1133746,197421946,0.0
2026-06-26 20:04:54.324446,201,0,3.0,0,860680,54008,48826,5182,9.59487483335802,5137,124,9,1071068490,193923042,1264991532,1133746,197421946,0.0
2026-06-26 20:04:54.329446,202,0,3.0,0,860690,54008,48826,5182,9.59487483335802,5137,124,9,1071068490,193923042,1264991532,1133746,197421946,0.0
2026-06-26 20:04:54.334456,203,0,3.0,0,860700,54008,48826,5182,9.59487483335802,5137,124,9,1071068490,193923042,1264991532,1133746,197421946,0.0
2026-06-26 20:04:54.339446,204,0,3.0,0,860710,54008,48826,5182,9.59487483335802,5137,124,9,1071068490,193923042,1264991532,1133746,197421946,0.0
2026-06-26 20:04:54.344450,205,0,3.0,0,860720,54008,48826,5182,9.59487483335802,5137,124,9,1071068490,193923042,1264991532,1133746,197421946,0.0
2026-06-26 20:04:54.349444,206,0,3.0,0,860730,54008,48826,5182,9.59487483335802,5137,124,9,1071068490,193923042,1264991532,1133746,197421946,0.0
2026-06-26 20:04:54.354461,207,0,3.0,0,860738,54008,48826,5182,9.59487483335802,5137,124,9,1071068490,193923042,1264991532,1133746,197421946,0.0
2026-06-26 20:04:54.426548,208,0,3.0,0,860748,54008,48826,5182,9.59487483335802,5137,124,9,1071068490,193923042,1264991532,1133746,197421946,0.0
2026-06-26 20:04:54.431471,209,0,3.0,0,860758,54008,48826,5182,9.59487483335802,5137,124,9,1071068490,193923042,1264991532,1133746,197421946,0.0
2026-06-26 20:04:54.436480,210,0,3.0,0,860766,54008,48826,5182,9.59487483335802,5137,124,9,1071068490,193923042,1264991532,1133746,197421946,0.0
2026-06-26 20:04:54.587638,211,0,3.0,0,860776,54008,48826,5182,9.59487483335802,5137,124,9,1071068490,193923042,1264991532,1133746,197421946,0.0
2026-06-26 20:04:54.592628,212,0,3.0,0,860786,54008,48826,5182,9.59487483335802,5137,124,9,1071068490,193923042,1264991532,1133746,197421946,0.0
2026-06-26 20:04:54.596483,213,0,3.0,0,860792,54008,48826,5182,9.59487483335802,5137,124,9,1071068490,193923042,1264991532,1133746,197421946,0.0
2026-06-26 20:04:54.600507,214,0,3.0,0,860802,54008,48826,5182,9.59487483335802,5137,124,9,1071068490,193923042,1264991532,1133746,197421946,0.0
2026-06-26 20:04:54.747642,215,0,3.0,0,860812,54008,48826,5182,9.59487483335802,5137,124,9,1071068490,193923042,1264991532,1133746,197421946,0.0
2026-06-26 20:04:54.752644,216,0,3.0,0,860822,54008,48826,5182,9.59487483335802,5137,124,9,1071068490,193923042,1264991532,1133746,197421946,0.0
2026-06-26 20:04:54.756486,217,0,3.0,0,860828,54008,48826,5182,9.59487483335802,5137,124,9,1071068490,193923042,1264991532,1133746,197421946,0.0
2026-06-26 20:04:54.760520,218,0,3.0,0,860838,54009,48827,5182,9.594697180099613,5137,124,9,1071068501,193923042,1264991543,1133746,197421946,0.02181457610312345
2026-06-26 20:04:54.765399,219,0,3.0,0,860848,54009,48827,5182,9.594697180099613,5137,124,9,1071068501,193923042,1264991543,1133746,197421946,0.0
2026-06-26 20:04:54.909447,220,0,3.0,0,860858,54009,48827,5182,9.594697180099613,5137,124,9,1071068501,193923042,1264991543,1133746,197421946,0.0
2026-06-26 20:04:54.914476,221,0,3.0,0,860868,54009,48827,5182,9.594697180099613,5137,124,9,1071068501,193923042,1264991543,1133746,197421946,0.0
2026-06-26 20:04:54.916485,222,0,3.0,0,860870,54009,48827,5182,9.594697180099613,5137,124,9,1071068501,193923042,1264991543,1133746,197421946,0.0
2026-06-26 20:04:54.920511,223,0,3.0,0,860880,54009,48827,5182,9.594697180099613,5137,124,9,1071068501,193923042,1264991543,1133746,197421946,0.0
2026-06-26 20:04:55.066545,224,0,3.0,0,860890,54009,48827,5182,9.594697180099613,5137,124,9,1071068501,193923042,1264991543,1133746,197421946,0.0
2026-06-26 20:04:55.071462,225,0,3.0,0,860900,54009,48827,5182,9.594697180099613,5137,124,9,1071068501,193923042,1264991543,1133746,197421946,0.0
2026-06-26 20:04:55.076484,226,0,3.0,0,860908,54009,48827,5182,9.594697180099613,5137,124,9,1071068501,193923042,1264991543,1133746,197421946,0.0
2026-06-26 20:04:55.080519,227,0,3.0,0,860918,54009,48827,5182,9.594697180099613,5137,124,9,1071068501,193923042,1264991543,1133746,197421946,0.0
2026-06-26 20:04:55.085402,228,0,3.0,0,860928,54009,48827,5182,9.594697180099613,5137,124,9,1071068501,193923042,1264991543,1133746,197421946,0.0
2026-06-26 20:04:55.229448,229,0,3.0,0,860938,54009,48827,5182,9.594697180099613,5137,124,9,1071068501,193923042,1264991543,1133746,197421946,0.0
2026-06-26 20:04:55.234474,230,0,3.0,0,860948,54009,48827,5182,9.594697180099613,5137,124,9,1071068501,193923042,1264991543,1133746,197421946,0.0
2026-06-26 20:04:55.236481,231,0,3.0,0,860950,54009,48827,5182,9.594697180099613,5137,124,9,1071068501,193923042,1264991543,1133746,197421946,0.0
2026-06-26 20:04:55.240510,232,0,3.0,0,860960,54009,48827,5182,9.594697180099613,5137,124,9,1071068501,193923042,1264991543,1133746,197421946,0.0
2026-06-26 20:04:55.386548,233,0,3.0,0,860970,54009,48827,5182,9.594697180099613,5137,124,9,1071068501,193923042,1264991543,1133746,197421946,0.0
2026-06-26 20:04:55.391465,234,0,3.0,0,860980,54009,48827,5182,9.594697180099613,5137,124,9,1071068501,193923042,1264991543,1133746,197421946,0.0
2026-06-26 20:04:55.396485,235,0,3.0,0,860988,54009,48827,5182,9.594697180099613,5137,124,9,1071068501,193923042,1264991543,1133746,197421946,0.0
2026-06-26 20:04:55.400517,236,0,3.0,0,860998,54009,48827,5182,9.594697180099613,5137,124,9,1071068501,193923042,1264991543,1133746,197421946,0.0
2026-06-26 20:04:55.405396,237,0,3.0,0,861008,54009,48827,5182,9.594697180099613,5137,124,9,1071068501,193923042,1264991543,1133746,197421946,0.0
2026-06-26 20:04:55.543266,238,0,3.0,0,861018,54009,48827,5182,9.594697180099613,5137,124,9,1071068501,193923042,1264991543,1133746,197421946,0.0
2026-06-26 20:04:55.548386,239,0,3.0,0,861028,54009,48827,5182,9.594697180099613,5137,124,9,1071068501,193923042,1264991543,1133746,197421946,0.0
2026-06-26 20:04:55.553378,240,0,3.0,0,861038,54009,48827,5182,9.594697180099613,5137,124,9,1071068501,193923042,1264991543,1133746,197421946,0.0
2026-06-26 20:04:55.556477,241,0,3.0,0,861042,54009,48827,5182,9.594697180099613,5137,124,9,1071068501,193923042,1264991543,1133746,197421946,0.0
2026-06-26 20:04:55.701460,242,0,3.0,0,861052,54009,48827,5182,9.594697180099613,5137,124,9,1071068501,193923042,1264991543,1133746,197421946,0.0
2026-06-26 20:04:55.706458,243,0,3.0,0,861062,54009,48827,5182,9.594697180099613,5137,124,9,1071068501,193923042,1264991543,1133746,197421946,0.0
2026-06-26 20:04:55.711468,244,0,3.0,0,861072,54009,48827,5182,9.594697180099613,5137,124,9,1071068501,193923042,1264991543,1133746,197421946,0.0
2026-06-26 20:04:55.716483,245,0,3.0,0,861082,54009,48827,5182,9.594697180099613,5137,124,9,1071068501,193923042,1264991543,1133746,197421946,0.0
2026-06-26 20:04:55.721468,246,0,3.0,0,861092,54009,48827,5182,9.594697180099613,5137,124,9,1071068501,193923042,1264991543,1133746,197421946,0.0
2026-06-26 20:04:55.726456,247,0,3.0,0,861102,54009,48827,5182,9.594697180099613,5137,124,9,1071068501,193923042,1264991543,1133746,197421946,0.0
2026-06-26 20:04:55.731460,248,0,3.0,0,861112,54009,48827,5182,9.594697180099613,5137,124,9,1071068501,193923042,1264991543,1133746,197421946,0.0
2026-06-26 20:04:55.736467,249,0,3.0,0,861122,54009,48827,5182,9.594697180099613,5137,124,9,1071068501,193923042,1264991543,1133746,197421946,0.0
2026-06-26 20:04:55.741465,250,0,3.0,0,861132,54011,48829,5182,9.594341893318028,5137,124,9,1071069248,193923042,1264992290,1133769,197421946,1.1956782713085234
2026-06-26 20:04:55.746461,251,0,3.0,0,861142,54011,48829,5182,9.594341893318028,5137,124,9,1071069248,193923042,1264992290,1133769,197421946,0.0
2026-06-26 20:04:55.751461,252,0,3.0,0,861152,54012,48830,5182,9.59416425979412,5137,124,9,1071069525,193923042,1264992567,1133790,197421946,0.4432
2026-06-26 20:04:55.756463,253,0,3.0,0,861162,54012,48830,5182,9.59416425979412,5137,124,9,1071069525,193923042,1264992567,1133790,197421946,0.0
2026-06-26 20:04:55.761466,254,0,3.0,0,861172,54013,48831,5182,9.593986632847647,5137,124,9,1071069553,193923042,1264992595,1133813,197421946,0.044773136118329004
2026-06-26 20:04:55.766459,255,0,3.0,0,861182,54013,48831,5182,9.593986632847647,5137,124,9,1071069553,193923042,1264992595,1133813,197421946,0.0
2026-06-26 20:04:55.771464,256,0,3.0,0,861192,54014,48832,5182,9.593809012478246,5137,124,9,1071069738,193923042,1264992780,1133822,197421946,0.2957042957042957
2026-06-26 20:04:55.776469,257,0,3.0,0,861202,54014,48832,5182,9.593809012478246,5137,124,9,1071069738,193923042,1264992780,1133822,197421946,0.0
2026-06-26 20:04:55.781476,258,0,3.0,0,861212,54014,48832,5182,9.593809012478246,5137,124,9,1071069738,193923042,1264992780,1133822,197421946,0.0
2026-06-26 20:04:55.786459,259,0,3.0,0,861222,54014,48832,5182,9.593809012478246,5137,124,9,1071069738,193923042,1264992780,1133822,197421946,0.0
2026-06-26 20:04:55.791475,260,0,3.0,0,861232,54015,48833,5182,9.59363139868555,5137,124,9,1071069849,193923042,1264992891,1133840,197421946,0.17703349282296652
2026-06-26 20:04:55.796469,261,0,3.0,0,861242,54015,48833,5182,9.59363139868555,5137,124,9,1071069849,193923042,1264992891,1133840,197421946,0.0
2026-06-26 20:04:55.801463,262,0,3.0,0,861252,54017,48834,5183,9.595127459873744,5137,124,9,1071069950,193923143,1264993093,1133845,197421946,0.1617941529835803
2026-06-26 20:04:55.806465,263,0,3.0,0,861262,54017,48834,5183,9.595127459873744,5137,124,9,1071069950,193923143,1264993093,1133845,197421946,0.0
2026-06-26 20:04:55.811469,264,0,3.0,0,861272,54019,48836,5183,9.594772209778041,5138,124,9,1071070079,193923143,1264993222,1133882,197422047,0.20623501199040767
2026-06-26 20:04:55.816467,265,0,3.0,0,861282,54019,48836,5183,9.594772209778041,5138,124,9,1071070079,193923143,1264993222,1133882,197422047,0.0
2026-06-26 20:04:55.821472,266,0,3.0,0,861292,54020,48837,5183,9.594594594594595,5138,124,9,1071070107,193923143,1264993250,1133905,197422047,0.044755244755244755
2026-06-26 20:04:55.826463,267,0,3.0,0,861302,54020,48837,5183,9.594594594594595,5138,124,9,1071070107,193923143,1264993250,1133905,197422047,0.0
2026-06-26 20:04:55.831468,268,0,3.0,0,861312,54024,48841,5183,9.593884199614985,5138,124,9,1071070729,193923143,1264993872,1133945,197422047,0.9942057942057942
2026-06-26 20:04:55.836467,269,0,3.0,0,861322,54024,48841,5183,9.593884199614985,5138,124,9,1071070729,193923143,1264993872,1133945,197422047,0.0
2026-06-26 20:04:55.841471,270,0,3.0,0,861332,54024,48841,5183,9.593884199614985,5138,124,9,1071070729,193923143,1264993872,1133945,197422047,0.0
2026-06-26 20:04:55.846465,271,0,3.0,0,861342,54024,48841,5183,9.593884199614985,5138,124,9,1071070729,193923143,1264993872,1133945,197422047,0.0
2026-06-26 20:04:55.851465,272,0,3.0,0,861352,54025,48842,5183,9.593706617306802,5138,124,9,1071070757,193923143,1264993900,1133968,197422047,0.0448
2026-06-26 20:04:55.856472,273,0,3.0,0,861362,54025,48842,5183,9.593706617306802,5138,124,9,1071070757,193923143,1264993900,1133968,197422047,0.0
2026-06-26 20:04:55.861477,274,0,3.0,0,861372,54026,48843,5183,9.593529041572577,5138,124,9,1071071106,193923143,1264994249,1133991,197422047,0.5578421578421578
2026-06-26 20:04:55.866464,275,0,3.0,0,861382,54026,48843,5183,9.593529041572577,5138,124,9,1071071106,193923143,1264994249,1133991,197422047,0.0
2026-06-26 20:04:55.871467,276,0,3.0,0,861392,54027,48844,5183,9.593351472411943,5138,124,9,1071071383,193923143,1264994526,1134026,197422047,0.4429342394563262
2026-06-26 20:04:55.876491,277,0,3.0,0,861402,54027,48844,5183,9.593351472411943,5138,124,9,1071071383,193923143,1264994526,1134026,197422047,0.0
2026-06-26 20:04:55.881466,278,0,3.0,0,861412,54030,48847,5183,9.592818804367944,5138,124,9,1071071709,193923143,1264994852,1134096,197422047,0.5242211055276382
2026-06-26 20:04:55.886467,279,0,3.0,0,861422,54030,48847,5183,9.592818804367944,5138,124,9,1071071709,193923143,1264994852,1134096,197422047,0.0
2026-06-26 20:04:55.891465,280,0,3.0,0,861432,54030,48847,5183,9.592818804367944,5138,124,9,1071071709,193923143,1264994852,1134096,197422047,0.0
2026-06-26 20:04:55.896468,281,0,3.0,0,861442,54030,48847,5183,9.592818804367944,5138,124,9,1071071709,193923143,1264994852,1134096,197422047,0.0
2026-06-26 20:04:55.901471,282,0,3.0,0,861452,54031,48848,5183,9.592641261498029,5138,124,9,1071071737,193923143,1264994880,1134119,197422047,0.044773136118329004
2026-06-26 20:04:55.906467,283,0,3.0,0,861462,54031,48848,5183,9.592641261498029,5138,124,9,1071071737,193923143,1264994880,1134119,197422047,0.0
2026-06-26 20:04:55.911466,284,0,3.0,0,861472,54033,48850,5183,9.592286195473136,5138,124,9,1071072019,193923143,1264995162,1134146,197422047,0.4512902580516103
2026-06-26 20:04:55.916468,285,0,3.0,0,861482,54033,48850,5183,9.592286195473136,5138,124,9,1071072019,193923143,1264995162,1134146,197422047,0.0
2026-06-26 20:04:55.921468,286,0,3.0,0,861492,54033,48850,5183,9.592286195473136,5138,124,9,1071072019,193923143,1264995162,1134146,197422047,0.0
2026-06-26 20:04:55.926466,287,0,3.0,0,861502,54033,48850,5183,9.592286195473136,5138,124,9,1071072019,193923143,1264995162,1134146,197422047,0.0
2026-06-26 20:04:55.931468,288,0,3.0,0,861512,54035,48852,5183,9.591931155732397,5138,124,9,1071072361,193923143,1264995504,1134183,197422047,0.5469812075169932
2026-06-26 20:04:55.936470,289,0,3.0,0,861522,54035,48852,5183,9.591931155732397,5138,124,9,1071072361,193923143,1264995504,1134183,197422047,0.0
2026-06-26 20:04:55.941473,290,0,3.0,0,861532,54036,48853,5183,9.59175364571767,5138,124,9,1071072518,193923143,1264995661,1134198,197422047,0.25104937037777336
2026-06-26 20:04:55.946466,291,0,3.0,0,861542,54036,48853,5183,9.59175364571767,5138,124,9,1071072518,193923143,1264995661,1134198,197422047,0.0
2026-06-26 20:04:55.951463,292,0,3.0,0,861552,54036,48853,5183,9.59175364571767,5138,124,9,1071072518,193923143,1264995661,1134198,197422047,0.0
2026-06-26 20:04:55.956480,293,0,3.0,0,861562,54036,48853,5183,9.59175364571767,5138,124,9,1071072518,193923143,1264995661,1134198,197422047,0.0
2026-06-26 20:04:55.961466,294,0,3.0,0,861572,54037,48854,5183,9.591576142272887,5138,124,9,1071072546,193923143,1264995689,1134221,197422047,0.04492579221821099
2026-06-26 20:04:55.966464,295,0,3.0,0,861582,54037,48854,5183,9.591576142272887,5138,124,9,1071072546,193923143,1264995689,1134221,197422047,0.0
2026-06-26 20:04:55.971467,296,0,3.0,0,861592,54038,48855,5183,9.591398645397684,5138,124,9,1071072687,193923143,1264995830,1134236,197422047,0.22546472116729963
2026-06-26 20:04:55.976468,297,0,3.0,0,861602,54038,48855,5183,9.591398645397684,5138,124,9,1071072687,193923143,1264995830,1134236,197422047,0.0
2026-06-26 20:04:55.981465,298,0,3.0,0,861612,54038,48855,5183,9.591398645397684,5138,124,9,1071072687,193923143,1264995830,1134236,197422047,0.0
2026-06-26 20:04:55.986463,299,0,3.0,0,861622,54038,48855,5183,9.591398645397684,5138,124,9,1071072687,193923143,1264995830,1134236,197422047,0.0
2026-06-26 20:04:55.991463,300,0,3.0,0,861632,54039,48856,5183,9.591221155091693,5138,124,9,1071072715,193923143,1264995858,1134259,197422047,0.0448
2026-06-26 20:04:55.996470,301,0,3.0,0,861642,54039,48856,5183,9.591221155091693,5138,124,9,1071072715,193923143,1264995858,1134259,197422047,0.0
2026-06-26 20:04:56.001471,302,0,3.0,0,861652,54039,48856,5183,9.591221155091693,5138,124,9,1071072715,193923143,1264995858,1134259,197422047,0.0
2026-06-26 20:04:56.006463,303,0,3.0,0,861662,54039,48856,5183,9.591221155091693,5138,124,9,1071072715,193923143,1264995858,1134259,197422047,0.0
2026-06-26 20:04:56.011463,304,0,3.0,0,861672,54039,48856,5183,9.591221155091693,5138,124,9,1071072715,193923143,1264995858,1134259,197422047,0.0
2026-06-26 20:04:56.016469,305,0,3.0,0,861682,54039,48856,5183,9.591221155091693,5138,124,9,1071072715,193923143,1264995858,1134259,197422047,0.0
2026-06-26 20:04:56.021472,306,0,3.0,0,861692,54040,48857,5183,9.591043671354551,5138,124,9,1071072856,193923143,1264995999,1134272,197422047,0.22546472116729963
2026-06-26 20:04:56.026460,307,0,3.0,0,861702,54040,48857,5183,9.591043671354551,5138,124,9,1071072856,193923143,1264995999,1134272,197422047,0.0
2026-06-26 20:04:56.031464,308,0,3.0,0,861712,54041,48858,5183,9.590866194185896,5138,124,9,1071072884,193923143,1264996027,1134295,197422047,0.04476418864908074
2026-06-26 20:04:56.036491,309,0,3.0,0,861722,54041,48858,5183,9.590866194185896,5138,124,9,1071072884,193923143,1264996027,1134295,197422047,0.0
2026-06-26 20:04:56.041461,310,0,3.0,0,861732,54042,48859,5183,9.590688723585359,5138,124,9,1071072893,193923143,1264996036,1134295,197422047,0.01448692152917505
2026-06-26 20:04:56.046461,311,0,3.0,0,861742,54042,48859,5183,9.590688723585359,5138,124,9,1071072893,193923143,1264996036,1134295,197422047,0.0
2026-06-26 20:04:56.051460,312,0,3.0,0,861752,54042,48859,5183,9.590688723585359,5138,124,9,1071072893,193923143,1264996036,1134295,197422047,0.0
2026-06-26 20:04:56.056467,313,0,3.0,0,861762,54042,48859,5183,9.590688723585359,5138,124,9,1071072893,193923143,1264996036,1134295,197422047,0.0
2026-06-26 20:04:56.061472,314,0,3.0,0,861772,54043,48860,5183,9.590511259552578,5138,124,9,1071073054,193923143,1264996197,1134318,197422047,0.2573426573426573
2026-06-26 20:04:56.066460,315,0,3.0,0,861782,54043,48860,5183,9.590511259552578,5138,124,9,1071073054,193923143,1264996197,1134318,197422047,0.0
2026-06-26 20:04:56.071464,316,0,3.0,0,861792,54044,48861,5183,9.590333802087187,5138,124,9,1071073082,193923143,1264996225,1134341,197422047,0.04476418864908074
2026-06-26 20:04:56.076467,317,0,3.0,0,861802,54044,48861,5183,9.590333802087187,5138,124,9,1071073082,193923143,1264996225,1134341,197422047,0.0
2026-06-26 20:04:56.081468,318,0,3.0,0,861812,54044,48861,5183,9.590333802087187,5138,124,9,1071073082,193923143,1264996225,1134341,197422047,0.0
2026-06-26 20:04:56.086457,319,0,3.0,0,861822,54044,48861,5183,9.590333802087187,5138,124,9,1071073082,193923143,1264996225,1134341,197422047,0.0
2026-06-26 20:04:56.091459,320,0,3.0,0,861832,54044,48861,5183,9.590333802087187,5138,124,9,1071073082,193923143,1264996225,1134341,197422047,0.0
2026-06-26 20:04:56.096468,321,0,3.0,0,861842,54044,48861,5183,9.590333802087187,5138,124,9,1071073082,193923143,1264996225,1134341,197422047,0.0
2026-06-26 20:04:56.101464,322,0,3.0,0,861852,54044,48861,5183,9.590333802087187,5138,124,9,1071073082,193923143,1264996225,1134341,197422047,0.0
2026-06-26 20:04:56.106460,323,0,3.0,0,861862,54044,48861,5183,9.590333802087187,5138,124,9,1071073082,193923143,1264996225,1134341,197422047,0.0
2026-06-26 20:04:56.111461,324,0,3.0,0,861872,54044,48861,5183,9.590333802087187,5138,124,9,1071073082,193923143,1264996225,1134341,197422047,0.0
2026-06-26 20:04:56.116467,325,0,3.0,0,861882,54044,48861,5183,9.590333802087187,5138,124,9,1071073082,193923143,1264996225,1134341,197422047,0.0
2026-06-26 20:04:56.121465,326,0,3.0,0,861892,54044,48861,5183,9.590333802087187,5138,124,9,1071073082,193923143,1264996225,1134341,197422047,0.0
2026-06-26 20:04:56.126459,327,0,3.0,0,861902,54044,48861,5183,9.590333802087187,5138,124,9,1071073082,193923143,1264996225,1134341,197422047,0.0
2026-06-26 20:04:56.131457,328,0,3.0,0,861912,54044,48861,5183,9.590333802087187,5138,124,9,1071073082,193923143,1264996225,1134341,197422047,0.0
2026-06-26 20:04:56.136468,329,0,3.0,0,861922,54044,48861,5183,9.590333802087187,5138,124,9,1071073082,193923143,1264996225,1134341,197422047,0.0
2026-06-26 20:04:56.141464,330,0,3.0,0,861932,54044,48861,5183,9.590333802087187,5138,124,9,1071073082,193923143,1264996225,1134341,197422047,0.0
2026-06-26 20:04:56.146460,331,0,3.0,0,861942,54044,48861,5183,9.590333802087187,5138,124,9,1071073082,193923143,1264996225,1134341,197422047,0.0
2026-06-26 20:04:56.151458,332,0,3.0,0,861952,54044,48861,5183,9.590333802087187,5138,124,9,1071073082,193923143,1264996225,1134341,197422047,0.0
2026-06-26 20:04:56.156466,333,0,3.0,0,861962,54044,48861,5183,9.590333802087187,5138,124,9,1071073082,193923143,1264996225,1134341,197422047,0.0
2026-06-26 20:04:56.161464,334,0,3.0,0,861972,54044,48861,5183,9.590333802087187,5138,124,9,1071073082,193923143,1264996225,1134341,197422047,0.0
2026-06-26 20:04:56.164459,335,0,3.0,0,861976,54044,48861,5183,9.590333802087187,5138,124,9,1071073082,193923143,1264996225,1134341,197422047,0.0
2026-06-26 20:04:56.186545,336,0,3.0,0,861986,54044,48861,5183,9.590333802087187,5138,124,9,1071073082,193923143,1264996225,1134341,197422047,0.0
2026-06-26 20:04:56.191460,337,0,3.0,0,861996,54044,48861,5183,9.590333802087187,5138,124,9,1071073082,193923143,1264996225,1134341,197422047,0.0
2026-06-26 20:04:56.196479,338,0,3.0,0,862004,54044,48861,5183,9.590333802087187,5138,124,9,1071073082,193923143,1264996225,1134341,197422047,0.0
2026-06-26 20:04:56.217633,339,0,3.0,0,862014,54044,48861,5183,9.590333802087187,5138,124,9,1071073082,193923143,1264996225,1134341,197422047,0.0
2026-06-26 20:04:56.222632,340,0,3.0,0,862024,54044,48861,5183,9.590333802087187,5138,124,9,1071073082,193923143,1264996225,1134341,197422047,0.0
2026-06-26 20:04:56.227634,341,0,3.0,0,862034,54044,48861,5183,9.590333802087187,5138,124,9,1071073082,193923143,1264996225,1134341,197422047,0.0
2026-06-26 20:04:56.232640,342,0,3.0,0,862044,54044,48861,5183,9.590333802087187,5138,124,9,1071073082,193923143,1264996225,1134341,197422047,0.0
2026-06-26 20:04:56.237632,343,0,3.0,0,862054,54044,48861,5183,9.590333802087187,5138,124,9,1071073082,193923143,1264996225,1134341,197422047,0.0
2026-06-26 20:04:56.242635,344,0,3.0,0,862064,54044,48861,5183,9.590333802087187,5138,124,9,1071073082,193923143,1264996225,1134341,197422047,0.0
2026-06-26 20:04:56.247632,345,0,3.0,0,862074,54044,48861,5183,9.590333802087187,5138,124,9,1071073082,193923143,1264996225,1134341,197422047,0.0
2026-06-26 20:04:56.252638,346,0,3.0,0,862084,54046,48863,5183,9.589978906857121,5138,124,9,1071073221,193923143,1264996364,1134387,197422047,0.22213343987215342
2026-06-26 20:04:56.257648,347,0,3.0,0,862094,54046,48863,5183,9.589978906857121,5138,124,9,1071073221,193923143,1264996364,1134387,197422047,0.0
2026-06-26 20:04:56.262641,348,0,3.0,0,862104,54047,48864,5183,9.589801469091716,5138,124,9,1071073249,193923143,1264996392,1134410,197422047,0.044862807931103546
2026-06-26 20:04:56.267631,349,0,3.0,0,862114,54047,48864,5183,9.589801469091716,5138,124,9,1071073249,193923143,1264996392,1134410,197422047,0.0
2026-06-26 20:04:56.272631,350,0,3.0,0,862124,54047,48864,5183,9.589801469091716,5138,124,9,1071073249,193923143,1264996392,1134410,197422047,0.0
2026-06-26 20:04:56.277628,351,0,3.0,0,862134,54047,48864,5183,9.589801469091716,5138,124,9,1071073249,193923143,1264996392,1134410,197422047,0.0
2026-06-26 20:04:56.282632,352,0,3.0,0,862144,54047,48864,5183,9.589801469091716,5138,124,9,1071073249,193923143,1264996392,1134410,197422047,0.0
2026-06-26 20:04:56.287631,353,0,3.0,0,862154,54047,48864,5183,9.589801469091716,5138,124,9,1071073249,193923143,1264996392,1134410,197422047,0.0
2026-06-26 20:04:56.292628,354,0,3.0,0,862164,54048,48865,5183,9.589624037892245,5138,124,9,1071073360,193923143,1264996503,1134428,197422047,0.17770662397438464
2026-06-26 20:04:56.297637,355,0,3.0,0,862174,54048,48865,5183,9.589624037892245,5138,124,9,1071073360,193923143,1264996503,1134428,197422047,0.0
2026-06-26 20:04:56.302627,356,0,3.0,0,862184,54049,48865,5184,9.591296786249515,5138,124,9,1071073360,193923171,1264996531,1134428,197422047,0.0
2026-06-26 20:04:56.307624,357,0,3.0,0,862194,54049,48865,5184,9.591296786249515,5138,124,9,1071073360,193923171,1264996531,1134428,197422047,0.0
2026-06-26 20:04:56.312632,358,0,3.0,0,862204,54050,48866,5184,9.591119333950045,5139,124,9,1071073388,193923171,1264996559,1134451,197422075,0.04472843450479233
2026-06-26 20:04:56.317627,359,0,3.0,0,862214,54050,48866,5184,9.591119333950045,5139,124,9,1071073388,193923171,1264996559,1134451,197422075,0.0
2026-06-26 20:04:56.322627,360,0,3.0,0,862224,54051,48867,5184,9.590941888216683,5139,124,9,1071073416,193923171,1264996587,1134474,197422075,0.0448
2026-06-26 20:04:56.327626,361,0,3.0,0,862234,54051,48867,5184,9.590941888216683,5139,124,9,1071073416,193923171,1264996587,1134474,197422075,0.0
2026-06-26 20:04:56.332636,362,0,3.0,0,862244,54053,48869,5184,9.59058701644682,5139,124,9,1071073685,193923171,1264996856,1134516,197422075,0.4295409181636727
2026-06-26 20:04:56.337632,363,0,3.0,0,862254,54053,48869,5184,9.59058701644682,5139,124,9,1071073685,193923171,1264996856,1134516,197422075,0.0
2026-06-26 20:04:56.342640,364,0,3.0,0,862264,54053,48869,5184,9.59058701644682,5139,124,9,1071073685,193923171,1264996856,1134516,197422075,0.0
2026-06-26 20:04:56.347626,365,0,3.0,0,862274,54053,48869,5184,9.59058701644682,5139,124,9,1071073685,193923171,1264996856,1134516,197422075,0.0
2026-06-26 20:04:56.352644,366,0,3.0,0,862284,54054,48870,5184,9.59040959040959,5139,124,9,1071073713,193923171,1264996884,1134539,197422075,0.04463929852530889
2026-06-26 20:04:56.357633,367,0,3.0,0,862294,54054,48870,5184,9.59040959040959,5139,124,9,1071073713,193923171,1264996884,1134539,197422075,0.0
2026-06-26 20:04:56.362630,368,0,3.0,0,862304,54058,48874,5184,9.589699951903512,5139,124,9,1071073885,193923171,1264997056,1134569,197422075,0.2753652191314789
2026-06-26 20:04:56.367626,369,0,3.0,0,862314,54058,48874,5184,9.589699951903512,5139,124,9,1071073885,193923171,1264997056,1134569,197422075,0.0
2026-06-26 20:04:56.372634,370,0,3.0,0,862324,54059,48875,5184,9.58952255868588,5139,124,9,1071073911,193923171,1264997082,1134590,197422075,0.04153354632587859
2026-06-26 20:04:56.377637,371,0,3.0,0,862334,54059,48875,5184,9.58952255868588,5139,124,9,1071073911,193923171,1264997082,1134590,197422075,0.0
2026-06-26 20:04:56.382638,372,0,3.0,0,862344,54060,48876,5184,9.589345172031075,5139,124,9,1071074052,193923171,1264997223,1134612,197422075,0.22555488902219556
2026-06-26 20:04:56.387634,373,0,3.0,0,862354,54060,48876,5184,9.589345172031075,5139,124,9,1071074052,193923171,1264997223,1134612,197422075,0.0
2026-06-26 20:04:56.392634,374,0,3.0,0,862364,54062,48878,5184,9.588990418408494,5139,124,9,1071074237,193923171,1264997408,1134656,197422075,0.296
2026-06-26 20:04:56.397637,375,0,3.0,0,862374,54062,48878,5184,9.588990418408494,5139,124,9,1071074237,193923171,1264997408,1134656,197422075,0.0
2026-06-26 20:04:56.402627,376,0,3.0,0,862384,54063,48879,5184,9.588813051439987,5139,124,9,1071074265,193923171,1264997436,1134679,197422075,0.044889779559118236
2026-06-26 20:04:56.407629,377,0,3.0,0,862394,54063,48879,5184,9.588813051439987,5139,124,9,1071074265,193923171,1264997436,1134679,197422075,0.0
2026-06-26 20:04:56.412627,378,0,3.0,0,862404,54064,48880,5184,9.58863569103285,5139,124,9,1071074406,193923171,1264997577,1134695,197422075,0.22569027611044418
2026-06-26 20:04:56.417628,379,0,3.0,0,862414,54064,48880,5184,9.58863569103285,5139,124,9,1071074406,193923171,1264997577,1134695,197422075,0.0
2026-06-26 20:04:56.422630,380,0,3.0,0,862424,54065,48881,5184,9.58845833718672,5139,124,9,1071074434,193923171,1264997605,1134718,197422075,0.044782087165133946
2026-06-26 20:04:56.427624,381,0,3.0,0,862434,54065,48881,5184,9.58845833718672,5139,124,9,1071074434,193923171,1264997605,1134718,197422075,0.0
2026-06-26 20:04:56.432628,382,0,3.0,0,862444,54065,48881,5184,9.58845833718672,5139,124,9,1071074434,193923171,1264997605,1134718,197422075,0.0
2026-06-26 20:04:56.437655,383,0,3.0,0,862454,54065,48881,5184,9.58845833718672,5139,124,9,1071074434,193923171,1264997605,1134718,197422075,0.0
2026-06-26 20:04:56.442644,384,0,3.0,0,862464,54065,48881,5184,9.58845833718672,5139,124,9,1071074434,193923171,1264997605,1134718,197422075,0.0
2026-06-26 20:04:56.447623,385,0,3.0,0,862474,54065,48881,5184,9.58845833718672,5139,124,9,1071074434,193923171,1264997605,1134718,197422075,0.0
2026-06-26 20:04:56.452626,386,0,3.0,0,862484,54065,48881,5184,9.58845833718672,5139,124,9,1071074434,193923171,1264997605,1134718,197422075,0.0
2026-06-26 20:04:56.457628,387,0,3.0,0,862494,54065,48881,5184,9.58845833718672,5139,124,9,1071074434,193923171,1264997605,1134718,197422075,0.0
2026-06-26 20:04:56.462621,388,0,3.0,0,862504,54065,48881,5184,9.58845833718672,5139,124,9,1071074434,193923171,1264997605,1134718,197422075,0.0
2026-06-26 20:04:56.467625,389,0,3.0,0,862514,54065,48881,5184,9.58845833718672,5139,124,9,1071074434,193923171,1264997605,1134718,197422075,0.0
2026-06-26 20:04:56.472631,390,0,3.0,0,862524,54065,48881,5184,9.58845833718672,5139,124,9,1071074434,193923171,1264997605,1134718,197422075,0.0
2026-06-26 20:04:56.477628,391,0,3.0,0,862534,54065,48881,5184,9.58845833718672,5139,124,9,1071074434,193923171,1264997605,1134718,197422075,0.0
2026-06-26 20:04:56.482623,392,0,3.0,0,862544,54065,48881,5184,9.58845833718672,5139,124,9,1071074434,193923171,1264997605,1134718,197422075,0.0
2026-06-26 20:04:56.487622,393,0,3.0,0,862554,54065,48881,5184,9.58845833718672,5139,124,9,1071074434,193923171,1264997605,1134718,197422075,0.0
2026-06-26 20:04:56.492627,394,0,3.0,0,862564,54065,48881,5184,9.58845833718672,5139,124,9,1071074434,193923171,1264997605,1134718,197422075,0.0
2026-06-26 20:04:56.497629,395,0,3.0,0,862574,54065,48881,5184,9.58845833718672,5139,124,9,1071074434,193923171,1264997605,1134718,197422075,0.0
2026-06-26 20:04:56.502626,396,0,3.0,0,862584,54065,48881,5184,9.58845833718672,5139,124,9,1071074434,193923171,1264997605,1134718,197422075,0.0
2026-06-26 20:04:56.507627,397,0,3.0,0,862594,54065,48881,5184,9.58845833718672,5139,124,9,1071074434,193923171,1264997605,1134718,197422075,0.0
2026-06-26 20:04:56.512630,398,0,3.0,0,862604,54065,48881,5184,9.58845833718672,5139,124,9,1071074434,193923171,1264997605,1134718,197422075,0.0
2026-06-26 20:04:56.516481,399,0,3.0,0,862610,54065,48881,5184,9.58845833718672,5139,124,9,1071074434,193923171,1264997605,1134718,197422075,0.0
2026-06-26 20:04:56.520507,400,0,3.0,0,862620,54065,48881,5184,9.58845833718672,5139,124,9,1071074434,193923171,1264997605,1134718,197422075,0.0
2026-06-26 20:04:56.666550,401,0,3.0,0,862630,54065,48881,5184,9.58845833718672,5139,124,9,1071074434,193923171,1264997605,1134718,197422075,0.0
2026-06-26 20:04:56.671458,402,0,3.0,0,862640,54065,48881,5184,9.58845833718672,5139,124,9,1071074434,193923171,1264997605,1134718,197422075,0.0
2026-06-26 20:04:56.676478,403,0,3.0,0,862648,54065,48881,5184,9.58845833718672,5139,124,9,1071074434,193923171,1264997605,1134718,197422075,0.0
2026-06-26 20:04:56.763381,404,0,3.0,0,862658,54065,48881,5184,9.58845833718672,5139,124,9,1071074434,193923171,1264997605,1134718,197422075,0.0
2026-06-26 20:04:56.768380,405,0,3.0,0,862668,54065,48881,5184,9.58845833718672,5139,124,9,1071074434,193923171,1264997605,1134718,197422075,0.0
2026-06-26 20:04:56.773385,406,0,3.0,0,862678,54065,48881,5184,9.58845833718672,5139,124,9,1071074434,193923171,1264997605,1134718,197422075,0.0
2026-06-26 20:04:56.778382,407,0,3.0,0,862688,54065,48881,5184,9.58845833718672,5139,124,9,1071074434,193923171,1264997605,1134718,197422075,0.0
2026-06-26 20:04:56.783380,408,0,3.0,0,862698,54066,48882,5184,9.588280989901232,5139,124,9,1071074462,193923171,1264997633,1134741,197422075,0.04481792717086835
2026-06-26 20:04:56.788382,409,0,3.0,0,862708,54066,48882,5184,9.588280989901232,5139,124,9,1071074462,193923171,1264997633,1134741,197422075,0.0
2026-06-26 20:04:56.793381,410,0,3.0,0,862718,54066,48882,5184,9.588280989901232,5139,124,9,1071074462,193923171,1264997633,1134741,197422075,0.0
2026-06-26 20:04:56.798380,411,0,3.0,0,862728,54066,48882,5184,9.588280989901232,5139,124,9,1071074462,193923171,1264997633,1134741,197422075,0.0
2026-06-26 20:04:56.803379,412,0,3.0,0,862738,54066,48882,5184,9.588280989901232,5139,124,9,1071074462,193923171,1264997633,1134741,197422075,0.0
2026-06-26 20:04:56.808381,413,0,3.0,0,862748,54066,48882,5184,9.588280989901232,5139,124,9,1071074462,193923171,1264997633,1134741,197422075,0.0
2026-06-26 20:04:56.813381,414,0,3.0,0,862758,54066,48882,5184,9.588280989901232,5139,124,9,1071074462,193923171,1264997633,1134741,197422075,0.0
2026-06-26 20:04:56.818389,415,0,3.0,0,862768,54066,48882,5184,9.588280989901232,5139,124,9,1071074462,193923171,1264997633,1134741,197422075,0.0
2026-06-26 20:04:56.823389,416,0,3.0,0,862778,54066,48882,5184,9.588280989901232,5139,124,9,1071074462,193923171,1264997633,1134741,197422075,0.0
2026-06-26 20:04:56.828376,417,0,3.0,0,862788,54066,48882,5184,9.588280989901232,5139,124,9,1071074462,193923171,1264997633,1134741,197422075,0.0
2026-06-26 20:04:56.833377,418,0,3.0,0,862798,54066,48882,5184,9.588280989901232,5139,124,9,1071074462,193923171,1264997633,1134741,197422075,0.0
2026-06-26 20:04:56.838378,419,0,3.0,0,862808,54066,48882,5184,9.588280989901232,5139,124,9,1071074462,193923171,1264997633,1134741,197422075,0.0
2026-06-26 20:04:56.843379,420,0,3.0,0,862818,54066,48882,5184,9.588280989901232,5139,124,9,1071074462,193923171,1264997633,1134741,197422075,0.0
2026-06-26 20:04:56.848374,421,0,3.0,0,862828,54066,48882,5184,9.588280989901232,5139,124,9,1071074462,193923171,1264997633,1134741,197422075,0.0
2026-06-26 20:04:56.853379,422,0,3.0,0,862838,54066,48882,5184,9.588280989901232,5139,124,9,1071074462,193923171,1264997633,1134741,197422075,0.0
2026-06-26 20:04:56.858376,423,0,3.0,0,862848,54066,48882,5184,9.588280989901232,5139,124,9,1071074462,193923171,1264997633,1134741,197422075,0.0
2026-06-26 20:04:56.863374,424,0,3.0,0,862858,54066,48882,5184,9.588280989901232,5139,124,9,1071074462,193923171,1264997633,1134741,197422075,0.0
2026-06-26 20:04:56.868375,425,0,3.0,0,862868,54066,48882,5184,9.588280989901232,5139,124,9,1071074462,193923171,1264997633,1134741,197422075,0.0
2026-06-26 20:04:56.873375,426,0,3.0,0,862878,54066,48882,5184,9.588280989901232,5139,124,9,1071074462,193923171,1264997633,1134741,197422075,0.0
2026-06-26 20:04:56.874456,427,0,3.0,0,862878,54066,48882,5184,9.588280989901232,5139,124,9,1071074462,193923171,1264997633,1134741,197422075,0.0
2026-06-26 20:04:56.986535,428,0,3.0,0,862888,54066,48882,5184,9.588280989901232,5139,124,9,1071074462,193923171,1264997633,1134741,197422075,0.0
2026-06-26 20:04:56.991458,429,0,3.0,0,862898,54066,48882,5184,9.588280989901232,5139,124,9,1071074462,193923171,1264997633,1134741,197422075,0.0
2026-06-26 20:04:56.996474,430,0,3.0,0,862906,54066,48882,5184,9.588280989901232,5139,124,9,1071074462,193923171,1264997633,1134741,197422075,0.0
2026-06-26 20:04:57.147629,431,0,3.0,0,862916,54066,48882,5184,9.588280989901232,5139,124,9,1071074462,193923171,1264997633,1134741,197422075,0.0
2026-06-26 20:04:57.152626,432,0,3.0,0,862926,54066,48882,5184,9.588280989901232,5139,124,9,1071074462,193923171,1264997633,1134741,197422075,0.0
2026-06-26 20:04:57.157622,433,0,3.0,0,862936,54066,48882,5184,9.588280989901232,5139,124,9,1071074462,193923171,1264997633,1134741,197422075,0.0
2026-06-26 20:04:57.162628,434,0,3.0,0,862946,54066,48882,5184,9.588280989901232,5139,124,9,1071074462,193923171,1264997633,1134741,197422075,0.0
2026-06-26 20:04:57.167624,435,0,3.0,0,862956,54066,48882,5184,9.588280989901232,5139,124,9,1071074462,193923171,1264997633,1134741,197422075,0.0
2026-06-26 20:04:57.172634,436,0,3.0,0,862966,54066,48882,5184,9.588280989901232,5139,124,9,1071074462,193923171,1264997633,1134741,197422075,0.0
2026-06-26 20:04:57.177622,437,0,3.0,0,862976,54066,48882,5184,9.588280989901232,5139,124,9,1071074462,193923171,1264997633,1134741,197422075,0.0
2026-06-26 20:04:57.182623,438,0,3.0,0,862986,54067,48883,5184,9.588103649176022,5139,124,9,1071074490,193923171,1264997661,1134758,197422075,0.04479104179164167
2026-06-26 20:04:57.187620,439,0,3.0,0,862996,54067,48883,5184,9.588103649176022,5139,124,9,1071074490,193923171,1264997661,1134758,197422075,0.0
2026-06-26 20:04:57.192625,440,0,3.0,0,863006,54067,48883,5184,9.588103649176022,5139,124,9,1071074490,193923171,1264997661,1134758,197422075,0.0
2026-06-26 20:04:57.197644,441,0,3.0,0,863016,54067,48883,5184,9.588103649176022,5139,124,9,1071074490,193923171,1264997661,1134758,197422075,0.0
2026-06-26 20:04:57.202627,442,0,3.0,0,863026,54067,48883,5184,9.588103649176022,5139,124,9,1071074490,193923171,1264997661,1134758,197422075,0.0
2026-06-26 20:04:57.207622,443,0,3.0,0,863036,54067,48883,5184,9.588103649176022,5139,124,9,1071074490,193923171,1264997661,1134758,197422075,0.0
2026-06-26 20:04:57.212622,444,0,3.0,0,863046,54067,48883,5184,9.588103649176022,5139,124,9,1071074490,193923171,1264997661,1134758,197422075,0.0
2026-06-26 20:04:57.217626,445,0,3.0,0,863056,54067,48883,5184,9.588103649176022,5139,124,9,1071074490,193923171,1264997661,1134758,197422075,0.0
2026-06-26 20:04:57.222625,446,0,3.0,0,863066,54067,48883,5184,9.588103649176022,5139,124,9,1071074490,193923171,1264997661,1134758,197422075,0.0
2026-06-26 20:04:57.227619,447,0,3.0,0,863076,54067,48883,5184,9.588103649176022,5139,124,9,1071074490,193923171,1264997661,1134758,197422075,0.0
2026-06-26 20:04:57.232623,448,0,3.0,0,863086,54067,48883,5184,9.588103649176022,5139,124,9,1071074490,193923171,1264997661,1134758,197422075,0.0
2026-06-26 20:04:57.237624,449,0,3.0,0,863096,54067,48883,5184,9.588103649176022,5139,124,9,1071074490,193923171,1264997661,1134758,197422075,0.0
2026-06-26 20:04:57.242625,450,0,3.0,0,863106,54067,48883,5184,9.588103649176022,5139,124,9,1071074490,193923171,1264997661,1134758,197422075,0.0
2026-06-26 20:04:57.247620,451,0,3.0,0,863116,54067,48883,5184,9.588103649176022,5139,124,9,1071074490,193923171,1264997661,1134758,197422075,0.0
2026-06-26 20:04:57.252624,452,0,3.0,0,863126,54067,48883,5184,9.588103649176022,5139,124,9,1071074490,193923171,1264997661,1134758,197422075,0.0
2026-06-26 20:04:57.257622,453,0,3.0,0,863136,54067,48883,5184,9.588103649176022,5139,124,9,1071074490,193923171,1264997661,1134758,197422075,0.0
2026-06-26 20:04:57.262622,454,0,3.0,0,863146,54067,48883,5184,9.588103649176022,5139,124,9,1071074490,193923171,1264997661,1134758,197422075,0.0
2026-06-26 20:04:57.267621,455,0,3.0,0,863156,54067,48883,5184,9.588103649176022,5139,124,9,1071074490,193923171,1264997661,1134758,197422075,0.0
2026-06-26 20:04:57.272625,456,0,3.0,0,863166,54067,48883,5184,9.588103649176022,5139,124,9,1071074490,193923171,1264997661,1134758,197422075,0.0
2026-06-26 20:04:57.277623,457,0,3.0,0,863176,54067,48883,5184,9.588103649176022,5139,124,9,1071074490,193923171,1264997661,1134758,197422075,0.0
2026-06-26 20:04:57.280527,458,0,3.0,0,863180,54067,48883,5184,9.588103649176022,5139,124,9,1071074490,193923171,1264997661,1134758,197422075,0.0
2026-06-26 20:04:57.284330,459,0,3.0,0,863190,54067,48883,5184,9.588103649176022,5139,124,9,1071074490,193923171,1264997661,1134758,197422075,0.0
2026-06-26 20:04:57.310515,460,0,3.0,0,863200,54067,48883,5184,9.588103649176022,5139,124,9,1071074490,193923171,1264997661,1134758,197422075,0.0
2026-06-26 20:04:57.315554,461,0,3.0,0,863210,54067,48883,5184,9.588103649176022,5139,124,9,1071074490,193923171,1264997661,1134758,197422075,0.0
2026-06-26 20:04:57.316475,462,0,3.0,0,863210,54067,48883,5184,9.588103649176022,5139,124,9,1071074490,193923171,1264997661,1134758,197422075,0.0
2026-06-26 20:04:57.467636,463,0,3.0,0,863220,54067,48883,5184,9.588103649176022,5139,124,9,1071074490,193923171,1264997661,1134758,197422075,0.0
2026-06-26 20:04:57.472628,464,0,3.0,0,863230,54067,48883,5184,9.588103649176022,5139,124,9,1071074490,193923171,1264997661,1134758,197422075,0.0
2026-06-26 20:04:57.476478,465,0,3.0,0,863236,54067,48883,5184,9.588103649176022,5139,124,9,1071074490,193923171,1264997661,1134758,197422075,0.0
2026-06-26 20:04:57.627630,466,0,3.0,0,863246,54067,48883,5184,9.588103649176022,5139,124,9,1071074490,193923171,1264997661,1134758,197422075,0.0
2026-06-26 20:04:57.632620,467,0,3.0,0,863256,54067,48883,5184,9.588103649176022,5139,124,9,1071074490,193923171,1264997661,1134758,197422075,0.0
2026-06-26 20:04:57.636475,468,0,3.0,0,863262,54067,48883,5184,9.588103649176022,5139,124,9,1071074490,193923171,1264997661,1134758,197422075,0.0
2026-06-26 20:04:57.640511,469,0,3.0,0,863272,54067,48883,5184,9.588103649176022,5139,124,9,1071074490,193923171,1264997661,1134758,197422075,0.0
2026-06-26 20:04:57.645392,470,0,3.0,0,863282,54067,48883,5184,9.588103649176022,5139,124,9,1071074490,193923171,1264997661,1134758,197422075,0.0
2026-06-26 20:04:57.790515,471,0,3.0,0,863292,54067,48883,5184,9.588103649176022,5139,124,9,1071074490,193923171,1264997661,1134758,197422075,0.0
2026-06-26 20:04:57.795547,472,0,3.0,0,863302,54067,48883,5184,9.588103649176022,5139,124,9,1071074490,193923171,1264997661,1134758,197422075,0.0
2026-06-26 20:04:57.796474,473,0,3.0,0,863302,54067,48883,5184,9.588103649176022,5139,124,9,1071074490,193923171,1264997661,1134758,197422075,0.0
2026-06-26 20:04:57.947631,474,0,3.0,0,863312,54067,48883,5184,9.588103649176022,5139,124,9,1071074490,193923171,1264997661,1134758,197422075,0.0
2026-06-26 20:04:57.952620,475,0,3.0,0,863322,54067,48883,5184,9.588103649176022,5139,124,9,1071074490,193923171,1264997661,1134758,197422075,0.0
2026-06-26 20:04:57.956475,476,0,3.0,0,863328,54067,48883,5184,9.588103649176022,5139,124,9,1071074490,193923171,1264997661,1134758,197422075,0.0
2026-06-26 20:04:57.960510,477,0,3.0,0,863338,54067,48883,5184,9.588103649176022,5139,124,9,1071074490,193923171,1264997661,1134758,197422075,0.0
2026-06-26 20:04:57.965393,478,0,3.0,0,863348,54067,48883,5184,9.588103649176022,5139,124,9,1071074490,193923171,1264997661,1134758,197422075,0.0
2026-06-26 20:04:58.110514,479,0,3.0,0,863358,54067,48883,5184,9.588103649176022,5139,124,9,1071074490,193923171,1264997661,1134758,197422075,0.0
2026-06-26 20:04:58.115547,480,0,3.0,0,863368,54067,48883,5184,9.588103649176022,5139,124,9,1071074490,193923171,1264997661,1134758,197422075,0.0
2026-06-26 20:04:58.116471,481,0,3.0,0,863368,54067,48883,5184,9.588103649176022,5139,124,9,1071074490,193923171,1264997661,1134758,197422075,0.0
2026-06-26 20:04:58.267629,482,0,3.0,0,863378,54067,48883,5184,9.588103649176022,5139,124,9,1071074490,193923171,1264997661,1134758,197422075,0.0
2026-06-26 20:04:58.272620,483,0,3.0,0,863388,54067,48883,5184,9.588103649176022,5139,124,9,1071074490,193923171,1264997661,1134758,197422075,0.0
2026-06-26 20:04:58.276475,484,0,3.0,0,863394,54067,48883,5184,9.588103649176022,5139,124,9,1071074490,193923171,1264997661,1134758,197422075,0.0
2026-06-26 20:04:58.280508,485,0,3.0,0,863404,54067,48883,5184,9.588103649176022,5139,124,9,1071074490,193923171,1264997661,1134758,197422075,0.0
2026-06-26 20:04:58.285388,486,0,3.0,0,863414,54067,48883,5184,9.588103649176022,5139,124,9,1071074490,193923171,1264997661,1134758,197422075,0.0
2026-06-26 20:04:58.423260,487,0,3.0,0,863424,54067,48883,5184,9.588103649176022,5139,124,9,1071074490,193923171,1264997661,1134758,197422075,0.0
2026-06-26 20:04:58.428375,488,0,3.0,0,863434,54067,48883,5184,9.588103649176022,5139,124,9,1071074490,193923171,1264997661,1134758,197422075,0.0
2026-06-26 20:04:58.433370,489,0,3.0,0,863444,54067,48883,5184,9.588103649176022,5139,124,9,1071074490,193923171,1264997661,1134758,197422075,0.0
2026-06-26 20:04:58.436471,490,0,3.0,0,863448,54067,48883,5184,9.588103649176022,5139,124,9,1071074490,193923171,1264997661,1134758,197422075,0.0
2026-06-26 20:04:58.587630,491,0,3.0,0,863458,54067,48883,5184,9.588103649176022,5139,124,9,1071074490,193923171,1264997661,1134758,197422075,0.0
2026-06-26 20:04:58.592628,492,0,3.0,0,863468,54067,48883,5184,9.588103649176022,5139,124,9,1071074490,193923171,1264997661,1134758,197422075,0.0
2026-06-26 20:04:58.596474,493,0,3.0,0,863474,54067,48883,5184,9.588103649176022,5139,124,9,1071074490,193923171,1264997661,1134758,197422075,0.0
2026-06-26 20:04:58.600509,494,0,3.0,0,863484,54068,48884,5184,9.587926315010726,5139,124,9,1071074501,193923171,1264997672,1134758,197422075,0.021809169764560096
2026-06-26 20:04:58.605388,495,0,3.0,0,863494,54068,48884,5184,9.587926315010726,5139,124,9,1071074501,193923171,1264997672,1134758,197422075,0.0
2026-06-26 20:04:58.749436,496,0,3.0,0,863504,54068,48884,5184,9.587926315010726,5139,124,9,1071074501,193923171,1264997672,1134758,197422075,0.0
2026-06-26 20:04:58.754470,497,0,3.0,0,863514,54068,48884,5184,9.587926315010726,5139,124,9,1071074501,193923171,1264997672,1134758,197422075,0.0
2026-06-26 20:04:58.759432,498,0,3.0,0,863524,54068,48884,5184,9.587926315010726,5139,124,9,1071074501,193923171,1264997672,1134758,197422075,0.0
2026-06-26 20:04:58.764440,499,0,3.0,0,863534,54068,48884,5184,9.587926315010726,5139,124,9,1071074501,193923171,1264997672,1134758,197422075,0.0
2026-06-26 20:04:58.769430,500,0,3.0,0,863544,54068,48884,5184,9.587926315010726,5139,124,9,1071074501,193923171,1264997672,1134758,197422075,0.0
2026-06-26 20:04:58.774444,501,0,3.0,0,863554,54068,48884,5184,9.587926315010726,5139,124,9,1071074501,193923171,1264997672,1134758,197422075,0.0
2026-06-26 20:04:58.779436,502,0,3.0,0,863564,54068,48884,5184,9.587926315010726,5139,124,9,1071074501,193923171,1264997672,1134758,197422075,0.0
2026-06-26 20:04:58.784438,503,0,3.0,0,863574,54068,48884,5184,9.587926315010726,5139,124,9,1071074501,193923171,1264997672,1134758,197422075,0.0
2026-06-26 20:04:58.789432,504,0,3.0,0,863584,54069,48885,5184,9.587748987404982,5139,124,9,1071074529,193923171,1264997700,1134775,197422075,0.04485382458950741
2026-06-26 20:04:58.794452,505,0,3.0,0,863594,54069,48885,5184,9.587748987404982,5139,124,9,1071074529,193923171,1264997700,1134775,197422075,0.0
2026-06-26 20:04:58.799443,506,0,3.0,0,863604,54070,48886,5184,9.587571666358425,5139,124,9,1071074635,193923171,1264997806,1134793,197422075,0.1699058304948908
2026-06-26 20:04:58.804454,507,0,3.0,0,863614,54070,48886,5184,9.587571666358425,5139,124,9,1071074635,193923171,1264997806,1134793,197422075,0.0
2026-06-26 20:04:58.809433,508,0,3.0,0,863624,54071,48887,5184,9.587394351870689,5139,124,9,1071074663,193923171,1264997834,1134816,197422075,0.044988953605141595
2026-06-26 20:04:58.814449,509,0,3.0,0,863634,54071,48887,5184,9.587394351870689,5139,124,9,1071074663,193923171,1264997834,1134816,197422075,0.0
2026-06-26 20:04:58.819436,510,0,3.0,0,863644,54072,48888,5184,9.587217043941411,5139,124,9,1071074764,193923171,1264997935,1134829,197422075,0.16202125526368558
2026-06-26 20:04:58.824439,511,0,3.0,0,863654,54072,48888,5184,9.587217043941411,5139,124,9,1071074764,193923171,1264997935,1134829,197422075,0.0
2026-06-26 20:04:58.829431,512,0,3.0,0,863664,54073,48889,5184,9.587039742570228,5139,124,9,1071074792,193923171,1264997963,1134852,197422075,0.04487179487179487
2026-06-26 20:04:58.834450,513,0,3.0,0,863674,54073,48889,5184,9.587039742570228,5139,124,9,1071074792,193923171,1264997963,1134852,197422075,0.0
2026-06-26 20:04:58.839432,514,0,3.0,0,863684,54074,48890,5184,9.586862447756777,5139,124,9,1071074820,193923171,1264997991,1134875,197422075,0.044961862705740666
2026-06-26 20:04:58.844441,515,0,3.0,0,863694,54074,48890,5184,9.586862447756777,5139,124,9,1071074820,193923171,1264997991,1134875,197422075,0.0
2026-06-26 20:04:58.849432,516,0,3.0,0,863704,54075,48891,5184,9.586685159500693,5139,124,9,1071075081,193923171,1264998252,1134897,197422075,0.4183530354638349
2026-06-26 20:04:58.854445,517,0,3.0,0,863714,54075,48891,5184,9.586685159500693,5139,124,9,1071075081,193923171,1264998252,1134897,197422075,0.0
2026-06-26 20:04:58.859435,518,0,3.0,0,863724,54075,48891,5184,9.586685159500693,5139,124,9,1071075081,193923171,1264998252,1134897,197422075,0.0
2026-06-26 20:04:58.864439,519,0,3.0,0,863734,54075,48891,5184,9.586685159500693,5139,124,9,1071075081,193923171,1264998252,1134897,197422075,0.0
2026-06-26 20:04:58.869434,520,0,3.0,0,863744,54076,48892,5184,9.586507877801614,5139,124,9,1071075109,193923171,1264998280,1134920,197422075,0.04484484484484484
2026-06-26 20:04:58.874443,521,0,3.0,0,863754,54076,48892,5184,9.586507877801614,5139,124,9,1071075109,193923171,1264998280,1134920,197422075,0.0
2026-06-26 20:04:58.879434,522,0,3.0,0,863764,54077,48893,5184,9.58633060265917,5139,124,9,1071075434,193923171,1264998605,1134961,197422075,0.5209376878381086
2026-06-26 20:04:58.884439,523,0,3.0,0,863774,54077,48893,5184,9.58633060265917,5139,124,9,1071075434,193923171,1264998605,1134961,197422075,0.0
2026-06-26 20:04:58.889437,524,0,3.0,0,863784,54077,48893,5184,9.58633060265917,5139,124,9,1071075434,193923171,1264998605,1134961,197422075,0.0
2026-06-26 20:04:58.894444,525,0,3.0,0,863794,54077,48893,5184,9.58633060265917,5139,124,9,1071075434,193923171,1264998605,1134961,197422075,0.0
2026-06-26 20:04:58.899430,526,0,3.0,0,863804,54078,48894,5184,9.586153334073005,5139,124,9,1071075462,193923171,1264998633,1134984,197422075,0.04492579221821099
2026-06-26 20:04:58.904435,527,0,3.0,0,863814,54078,48894,5184,9.586153334073005,5139,124,9,1071075462,193923171,1264998633,1134984,197422075,0.0
2026-06-26 20:04:58.909430,528,0,3.0,0,863824,54079,48895,5184,9.585976072042753,5139,124,9,1071075703,193923171,1264998874,1135019,197422075,0.385985985985986
2026-06-26 20:04:58.914450,529,0,3.0,0,863834,54079,48895,5184,9.585976072042753,5139,124,9,1071075703,193923171,1264998874,1135019,197422075,0.0
2026-06-26 20:04:58.919436,530,0,3.0,0,863844,54079,48895,5184,9.585976072042753,5139,124,9,1071075703,193923171,1264998874,1135019,197422075,0.0
2026-06-26 20:04:58.924438,531,0,3.0,0,863854,54079,48895,5184,9.585976072042753,5139,124,9,1071075703,193923171,1264998874,1135019,197422075,0.0
2026-06-26 20:04:58.929434,532,0,3.0,0,863864,54080,48896,5184,9.585798816568047,5139,124,9,1071075731,193923171,1264998902,1135042,197422075,0.04483586869495596
2026-06-26 20:04:58.934446,533,0,3.0,0,863874,54080,48896,5184,9.585798816568047,5139,124,9,1071075731,193923171,1264998902,1135042,197422075,0.0
2026-06-26 20:04:58.939434,534,0,3.0,0,863884,54081,48896,5185,9.587470645883027,5139,124,9,1071075731,193923412,1264999143,1135042,197422075,0.0
2026-06-26 20:04:58.944437,535,0,3.0,0,863894,54081,48896,5185,9.587470645883027,5139,124,9,1071075731,193923412,1264999143,1135042,197422075,0.0
2026-06-26 20:04:58.949432,536,0,3.0,0,863904,54082,48897,5185,9.587293369328059,5140,124,9,1071075972,193923412,1264999384,1135067,197422316,0.385985985985986
2026-06-26 20:04:58.954445,537,0,3.0,0,863914,54082,48897,5185,9.587293369328059,5140,124,9,1071075972,193923412,1264999384,1135067,197422316,0.0
2026-06-26 20:04:58.959430,538,0,3.0,0,863924,54083,48898,5185,9.587116099328808,5140,124,9,1071076000,193923412,1264999412,1135090,197422316,0.04493480441323972
2026-06-26 20:04:58.964437,539,0,3.0,0,863934,54083,48898,5185,9.587116099328808,5140,124,9,1071076000,193923412,1264999412,1135090,197422316,0.0
2026-06-26 20:04:58.969432,540,0,3.0,0,863944,54084,48899,5185,9.58693883588492,5140,124,9,1071076129,193923412,1264999541,1135101,197422316,0.2066066066066066
2026-06-26 20:04:58.974453,541,0,3.0,0,863954,54084,48899,5185,9.58693883588492,5140,124,9,1071076129,193923412,1264999541,1135101,197422316,0.0
2026-06-26 20:04:58.979430,542,0,3.0,0,863964,54085,48900,5185,9.586761578996025,5140,124,9,1071076157,193923412,1264999569,1135124,197422316,0.0450070323488045
2026-06-26 20:04:58.984442,543,0,3.0,0,863974,54085,48900,5185,9.586761578996025,5140,124,9,1071076157,193923412,1264999569,1135124,197422316,0.0
2026-06-26 20:04:58.989431,544,0,3.0,0,863984,54085,48900,5185,9.586761578996025,5140,124,9,1071076157,193923412,1264999569,1135124,197422316,0.0
2026-06-26 20:04:58.994448,545,0,3.0,0,863994,54085,48900,5185,9.586761578996025,5140,124,9,1071076157,193923412,1264999569,1135124,197422316,0.0
2026-06-26 20:04:58.999435,546,0,3.0,0,864004,54085,48900,5185,9.586761578996025,5140,124,9,1071076157,193923412,1264999569,1135124,197422316,0.0
2026-06-26 20:04:59.004438,547,0,3.0,0,864014,54085,48900,5185,9.586761578996025,5140,124,9,1071076157,193923412,1264999569,1135124,197422316,0.0
2026-06-26 20:04:59.009432,548,0,3.0,0,864024,54088,48902,5186,9.588078686584826,5140,124,9,1071076326,193923565,1264999891,1135168,197422316,0.27072486984381255
2026-06-26 20:04:59.014453,549,0,3.0,0,864034,54088,48902,5186,9.588078686584826,5140,124,9,1071076326,193923565,1264999891,1135168,197422316,0.0
2026-06-26 20:04:59.019447,550,0,3.0,0,864044,54089,48903,5186,9.587901421730852,5141,124,9,1071076479,193923565,1265000044,1135189,197422469,0.24509411293552263
2026-06-26 20:04:59.024448,551,0,3.0,0,864054,54089,48903,5186,9.587901421730852,5141,124,9,1071076479,193923565,1265000044,1135189,197422469,0.0
2026-06-26 20:04:59.029434,552,0,3.0,0,864064,54089,48903,5186,9.587901421730852,5141,124,9,1071076479,193923565,1265000044,1135189,197422469,0.0
2026-06-26 20:04:59.034448,553,0,3.0,0,864074,54089,48903,5186,9.587901421730852,5141,124,9,1071076479,193923565,1265000044,1135189,197422469,0.0
2026-06-26 20:04:59.039432,554,0,3.0,0,864084,54090,48904,5186,9.587724163431318,5141,124,9,1071076507,193923565,1265000072,1135212,197422469,0.0449438202247191
2026-06-26 20:04:59.044436,555,0,3.0,0,864094,54090,48904,5186,9.587724163431318,5141,124,9,1071076507,193923565,1265000072,1135212,197422469,0.0
2026-06-26 20:04:59.049434,556,0,3.0,0,864104,54090,48904,5186,9.587724163431318,5141,124,9,1071076507,193923565,1265000072,1135212,197422469,0.0
2026-06-26 20:04:59.054443,557,0,3.0,0,864114,54090,48904,5186,9.587724163431318,5141,124,9,1071076507,193923565,1265000072,1135212,197422469,0.0
2026-06-26 20:04:59.059431,558,0,3.0,0,864124,54090,48904,5186,9.587724163431318,5141,124,9,1071076507,193923565,1265000072,1135212,197422469,0.0
2026-06-26 20:04:59.064441,559,0,3.0,0,864134,54090,48904,5186,9.587724163431318,5141,124,9,1071076507,193923565,1265000072,1135212,197422469,0.0
2026-06-26 20:04:59.069432,560,0,3.0,0,864144,54090,48904,5186,9.587724163431318,5141,124,9,1071076507,193923565,1265000072,1135212,197422469,0.0
2026-06-26 20:04:59.074447,561,0,3.0,0,864154,54090,48904,5186,9.587724163431318,5141,124,9,1071076507,193923565,1265000072,1135212,197422469,0.0
2026-06-26 20:04:59.079430,562,0,3.0,0,864164,54090,48904,5186,9.587724163431318,5141,124,9,1071076507,193923565,1265000072,1135212,197422469,0.0
2026-06-26 20:04:59.084437,563,0,3.0,0,864174,54090,48904,5186,9.587724163431318,5141,124,9,1071076507,193923565,1265000072,1135212,197422469,0.0
2026-06-26 20:04:59.089431,564,0,3.0,0,864184,54090,48904,5186,9.587724163431318,5141,124,9,1071076507,193923565,1265000072,1135212,197422469,0.0
2026-06-26 20:04:59.094440,565,0,3.0,0,864194,54090,48904,5186,9.587724163431318,5141,124,9,1071076507,193923565,1265000072,1135212,197422469,0.0
2026-06-26 20:04:59.099429,566,0,3.0,0,864204,54090,48904,5186,9.587724163431318,5141,124,9,1071076507,193923565,1265000072,1135212,197422469,0.0
2026-06-26 20:04:59.104437,567,0,3.0,0,864214,54090,48904,5186,9.587724163431318,5141,124,9,1071076507,193923565,1265000072,1135212,197422469,0.0
2026-06-26 20:04:59.109432,568,0,3.0,0,864224,54090,48904,5186,9.587724163431318,5141,124,9,1071076507,193923565,1265000072,1135212,197422469,0.0
2026-06-26 20:04:59.114440,569,0,3.0,0,864234,54090,48904,5186,9.587724163431318,5141,124,9,1071076507,193923565,1265000072,1135212,197422469,0.0
2026-06-26 20:04:59.119431,570,0,3.0,0,864244,54090,48904,5186,9.587724163431318,5141,124,9,1071076507,193923565,1265000072,1135212,197422469,0.0
2026-06-26 20:04:59.124440,571,0,3.0,0,864254,54090,48904,5186,9.587724163431318,5141,124,9,1071076507,193923565,1265000072,1135212,197422469,0.0
2026-06-26 20:04:59.129431,572,0,3.0,0,864264,54091,48905,5186,9.587546911685862,5141,124,9,1071076535,193923565,1265000100,1135235,197422469,0.04488078541374474
2026-06-26 20:04:59.134446,573,0,3.0,0,864274,54091,48905,5186,9.587546911685862,5141,124,9,1071076535,193923565,1265000100,1135235,197422469,0.0
2026-06-26 20:04:59.139431,574,0,3.0,0,864284,54092,48906,5186,9.587369666494121,5141,124,9,1071076636,193923565,1265000201,1135253,197422469,0.16208625877632898
2026-06-26 20:04:59.144439,575,0,3.0,0,864294,54092,48906,5186,9.587369666494121,5141,124,9,1071076636,193923565,1265000201,1135253,197422469,0.0
2026-06-26 20:04:59.149434,576,0,3.0,0,864304,54092,48906,5186,9.587369666494121,5141,124,9,1071076636,193923565,1265000201,1135253,197422469,0.0
2026-06-26 20:04:59.154444,577,0,3.0,0,864314,54092,48906,5186,9.587369666494121,5141,124,9,1071076636,193923565,1265000201,1135253,197422469,0.0
2026-06-26 20:04:59.159430,578,0,3.0,0,864324,54092,48906,5186,9.587369666494121,5141,124,9,1071076636,193923565,1265000201,1135253,197422469,0.0
2026-06-26 20:04:59.164437,579,0,3.0,0,864334,54092,48906,5186,9.587369666494121,5141,124,9,1071076636,193923565,1265000201,1135253,197422469,0.0
2026-06-26 20:04:59.169438,580,0,3.0,0,864344,54092,48906,5186,9.587369666494121,5141,124,9,1071076636,193923565,1265000201,1135253,197422469,0.0
2026-06-26 20:04:59.174448,581,0,3.0,0,864354,54092,48906,5186,9.587369666494121,5141,124,9,1071076636,193923565,1265000201,1135253,197422469,0.0
2026-06-26 20:04:59.179451,582,0,3.0,0,864364,54093,48907,5186,9.58719242785573,5141,124,9,1071076664,193923565,1265000229,1135276,197422469,0.044773136118329004
2026-06-26 20:04:59.184453,583,0,3.0,0,864374,54093,48907,5186,9.58719242785573,5141,124,9,1071076664,193923565,1265000229,1135276,197422469,0.0
2026-06-26 20:04:59.189439,584,0,3.0,0,864384,54093,48907,5186,9.58719242785573,5141,124,9,1071076664,193923565,1265000229,1135276,197422469,0.0
2026-06-26 20:04:59.194444,585,0,3.0,0,864394,54093,48907,5186,9.58719242785573,5141,124,9,1071076664,193923565,1265000229,1135276,197422469,0.0
2026-06-26 20:04:59.199426,586,0,3.0,0,864404,54093,48907,5186,9.58719242785573,5141,124,9,1071076664,193923565,1265000229,1135276,197422469,0.0
2026-06-26 20:04:59.204437,587,0,3.0,0,864414,54093,48907,5186,9.58719242785573,5141,124,9,1071076664,193923565,1265000229,1135276,197422469,0.0
2026-06-26 20:04:59.209431,588,0,3.0,0,864424,54093,48907,5186,9.58719242785573,5141,124,9,1071076664,193923565,1265000229,1135276,197422469,0.0
2026-06-26 20:04:59.214451,589,0,3.0,0,864434,54093,48907,5186,9.58719242785573,5141,124,9,1071076664,193923565,1265000229,1135276,197422469,0.0
2026-06-26 20:04:59.219432,590,0,3.0,0,864444,54093,48907,5186,9.58719242785573,5141,124,9,1071076664,193923565,1265000229,1135276,197422469,0.0
2026-06-26 20:04:59.224441,591,0,3.0,0,864454,54093,48907,5186,9.58719242785573,5141,124,9,1071076664,193923565,1265000229,1135276,197422469,0.0
2026-06-26 20:04:59.229436,592,0,3.0,0,864464,54094,48908,5186,9.587015195770325,5141,124,9,1071077785,193923565,1265001350,1135315,197422469,1.7953953953953954
2026-06-26 20:04:59.234446,593,0,3.0,0,864474,54094,48908,5186,9.587015195770325,5141,124,9,1071077785,193923565,1265001350,1135315,197422469,0.0
2026-06-26 20:04:59.239429,594,0,3.0,0,864484,54095,48909,5186,9.586837970237545,5141,124,9,1071077813,193923565,1265001378,1135338,197422469,0.04495283965482641
2026-06-26 20:04:59.244438,595,0,3.0,0,864494,54095,48909,5186,9.586837970237545,5141,124,9,1071077813,193923565,1265001378,1135338,197422469,0.0
2026-06-26 20:04:59.249433,596,0,3.0,0,864504,54095,48909,5186,9.586837970237545,5141,124,9,1071077813,193923565,1265001378,1135338,197422469,0.0
2026-06-26 20:04:59.254444,597,0,3.0,0,864514,54095,48909,5186,9.586837970237545,5141,124,9,1071077813,193923565,1265001378,1135338,197422469,0.0
2026-06-26 20:04:59.259429,598,0,3.0,0,864524,54095,48909,5186,9.586837970237545,5141,124,9,1071077813,193923565,1265001378,1135338,197422469,0.0
2026-06-26 20:04:59.264438,599,0,3.0,0,864534,54095,48909,5186,9.586837970237545,5141,124,9,1071077813,193923565,1265001378,1135338,197422469,0.0
2026-06-26 20:04:59.269431,600,0,3.0,0,864544,54096,48910,5186,9.586660751257025,5141,124,9,1071077905,193923565,1265001470,1135350,197422469,0.14740636891648307
2026-06-26 20:04:59.274444,601,0,3.0,0,864554,54096,48910,5186,9.586660751257025,5141,124,9,1071077905,193923565,1265001470,1135350,197422469,0.0
2026-06-26 20:04:59.279430,602,0,3.0,0,864564,54096,48910,5186,9.586660751257025,5141,124,9,1071077905,193923565,1265001470,1135350,197422469,0.0
2026-06-26 20:04:59.284442,603,0,3.0,0,864574,54096,48910,5186,9.586660751257025,5141,124,9,1071077905,193923565,1265001470,1135350,197422469,0.0
2026-06-26 20:04:59.289429,604,0,3.0,0,864584,54096,48910,5186,9.586660751257025,5141,124,9,1071077905,193923565,1265001470,1135350,197422469,0.0
2026-06-26 20:04:59.294461,605,0,3.0,0,864594,54096,48910,5186,9.586660751257025,5141,124,9,1071077905,193923565,1265001470,1135350,197422469,0.0
2026-06-26 20:04:59.299432,606,0,3.0,0,864604,54096,48910,5186,9.586660751257025,5141,124,9,1071077905,193923565,1265001470,1135350,197422469,0.0
2026-06-26 20:04:59.304440,607,0,3.0,0,864614,54096,48910,5186,9.586660751257025,5141,124,9,1071077905,193923565,1265001470,1135350,197422469,0.0
2026-06-26 20:04:59.309429,608,0,3.0,0,864624,54096,48910,5186,9.586660751257025,5141,124,9,1071077905,193923565,1265001470,1135350,197422469,0.0
2026-06-26 20:04:59.314448,609,0,3.0,0,864634,54096,48910,5186,9.586660751257025,5141,124,9,1071077905,193923565,1265001470,1135350,197422469,0.0
2026-06-26 20:04:59.319429,610,0,3.0,0,864644,54096,48910,5186,9.586660751257025,5141,124,9,1071077905,193923565,1265001470,1135350,197422469,0.0
2026-06-26 20:04:59.324441,611,0,3.0,0,864654,54096,48910,5186,9.586660751257025,5141,124,9,1071077905,193923565,1265001470,1135350,197422469,0.0
2026-06-26 20:04:59.329434,612,0,3.0,0,864664,54096,48910,5186,9.586660751257025,5141,124,9,1071077905,193923565,1265001470,1135350,197422469,0.0
2026-06-26 20:04:59.334448,613,0,3.0,0,864674,54096,48910,5186,9.586660751257025,5141,124,9,1071077905,193923565,1265001470,1135350,197422469,0.0
2026-06-26 20:04:59.339443,614,0,3.0,0,864684,54096,48910,5186,9.586660751257025,5141,124,9,1071077905,193923565,1265001470,1135350,197422469,0.0
2026-06-26 20:04:59.344451,615,0,3.0,0,864694,54096,48910,5186,9.586660751257025,5141,124,9,1071077905,193923565,1265001470,1135350,197422469,0.0
2026-06-26 20:04:59.349432,616,0,3.0,0,864704,54096,48910,5186,9.586660751257025,5141,124,9,1071077905,193923565,1265001470,1135350,197422469,0.0
2026-06-26 20:04:59.354446,617,0,3.0,0,864714,54096,48910,5186,9.586660751257025,5141,124,9,1071077905,193923565,1265001470,1135350,197422469,0.0
2026-06-26 20:04:59.359430,618,0,3.0,0,864724,54096,48910,5186,9.586660751257025,5141,124,9,1071077905,193923565,1265001470,1135350,197422469,0.0
2026-06-26 20:04:59.364435,619,0,3.0,0,864734,54096,48910,5186,9.586660751257025,5141,124,9,1071077905,193923565,1265001470,1135350,197422469,0.0
2026-06-26 20:04:59.369431,620,0,3.0,0,864744,54096,48910,5186,9.586660751257025,5141,124,9,1071077905,193923565,1265001470,1135350,197422469,0.0
2026-06-26 20:04:59.370522,621,0,3.0,0,864744,54096,48910,5186,9.586660751257025,5141,124,9,1071077905,193923565,1265001470,1135350,197422469,0.0
2026-06-26 20:04:59.374346,622,0,3.0,0,864754,54096,48910,5186,9.586660751257025,5141,124,9,1071077905,193923565,1265001470,1135350,197422469,0.0
2026-06-26 20:04:59.379315,623,0,3.0,0,864764,54096,48910,5186,9.586660751257025,5141,124,9,1071077905,193923565,1265001470,1135350,197422469,0.0
2026-06-26 20:04:59.384319,624,0,3.0,0,864774,54096,48910,5186,9.586660751257025,5141,124,9,1071077905,193923565,1265001470,1135350,197422469,0.0
2026-06-26 20:04:59.389433,625,0,3.0,0,864784,54096,48910,5186,9.586660751257025,5141,124,9,1071077905,193923565,1265001470,1135350,197422469,0.0
2026-06-26 20:04:59.394445,626,0,3.0,0,864794,54096,48910,5186,9.586660751257025,5141,124,9,1071077905,193923565,1265001470,1135350,197422469,0.0
2026-06-26 20:04:59.396472,627,0,3.0,0,864796,54096,48910,5186,9.586660751257025,5141,124,9,1071077905,193923565,1265001470,1135350,197422469,0.0
2026-06-26 20:04:59.547623,628,0,3.0,0,864806,54096,48910,5186,9.586660751257025,5141,124,9,1071077905,193923565,1265001470,1135350,197422469,0.0
2026-06-26 20:04:59.552620,629,0,3.0,0,864816,54096,48910,5186,9.586660751257025,5141,124,9,1071077905,193923565,1265001470,1135350,197422469,0.0
2026-06-26 20:04:59.556469,630,0,3.0,0,864822,54096,48910,5186,9.586660751257025,5141,124,9,1071077905,193923565,1265001470,1135350,197422469,0.0
2026-06-26 20:04:59.707624,631,0,3.0,0,864832,54096,48910,5186,9.586660751257025,5141,124,9,1071077905,193923565,1265001470,1135350,197422469,0.0
2026-06-26 20:04:59.712615,632,0,3.0,0,864842,54096,48910,5186,9.586660751257025,5141,124,9,1071077905,193923565,1265001470,1135350,197422469,0.0
2026-06-26 20:04:59.716472,633,0,3.0,0,864848,54096,48910,5186,9.586660751257025,5141,124,9,1071077905,193923565,1265001470,1135350,197422469,0.0
2026-06-26 20:04:59.720506,634,0,3.0,0,864858,54096,48910,5186,9.586660751257025,5141,124,9,1071077905,193923565,1265001470,1135350,197422469,0.0
2026-06-26 20:04:59.725388,635,0,3.0,0,864868,54096,48910,5186,9.586660751257025,5141,124,9,1071077905,193923565,1265001470,1135350,197422469,0.0
2026-06-26 20:04:59.870532,636,0,3.0,0,864878,54096,48910,5186,9.586660751257025,5141,124,9,1071077905,193923565,1265001470,1135350,197422469,0.0
2026-06-26 20:04:59.875546,637,0,3.0,0,864888,54096,48910,5186,9.586660751257025,5141,124,9,1071077905,193923565,1265001470,1135350,197422469,0.0
2026-06-26 20:04:59.876466,638,0,3.0,0,864888,54096,48910,5186,9.586660751257025,5141,124,9,1071077905,193923565,1265001470,1135350,197422469,0.0
2026-06-26 20:05:00.002622,639,0,3.0,0,864898,54097,48911,5186,9.586483538828402,5141,124,9,1071077920,193923565,1265001485,1135350,197422469,0.0009512032721392563
2026-06-26 20:05:00.007621,640,0,3.0,0,864908,54097,48911,5186,9.586483538828402,5141,124,9,1071077920,193923565,1265001485,1135350,197422469,0.0
2026-06-26 20:05:00.012622,641,0,3.0,0,864918,54097,48911,5186,9.586483538828402,5141,124,9,1071077920,193923565,1265001485,1135350,197422469,0.0
2026-06-26 20:05:00.017622,642,0,3.0,0,864928,54097,48911,5186,9.586483538828402,5141,124,9,1071077920,193923565,1265001485,1135350,197422469,0.0
2026-06-26 20:05:00.022622,643,0,3.0,0,864938,54098,48912,5186,9.586306332951311,5141,124,9,1071077948,193923565,1265001513,1135367,197422469,0.0448
2026-06-26 20:05:00.027624,644,0,3.0,0,864948,54098,48912,5186,9.586306332951311,5141,124,9,1071077948,193923565,1265001513,1135367,197422469,0.0
2026-06-26 20:05:00.032623,645,0,3.0,0,864958,54098,48912,5186,9.586306332951311,5141,124,9,1071077948,193923565,1265001513,1135367,197422469,0.0
2026-06-26 20:05:00.037654,646,0,3.0,0,864968,54098,48912,5186,9.586306332951311,5141,124,9,1071077948,193923565,1265001513,1135367,197422469,0.0
2026-06-26 20:05:00.042632,647,0,3.0,0,864978,54099,48913,5186,9.58612913362539,5141,124,9,1071077976,193923565,1265001541,1135390,197422469,0.04499799116110888
2026-06-26 20:05:00.047610,648,0,3.0,0,864988,54099,48913,5186,9.58612913362539,5141,124,9,1071077976,193923565,1265001541,1135390,197422469,0.0
2026-06-26 20:05:00.052621,649,0,3.0,0,864998,54099,48913,5186,9.58612913362539,5141,124,9,1071077976,193923565,1265001541,1135390,197422469,0.0
2026-06-26 20:05:00.057616,650,0,3.0,0,865008,54099,48913,5186,9.58612913362539,5141,124,9,1071077976,193923565,1265001541,1135390,197422469,0.0
2026-06-26 20:05:00.062624,651,0,3.0,0,865018,54100,48914,5186,9.585951940850277,5141,124,9,1071078068,193923565,1265001633,1135402,197422469,0.14696485623003194
2026-06-26 20:05:00.067617,652,0,3.0,0,865028,54100,48914,5186,9.585951940850277,5141,124,9,1071078068,193923565,1265001633,1135402,197422469,0.0
2026-06-26 20:05:00.072622,653,0,3.0,0,865038,54100,48914,5186,9.585951940850277,5141,124,9,1071078068,193923565,1265001633,1135402,197422469,0.0
2026-06-26 20:05:00.077614,654,0,3.0,0,865048,54100,48914,5186,9.585951940850277,5141,124,9,1071078068,193923565,1265001633,1135402,197422469,0.0
2026-06-26 20:05:00.082615,655,0,3.0,0,865058,54100,48914,5186,9.585951940850277,5141,124,9,1071078068,193923565,1265001633,1135402,197422469,0.0
2026-06-26 20:05:00.087613,656,0,3.0,0,865068,54100,48914,5186,9.585951940850277,5141,124,9,1071078068,193923565,1265001633,1135402,197422469,0.0
2026-06-26 20:05:00.092622,657,0,3.0,0,865078,54100,48914,5186,9.585951940850277,5141,124,9,1071078068,193923565,1265001633,1135402,197422469,0.0
2026-06-26 20:05:00.097624,658,0,3.0,0,865088,54100,48914,5186,9.585951940850277,5141,124,9,1071078068,193923565,1265001633,1135402,197422469,0.0
2026-06-26 20:05:00.102622,659,0,3.0,0,865098,54100,48914,5186,9.585951940850277,5141,124,9,1071078068,193923565,1265001633,1135402,197422469,0.0
2026-06-26 20:05:00.107620,660,0,3.0,0,865108,54100,48914,5186,9.585951940850277,5141,124,9,1071078068,193923565,1265001633,1135402,197422469,0.0
2026-06-26 20:05:00.112626,661,0,3.0,0,865118,54100,48914,5186,9.585951940850277,5141,124,9,1071078068,193923565,1265001633,1135402,197422469,0.0
2026-06-26 20:05:00.117619,662,0,3.0,0,865128,54100,48914,5186,9.585951940850277,5141,124,9,1071078068,193923565,1265001633,1135402,197422469,0.0
2026-06-26 20:05:00.122621,663,0,3.0,0,865138,54101,48915,5186,9.585774754625607,5141,124,9,1071078096,193923565,1265001661,1135425,197422469,0.044782087165133946
2026-06-26 20:05:00.127616,664,0,3.0,0,865148,54101,48915,5186,9.585774754625607,5141,124,9,1071078096,193923565,1265001661,1135425,197422469,0.0
2026-06-26 20:05:00.132627,665,0,3.0,0,865158,54102,48916,5186,9.585597574951018,5141,124,9,1071078688,193923565,1265002253,1135473,197422469,0.9451207343843544
2026-06-26 20:05:00.137618,666,0,3.0,0,865168,54102,48916,5186,9.585597574951018,5141,124,9,1071078688,193923565,1265002253,1135473,197422469,0.0
2026-06-26 20:05:00.142618,667,0,3.0,0,865178,54103,48917,5186,9.585420401826147,5141,124,9,1071078716,193923565,1265002281,1135496,197422469,0.0448
2026-06-26 20:05:00.147614,668,0,3.0,0,865188,54103,48917,5186,9.585420401826147,5141,124,9,1071078716,193923565,1265002281,1135496,197422469,0.0
2026-06-26 20:05:00.152615,669,0,3.0,0,865198,54103,48917,5186,9.585420401826147,5141,124,9,1071078716,193923565,1265002281,1135496,197422469,0.0
2026-06-26 20:05:00.157614,670,0,3.0,0,865208,54103,48917,5186,9.585420401826147,5141,124,9,1071078716,193923565,1265002281,1135496,197422469,0.0
2026-06-26 20:05:00.162615,671,0,3.0,0,865218,54103,48917,5186,9.585420401826147,5141,124,9,1071078716,193923565,1265002281,1135496,197422469,0.0
2026-06-26 20:05:00.167614,672,0,3.0,0,865228,54103,48917,5186,9.585420401826147,5141,124,9,1071078716,193923565,1265002281,1135496,197422469,0.0
2026-06-26 20:05:00.172617,673,0,3.0,0,865238,54103,48917,5186,9.585420401826147,5141,124,9,1071078716,193923565,1265002281,1135496,197422469,0.0
2026-06-26 20:05:00.177620,674,0,3.0,0,865248,54103,48917,5186,9.585420401826147,5141,124,9,1071078716,193923565,1265002281,1135496,197422469,0.0
2026-06-26 20:05:00.182619,675,0,3.0,0,865258,54103,48917,5186,9.585420401826147,5141,124,9,1071078716,193923565,1265002281,1135496,197422469,0.0
2026-06-26 20:05:00.187622,676,0,3.0,0,865268,54103,48917,5186,9.585420401826147,5141,124,9,1071078716,193923565,1265002281,1135496,197422469,0.0
2026-06-26 20:05:00.192621,677,0,3.0,0,865278,54103,48917,5186,9.585420401826147,5141,124,9,1071078716,193923565,1265002281,1135496,197422469,0.0
2026-06-26 20:05:00.197615,678,0,3.0,0,865288,54103,48917,5186,9.585420401826147,5141,124,9,1071078716,193923565,1265002281,1135496,197422469,0.0
2026-06-26 20:05:00.202620,679,0,3.0,0,865298,54103,48917,5186,9.585420401826147,5141,124,9,1071078716,193923565,1265002281,1135496,197422469,0.0
2026-06-26 20:05:00.207618,680,0,3.0,0,865308,54103,48917,5186,9.585420401826147,5141,124,9,1071078716,193923565,1265002281,1135496,197422469,0.0
2026-06-26 20:05:00.212627,681,0,3.0,0,865318,54103,48917,5186,9.585420401826147,5141,124,9,1071078716,193923565,1265002281,1135496,197422469,0.0
2026-06-26 20:05:00.217619,682,0,3.0,0,865328,54103,48917,5186,9.585420401826147,5141,124,9,1071078716,193923565,1265002281,1135496,197422469,0.0
2026-06-26 20:05:00.222616,683,0,3.0,0,865338,54103,48917,5186,9.585420401826147,5141,124,9,1071078716,193923565,1265002281,1135496,197422469,0.0
2026-06-26 20:05:00.227615,684,0,3.0,0,865348,54103,48917,5186,9.585420401826147,5141,124,9,1071078716,193923565,1265002281,1135496,197422469,0.0
2026-06-26 20:05:00.232619,685,0,3.0,0,865358,54103,48917,5186,9.585420401826147,5141,124,9,1071078716,193923565,1265002281,1135496,197422469,0.0
2026-06-26 20:05:00.234449,686,0,3.0,0,865360,54103,48917,5186,9.585420401826147,5141,124,9,1071078716,193923565,1265002281,1135496,197422469,0.0
2026-06-26 20:05:00.346531,687,0,3.0,0,865370,54103,48917,5186,9.585420401826147,5141,124,9,1071078716,193923565,1265002281,1135496,197422469,0.0
2026-06-26 20:05:00.351450,688,0,3.0,0,865380,54103,48917,5186,9.585420401826147,5141,124,9,1071078716,193923565,1265002281,1135496,197422469,0.0
2026-06-26 20:05:00.356470,689,0,3.0,0,865388,54103,48917,5186,9.585420401826147,5141,124,9,1071078716,193923565,1265002281,1135496,197422469,0.0
2026-06-26 20:05:00.507664,690,0,3.0,0,865398,54103,48917,5186,9.585420401826147,5141,124,9,1071078716,193923565,1265002281,1135496,197422469,0.0
2026-06-26 20:05:00.512617,691,0,3.0,0,865408,54104,48918,5186,9.58524323525063,5141,124,9,1071078839,193923565,1265002404,1135531,197422469,0.19866747425802544
2026-06-26 20:05:00.517634,692,0,3.0,0,865418,54104,48918,5186,9.58524323525063,5141,124,9,1071078839,193923565,1265002404,1135531,197422469,0.0
2026-06-26 20:05:00.522624,693,0,3.0,0,865428,54104,48918,5186,9.58524323525063,5141,124,9,1071078839,193923565,1265002404,1135531,197422469,0.0
2026-06-26 20:05:00.527625,694,0,3.0,0,865438,54104,48918,5186,9.58524323525063,5141,124,9,1071078839,193923565,1265002404,1135531,197422469,0.0
2026-06-26 20:05:00.532617,695,0,3.0,0,865448,54105,48919,5186,9.5850660752241,5141,124,9,1071078865,193923565,1265002430,1135546,197422469,0.041666666666666664
2026-06-26 20:05:00.537620,696,0,3.0,0,865458,54105,48919,5186,9.5850660752241,5141,124,9,1071078865,193923565,1265002430,1135546,197422469,0.0
2026-06-26 20:05:00.542573,697,0,3.0,0,865468,54105,48919,5186,9.5850660752241,5141,124,9,1071078865,193923565,1265002430,1135546,197422469,0.0
2026-06-26 20:05:00.547620,698,0,3.0,0,865478,54105,48919,5186,9.5850660752241,5141,124,9,1071078865,193923565,1265002430,1135546,197422469,0.0
2026-06-26 20:05:00.552616,699,0,3.0,0,865488,54105,48919,5186,9.5850660752241,5141,124,9,1071078865,193923565,1265002430,1135546,197422469,0.0
2026-06-26 20:05:00.557641,700,0,3.0,0,865498,54105,48919,5186,9.5850660752241,5141,124,9,1071078865,193923565,1265002430,1135546,197422469,0.0
2026-06-26 20:05:00.562623,701,0,3.0,0,865508,54105,48919,5186,9.5850660752241,5141,124,9,1071078865,193923565,1265002430,1135546,197422469,0.0
2026-06-26 20:05:00.567637,702,0,3.0,0,865518,54105,48919,5186,9.5850660752241,5141,124,9,1071078865,193923565,1265002430,1135546,197422469,0.0
2026-06-26 20:05:00.572615,703,0,3.0,0,865528,54105,48919,5186,9.5850660752241,5141,124,9,1071078865,193923565,1265002430,1135546,197422469,0.0
2026-06-26 20:05:00.577633,704,0,3.0,0,865538,54105,48919,5186,9.5850660752241,5141,124,9,1071078865,193923565,1265002430,1135546,197422469,0.0
2026-06-26 20:05:00.582575,705,0,3.0,0,865548,54105,48919,5186,9.5850660752241,5141,124,9,1071078865,193923565,1265002430,1135546,197422469,0.0
2026-06-26 20:05:00.587624,706,0,3.0,0,865558,54105,48919,5186,9.5850660752241,5141,124,9,1071078865,193923565,1265002430,1135546,197422469,0.0
2026-06-26 20:05:00.592613,707,0,3.0,0,865568,54105,48919,5186,9.5850660752241,5141,124,9,1071078865,193923565,1265002430,1135546,197422469,0.0
2026-06-26 20:05:00.597623,708,0,3.0,0,865578,54105,48919,5186,9.5850660752241,5141,124,9,1071078865,193923565,1265002430,1135546,197422469,0.0
2026-06-26 20:05:00.602615,709,0,3.0,0,865588,54105,48919,5186,9.5850660752241,5141,124,9,1071078865,193923565,1265002430,1135546,197422469,0.0
2026-06-26 20:05:00.607623,710,0,3.0,0,865598,54105,48919,5186,9.5850660752241,5141,124,9,1071078865,193923565,1265002430,1135546,197422469,0.0
2026-06-26 20:05:00.612631,711,0,3.0,0,865608,54105,48919,5186,9.5850660752241,5141,124,9,1071078865,193923565,1265002430,1135546,197422469,0.0
2026-06-26 20:05:00.617627,712,0,3.0,0,865618,54105,48919,5186,9.5850660752241,5141,124,9,1071078865,193923565,1265002430,1135546,197422469,0.0
2026-06-26 20:05:00.622614,713,0,3.0,0,865628,54105,48919,5186,9.5850660752241,5141,124,9,1071078865,193923565,1265002430,1135546,197422469,0.0
2026-06-26 20:05:00.624444,714,0,3.0,0,865630,54105,48919,5186,9.5850660752241,5141,124,9,1071078865,193923565,1265002430,1135546,197422469,0.0
2026-06-26 20:05:00.666535,715,0,3.0,0,865640,54105,48919,5186,9.5850660752241,5141,124,9,1071078865,193923565,1265002430,1135546,197422469,0.0
2026-06-26 20:05:00.671447,716,0,3.0,0,865650,54105,48919,5186,9.5850660752241,5141,124,9,1071078865,193923565,1265002430,1135546,197422469,0.0
2026-06-26 20:05:00.676463,717,0,3.0,0,865658,54105,48919,5186,9.5850660752241,5141,124,9,1071078865,193923565,1265002430,1135546,197422469,0.0
2026-06-26 20:05:00.827626,718,0,3.0,0,865668,54105,48919,5186,9.5850660752241,5141,124,9,1071078865,193923565,1265002430,1135546,197422469,0.0
2026-06-26 20:05:00.832614,719,0,3.0,0,865678,54106,48920,5186,9.5848889217462,5141,124,9,1071079253,193923565,1265002818,1135588,197422469,0.6222935044105854
2026-06-26 20:05:00.837614,720,0,3.0,0,865688,54106,48920,5186,9.5848889217462,5141,124,9,1071079253,193923565,1265002818,1135588,197422469,0.0
2026-06-26 20:05:00.842621,721,0,3.0,0,865698,54106,48920,5186,9.5848889217462,5141,124,9,1071079253,193923565,1265002818,1135588,197422469,0.0
2026-06-26 20:05:00.847611,722,0,3.0,0,865708,54106,48920,5186,9.5848889217462,5141,124,9,1071079253,193923565,1265002818,1135588,197422469,0.0
2026-06-26 20:05:00.852611,723,0,3.0,0,865718,54107,48921,5186,9.584711774816569,5141,124,9,1071079281,193923565,1265002846,1135611,197422469,0.0448
2026-06-26 20:05:00.857610,724,0,3.0,0,865728,54107,48921,5186,9.584711774816569,5141,124,9,1071079281,193923565,1265002846,1135611,197422469,0.0
2026-06-26 20:05:00.862609,725,0,3.0,0,865738,54107,48921,5186,9.584711774816569,5141,124,9,1071079281,193923565,1265002846,1135611,197422469,0.0
2026-06-26 20:05:00.867610,726,0,3.0,0,865748,54107,48921,5186,9.584711774816569,5141,124,9,1071079281,193923565,1265002846,1135611,197422469,0.0
2026-06-26 20:05:00.872612,727,0,3.0,0,865758,54107,48921,5186,9.584711774816569,5141,124,9,1071079281,193923565,1265002846,1135611,197422469,0.0
2026-06-26 20:05:00.877613,728,0,3.0,0,865768,54107,48921,5186,9.584711774816569,5141,124,9,1071079281,193923565,1265002846,1135611,197422469,0.0
2026-06-26 20:05:00.882617,729,0,3.0,0,865778,54107,48921,5186,9.584711774816569,5141,124,9,1071079281,193923565,1265002846,1135611,197422469,0.0
2026-06-26 20:05:00.887611,730,0,3.0,0,865788,54107,48921,5186,9.584711774816569,5141,124,9,1071079281,193923565,1265002846,1135611,197422469,0.0
2026-06-26 20:05:00.892615,731,0,3.0,0,865798,54107,48921,5186,9.584711774816569,5141,124,9,1071079281,193923565,1265002846,1135611,197422469,0.0
2026-06-26 20:05:00.897633,732,0,3.0,0,865808,54107,48921,5186,9.584711774816569,5141,124,9,1071079281,193923565,1265002846,1135611,197422469,0.0
2026-06-26 20:05:00.902625,733,0,3.0,0,865818,54107,48921,5186,9.584711774816569,5141,124,9,1071079281,193923565,1265002846,1135611,197422469,0.0
2026-06-26 20:05:00.907611,734,0,3.0,0,865828,54107,48921,5186,9.584711774816569,5141,124,9,1071079281,193923565,1265002846,1135611,197422469,0.0
2026-06-26 20:05:00.912614,735,0,3.0,0,865838,54107,48921,5186,9.584711774816569,5141,124,9,1071079281,193923565,1265002846,1135611,197422469,0.0
2026-06-26 20:05:00.917613,736,0,3.0,0,865848,54107,48921,5186,9.584711774816569,5141,124,9,1071079281,193923565,1265002846,1135611,197422469,0.0
2026-06-26 20:05:00.922614,737,0,3.0,0,865858,54107,48921,5186,9.584711774816569,5141,124,9,1071079281,193923565,1265002846,1135611,197422469,0.0
2026-06-26 20:05:00.927612,738,0,3.0,0,865868,54107,48921,5186,9.584711774816569,5141,124,9,1071079281,193923565,1265002846,1135611,197422469,0.0
2026-06-26 20:05:00.932617,739,0,3.0,0,865878,54107,48921,5186,9.584711774816569,5141,124,9,1071079281,193923565,1265002846,1135611,197422469,0.0
2026-06-26 20:05:00.937613,740,0,3.0,0,865888,54107,48921,5186,9.584711774816569,5141,124,9,1071079281,193923565,1265002846,1135611,197422469,0.0
2026-06-26 20:05:00.939445,741,0,3.0,0,865890,54107,48921,5186,9.584711774816569,5141,124,9,1071079281,193923565,1265002846,1135611,197422469,0.0
2026-06-26 20:05:00.943254,742,0,3.0,0,865900,54107,48921,5186,9.584711774816569,5141,124,9,1071079281,193923565,1265002846,1135611,197422469,0.0
2026-06-26 20:05:00.990501,743,0,3.0,0,865910,54107,48921,5186,9.584711774816569,5141,124,9,1071079281,193923565,1265002846,1135611,197422469,0.0
2026-06-26 20:05:00.995547,744,0,3.0,0,865920,54107,48921,5186,9.584711774816569,5141,124,9,1071079281,193923565,1265002846,1135611,197422469,0.0
2026-06-26 20:05:00.996464,745,0,3.0,0,865920,54107,48921,5186,9.584711774816569,5141,124,9,1071079281,193923565,1265002846,1135611,197422469,0.0
2026-06-26 20:05:01.147625,746,0,3.0,0,865930,54107,48921,5186,9.584711774816569,5141,124,9,1071079281,193923565,1265002846,1135611,197422469,0.0
2026-06-26 20:05:01.152635,747,0,3.0,0,865940,54108,48922,5186,9.584534634434833,5141,124,9,1071079387,193923565,1265002952,1135637,197422469,0.1692614770459082
2026-06-26 20:05:01.157609,748,0,3.0,0,865950,54108,48922,5186,9.584534634434833,5141,124,9,1071079387,193923565,1265002952,1135637,197422469,0.0
2026-06-26 20:05:01.162615,749,0,3.0,0,865960,54108,48922,5186,9.584534634434833,5141,124,9,1071079387,193923565,1265002952,1135637,197422469,0.0
2026-06-26 20:05:01.167607,750,0,3.0,0,865970,54108,48922,5186,9.584534634434833,5141,124,9,1071079387,193923565,1265002952,1135637,197422469,0.0
2026-06-26 20:05:01.172610,751,0,3.0,0,865980,54108,48922,5186,9.584534634434833,5141,124,9,1071079387,193923565,1265002952,1135637,197422469,0.0
2026-06-26 20:05:01.177609,752,0,3.0,0,865990,54108,48922,5186,9.584534634434833,5141,124,9,1071079387,193923565,1265002952,1135637,197422469,0.0
2026-06-26 20:05:01.182610,753,0,3.0,0,866000,54108,48922,5186,9.584534634434833,5141,124,9,1071079387,193923565,1265002952,1135637,197422469,0.0
2026-06-26 20:05:01.187609,754,0,3.0,0,866010,54108,48922,5186,9.584534634434833,5141,124,9,1071079387,193923565,1265002952,1135637,197422469,0.0
2026-06-26 20:05:01.192613,755,0,3.0,0,866020,54108,48922,5186,9.584534634434833,5141,124,9,1071079387,193923565,1265002952,1135637,197422469,0.0
2026-06-26 20:05:01.197613,756,0,3.0,0,866030,54108,48922,5186,9.584534634434833,5141,124,9,1071079387,193923565,1265002952,1135637,197422469,0.0
2026-06-26 20:05:01.202617,757,0,3.0,0,866040,54108,48922,5186,9.584534634434833,5141,124,9,1071079387,193923565,1265002952,1135637,197422469,0.0
2026-06-26 20:05:01.207613,758,0,3.0,0,866050,54108,48922,5186,9.584534634434833,5141,124,9,1071079387,193923565,1265002952,1135637,197422469,0.0
2026-06-26 20:05:01.212613,759,0,3.0,0,866060,54108,48922,5186,9.584534634434833,5141,124,9,1071079387,193923565,1265002952,1135637,197422469,0.0
2026-06-26 20:05:01.217637,760,0,3.0,0,866070,54108,48922,5186,9.584534634434833,5141,124,9,1071079387,193923565,1265002952,1135637,197422469,0.0
2026-06-26 20:05:01.222618,761,0,3.0,0,866080,54108,48922,5186,9.584534634434833,5141,124,9,1071079387,193923565,1265002952,1135637,197422469,0.0
2026-06-26 20:05:01.227609,762,0,3.0,0,866090,54108,48922,5186,9.584534634434833,5141,124,9,1071079387,193923565,1265002952,1135637,197422469,0.0
2026-06-26 20:05:01.232615,763,0,3.0,0,866100,54108,48922,5186,9.584534634434833,5141,124,9,1071079387,193923565,1265002952,1135637,197422469,0.0
2026-06-26 20:05:01.237616,764,0,3.0,0,866110,54108,48922,5186,9.584534634434833,5141,124,9,1071079387,193923565,1265002952,1135637,197422469,0.0
2026-06-26 20:05:01.242612,765,0,3.0,0,866120,54108,48922,5186,9.584534634434833,5141,124,9,1071079387,193923565,1265002952,1135637,197422469,0.0
2026-06-26 20:05:01.247610,766,0,3.0,0,866130,54108,48922,5186,9.584534634434833,5141,124,9,1071079387,193923565,1265002952,1135637,197422469,0.0
2026-06-26 20:05:01.252612,767,0,3.0,0,866140,54108,48922,5186,9.584534634434833,5141,124,9,1071079387,193923565,1265002952,1135637,197422469,0.0
2026-06-26 20:05:01.255513,768,0,3.0,0,866144,54108,48922,5186,9.584534634434833,5141,124,9,1071079387,193923565,1265002952,1135637,197422469,0.0
2026-06-26 20:05:01.259423,769,0,3.0,0,866154,54108,48922,5186,9.584534634434833,5141,124,9,1071079387,193923565,1265002952,1135637,197422469,0.0
2026-06-26 20:05:01.306525,770,0,3.0,0,866164,54108,48922,5186,9.584534634434833,5141,124,9,1071079387,193923565,1265002952,1135637,197422469,0.0
2026-06-26 20:05:01.311447,771,0,3.0,0,866174,54108,48922,5186,9.584534634434833,5141,124,9,1071079387,193923565,1265002952,1135637,197422469,0.0
2026-06-26 20:05:01.316469,772,0,3.0,0,866182,54108,48922,5186,9.584534634434833,5141,124,9,1071079387,193923565,1265002952,1135637,197422469,0.0
2026-06-26 20:05:01.417664,773,0,3.0,0,866192,54108,48922,5186,9.584534634434833,5141,124,9,1071079387,193923565,1265002952,1135637,197422469,0.0
2026-06-26 20:05:01.422619,774,0,3.0,0,866202,54108,48922,5186,9.584534634434833,5141,124,9,1071079387,193923565,1265002952,1135637,197422469,0.0
2026-06-26 20:05:01.427646,775,0,3.0,0,866212,54108,48922,5186,9.584534634434833,5141,124,9,1071079387,193923565,1265002952,1135637,197422469,0.0
2026-06-26 20:05:01.432621,776,0,3.0,0,866222,54108,48922,5186,9.584534634434833,5141,124,9,1071079387,193923565,1265002952,1135637,197422469,0.0
2026-06-26 20:05:01.437654,777,0,3.0,0,866232,54108,48922,5186,9.584534634434833,5141,124,9,1071079387,193923565,1265002952,1135637,197422469,0.0
2026-06-26 20:05:01.442621,778,0,3.0,0,866242,54109,48923,5186,9.584357500600639,5141,124,9,1071079415,193923565,1265002980,1135654,197422469,0.04509764445339239
2026-06-26 20:05:01.447643,779,0,3.0,0,866252,54109,48923,5186,9.584357500600639,5141,124,9,1071079415,193923565,1265002980,1135654,197422469,0.0
2026-06-26 20:05:01.452619,780,0,3.0,0,866262,54110,48924,5186,9.58418037331362,5141,124,9,1071079516,193923565,1265003081,1135674,197422469,0.16237942122186494
2026-06-26 20:05:01.457652,781,0,3.0,0,866272,54110,48924,5186,9.58418037331362,5141,124,9,1071079516,193923565,1265003081,1135674,197422469,0.0
2026-06-26 20:05:01.462629,782,0,3.0,0,866282,54110,48924,5186,9.58418037331362,5141,124,9,1071079516,193923565,1265003081,1135674,197422469,0.0
2026-06-26 20:05:01.467637,783,0,3.0,0,866292,54110,48924,5186,9.58418037331362,5141,124,9,1071079516,193923565,1265003081,1135674,197422469,0.0
2026-06-26 20:05:01.472617,784,0,3.0,0,866302,54110,48924,5186,9.58418037331362,5141,124,9,1071079516,193923565,1265003081,1135674,197422469,0.0
2026-06-26 20:05:01.477621,785,0,3.0,0,866312,54110,48924,5186,9.58418037331362,5141,124,9,1071079516,193923565,1265003081,1135674,197422469,0.0
2026-06-26 20:05:01.482613,786,0,3.0,0,866322,54110,48924,5186,9.58418037331362,5141,124,9,1071079516,193923565,1265003081,1135674,197422469,0.0
2026-06-26 20:05:01.487621,787,0,3.0,0,866332,54110,48924,5186,9.58418037331362,5141,124,9,1071079516,193923565,1265003081,1135674,197422469,0.0
2026-06-26 20:05:01.492611,788,0,3.0,0,866342,54110,48924,5186,9.58418037331362,5141,124,9,1071079516,193923565,1265003081,1135674,197422469,0.0
2026-06-26 20:05:01.497622,789,0,3.0,0,866352,54110,48924,5186,9.58418037331362,5141,124,9,1071079516,193923565,1265003081,1135674,197422469,0.0
2026-06-26 20:05:01.502611,790,0,3.0,0,866362,54110,48924,5186,9.58418037331362,5141,124,9,1071079516,193923565,1265003081,1135674,197422469,0.0
2026-06-26 20:05:01.507624,791,0,3.0,0,866372,54110,48924,5186,9.58418037331362,5141,124,9,1071079516,193923565,1265003081,1135674,197422469,0.0
2026-06-26 20:05:01.512612,792,0,3.0,0,866382,54110,48924,5186,9.58418037331362,5141,124,9,1071079516,193923565,1265003081,1135674,197422469,0.0
2026-06-26 20:05:01.517622,793,0,3.0,0,866392,54110,48924,5186,9.58418037331362,5141,124,9,1071079516,193923565,1265003081,1135674,197422469,0.0
2026-06-26 20:05:01.522620,794,0,3.0,0,866402,54110,48924,5186,9.58418037331362,5141,124,9,1071079516,193923565,1265003081,1135674,197422469,0.0
2026-06-26 20:05:01.527620,795,0,3.0,0,866412,54110,48924,5186,9.58418037331362,5141,124,9,1071079516,193923565,1265003081,1135674,197422469,0.0
2026-06-26 20:05:01.532612,796,0,3.0,0,866422,54110,48924,5186,9.58418037331362,5141,124,9,1071079516,193923565,1265003081,1135674,197422469,0.0
2026-06-26 20:05:01.537621,797,0,3.0,0,866432,54110,48924,5186,9.58418037331362,5141,124,9,1071079516,193923565,1265003081,1135674,197422469,0.0
2026-06-26 20:05:01.542610,798,0,3.0,0,866442,54110,48924,5186,9.58418037331362,5141,124,9,1071079516,193923565,1265003081,1135674,197422469,0.0
2026-06-26 20:05:01.547619,799,0,3.0,0,866452,54110,48924,5186,9.58418037331362,5141,124,9,1071079516,193923565,1265003081,1135674,197422469,0.0
2026-06-26 20:05:01.552613,800,0,3.0,0,866462,54110,48924,5186,9.58418037331362,5141,124,9,1071079516,193923565,1265003081,1135674,197422469,0.0
2026-06-26 20:05:01.555513,801,0,3.0,0,866466,54110,48924,5186,9.58418037331362,5141,124,9,1071079516,193923565,1265003081,1135674,197422469,0.0
2026-06-26 20:05:01.559422,802,0,3.0,0,866476,54110,48924,5186,9.58418037331362,5141,124,9,1071079516,193923565,1265003081,1135674,197422469,0.0
2026-06-26 20:05:01.564321,803,0,3.0,0,866486,54110,48924,5186,9.58418037331362,5141,124,9,1071079516,193923565,1265003081,1135674,197422469,0.0
2026-06-26 20:05:01.630502,804,0,3.0,0,866496,54110,48924,5186,9.58418037331362,5141,124,9,1071079516,193923565,1265003081,1135674,197422469,0.0
2026-06-26 20:05:01.635538,805,0,3.0,0,866506,54110,48924,5186,9.58418037331362,5141,124,9,1071079516,193923565,1265003081,1135674,197422469,0.0
2026-06-26 20:05:01.636463,806,0,3.0,0,866506,54110,48924,5186,9.58418037331362,5141,124,9,1071079516,193923565,1265003081,1135674,197422469,0.0
2026-06-26 20:05:01.787618,807,0,3.0,0,866516,54110,48924,5186,9.58418037331362,5141,124,9,1071079516,193923565,1265003081,1135674,197422469,0.0
2026-06-26 20:05:01.792608,808,0,3.0,0,866526,54110,48924,5186,9.58418037331362,5141,124,9,1071079516,193923565,1265003081,1135674,197422469,0.0
2026-06-26 20:05:01.796463,809,0,3.0,0,866532,54110,48924,5186,9.58418037331362,5141,124,9,1071079516,193923565,1265003081,1135674,197422469,0.0
2026-06-26 20:05:01.947621,810,0,3.0,0,866542,54110,48924,5186,9.58418037331362,5141,124,9,1071079516,193923565,1265003081,1135674,197422469,0.0
2026-06-26 20:05:01.952607,811,0,3.0,0,866552,54110,48924,5186,9.58418037331362,5141,124,9,1071079516,193923565,1265003081,1135674,197422469,0.0
2026-06-26 20:05:01.956464,812,0,3.0,0,866558,54110,48924,5186,9.58418037331362,5141,124,9,1071079516,193923565,1265003081,1135674,197422469,0.0
2026-06-26 20:05:01.960500,813,0,3.0,0,866568,54110,48924,5186,9.58418037331362,5141,124,9,1071079516,193923565,1265003081,1135674,197422469,0.0
2026-06-26 20:05:01.965379,814,0,3.0,0,866578,54110,48924,5186,9.58418037331362,5141,124,9,1071079516,193923565,1265003081,1135674,197422469,0.0
2026-06-26 20:05:02.034420,815,0,3.0,0,866588,54110,48924,5186,9.58418037331362,5141,124,9,1071079516,193923565,1265003081,1135674,197422469,0.0
2026-06-26 20:05:02.039443,816,0,3.0,0,866598,54110,48924,5186,9.58418037331362,5141,124,9,1071079516,193923565,1265003081,1135674,197422469,0.0
2026-06-26 20:05:02.044419,817,0,3.0,0,866608,54110,48924,5186,9.58418037331362,5141,124,9,1071079516,193923565,1265003081,1135674,197422469,0.0
2026-06-26 20:05:02.049441,818,0,3.0,0,866618,54110,48924,5186,9.58418037331362,5141,124,9,1071079516,193923565,1265003081,1135674,197422469,0.0
2026-06-26 20:05:02.054427,819,0,3.0,0,866628,54110,48924,5186,9.58418037331362,5141,124,9,1071079516,193923565,1265003081,1135674,197422469,0.0
2026-06-26 20:05:02.059456,820,0,3.0,0,866638,54112,48926,5186,9.583826138379656,5141,124,9,1071079655,193923565,1265003220,1135720,197422469,0.22111751839331875
2026-06-26 20:05:02.064419,821,0,3.0,0,866648,54112,48926,5186,9.583826138379656,5141,124,9,1071079655,193923565,1265003220,1135720,197422469,0.0
2026-06-26 20:05:02.069445,822,0,3.0,0,866658,54112,48926,5186,9.583826138379656,5141,124,9,1071079655,193923565,1265003220,1135720,197422469,0.0
2026-06-26 20:05:02.074426,823,0,3.0,0,866668,54112,48926,5186,9.583826138379656,5141,124,9,1071079655,193923565,1265003220,1135720,197422469,0.0
2026-06-26 20:05:02.079446,824,0,3.0,0,866678,54114,48928,5186,9.58347192963004,5141,124,9,1071079794,193923565,1265003359,1135766,197422469,0.22151394422310758
2026-06-26 20:05:02.084424,825,0,3.0,0,866688,54114,48928,5186,9.58347192963004,5141,124,9,1071079794,193923565,1265003359,1135766,197422469,0.0
2026-06-26 20:05:02.089445,826,0,3.0,0,866698,54115,48929,5186,9.583294835073456,5141,124,9,1071079822,193923565,1265003387,1135789,197422469,0.04461262696673969
2026-06-26 20:05:02.094424,827,0,3.0,0,866708,54115,48929,5186,9.583294835073456,5141,124,9,1071079822,193923565,1265003387,1135789,197422469,0.0
2026-06-26 20:05:02.099446,828,0,3.0,0,866718,54115,48929,5186,9.583294835073456,5141,124,9,1071079822,193923565,1265003387,1135789,197422469,0.0
2026-06-26 20:05:02.104421,829,0,3.0,0,866728,54115,48929,5186,9.583294835073456,5141,124,9,1071079822,193923565,1265003387,1135789,197422469,0.0
2026-06-26 20:05:02.109443,830,0,3.0,0,866738,54116,48930,5186,9.583117747061868,5141,124,9,1071079923,193923565,1265003488,1135805,197422469,0.1608920748705695
2026-06-26 20:05:02.114424,831,0,3.0,0,866748,54116,48930,5186,9.583117747061868,5141,124,9,1071079923,193923565,1265003488,1135805,197422469,0.0
2026-06-26 20:05:02.119444,832,0,3.0,0,866758,54117,48931,5186,9.582940665594915,5141,124,9,1071080116,193923565,1265003681,1135844,197422469,0.3075697211155379
2026-06-26 20:05:02.124424,833,0,3.0,0,866768,54117,48931,5186,9.582940665594915,5141,124,9,1071080116,193923565,1265003681,1135844,197422469,0.0
2026-06-26 20:05:02.129448,834,0,3.0,0,866778,54117,48931,5186,9.582940665594915,5141,124,9,1071080116,193923565,1265003681,1135844,197422469,0.0
2026-06-26 20:05:02.134424,835,0,3.0,0,866788,54117,48931,5186,9.582940665594915,5141,124,9,1071080116,193923565,1265003681,1135844,197422469,0.0
2026-06-26 20:05:02.139451,836,0,3.0,0,866798,54119,48933,5186,9.582586522293465,5141,124,9,1071080321,193923565,1265003886,1135904,197422469,0.32623831310921025
2026-06-26 20:05:02.144427,837,0,3.0,0,866808,54119,48933,5186,9.582586522293465,5141,124,9,1071080321,193923565,1265003886,1135904,197422469,0.0
2026-06-26 20:05:02.149441,838,0,3.0,0,866818,54120,48934,5186,9.58240946045824,5141,124,9,1071080349,193923565,1265003914,1135927,197422469,0.04467491025129637
2026-06-26 20:05:02.154423,839,0,3.0,0,866828,54120,48934,5186,9.58240946045824,5141,124,9,1071080349,193923565,1265003914,1135927,197422469,0.0
2026-06-26 20:05:02.159446,840,0,3.0,0,866838,54121,48935,5186,9.582232405166202,5141,124,9,1071080478,193923565,1265004043,1135935,197422469,0.20545490742584113
2026-06-26 20:05:02.164421,841,0,3.0,0,866848,54121,48935,5186,9.582232405166202,5141,124,9,1071080478,193923565,1265004043,1135935,197422469,0.0
2026-06-26 20:05:02.169441,842,0,3.0,0,866858,54123,48936,5187,9.583725957541155,5141,124,9,1071080506,193923706,1265004212,1135958,197422469,0.04462151394422311
2026-06-26 20:05:02.174426,843,0,3.0,0,866868,54123,48936,5187,9.583725957541155,5141,124,9,1071080506,193923706,1265004212,1135958,197422469,0.0
2026-06-26 20:05:02.179440,844,0,3.0,0,866878,54125,48937,5188,9.585219399538106,5143,124,9,1071080647,193923847,1265004494,1135968,197422751,0.2249700837654567
2026-06-26 20:05:02.184419,845,0,3.0,0,866888,54125,48937,5188,9.585219399538106,5143,124,9,1071080647,193923847,1265004494,1135968,197422751,0.0
2026-06-26 20:05:02.189439,846,0,3.0,0,866898,54125,48937,5188,9.585219399538106,5143,124,9,1071080647,193923847,1265004494,1135968,197422751,0.0
2026-06-26 20:05:02.194425,847,0,3.0,0,866908,54125,48937,5188,9.585219399538106,5143,124,9,1071080647,193923847,1265004494,1135968,197422751,0.0
2026-06-26 20:05:02.199440,848,0,3.0,0,866918,54126,48938,5188,9.585042308687138,5143,124,9,1071080675,193923847,1265004522,1135991,197422751,0.04466600199401795
2026-06-26 20:05:02.204421,849,0,3.0,0,866928,54126,48938,5188,9.585042308687138,5143,124,9,1071080675,193923847,1265004522,1135991,197422751,0.0
2026-06-26 20:05:02.209445,850,0,3.0,0,866938,54127,48939,5188,9.5848652243797,5143,124,9,1071080816,193923847,1265004663,1136007,197422751,0.22452229299363058
2026-06-26 20:05:02.214427,851,0,3.0,0,866948,54127,48939,5188,9.5848652243797,5143,124,9,1071080816,193923847,1265004663,1136007,197422751,0.0
2026-06-26 20:05:02.219438,852,0,3.0,0,866958,54129,48941,5188,9.584511075393966,5143,124,9,1071080989,193923847,1265004836,1136041,197422751,0.2761923767711036
2026-06-26 20:05:02.224420,853,0,3.0,0,866968,54129,48941,5188,9.584511075393966,5143,124,9,1071080989,193923847,1265004836,1136041,197422751,0.0
2026-06-26 20:05:02.229446,854,0,3.0,0,866978,54129,48941,5188,9.584511075393966,5143,124,9,1071080989,193923847,1265004836,1136041,197422751,0.0
2026-06-26 20:05:02.234430,855,0,3.0,0,866988,54129,48941,5188,9.584511075393966,5143,124,9,1071080989,193923847,1265004836,1136041,197422751,0.0
2026-06-26 20:05:02.239437,856,0,3.0,0,866998,54131,48943,5188,9.584156952578004,5143,124,9,1071081146,193923847,1265004993,1136076,197422751,0.25084881166367085
2026-06-26 20:05:02.244420,857,0,3.0,0,867008,54131,48943,5188,9.584156952578004,5143,124,9,1071081146,193923847,1265004993,1136076,197422751,0.0
2026-06-26 20:05:02.249442,858,0,3.0,0,867018,54132,48944,5188,9.583979900982783,5143,124,9,1071081257,193923847,1265005104,1136091,197422751,0.1768219832735962
2026-06-26 20:05:02.254429,859,0,3.0,0,867028,54132,48944,5188,9.583979900982783,5143,124,9,1071081257,193923847,1265005104,1136091,197422751,0.0
2026-06-26 20:05:02.259440,860,0,3.0,0,867038,54137,48947,5190,9.586789072168758,5144,124,9,1071081497,193924249,1265005746,1136143,197422852,0.3831570544801437
2026-06-26 20:05:02.264426,861,0,3.0,0,867048,54137,48947,5190,9.586789072168758,5144,124,9,1071081497,193924249,1265005746,1136143,197422852,0.0
2026-06-26 20:05:02.269451,862,0,3.0,0,867058,54139,48948,5191,9.588282014813721,5146,124,9,1071081798,193924550,1265006348,1136181,197423454,0.4792039800995025
2026-06-26 20:05:02.274426,863,0,3.0,0,867068,54139,48948,5191,9.588282014813721,5146,124,9,1071081798,193924550,1265006348,1136181,197423454,0.0
2026-06-26 20:05:02.279443,864,0,3.0,0,867078,54141,48950,5191,9.587927818104578,5146,124,9,1071082087,193924550,1265006637,1136225,197423454,0.4608331672314132
2026-06-26 20:05:02.284424,865,0,3.0,0,867088,54141,48950,5191,9.587927818104578,5146,124,9,1071082087,193924550,1265006637,1136225,197423454,0.0
2026-06-26 20:05:02.289436,866,0,3.0,0,867098,54143,48952,5191,9.587573647562936,5146,124,9,1071082214,193924550,1265006764,1136261,197423454,0.20271348762968874
2026-06-26 20:05:02.294429,867,0,3.0,0,867108,54143,48952,5191,9.587573647562936,5146,124,9,1071082214,193924550,1265006764,1136261,197423454,0.0
2026-06-26 20:05:02.299455,868,0,3.0,0,867118,54146,48955,5191,9.587042440808185,5146,124,9,1071082668,193924550,1265007218,1136339,197423454,0.7226422602467171
2026-06-26 20:05:02.304416,869,0,3.0,0,867128,54146,48955,5191,9.587042440808185,5146,124,9,1071082668,193924550,1265007218,1136339,197423454,0.0
2026-06-26 20:05:02.309446,870,0,3.0,0,867138,54150,48959,5191,9.586334256694368,5146,124,9,1071083024,193924550,1265007574,1136405,197423454,0.5662027833001988
2026-06-26 20:05:02.314422,871,0,3.0,0,867148,54150,48959,5191,9.586334256694368,5146,124,9,1071083024,193924550,1265007574,1136405,197423454,0.0
2026-06-26 20:05:02.319442,872,0,3.0,0,867158,54151,48960,5191,9.586157227013352,5146,124,9,1071093011,193924550,1265017561,1136571,197423454,15.915537848605577
2026-06-26 20:05:02.324420,873,0,3.0,0,867168,54151,48960,5191,9.586157227013352,5146,124,9,1071093011,193924550,1265017561,1136571,197423454,0.0
2026-06-26 20:05:02.329437,874,0,3.0,0,867178,54153,48962,5191,9.585803187265709,5146,124,9,1071097519,193924550,1265022069,1136968,197423454,7.1883595774367155
2026-06-26 20:05:02.334430,875,0,3.0,0,867188,54153,48962,5191,9.585803187265709,5146,124,9,1071097519,193924550,1265022069,1136968,197423454,0.0
2026-06-26 20:05:02.339446,876,0,3.0,0,867198,54156,48965,5191,9.585272176674792,5146,124,9,1071109903,193924550,1265034453,1138111,197423454,19.751196172248804
2026-06-26 20:05:02.344426,877,0,3.0,0,867208,54156,48965,5191,9.585272176674792,5146,124,9,1071109903,193924550,1265034453,1138111,197423454,0.0
2026-06-26 20:05:02.349441,878,0,3.0,0,867218,54160,48968,5192,9.586410635155096,5147,124,9,1071142858,193924727,1265067585,1140793,197423631,52.57028913260219
2026-06-26 20:05:02.354428,879,0,3.0,0,867228,54160,48968,5192,9.586410635155096,5147,124,9,1071142858,193924727,1265067585,1140793,197423631,0.0
2026-06-26 20:05:02.359442,880,0,3.0,0,867238,54164,48971,5193,9.587548925485562,5147,124,9,1071162602,193934464,1265097066,1141710,197423631,31.502193857199842
2026-06-26 20:05:02.364425,881,0,3.0,0,867248,54164,48971,5193,9.587548925485562,5147,124,9,1071162602,193934464,1265097066,1141710,197423631,0.0
2026-06-26 20:05:02.369439,882,0,3.0,0,867258,54170,48976,5194,9.58833302565996,5148,124,9,1071231199,193968286,1265199485,1142800,197433368,109.44874351814919
2026-06-26 20:05:02.374469,883,0,3.0,0,867268,54170,48976,5194,9.58833302565996,5148,124,9,1071231199,193968286,1265199485,1142800,197433368,0.0
2026-06-26 20:05:02.379477,884,0,3.0,0,867278,54177,48982,5195,9.58893995606992,5150,124,9,1071305490,194002108,1265307598,1144830,197501012,118.67571884984025
2026-06-26 20:05:02.384431,885,0,3.0,0,867288,54177,48982,5195,9.58893995606992,5150,124,9,1071305490,194002108,1265307598,1144830,197501012,0.0
2026-06-26 20:05:02.389448,886,0,3.0,0,867298,54178,48983,5195,9.588762966517775,5150,124,9,1071305631,194002108,1265307739,1144851,197501012,0.2248355590990632
2026-06-26 20:05:02.394443,887,0,3.0,0,867308,54178,48983,5195,9.588762966517775,5150,124,9,1071305631,194002108,1265307739,1144851,197501012,0.0
2026-06-26 20:05:02.399457,888,0,3.0,0,867318,54179,48984,5195,9.588585983499142,5150,124,9,1071316639,194002108,1265318747,1144851,197501012,17.563621858795372
2026-06-26 20:05:02.404439,889,0,3.0,0,867328,54179,48984,5195,9.588585983499142,5150,124,9,1071316639,194002108,1265318747,1144851,197501012,0.0
2026-06-26 20:05:02.409451,890,0,3.0,0,867338,54189,48994,5195,9.586816512576354,5150,124,9,1071472934,194002108,1265475042,1145071,197501012,249.4732641660016
2026-06-26 20:05:02.414438,891,0,3.0,0,867348,54189,48994,5195,9.586816512576354,5150,124,9,1071472934,194002108,1265475042,1145071,197501012,0.0
2026-06-26 20:05:02.419457,892,0,3.0,0,867358,54195,49000,5195,9.58575514346342,5150,124,9,1071568946,194002108,1265571054,1145217,197501012,153.03765690376568
2026-06-26 20:05:02.424439,893,0,3.0,0,867368,54195,49000,5195,9.58575514346342,5150,124,9,1071568946,194002108,1265571054,1145217,197501012,0.0
2026-06-26 20:05:02.429463,894,0,3.0,0,867378,54205,49010,5195,9.583986717092518,5150,124,9,1071738393,194002108,1265740501,1146390,197501012,269.8200636942675
2026-06-26 20:05:02.434457,895,0,3.0,0,867388,54205,49010,5195,9.583986717092518,5150,124,9,1071738393,194002108,1265740501,1146390,197501012,0.0
2026-06-26 20:05:02.439465,896,0,3.0,0,867398,54215,49020,5195,9.58221894309693,5150,124,9,1071834270,194002108,1265836378,1146390,197501012,153.15814696485623
2026-06-26 20:05:02.444440,897,0,3.0,0,867408,54215,49020,5195,9.58221894309693,5150,124,9,1071834270,194002108,1265836378,1146390,197501012,0.0
2026-06-26 20:05:02.449460,898,0,3.0,0,867418,54220,49025,5195,9.581335300627075,5150,124,9,1071847918,194002108,1265850026,1146390,197501012,21.74980079681275
2026-06-26 20:05:02.454447,899,0,3.0,0,867428,54220,49025,5195,9.581335300627075,5150,124,9,1071847918,194002108,1265850026,1146390,197501012,0.0
2026-06-26 20:05:02.459462,900,0,3.0,0,867438,54232,49037,5195,9.57921522348429,5150,124,9,1072058081,194002108,1266060189,1146390,197501012,335.25503489531405
2026-06-26 20:05:02.464442,901,0,3.0,0,867448,54232,49037,5195,9.57921522348429,5150,124,9,1072058081,194002108,1266060189,1146390,197501012,0.0
2026-06-26 20:05:02.469461,902,0,3.0,0,867458,54242,49047,5195,9.57744920909996,5150,124,9,1072308049,194002108,1266310157,1146390,197501012,398.4347479577605
2026-06-26 20:05:02.474450,903,0,3.0,0,867468,54242,49047,5195,9.57744920909996,5150,124,9,1072308049,194002108,1266310157,1146390,197501012,0.0
2026-06-26 20:05:02.479463,904,0,3.0,0,867478,54253,49056,5197,9.579193777302637,5150,124,9,1072578003,194069752,1266647755,1148058,197501012,430.8063036106124
2026-06-26 20:05:02.484443,905,0,3.0,0,867488,54253,49056,5197,9.579193777302637,5150,124,9,1072578003,194069752,1266647755,1148058,197501012,0.0
2026-06-26 20:05:02.489468,906,0,3.0,0,867498,54265,49067,5198,9.578918271445684,5153,124,9,1072900860,194104599,1267005459,1148058,197603503,514.0011940298507
2026-06-26 20:05:02.494448,907,0,3.0,0,867508,54265,49067,5198,9.578918271445684,5153,124,9,1072900860,194104599,1267005459,1148058,197603503,0.0
2026-06-26 20:05:02.499460,908,0,3.0,0,867518,54279,49081,5198,9.576447613257429,5153,124,9,1073375312,194104599,1267479911,1148058,197603503,757.3056664006384
2026-06-26 20:05:02.504441,909,0,3.0,0,867528,54279,49081,5198,9.576447613257429,5153,124,9,1073375312,194104599,1267479911,1148058,197603503,0.0
2026-06-26 20:05:02.509460,910,0,3.0,0,867538,54288,49089,5199,9.576702033598586,5153,124,9,1073604311,194142504,1267746815,1148058,197603503,365.0113568439928
2026-06-26 20:05:02.514445,911,0,3.0,0,867548,54288,49089,5199,9.576702033598586,5153,124,9,1073604311,194142504,1267746815,1148058,197603503,0.0
2026-06-26 20:05:02.519467,912,0,3.0,0,867558,54296,49097,5199,9.575290997495213,5154,124,9,1073692861,194142504,1267835365,1148058,197641408,141.05933890880127
2026-06-26 20:05:02.524445,913,0,3.0,0,867568,54296,49097,5199,9.575290997495213,5154,124,9,1073692861,194142504,1267835365,1148058,197641408,0.0
2026-06-26 20:05:02.529465,914,0,3.0,0,867578,54311,49111,5200,9.57448767284712,5154,124,9,1074180019,194205021,1268385040,1148058,197641408,776.3474103585658
2026-06-26 20:05:02.534447,915,0,3.0,0,867588,54311,49111,5200,9.57448767284712,5154,124,9,1074180019,194205021,1268385040,1148058,197641408,0.0
2026-06-26 20:05:02.539469,916,0,3.0,0,867598,54326,49126,5200,9.571844052571512,5155,124,9,1074776153,194205021,1268981174,1148058,197703925,949.6360015929909
2026-06-26 20:05:02.544441,917,0,3.0,0,867608,54326,49126,5200,9.571844052571512,5155,124,9,1074776153,194205021,1268981174,1148058,197703925,0.0
2026-06-26 20:05:02.549464,918,0,3.0,0,867618,54341,49140,5201,9.571042122890635,5155,124,9,1075352700,194247018,1269599718,1148058,197703925,918.2512442763289
2026-06-26 20:05:02.554447,919,0,3.0,0,867628,54341,49140,5201,9.571042122890635,5155,124,9,1075352700,194247018,1269599718,1148058,197703925,0.0
2026-06-26 20:05:02.559465,920,0,3.0,0,867638,54355,49147,5208,9.581455247907277,5157,124,9,1075583104,194576945,1270160049,1148058,197788969,367.3240334794739
2026-06-26 20:05:02.564444,921,0,3.0,0,867648,54355,49147,5208,9.581455247907277,5157,124,9,1075583104,194576945,1270160049,1148058,197788969,0.0
2026-06-26 20:05:02.569468,922,0,3.0,0,867658,54369,49159,5210,9.58266659309533,5164,124,9,1076093098,194644292,1270737390,1148058,198130134,812.0923566878981
2026-06-26 20:05:02.574453,923,0,3.0,0,867668,54369,49159,5210,9.58266659309533,5164,124,9,1076093098,194644292,1270737390,1148058,198130134,0.0
2026-06-26 20:05:02.579469,924,0,3.0,0,867678,54380,49170,5210,9.58072820890033,5165,124,9,1076444789,194644292,1271089081,1148058,198143196,560.9106858054226
2026-06-26 20:05:02.584444,925,0,3.0,0,867688,54380,49170,5210,9.58072820890033,5165,124,9,1076444789,194644292,1271089081,1148058,198143196,0.0
2026-06-26 20:05:02.589462,926,0,3.0,0,867698,54386,49176,5210,9.579671238921781,5165,124,9,1076519763,194644292,1271164055,1148058,198143196,119.52809884416102
2026-06-26 20:05:02.594449,927,0,3.0,0,867708,54386,49176,5210,9.579671238921781,5165,124,9,1076519763,194644292,1271164055,1148058,198143196,0.0
2026-06-26 20:05:02.599469,928,0,3.0,0,867718,54394,49176,5218,9.592969812847004,5165,124,9,1076519763,194992875,1271512638,1148058,198143196,0.0
2026-06-26 20:05:02.604443,929,0,3.0,0,867728,54394,49176,5218,9.592969812847004,5165,124,9,1076519763,194992875,1271512638,1148058,198143196,0.0
2026-06-26 20:05:02.609470,930,0,3.0,0,867738,54410,49178,5232,9.615879433927587,5175,124,9,1076582025,195561499,1272143524,1148058,198526365,99.08414561368609
2026-06-26 20:05:02.614449,931,0,3.0,0,867748,54410,49178,5232,9.615879433927587,5175,124,9,1076582025,195561499,1272143524,1148058,198526365,0.0
2026-06-26 20:05:02.619458,932,0,3.0,0,867758,54426,49191,5235,9.61856465659795,5187,124,9,1076971914,195772519,1272744433,1148058,199060403,622.7015372329806
2026-06-26 20:05:02.624446,933,0,3.0,0,867768,54426,49191,5235,9.61856465659795,5187,124,9,1076971914,195772519,1272744433,1148058,199060403,0.0
2026-06-26 20:05:02.629459,934,0,3.0,0,867778,54429,49194,5235,9.618034503665324,5190,124,9,1077182934,195772519,1272955453,1148058,199271423,336.75643327348894
2026-06-26 20:05:02.634439,935,0,3.0,0,867788,54429,49194,5235,9.618034503665324,5190,124,9,1077182934,195772519,1272955453,1148058,199271423,0.0
2026-06-26 20:05:02.639457,936,0,3.0,0,867798,54429,49194,5235,9.618034503665324,5190,124,9,1077182934,195772519,1272955453,1148058,199271423,0.0
2026-06-26 20:05:02.644438,937,0,3.0,0,867808,54429,49194,5235,9.618034503665324,5190,124,9,1077182934,195772519,1272955453,1148058,199271423,0.0
2026-06-26 20:05:02.649457,938,0,3.0,0,867818,54431,49196,5235,9.61768110084327,5190,124,9,1077188023,195772519,1272960542,1148058,199271423,8.1115760111576
2026-06-26 20:05:02.654436,939,0,3.0,0,867828,54431,49196,5235,9.61768110084327,5190,124,9,1077188023,195772519,1272960542,1148058,199271423,0.0
2026-06-26 20:05:02.659455,940,0,3.0,0,867838,54434,49199,5235,9.617151045302569,5190,124,9,1077199608,195772519,1272972127,1148061,199271423,18.465829846582984
2026-06-26 20:05:02.664441,941,0,3.0,0,867848,54434,49199,5235,9.617151045302569,5190,124,9,1077199608,195772519,1272972127,1148061,199271423,0.0
2026-06-26 20:05:02.669455,942,0,3.0,0,867858,54438,49202,5236,9.61828134758808,5191,124,9,1077206042,195775207,1272981249,1148061,199274111,10.265656162744316
2026-06-26 20:05:02.674446,943,0,3.0,0,867868,54438,49202,5236,9.61828134758808,5191,124,9,1077206042,195775207,1272981249,1148061,199274111,0.0
2026-06-26 20:05:02.679458,944,0,3.0,0,867878,54449,49213,5236,9.616338224760785,5191,124,9,1077344705,195775207,1273119912,1148061,199274111,221.3296089385475
2026-06-26 20:05:02.684438,945,0,3.0,0,867888,54449,49213,5236,9.616338224760785,5191,124,9,1077344705,195775207,1273119912,1148061,199274111,0.0
2026-06-26 20:05:02.689461,946,0,3.0,0,867898,54461,49222,5239,9.619727878665467,5191,124,9,1077535905,195869470,1273405375,1148061,199274111,304.51921162651803
2026-06-26 20:05:02.694444,947,0,3.0,0,867908,54461,49222,5239,9.619727878665467,5191,124,9,1077535905,195869470,1273405375,1148061,199274111,0.0
2026-06-26 20:05:02.699460,948,0,3.0,0,867918,54477,49238,5239,9.6169025460286,5194,124,9,1077921840,195869470,1273791310,1148061,199368374,615.5263157894736
2026-06-26 20:05:02.704445,949,0,3.0,0,867928,54477,49238,5239,9.6169025460286,5194,124,9,1077921840,195869470,1273791310,1148061,199368374,0.0
2026-06-26 20:05:02.709460,950,0,3.0,0,867938,54489,49247,5242,9.620290333828846,5196,124,9,1078141631,195979587,1274121218,1148061,199440586,350.61375872382854
2026-06-26 20:05:02.714443,951,0,3.0,0,867948,54489,49247,5242,9.620290333828846,5196,124,9,1078141631,195979587,1274121218,1148061,199440586,0.0
2026-06-26 20:05:02.719457,952,0,3.0,0,867958,54495,49253,5242,9.619231122121295,5197,124,9,1078236269,195979587,1274215856,1148061,199478491,150.9980055843638
2026-06-26 20:05:02.724441,953,0,3.0,0,867968,54495,49253,5242,9.619231122121295,5197,124,9,1078236269,195979587,1274215856,1148061,199478491,0.0
2026-06-26 20:05:02.729461,954,0,3.0,0,867978,54507,49261,5246,9.624451905259875,5197,124,9,1078354218,196139985,1274494203,1148061,199478491,187.96653386454184
2026-06-26 20:05:02.734445,955,0,3.0,0,867988,54507,49261,5246,9.624451905259875,5197,124,9,1078354218,196139985,1274494203,1148061,199478491,0.0
2026-06-26 20:05:02.739460,956,0,3.0,0,867998,54512,49266,5246,9.623569122395068,5201,124,9,1078549463,196139985,1274689448,1148061,199638889,311.45762711864404
2026-06-26 20:05:02.744441,957,0,3.0,0,868008,54512,49266,5246,9.623569122395068,5201,124,9,1078549463,196139985,1274689448,1148061,199638889,0.0
2026-06-26 20:05:02.749470,958,0,3.0,0,868018,54522,49271,5251,9.63097465243388,5201,124,9,1078571104,196257056,1274828160,1148061,199638889,34.42592960827202
2026-06-26 20:05:02.754446,959,0,3.0,0,868028,54522,49271,5251,9.63097465243388,5201,124,9,1078571104,196257056,1274828160,1148061,199638889,0.0
2026-06-26 20:05:02.759465,960,0,3.0,0,868038,54537,49281,5256,9.63749381154079,5206,124,9,1078815749,196353511,1275169260,1148061,199755960,389.95018928073324
2026-06-26 20:05:02.764444,961,0,3.0,0,868048,54537,49281,5256,9.63749381154079,5206,124,9,1078815749,196353511,1275169260,1148061,199755960,0.0
2026-06-26 20:05:02.769462,962,0,3.0,0,868058,54551,49295,5256,9.635020439588642,5211,124,9,1079047653,196353511,1275401164,1148061,199852415,369.71542447190114
2026-06-26 20:05:02.774446,963,0,3.0,0,868068,54551,49295,5256,9.635020439588642,5211,124,9,1079047653,196353511,1275401164,1148061,199852415,0.0
2026-06-26 20:05:02.779467,964,0,3.0,0,868078,54555,49299,5256,9.634313995050867,5211,124,9,1079110521,196353511,1275464032,1148061,199852415,100.16809400517825
2026-06-26 20:05:02.784438,965,0,3.0,0,868088,54555,49299,5256,9.634313995050867,5211,124,9,1079110521,196353511,1275464032,1148061,199852415,0.0
2026-06-26 20:05:02.789459,966,0,3.0,0,868098,54561,49304,5257,9.635087333443302,5212,124,9,1079145604,196354391,1275499995,1148061,199853295,55.89802828121888
2026-06-26 20:05:02.794445,967,0,3.0,0,868108,54561,49304,5257,9.635087333443302,5212,124,9,1079145604,196354391,1275499995,1148061,199853295,0.0
2026-06-26 20:05:02.799463,968,0,3.0,0,868118,54565,49308,5257,9.634381013470174,5212,124,9,1079215276,196354391,1275569667,1148061,199853295,111.07532881626146
2026-06-26 20:05:02.804446,969,0,3.0,0,868128,54565,49308,5257,9.634381013470174,5212,124,9,1079215276,196354391,1275569667,1148061,199853295,0.0
2026-06-26 20:05:02.809461,970,0,3.0,0,868138,54578,49321,5257,9.63208618857415,5212,124,9,1079553436,196354391,1275907827,1148061,199853295,539.4376869391824
2026-06-26 20:05:02.814451,971,0,3.0,0,868148,54578,49321,5257,9.63208618857415,5212,124,9,1079553436,196354391,1275907827,1148061,199853295,0.0
2026-06-26 20:05:02.819464,972,0,3.0,0,868158,54594,49336,5258,9.631094992123677,5212,124,9,1080026274,196390263,1276416537,1148061,199853295,754.5788948733293
2026-06-26 20:05:02.824455,973,0,3.0,0,868168,54594,49336,5258,9.631094992123677,5212,124,9,1080026274,196390263,1276416537,1148061,199853295,0.0
2026-06-26 20:05:02.829465,974,0,3.0,0,868178,54607,49347,5260,9.63246470232754,5214,124,9,1080321276,196458907,1276780183,1148061,199931164,471.0610778443114
2026-06-26 20:05:02.834445,975,0,3.0,0,868188,54607,49347,5260,9.63246470232754,5214,124,9,1080321276,196458907,1276780183,1148061,199931164,0.0
2026-06-26 20:05:02.839461,976,0,3.0,0,868198,54617,49354,5263,9.636193859054872,5215,124,9,1080479749,196570607,1277050356,1148061,199957811,252.74800637958532
2026-06-26 20:05:02.844440,977,0,3.0,0,868208,54617,49354,5263,9.636193859054872,5215,124,9,1080479749,196570607,1277050356,1148061,199957811,0.0
2026-06-26 20:05:02.849462,978,0,3.0,0,868218,54622,49359,5263,9.635311779136611,5218,124,9,1080623987,196570607,1277194594,1148061,200069511,229.76981282357627
2026-06-26 20:05:02.854445,979,0,3.0,0,868228,54622,49359,5263,9.635311779136611,5218,124,9,1080623987,196570607,1277194594,1148061,200069511,0.0
2026-06-26 20:05:02.859459,980,0,3.0,0,868238,54638,49373,5265,9.636150664372781,5219,124,9,1081062336,196618777,1277681113,1148061,200109484,699.4000797766255
2026-06-26 20:05:02.864443,981,0,3.0,0,868248,54638,49373,5265,9.636150664372781,5219,124,9,1081062336,196618777,1277681113,1148061,200109484,0.0
2026-06-26 20:05:02.869461,982,0,3.0,0,868258,54649,49383,5266,9.636040915661768,5220,124,9,1081347982,196652599,1278000581,1148061,200117681,455.3941809485851
2026-06-26 20:05:02.874448,983,0,3.0,0,868268,54649,49383,5266,9.636040915661768,5220,124,9,1081347982,196652599,1278000581,1148061,200117681,0.0
2026-06-26 20:05:02.879463,984,0,3.0,0,868278,54665,49399,5266,9.633220525016007,5221,124,9,1081800467,196652599,1278453066,1148061,200151503,721.8105682951146
2026-06-26 20:05:02.884443,985,0,3.0,0,868288,54665,49399,5266,9.633220525016007,5221,124,9,1081800467,196652599,1278453066,1148061,200151503,0.0
2026-06-26 20:05:02.889464,986,0,3.0,0,868298,54677,49409,5268,9.63476416043309,5221,124,9,1082127543,196702275,1278829818,1148061,200151503,521.132842063334
2026-06-26 20:05:02.894446,987,0,3.0,0,868308,54677,49409,5268,9.63476416043309,5221,124,9,1082127543,196702275,1278829818,1148061,200151503,0.0
2026-06-26 20:05:02.899457,988,0,3.0,0,868318,54688,49419,5269,9.634654768870684,5224,124,9,1082389837,196750434,1279140271,1148061,200249338,418.74915186589504
2026-06-26 20:05:02.904443,989,0,3.0,0,868328,54688,49419,5269,9.634654768870684,5224,124,9,1082389837,196750434,1279140271,1148061,200249338,0.0
2026-06-26 20:05:02.909464,990,0,3.0,0,868338,54701,49430,5271,9.636021279318477,5224,124,9,1082655697,196835994,1279491691,1148061,200249338,423.5968930491934
2026-06-26 20:05:02.914441,991,0,3.0,0,868348,54701,49430,5271,9.636021279318477,5224,124,9,1082655697,196835994,1279491691,1148061,200249338,0.0
2026-06-26 20:05:02.919461,992,0,3.0,0,868358,54706,49434,5272,9.636968522648338,5226,124,9,1082760726,196875967,1279636693,1148061,200334898,167.37689243027887
2026-06-26 20:05:02.924442,993,0,3.0,0,868368,54706,49434,5272,9.636968522648338,5226,124,9,1082760726,196875967,1279636693,1148061,200334898,0.0
2026-06-26 20:05:02.929460,994,0,3.0,0,868378,54719,49447,5272,9.634678996326688,5227,124,9,1083020376,196875967,1279896343,1148061,200374871,413.94978078915904
2026-06-26 20:05:02.934449,995,0,3.0,0,868388,54719,49447,5272,9.634678996326688,5227,124,9,1083020376,196875967,1279896343,1148061,200374871,0.0
2026-06-26 20:05:02.939458,996,0,3.0,0,868398,54735,49461,5274,9.6355165798849,5227,124,9,1083428097,196923223,1280351320,1148061,200374871,651.1814733479737
2026-06-26 20:05:02.944442,997,0,3.0,0,868408,54735,49461,5274,9.6355165798849,5227,124,9,1083428097,196923223,1280351320,1148061,200374871,0.0
2026-06-26 20:05:02.949465,998,0,3.0,0,868418,54750,49473,5277,9.638356164383561,5230,124,9,1083759846,197059487,1280819333,1148065,200479489,528.3679076249254
2026-06-26 20:05:02.954443,999,0,3.0,0,868428,54750,49473,5277,9.638356164383561,5230,124,9,1083759846,197059487,1280819333,1148065,200479489,0.0
2026-06-26 20:05:02.959461,1000,0,3.0,0,868438,54767,49490,5277,9.635364361750689,5232,124,9,1084232204,197059487,1281291691,1148065,200558391,753.0617776006377
2026-06-26 20:05:02.964437,1001,0,3.0,0,868448,54767,49490,5277,9.635364361750689,5232,124,9,1084232204,197059487,1281291691,1148065,200558391,0.0
2026-06-26 20:05:02.969461,1002,0,3.0,0,868458,54771,49494,5277,9.634660678096072,5232,124,9,1084314183,197059487,1281373670,1148065,200558391,130.53980891719746
2026-06-26 20:05:02.974441,1003,0,3.0,0,868468,54771,49494,5277,9.634660678096072,5232,124,9,1084314183,197059487,1281373670,1148065,200558391,0.0
2026-06-26 20:05:02.979460,1004,0,3.0,0,868478,54771,49494,5277,9.634660678096072,5232,124,9,1084314183,197059487,1281373670,1148065,200558391,0.0
2026-06-26 20:05:02.984439,1005,0,3.0,0,868488,54771,49494,5277,9.634660678096072,5232,124,9,1084314183,197059487,1281373670,1148065,200558391,0.0
2026-06-26 20:05:02.989465,1006,0,3.0,0,868498,54780,49502,5278,9.63490324936108,5232,124,9,1084547014,197081009,1281628023,1148065,200558391,370.6024671707123
2026-06-26 20:05:02.994441,1007,0,3.0,0,868508,54780,49502,5278,9.63490324936108,5232,124,9,1084547014,197081009,1281628023,1148065,200558391,0.0
2026-06-26 20:05:02.999458,1008,0,3.0,0,868518,54797,49518,5279,9.633739073306932,5233,124,9,1085025554,197121995,1282147549,1148066,200579913,763.0695634841538
2026-06-26 20:05:03.004443,1009,0,3.0,0,868528,54797,49518,5279,9.633739073306932,5233,124,9,1085025554,197121995,1282147549,1148066,200579913,0.0
2026-06-26 20:05:03.009459,1010,0,3.0,0,868538,54813,49528,5285,9.641873278236915,5234,124,9,1085329353,197372781,1282702134,1148066,200620899,484.5279106858054
2026-06-26 20:05:03.014446,1011,0,3.0,0,868548,54813,49528,5285,9.641873278236915,5234,124,9,1085329353,197372781,1282702134,1148066,200620899,0.0
2026-06-26 20:05:03.019468,1012,0,3.0,0,868558,54828,49539,5289,9.646530969577588,5241,124,9,1085768251,197524661,1283292912,1148066,200923932,699.1604938271605
2026-06-26 20:05:03.024442,1013,0,3.0,0,868568,54828,49539,5289,9.646530969577588,5241,124,9,1085768251,197524661,1283292912,1148066,200923932,0.0
2026-06-26 20:05:03.029460,1014,0,3.0,0,868578,54841,49552,5289,9.644244269798143,5244,124,9,1086065756,197524661,1283590417,1148066,201023565,474.30051813471505
2026-06-26 20:05:03.034436,1015,0,3.0,0,868588,54841,49552,5289,9.644244269798143,5244,124,9,1086065756,197524661,1283590417,1148066,201023565,0.0
2026-06-26 20:05:03.039458,1016,0,3.0,0,868598,54847,49558,5289,9.64318923550969,5244,124,9,1086259402,197524661,1283784063,1148066,201023565,308.4763042612505
2026-06-26 20:05:03.044441,1017,0,3.0,0,868608,54847,49558,5289,9.64318923550969,5244,124,9,1086259402,197524661,1283784063,1148066,201023565,0.0
2026-06-26 20:05:03.049465,1018,0,3.0,0,868618,54862,49573,5289,9.64055265939995,5244,124,9,1086611734,197524661,1284136395,1148066,201023565,561.0382165605096
2026-06-26 20:05:03.054444,1019,0,3.0,0,868628,54862,49573,5289,9.64055265939995,5244,124,9,1086611734,197524661,1284136395,1148066,201023565,0.0
2026-06-26 20:05:03.059456,1020,0,3.0,0,868638,54878,49585,5293,9.64503079558293,5244,124,9,1086818468,197670168,1284488636,1148066,201023565,329.9824421388667
2026-06-26 20:05:03.064447,1021,0,3.0,0,868648,54878,49585,5293,9.64503079558293,5244,124,9,1086818468,197670168,1284488636,1148066,201023565,0.0
2026-06-26 20:05:03.069463,1022,0,3.0,0,868658,54892,49597,5295,9.64621438460978,5249,124,9,1087185123,197723832,1284908955,1148066,201217231,584.7767145135566
2026-06-26 20:05:03.074446,1023,0,3.0,0,868668,54892,49597,5295,9.64621438460978,5249,124,9,1087185123,197723832,1284908955,1148066,201217231,0.0
2026-06-26 20:05:03.079463,1024,0,3.0,0,868678,54909,49609,5300,9.652333861479903,5251,124,9,1087466518,197904700,1285371218,1148066,201254508,448.7063982459637
2026-06-26 20:05:03.084441,1025,0,3.0,0,868688,54909,49609,5300,9.652333861479903,5251,124,9,1087466518,197904700,1285371218,1148066,201254508,0.0
2026-06-26 20:05:03.089464,1026,0,3.0,0,868698,54922,49620,5302,9.653690688612942,5256,124,9,1087676338,197910653,1285586991,1148066,201406869,334.17479593868205
2026-06-26 20:05:03.094442,1027,0,3.0,0,868708,54922,49620,5302,9.653690688612942,5256,124,9,1087676338,197910653,1285586991,1148066,201406869,0.0
2026-06-26 20:05:03.099461,1028,0,3.0,0,868718,54933,49629,5304,9.655398394407733,5257,124,9,1087816323,197915328,1285731651,1148066,201409557,223.12811316995416
2026-06-26 20:05:03.104445,1029,0,3.0,0,868728,54933,49629,5304,9.655398394407733,5257,124,9,1087816323,197915328,1285731651,1148066,201409557,0.0
2026-06-26 20:05:03.109462,1030,0,3.0,0,868738,54949,49645,5304,9.652586944257402,5259,124,9,1088221830,197915328,1286137158,1148066,201414232,646.6127167630058
2026-06-26 20:05:03.114448,1031,0,3.0,0,868748,54949,49645,5304,9.652586944257402,5259,124,9,1088221830,197915328,1286137158,1148066,201414232,0.0
2026-06-26 20:05:03.119464,1032,0,3.0,0,868758,54963,49658,5305,9.651947673889708,5263,128,9,1088607612,197962440,1286570052,1148066,201549992,615.2822966507177
2026-06-26 20:05:03.124442,1033,0,3.0,0,868768,54963,49658,5305,9.651947673889708,5263,128,9,1088607612,197962440,1286570052,1148066,201549992,0.0
2026-06-26 20:05:03.129463,1034,0,3.0,0,868778,54977,49672,5305,9.64948978663805,5264,128,9,1089032922,197962440,1286995362,1148066,201597104,677.6498705437164
2026-06-26 20:05:03.134446,1035,0,3.0,0,868788,54977,49672,5305,9.64948978663805,5264,128,9,1089032922,197962440,1286995362,1148066,201597104,0.0
2026-06-26 20:05:03.139468,1036,0,3.0,0,868798,54990,49684,5306,9.649027095835606,5265,128,9,1089405505,197997287,1287402792,1148066,201631951,593.521306252489
2026-06-26 20:05:03.144436,1037,0,3.0,0,868808,54990,49684,5306,9.649027095835606,5265,128,9,1089405505,197997287,1287402792,1148066,201631951,0.0
2026-06-26 20:05:03.149465,1038,0,3.0,0,868818,54999,49693,5306,9.647448135420644,5265,128,9,1089638042,197997287,1287635329,1148066,201631951,369.91370053688604
2026-06-26 20:05:03.154436,1039,0,3.0,0,868828,54999,49693,5306,9.647448135420644,5265,128,9,1089638042,197997287,1287635329,1148066,201631951,0.0
2026-06-26 20:05:03.159456,1040,0,3.0,0,868838,55000,49694,5306,9.647272727272728,5265,128,9,1089642779,197997287,1287640066,1148066,201631951,7.549003984063745
2026-06-26 20:05:03.164444,1041,0,3.0,0,868848,55000,49694,5306,9.647272727272728,5265,128,9,1089642779,197997287,1287640066,1148066,201631951,0.0
2026-06-26 20:05:03.169464,1042,0,3.0,0,868858,55016,49710,5306,9.644467064126799,5265,128,9,1090125233,197997287,1288122520,1148066,201631951,768.8509960159363
2026-06-26 20:05:03.174445,1043,0,3.0,0,868868,55016,49710,5306,9.644467064126799,5265,128,9,1090125233,197997287,1288122520,1148066,201631951,0.0
2026-06-26 20:05:03.179461,1044,0,3.0,0,868878,55031,49725,5306,9.641838236630262,5265,128,9,1090670071,197997287,1288667358,1148066,201631951,868.9601275917065
2026-06-26 20:05:03.184443,1045,0,3.0,0,868888,55031,49725,5306,9.641838236630262,5265,128,9,1090670071,197997287,1288667358,1148066,201631951,0.0
2026-06-26 20:05:03.189468,1046,0,3.0,0,868898,55047,49739,5308,9.642668991952332,5266,128,9,1091108731,198071045,1289179776,1148066,201660648,698.3641791044776
2026-06-26 20:05:03.194445,1047,0,3.0,0,868908,55047,49739,5308,9.642668991952332,5266,128,9,1091108731,198071045,1289179776,1148066,201660648,0.0
2026-06-26 20:05:03.199461,1048,0,3.0,0,868918,55061,49753,5308,9.640217213635786,5267,128,9,1091605716,198071045,1289676761,1148066,201705709,792.6395534290272
2026-06-26 20:05:03.204442,1049,0,3.0,0,868928,55061,49753,5308,9.640217213635786,5267,128,9,1091605716,198071045,1289676761,1148066,201705709,0.0
2026-06-26 20:05:03.209455,1050,0,3.0,0,868938,55073,49763,5310,9.641748225083072,5268,128,9,1091968283,198188872,1290157155,1148066,201757956,578.6028326351486
2026-06-26 20:05:03.214445,1051,0,3.0,0,868948,55073,49763,5310,9.641748225083072,5268,128,9,1091968283,198188872,1290157155,1148066,201757956,0.0
2026-06-26 20:05:03.219463,1052,0,3.0,0,868958,55080,49770,5310,9.640522875816995,5269,128,9,1092108900,198188872,1290297772,1148066,201823536,224.18015145476286
2026-06-26 20:05:03.224442,1053,0,3.0,0,868968,55080,49770,5310,9.640522875816995,5269,128,9,1092108900,198188872,1290297772,1148066,201823536,0.0
2026-06-26 20:05:03.229462,1054,0,3.0,0,868978,55092,49780,5312,9.642053292674072,5271,128,9,1092442932,198271334,1290714266,1148066,201905998,532.3219123505976
2026-06-26 20:05:03.234448,1055,0,3.0,0,868988,55092,49780,5312,9.642053292674072,5271,128,9,1092442932,198271334,1290714266,1148066,201905998,0.0
2026-06-26 20:05:03.239463,1056,0,3.0,0,868998,55105,49792,5313,9.641593321840123,5274,131,9,1092848680,198312320,1291161000,1148066,202054040,647.2550348953141
2026-06-26 20:05:03.244438,1057,0,3.0,0,869008,55105,49792,5313,9.641593321840123,5274,131,9,1092848680,198312320,1291161000,1148066,202054040,0.0
2026-06-26 20:05:03.249462,1058,0,3.0,0,869018,55121,49808,5313,9.638794651766116,5275,131,9,1093455783,198312320,1291768103,1148066,202095026,966.7245222929936
2026-06-26 20:05:03.254445,1059,0,3.0,0,869028,55121,49808,5313,9.638794651766116,5275,131,9,1093455783,198312320,1291768103,1148066,202095026,0.0
2026-06-26 20:05:03.259462,1060,0,3.0,0,869038,55137,49821,5316,9.641438598400349,5275,131,9,1093874816,198454769,1292329585,1148066,202095026,668.1809846521826
2026-06-26 20:05:03.264444,1061,0,3.0,0,869048,55137,49821,5316,9.641438598400349,5275,131,9,1093874816,198454769,1292329585,1148066,202095026,0.0
2026-06-26 20:05:03.269466,1062,0,3.0,0,869058,55147,49829,5318,9.643316952871416,5278,131,9,1094190183,198540833,1292731016,1148066,202237475,502.37674233373156
2026-06-26 20:05:03.274445,1063,0,3.0,0,869068,55147,49829,5318,9.643316952871416,5278,131,9,1094190183,198540833,1292731016,1148066,202237475,0.0
2026-06-26 20:05:03.279463,1064,0,3.0,0,869078,55160,49842,5318,9.641044234952863,5280,131,9,1094590254,198540833,1293131087,1148066,202323539,637.8174571542447
2026-06-26 20:05:03.284441,1065,0,3.0,0,869088,55160,49842,5318,9.641044234952863,5280,131,9,1094590254,198540833,1293131087,1148066,202323539,0.0
2026-06-26 20:05:03.289473,1066,0,3.0,0,869098,55172,49849,5323,9.64800986007395,5280,131,9,1094802673,198703191,1293505864,1148066,202323539,337.70906200317967
2026-06-26 20:05:03.294460,1067,0,3.0,0,869108,55172,49849,5323,9.64800986007395,5280,131,9,1094802673,198703191,1293505864,1148066,202323539,0.0
2026-06-26 20:05:03.299467,1068,0,3.0,0,869118,55188,49865,5323,9.645212727404507,5285,131,9,1095360068,198703191,1294063259,1148066,202485897,890.5851807469543
2026-06-26 20:05:03.304440,1069,0,3.0,0,869128,55188,49865,5323,9.645212727404507,5285,131,9,1095360068,198703191,1294063259,1148066,202485897,0.0
2026-06-26 20:05:03.309468,1070,0,3.0,0,869138,55204,49878,5326,9.647851604956163,5285,131,9,1095762267,198878460,1294640727,1148069,202485897,639.9347653142403
2026-06-26 20:05:03.314447,1071,0,3.0,0,869148,55204,49878,5326,9.647851604956163,5285,131,9,1095762267,198878460,1294640727,1148069,202485897,0.0
2026-06-26 20:05:03.319463,1072,0,3.0,0,869158,55218,49891,5327,9.647216487377303,5289,131,9,1096260596,198926619,1295187215,1148069,202709325,794.7830940988836
2026-06-26 20:05:03.324438,1073,0,3.0,0,869168,55218,49891,5327,9.647216487377303,5289,131,9,1096260596,198926619,1295187215,1148069,202709325,0.0
2026-06-26 20:05:03.329461,1074,0,3.0,0,869178,55230,49903,5327,9.64512040557668,5289,131,9,1096520723,198926619,1295447342,1148070,202709325,414.29743181365717
2026-06-26 20:05:03.334447,1075,0,3.0,0,869188,55230,49903,5327,9.64512040557668,5289,131,9,1096520723,198926619,1295447342,1148070,202709325,0.0
2026-06-26 20:05:03.339459,1076,0,3.0,0,869198,55234,49907,5327,9.644421914038455,5289,131,9,1096619990,198926619,1295546609,1148070,202709325,158.44692737430168
2026-06-26 20:05:03.344442,1077,0,3.0,0,869208,55234,49907,5327,9.644421914038455,5289,131,9,1096619990,198926619,1295546609,1148070,202709325,0.0
2026-06-26 20:05:03.349462,1078,0,3.0,0,869218,55245,49917,5328,9.644311702416509,5289,131,9,1096847755,198950191,1295797946,1148070,202709325,362.9721115537849
2026-06-26 20:05:03.354456,1079,0,3.0,0,869228,55245,49917,5328,9.644311702416509,5289,131,9,1096847755,198950191,1295797946,1148070,202709325,0.0
2026-06-26 20:05:03.359459,1080,0,3.0,0,869238,55260,49929,5331,9.647122692725299,5290,131,9,1097174476,199111061,1296285537,1148070,202732897,522.440135918449
2026-06-26 20:05:03.364443,1081,0,3.0,0,869248,55260,49929,5331,9.647122692725299,5290,131,9,1097174476,199111061,1296285537,1148070,202732897,0.0
2026-06-26 20:05:03.369462,1082,0,3.0,0,869258,55276,49944,5332,9.646139373326578,5293,131,9,1097647613,199149982,1296797595,1148070,202893767,754.1534170153417
2026-06-26 20:05:03.374445,1083,0,3.0,0,869268,55276,49944,5332,9.646139373326578,5293,131,9,1097647613,199149982,1296797595,1148070,202893767,0.0
2026-06-26 20:05:03.379468,1084,0,3.0,0,869278,55286,49954,5332,9.644394602611873,5294,131,9,1097925932,199149982,1297075914,1148070,202932688,443.27135178180373
2026-06-26 20:05:03.384446,1085,0,3.0,0,869288,55286,49954,5332,9.644394602611873,5294,131,9,1097925932,199149982,1297075914,1148070,202932688,0.0
2026-06-26 20:05:03.389465,1086,0,3.0,0,869298,55295,49960,5335,9.64825029387829,5294,131,9,1098070175,199277030,1297347205,1148070,202932688,229.9151225343694
2026-06-26 20:05:03.394449,1087,0,3.0,0,869308,55295,49960,5335,9.64825029387829,5294,131,9,1098070175,199277030,1297347205,1148070,202932688,0.0
2026-06-26 20:05:03.399457,1088,0,3.0,0,869318,55298,49963,5335,9.647726861730984,5297,131,9,1098197223,199277030,1297474253,1148070,203059736,202.95207667731628
2026-06-26 20:05:03.404441,1089,0,3.0,0,869328,55298,49963,5335,9.647726861730984,5297,131,9,1098197223,199277030,1297474253,1148070,203059736,0.0
2026-06-26 20:05:03.409461,1090,0,3.0,0,869338,55309,49974,5335,9.64580809633152,5297,131,9,1098400331,199277030,1297677361,1148070,203059736,323.6780876494024
2026-06-26 20:05:03.414438,1091,0,3.0,0,869348,55309,49974,5335,9.64580809633152,5297,131,9,1098400331,199277030,1297677361,1148070,203059736,0.0
2026-06-26 20:05:03.419465,1092,0,3.0,0,869358,55314,49979,5335,9.644936182521604,5297,131,9,1098411118,199277030,1297688148,1148070,203059736,17.166500895166102
2026-06-26 20:05:03.424435,1093,0,3.0,0,869368,55314,49979,5335,9.644936182521604,5297,131,9,1098411118,199277030,1297688148,1148070,203059736,0.0
2026-06-26 20:05:03.429455,1094,0,3.0,0,869378,55317,49981,5336,9.646220872426198,5297,131,9,1098417329,199280039,1297697368,1148070,203059736,9.89800796812749
2026-06-26 20:05:03.434443,1095,0,3.0,0,869388,55317,49981,5336,9.646220872426198,5297,131,9,1098417329,199280039,1297697368,1148070,203059736,0.0
2026-06-26 20:05:03.439460,1096,0,3.0,0,869398,55323,49987,5336,9.64517470129964,5298,131,9,1098549322,199280039,1297829361,1148070,203062745,210.4731911500897
2026-06-26 20:05:03.444437,1097,0,3.0,0,869408,55323,49987,5336,9.64517470129964,5298,131,9,1098549322,199280039,1297829361,1148070,203062745,0.0
2026-06-26 20:05:03.449455,1098,0,3.0,0,869418,55329,49993,5336,9.644128757071337,5298,131,9,1098594661,199280039,1297874700,1148070,203062745,72.28218413710641
2026-06-26 20:05:03.454438,1099,0,3.0,0,869428,55329,49993,5336,9.644128757071337,5298,131,9,1098594661,199280039,1297874700,1148070,203062745,0.0
2026-06-26 20:05:03.459458,1100,0,3.0,0,869438,55332,49996,5336,9.643605870020965,5298,131,9,1098649712,199280039,1297929751,1148070,203062745,87.73067729083665
2026-06-26 20:05:03.464449,1101,0,3.0,0,869448,55332,49996,5336,9.643605870020965,5298,131,9,1098649712,199280039,1297929751,1148070,203062745,0.0
2026-06-26 20:05:03.469457,1102,0,3.0,0,869458,55337,50001,5336,9.642734517592208,5298,131,9,1098697535,199280039,1297977574,1148070,203062745,76.39456869009585
2026-06-26 20:05:03.474452,1103,0,3.0,0,869468,55337,50001,5336,9.642734517592208,5298,131,9,1098697535,199280039,1297977574,1148070,203062745,0.0
2026-06-26 20:05:03.479467,1104,0,3.0,0,869478,55337,50001,5336,9.642734517592208,5298,131,9,1098697535,199280039,1297977574,1148070,203062745,0.0
2026-06-26 20:05:03.484438,1105,0,3.0,0,869488,55337,50001,5336,9.642734517592208,5298,131,9,1098697535,199280039,1297977574,1148070,203062745,0.0
2026-06-26 20:05:03.489453,1106,0,3.0,0,869498,55340,50004,5336,9.642211781713046,5298,131,9,1098707138,199280039,1297987177,1148070,203062745,15.318843469591226
2026-06-26 20:05:03.494436,1107,0,3.0,0,869508,55340,50004,5336,9.642211781713046,5298,131,9,1098707138,199280039,1297987177,1148070,203062745,0.0
2026-06-26 20:05:03.499459,1108,0,3.0,0,869518,55349,50011,5338,9.644257348822924,5298,131,9,1098913876,199297584,1298211460,1148070,203062745,329.26617559227554
2026-06-26 20:05:03.504438,1109,0,3.0,0,869528,55349,50011,5338,9.644257348822924,5298,131,9,1098913876,199297584,1298211460,1148070,203062745,0.0
2026-06-26 20:05:03.509457,1110,0,3.0,0,869538,55353,50015,5338,9.643560421296044,5300,131,9,1098937951,199297584,1298235535,1148070,203080290,38.3741781231321
2026-06-26 20:05:03.514441,1111,0,3.0,0,869548,55353,50015,5338,9.643560421296044,5300,131,9,1098937951,199297584,1298235535,1148070,203080290,0.0
2026-06-26 20:05:03.519461,1112,0,3.0,0,869558,55361,50023,5338,9.642166868373042,5300,131,9,1099208314,199297584,1298505898,1148070,203080290,430.8573705179283
2026-06-26 20:05:03.524436,1113,0,3.0,0,869568,55361,50023,5338,9.642166868373042,5300,131,9,1099208314,199297584,1298505898,1148070,203080290,0.0
2026-06-26 20:05:03.529458,1114,0,3.0,0,869578,55366,50028,5338,9.641296102301052,5300,131,9,1099354888,199297584,1298652472,1148070,203080290,233.4910394265233
2026-06-26 20:05:03.534442,1115,0,3.0,0,869588,55366,50028,5338,9.641296102301052,5300,131,9,1099354888,199297584,1298652472,1148070,203080290,0.0
2026-06-26 20:05:03.539459,1116,0,3.0,0,869598,55377,50039,5338,9.63938097043899,5300,131,9,1099689728,199297584,1298987312,1148070,203080290,533.9286426151086
2026-06-26 20:05:03.544451,1117,0,3.0,0,869608,55377,50039,5338,9.63938097043899,5300,131,9,1099689728,199297584,1298987312,1148070,203080290,0.0
2026-06-26 20:05:03.549460,1118,0,3.0,0,869618,55383,50045,5338,9.638336673708539,5300,131,9,1099737135,199297584,1299034719,1148070,203080290,75.71491315631863
2026-06-26 20:05:03.554441,1119,0,3.0,0,869628,55383,50045,5338,9.638336673708539,5300,131,9,1099737135,199297584,1299034719,1148070,203080290,0.0
2026-06-26 20:05:03.559460,1120,0,3.0,0,869638,55394,50056,5338,9.636422717261798,5300,131,9,1100081630,199297584,1299379214,1148070,203080290,549.1053994819686
2026-06-26 20:05:03.564441,1121,0,3.0,0,869648,55394,50056,5338,9.636422717261798,5300,131,9,1100081630,199297584,1299379214,1148070,203080290,0.0
2026-06-26 20:05:03.569461,1122,0,3.0,0,869658,55409,50069,5340,9.637423523254345,5302,131,9,1100807069,199411306,1300218375,1148070,203194012,1156.0780876494023
2026-06-26 20:05:03.574441,1123,0,3.0,0,869668,55409,50069,5340,9.637423523254345,5302,131,9,1100807069,199411306,1300218375,1148070,203194012,0.0
2026-06-26 20:05:03.579460,1124,0,3.0,0,869678,55425,50084,5341,9.636445647271087,5303,131,9,1101415912,199471739,1300887651,1148070,203254445,970.4610480175334
2026-06-26 20:05:03.584441,1125,0,3.0,0,869688,55425,50084,5341,9.636445647271087,5303,131,9,1101415912,199471739,1300887651,1148070,203254445,0.0
2026-06-26 20:05:03.589463,1126,0,3.0,0,869698,55441,50100,5341,9.633664616439097,5303,131,9,1102023505,199471739,1301495244,1148071,203254445,967.8900836320191
2026-06-26 20:05:03.594445,1127,0,3.0,0,869708,55441,50100,5341,9.633664616439097,5303,131,9,1102023505,199471739,1301495244,1148071,203254445,0.0
2026-06-26 20:05:03.599461,1128,0,3.0,0,869718,55457,50115,5342,9.632688389202446,5303,131,9,1102561693,199514786,1302076479,1148071,203254445,858.3540669856459
2026-06-26 20:05:03.604441,1129,0,3.0,0,869728,55457,50115,5342,9.632688389202446,5303,131,9,1102561693,199514786,1302076479,1148071,203254445,0.0
2026-06-26 20:05:03.609461,1130,0,3.0,0,869738,55468,50125,5343,9.632580947573375,5304,131,9,1102856098,199551683,1302407781,1148071,203297492,469.17131474103587
2026-06-26 20:05:03.614441,1131,0,3.0,0,869748,55468,50125,5343,9.632580947573375,5304,131,9,1102856098,199551683,1302407781,1148071,203297492,0.0
2026-06-26 20:05:03.619465,1132,0,3.0,0,869758,55471,50128,5343,9.632059995312867,5305,131,9,1102897476,199551683,1302449159,1148071,203334389,65.88853503184713
2026-06-26 20:05:03.624439,1133,0,3.0,0,869768,55471,50128,5343,9.632059995312867,5305,131,9,1102897476,199551683,1302449159,1148071,203334389,0.0
2026-06-26 20:05:03.629455,1134,0,3.0,0,869778,55481,50137,5344,9.632126313512735,5306,131,9,1103146080,199555910,1302701990,1148071,203338616,396.4976076555024
2026-06-26 20:05:03.634443,1135,0,3.0,0,869788,55481,50137,5344,9.632126313512735,5306,131,9,1103146080,199555910,1302701990,1148071,203338616,0.0
2026-06-26 20:05:03.639457,1136,0,3.0,0,869798,55492,50146,5346,9.63382109132848,5306,131,9,1103403561,199647111,1303050672,1148071,203338616,410.8193059433586
2026-06-26 20:05:03.644441,1137,0,3.0,0,869808,55492,50146,5346,9.63382109132848,5306,131,9,1103403561,199647111,1303050672,1148071,203338616,0.0
2026-06-26 20:05:03.649461,1138,0,3.0,0,869818,55506,50151,5355,9.647605664252513,5308,131,9,1103611558,200073555,1303685113,1148071,203429817,331.46932270916335
2026-06-26 20:05:03.654442,1139,0,3.0,0,869828,55506,50151,5355,9.647605664252513,5308,131,9,1103611558,200073555,1303685113,1148071,203429817,0.0
2026-06-26 20:05:03.659462,1140,0,3.0,0,869838,55515,50160,5355,9.646041610375574,5317,131,9,1104038002,200073555,1304111557,1148071,203856261,679.59203187251
2026-06-26 20:05:03.664436,1141,0,3.0,0,869848,55515,50160,5355,9.646041610375574,5317,131,9,1104038002,200073555,1304111557,1148071,203856261,0.0
2026-06-26 20:05:03.669458,1142,0,3.0,0,869858,55523,50168,5355,9.644651765934837,5317,131,9,1104225981,200073555,1304299536,1148071,203856261,299.44882516925526
2026-06-26 20:05:03.674437,1143,0,3.0,0,869868,55523,50168,5355,9.644651765934837,5317,131,9,1104225981,200073555,1304299536,1148071,203856261,0.0
2026-06-26 20:05:03.679460,1144,0,3.0,0,869878,55531,50176,5355,9.643262321946299,5317,131,9,1104410909,200073555,1304484464,1148071,203856261,294.5299621739996
2026-06-26 20:05:03.684436,1145,0,3.0,0,869888,55531,50176,5355,9.643262321946299,5317,131,9,1104410909,200073555,1304484464,1148071,203856261,0.0
2026-06-26 20:05:03.689458,1146,0,3.0,0,869898,55541,50186,5355,9.641526079832916,5317,131,9,1104669942,200073555,1304743497,1148071,203856261,412.63719633612106
2026-06-26 20:05:03.694443,1147,0,3.0,0,869908,55541,50186,5355,9.641526079832916,5317,131,9,1104669942,200073555,1304743497,1148071,203856261,0.0
2026-06-26 20:05:03.699464,1148,0,3.0,0,869918,55557,50202,5355,9.638749392515795,5317,131,9,1105258715,200073555,1305332270,1148071,203856261,938.0967934674368
2026-06-26 20:05:03.704440,1149,0,3.0,0,869928,55557,50202,5355,9.638749392515795,5317,131,9,1105258715,200073555,1305332270,1148071,203856261,0.0
2026-06-26 20:05:03.709455,1150,0,3.0,0,869938,55569,50214,5355,9.63666792636182,5317,131,9,1105717248,200073555,1305790803,1148071,203856261,731.4584247258225
2026-06-26 20:05:03.714451,1151,0,3.0,0,869948,55569,50214,5355,9.63666792636182,5317,131,9,1105717248,200073555,1305790803,1148071,203856261,0.0
2026-06-26 20:05:03.719451,1152,0,3.0,0,869958,55571,50216,5355,9.63632110273344,5317,131,9,1105721356,200073555,1305794911,1148071,203856261,6.5728
2026-06-26 20:05:03.724435,1153,0,3.0,0,869968,55571,50216,5355,9.63632110273344,5317,131,9,1105721356,200073555,1305794911,1148071,203856261,0.0
2026-06-26 20:05:03.729455,1154,0,3.0,0,869978,55571,50216,5355,9.63632110273344,5317,131,9,1105721356,200073555,1305794911,1148071,203856261,0.0
2026-06-26 20:05:03.734439,1155,0,3.0,0,869988,55571,50216,5355,9.63632110273344,5317,131,9,1105721356,200073555,1305794911,1148071,203856261,0.0
2026-06-26 20:05:03.739455,1156,0,3.0,0,869998,55573,50218,5355,9.635974304068522,5317,131,9,1105799239,200073555,1305872794,1148071,203856261,124.2153110047847
2026-06-26 20:05:03.744435,1157,0,3.0,0,870008,55573,50218,5355,9.635974304068522,5317,131,9,1105799239,200073555,1305872794,1148071,203856261,0.0
2026-06-26 20:05:03.749462,1158,0,3.0,0,870018,55578,50221,5357,9.638705962791033,5317,131,9,1105841640,200197486,1306039126,1148071,203856261,67.47722299582256
2026-06-26 20:05:03.754441,1159,0,3.0,0,870028,55578,50221,5357,9.638705962791033,5317,131,9,1105841640,200197486,1306039126,1148071,203856261,0.0
2026-06-26 20:05:03.759459,1160,0,3.0,0,870038,55594,50230,5364,9.648523221930425,5322,131,9,1106239944,200452211,1306692155,1148071,204112627,635.0003985651654
2026-06-26 20:05:03.764444,1161,0,3.0,0,870048,55594,50230,5364,9.648523221930425,5322,131,9,1106239944,200452211,1306692155,1148071,204112627,0.0
2026-06-26 20:05:03.769463,1162,0,3.0,0,870058,55610,50245,5365,9.647545405502607,5326,131,9,1106548646,200501370,1307050016,1148071,204234917,492.05339709105397
2026-06-26 20:05:03.774443,1163,0,3.0,0,870068,55610,50245,5365,9.647545405502607,5326,131,9,1106548646,200501370,1307050016,1148071,204234917,0.0
2026-06-26 20:05:03.779460,1164,0,3.0,0,870078,55626,50260,5366,9.646568151583791,5327,131,9,1107034912,200557743,1307592655,1148071,204284076,775.3892764600358
2026-06-26 20:05:03.784441,1165,0,3.0,0,870088,55626,50260,5366,9.646568151583791,5327,131,9,1107034912,200557743,1307592655,1148071,204284076,0.0
2026-06-26 20:05:03.789453,1166,0,3.0,0,870098,55634,50268,5366,9.645181004421756,5328,131,9,1107287542,200557743,1307845285,1148071,204340449,403.24022346368713
2026-06-26 20:05:03.794436,1167,0,3.0,0,870108,55634,50268,5366,9.645181004421756,5328,131,9,1107287542,200557743,1307845285,1148071,204340449,0.0
2026-06-26 20:05:03.799458,1168,0,3.0,0,870118,55634,50268,5366,9.645181004421756,5328,131,9,1107287542,200557743,1307845285,1148071,204340449,0.0
2026-06-26 20:05:03.804436,1169,0,3.0,0,870128,55634,50268,5366,9.645181004421756,5328,131,9,1107287542,200557743,1307845285,1148071,204340449,0.0
2026-06-26 20:05:03.809457,1170,0,3.0,0,870138,55637,50271,5366,9.6446609270809,5328,131,9,1107331393,200557743,1307889136,1148071,204340449,69.86815375423222
2026-06-26 20:05:03.814437,1171,0,3.0,0,870148,55637,50271,5366,9.6446609270809,5328,131,9,1107331393,200557743,1307889136,1148071,204340449,0.0
2026-06-26 20:05:03.819454,1172,0,3.0,0,870158,55637,50271,5366,9.6446609270809,5328,131,9,1107331393,200557743,1307889136,1148071,204340449,0.0
2026-06-26 20:05:03.824438,1173,0,3.0,0,870168,55637,50271,5366,9.6446609270809,5328,131,9,1107331393,200557743,1307889136,1148071,204340449,0.0
2026-06-26 20:05:03.829454,1174,0,3.0,0,870178,55640,50274,5366,9.64414090582315,5328,131,9,1107340227,200557743,1307897970,1148071,204340449,14.089314194577353
2026-06-26 20:05:03.834439,1175,0,3.0,0,870188,55640,50274,5366,9.64414090582315,5328,131,9,1107340227,200557743,1307897970,1148071,204340449,0.0
2026-06-26 20:05:03.839458,1176,0,3.0,0,870198,55641,50275,5366,9.643967577865244,5328,131,9,1107371999,200557743,1307929742,1148071,204340449,50.64275752141861
2026-06-26 20:05:03.844433,1177,0,3.0,0,870208,55641,50275,5366,9.643967577865244,5328,131,9,1107371999,200557743,1307929742,1148071,204340449,0.0
2026-06-26 20:05:03.849455,1178,0,3.0,0,870218,55646,50278,5368,9.646695180246558,5329,131,9,1107397424,200566388,1307963812,1148071,204343842,40.50179211469534
2026-06-26 20:05:03.854441,1179,0,3.0,0,870228,55646,50278,5368,9.646695180246558,5329,131,9,1107397424,200566388,1307963812,1148071,204343842,0.0
2026-06-26 20:05:03.859456,1180,0,3.0,0,870238,55649,50279,5370,9.649769088393324,5330,131,9,1107430221,200595718,1308025939,1148071,204349094,52.31824526420738
2026-06-26 20:05:03.864434,1181,0,3.0,0,870248,55649,50279,5370,9.649769088393324,5330,131,9,1107430221,200595718,1308025939,1148071,204349094,0.0
2026-06-26 20:05:03.869450,1182,0,3.0,0,870258,55655,50284,5371,9.650525559248944,5333,131,9,1107478887,200619796,1308098683,1148071,204402502,77.61722488038278
2026-06-26 20:05:03.874439,1183,0,3.0,0,870268,55655,50284,5371,9.650525559248944,5333,131,9,1107478887,200619796,1308098683,1148071,204402502,0.0
2026-06-26 20:05:03.879459,1184,0,3.0,0,870278,55655,50284,5371,9.650525559248944,5333,131,9,1107478887,200619796,1308098683,1148071,204402502,0.0
2026-06-26 20:05:03.884438,1185,0,3.0,0,870288,55655,50284,5371,9.650525559248944,5333,131,9,1107478887,200619796,1308098683,1148071,204402502,0.0
2026-06-26 20:05:03.889461,1186,0,3.0,0,870298,55659,50288,5371,9.649832012792182,5333,131,9,1107513006,200619796,1308132802,1148071,204402502,54.34043400358352
2026-06-26 20:05:03.894439,1187,0,3.0,0,870308,55659,50288,5371,9.649832012792182,5333,131,9,1107513006,200619796,1308132802,1148071,204402502,0.0
2026-06-26 20:05:03.899455,1188,0,3.0,0,870318,55661,50290,5371,9.64948527694436,5333,131,9,1107531189,200619796,1308150985,1148071,204402502,29.0
2026-06-26 20:05:03.904433,1189,0,3.0,0,870328,55661,50290,5371,9.64948527694436,5333,131,9,1107531189,200619796,1308150985,1148071,204402502,0.0
2026-06-26 20:05:03.909455,1190,0,3.0,0,870338,55666,50295,5371,9.648618546329896,5333,131,9,1107627763,200619796,1308247559,1148071,204402502,153.8414974113899
2026-06-26 20:05:03.914437,1191,0,3.0,0,870348,55666,50295,5371,9.648618546329896,5333,131,9,1107627763,200619796,1308247559,1148071,204402502,0.0
2026-06-26 20:05:03.919457,1192,0,3.0,0,870358,55672,50301,5371,9.647578675096996,5333,131,9,1107747343,200619796,1308367139,1148071,204402502,190.56573705179284
2026-06-26 20:05:03.924435,1193,0,3.0,0,870368,55672,50301,5371,9.647578675096996,5333,131,9,1107747343,200619796,1308367139,1148071,204402502,0.0
2026-06-26 20:05:03.929462,1194,0,3.0,0,870378,55680,50308,5372,9.647988505747126,5333,131,9,1107840600,200645918,1308486518,1148071,204402502,148.40978714939328
2026-06-26 20:05:03.934440,1195,0,3.0,0,870388,55680,50308,5372,9.647988505747126,5333,131,9,1107840600,200645918,1308486518,1148071,204402502,0.0
2026-06-26 20:05:03.939455,1196,0,3.0,0,870398,55695,50321,5374,9.64898105754556,5335,131,9,1108289553,200723034,1309012587,1148075,204491141,716.1762711864407
2026-06-26 20:05:03.944440,1197,0,3.0,0,870408,55695,50321,5374,9.64898105754556,5335,131,9,1108289553,200723034,1309012587,1148075,204491141,0.0
2026-06-26 20:05:03.949463,1198,0,3.0,0,870418,55704,50330,5374,9.647422088180383,5336,131,9,1108478985,200723034,1309202019,1148076,204505740,301.70336452319333
2026-06-26 20:05:03.954446,1199,0,3.0,0,870428,55704,50330,5374,9.647422088180383,5336,131,9,1108478985,200723034,1309202019,1148076,204505740,0.0
2026-06-26 20:05:03.959453,1200,0,3.0,0,870438,55717,50343,5374,9.645171132688407,5336,131,9,1108676574,200723034,1309399608,1148076,204505740,315.70041941282204
2026-06-26 20:05:03.964439,1201,0,3.0,0,870448,55717,50343,5374,9.645171132688407,5336,131,9,1108676574,200723034,1309399608,1148076,204505740,0.0
2026-06-26 20:05:03.969459,1202,0,3.0,0,870458,55720,50346,5374,9.644651830581479,5336,131,9,1108727690,200723034,1309450724,1148076,204505740,81.4597609561753
2026-06-26 20:05:03.974440,1203,0,3.0,0,870468,55720,50346,5374,9.644651830581479,5336,131,9,1108727690,200723034,1309450724,1148076,204505740,0.0
2026-06-26 20:05:03.979455,1204,0,3.0,0,870478,55725,50348,5377,9.649170031404216,5336,131,9,1108794805,200782952,1309577757,1148076,204505740,107.06281156530409
2026-06-26 20:05:03.984440,1205,0,3.0,0,870488,55725,50348,5377,9.649170031404216,5336,131,9,1108794805,200782952,1309577757,1148076,204505740,0.0
2026-06-26 20:05:03.989458,1206,0,3.0,0,870498,55735,50356,5379,9.65102718220149,5339,131,9,1108988297,200817796,1309806093,1148076,204565658,308.47668393782385
2026-06-26 20:05:03.994441,1207,0,3.0,0,870508,55735,50356,5379,9.65102718220149,5339,131,9,1108988297,200817796,1309806093,1148076,204565658,0.0
2026-06-26 20:05:03.999466,1208,0,3.0,0,870518,55749,50370,5379,9.648603562395738,5341,131,9,1109154252,200817796,1309972048,1148076,204600502,264.2069651741294
2026-06-26 20:05:04.004441,1209,0,3.0,0,870528,55749,50370,5379,9.648603562395738,5341,131,9,1109154252,200817796,1309972048,1148076,204600502,0.0
2026-06-26 20:05:04.009459,1210,0,3.0,0,870538,55765,50383,5382,9.651214919752533,5342,131,9,1109479626,200945378,1310425004,1148076,204633299,518.730968513352
2026-06-26 20:05:04.014442,1211,0,3.0,0,870548,55765,50383,5382,9.651214919752533,5342,131,9,1109479626,200945378,1310425004,1148076,204633299,0.0
2026-06-26 20:05:04.019468,1212,0,3.0,0,870558,55779,50397,5382,9.648792556338407,5344,131,9,1109944742,200945378,1310890120,1148076,204728084,740.3358535614803
2026-06-26 20:05:04.024439,1213,0,3.0,0,870568,55779,50397,5382,9.648792556338407,5344,131,9,1109944742,200945378,1310890120,1148076,204728084,0.0
2026-06-26 20:05:04.029463,1214,0,3.0,0,870578,55792,50408,5384,9.650129050759967,5345,131,9,1110209847,201035567,1311245414,1148076,204755756,422.14171974522293
2026-06-26 20:05:04.034442,1215,0,3.0,0,870588,55792,50408,5384,9.650129050759967,5345,131,9,1110209847,201035567,1311245414,1148076,204755756,0.0
2026-06-26 20:05:04.039461,1216,0,3.0,0,870598,55808,50423,5385,9.649154243119266,5346,131,9,1110529450,201081676,1311611126,1148076,204818273,509.42896991432553
2026-06-26 20:05:04.044442,1217,0,3.0,0,870608,55808,50423,5385,9.649154243119266,5346,131,9,1110529450,201081676,1311611126,1148076,204818273,0.0
2026-06-26 20:05:04.049466,1218,0,3.0,0,870618,55818,50433,5385,9.64742556164678,5347,131,9,1110814966,201081676,1311896642,1148076,204864382,454.64331210191085
2026-06-26 20:05:04.054440,1219,0,3.0,0,870628,55818,50433,5385,9.64742556164678,5347,131,9,1110814966,201081676,1311896642,1148076,204864382,0.0
2026-06-26 20:05:04.059453,1220,0,3.0,0,870638,55823,50437,5386,9.648352829478888,5348,131,9,1110954513,201147256,1312101769,1148076,204929962,222.69618990624377
2026-06-26 20:05:04.064435,1221,0,3.0,0,870648,55823,50437,5386,9.648352829478888,5348,131,9,1110954513,201147256,1312101769,1148076,204929962,0.0
2026-06-26 20:05:04.069458,1222,0,3.0,0,870658,55828,50441,5387,9.64927993121731,5348,131,9,1111065176,201185161,1312250337,1148076,204929962,176.25004977105314
2026-06-26 20:05:04.074441,1223,0,3.0,0,870668,55828,50441,5387,9.64927993121731,5348,131,9,1111065176,201185161,1312250337,1148076,204929962,0.0
2026-06-26 20:05:04.079458,1224,0,3.0,0,870678,55842,50455,5387,9.646860785788475,5349,131,9,1111532426,201185161,1312717587,1148076,204967867,745.0667729718956
2026-06-26 20:05:04.084443,1225,0,3.0,0,870688,55842,50455,5387,9.646860785788475,5349,131,9,1111532426,201185161,1312717587,1148076,204967867,0.0
2026-06-26 20:05:04.089458,1226,0,3.0,0,870698,55855,50459,5396,9.660728672455466,5349,131,9,1111651272,201563801,1313215073,1148076,204967867,189.58484546360918
2026-06-26 20:05:04.094450,1227,0,3.0,0,870708,55855,50459,5396,9.660728672455466,5349,131,9,1111651272,201563801,1313215073,1148076,204967867,0.0
2026-06-26 20:05:04.099460,1228,0,3.0,0,870718,55871,50471,5400,9.665121440461062,5361,133,9,1112076534,201685501,1313762035,1148076,205459745,679.0610778443114
2026-06-26 20:05:04.104433,1229,0,3.0,0,870728,55871,50471,5400,9.665121440461062,5361,133,9,1112076534,201685501,1313762035,1148076,205459745,0.0
2026-06-26 20:05:04.109456,1230,0,3.0,0,870738,55878,50476,5402,9.667489888686067,5364,133,9,1112177856,201729315,1313907171,1148076,205521997,161.37288473024088
2026-06-26 20:05:04.114443,1231,0,3.0,0,870748,55878,50476,5402,9.667489888686067,5364,133,9,1112177856,201729315,1313907171,1148076,205521997,0.0
2026-06-26 20:05:04.119450,1232,0,3.0,0,870758,55884,50482,5402,9.66645193615346,5366,133,9,1112249707,201729315,1313979022,1148076,205565811,114.80087876972239
2026-06-26 20:05:04.124432,1233,0,3.0,0,870768,55884,50482,5402,9.66645193615346,5366,133,9,1112249707,201729315,1313979022,1148076,205565811,0.0
2026-06-26 20:05:04.129455,1234,0,3.0,0,870778,55885,50483,5402,9.666278965733202,5366,133,9,1112276848,201729315,1314006163,1148076,205565811,43.22675691817639
2026-06-26 20:05:04.134471,1235,0,3.0,0,870788,55885,50483,5402,9.666278965733202,5366,133,9,1112276848,201729315,1314006163,1148076,205565811,0.0
2026-06-26 20:05:04.139460,1236,0,3.0,0,870798,55893,50491,5402,9.664895425187412,5366,133,9,1112405911,201729315,1314135226,1148076,205565811,206.9561034275406
2026-06-26 20:05:04.144435,1237,0,3.0,0,870808,55893,50491,5402,9.664895425187412,5366,133,9,1112405911,201729315,1314135226,1148076,205565811,0.0
2026-06-26 20:05:04.149452,1238,0,3.0,0,870818,55901,50499,5402,9.663512280638987,5366,133,9,1112663837,201729315,1314393152,1148076,205565811,411.28323699421964
2026-06-26 20:05:04.154444,1239,0,3.0,0,870828,55901,50499,5402,9.663512280638987,5366,133,9,1112663837,201729315,1314393152,1148076,205565811,0.0
2026-06-26 20:05:04.159453,1240,0,3.0,0,870838,55912,50510,5402,9.66161110316211,5366,133,9,1112940689,201729315,1314670004,1148076,205565811,442.1672988620483
2026-06-26 20:05:04.164433,1241,0,3.0,0,870848,55912,50510,5402,9.66161110316211,5366,133,9,1112940689,201729315,1314670004,1148076,205565811,0.0
2026-06-26 20:05:04.169455,1242,0,3.0,0,870858,55912,50510,5402,9.66161110316211,5366,133,9,1112940689,201729315,1314670004,1148076,205565811,0.0
2026-06-26 20:05:04.174438,1243,0,3.0,0,870868,55912,50510,5402,9.66161110316211,5366,133,9,1112940689,201729315,1314670004,1148076,205565811,0.0
2026-06-26 20:05:04.179461,1244,0,3.0,0,870878,55920,50518,5402,9.660228898426324,5366,133,9,1113086300,201729315,1314815615,1148076,205565811,231.91081027274538
2026-06-26 20:05:04.184440,1245,0,3.0,0,870888,55920,50518,5402,9.660228898426324,5366,133,9,1113086300,201729315,1314815615,1148076,205565811,0.0
2026-06-26 20:05:04.189462,1246,0,3.0,0,870898,55934,50532,5402,9.657810991525727,5366,133,9,1113520610,201729315,1315249925,1148076,205565811,691.8518518518518
2026-06-26 20:05:04.194448,1247,0,3.0,0,870908,55934,50532,5402,9.657810991525727,5366,133,9,1113520610,201729315,1315249925,1148076,205565811,0.0
2026-06-26 20:05:04.199457,1248,0,3.0,0,870918,55943,50540,5403,9.658044795595517,5366,133,9,1113615426,201735588,1315351014,1148076,205565811,151.43302056298663
2026-06-26 20:05:04.204436,1249,0,3.0,0,870928,55943,50540,5403,9.658044795595517,5366,133,9,1113615426,201735588,1315351014,1148076,205565811,0.0
2026-06-26 20:05:04.209466,1250,0,3.0,0,870938,55954,50549,5405,9.659720484683849,5367,133,9,1113816792,201822673,1315639465,1148076,205572084,320.26401590457255
2026-06-26 20:05:04.214440,1251,0,3.0,0,870948,55954,50549,5405,9.659720484683849,5367,133,9,1113816792,201822673,1315639465,1148076,205572084,0.0
2026-06-26 20:05:04.219455,1252,0,3.0,0,870958,55968,50558,5410,9.666237850200114,5369,133,9,1114047082,201951745,1315998827,1148076,205659169,367.3619142572283
2026-06-26 20:05:04.224439,1253,0,3.0,0,870968,55968,50558,5410,9.666237850200114,5369,133,9,1114047082,201951745,1315998827,1148076,205659169,0.0
2026-06-26 20:05:04.229449,1254,0,3.0,0,870978,55973,50563,5410,9.665374376931734,5374,133,9,1114176154,201951745,1316127899,1148076,205788241,206.10299401197605
2026-06-26 20:05:04.234434,1255,0,3.0,0,870988,55973,50563,5410,9.665374376931734,5374,133,9,1114176154,201951745,1316127899,1148076,205788241,0.0
2026-06-26 20:05:04.239453,1256,0,3.0,0,870998,55973,50563,5410,9.665374376931734,5374,133,9,1114176154,201951745,1316127899,1148076,205788241,0.0
2026-06-26 20:05:04.244435,1257,0,3.0,0,871008,55973,50563,5410,9.665374376931734,5374,133,9,1114176154,201951745,1316127899,1148076,205788241,0.0
2026-06-26 20:05:04.249455,1258,0,3.0,0,871018,55979,50569,5410,9.664338412619019,5374,133,9,1114252175,201951745,1316203920,1148076,205788241,121.14900398406374
2026-06-26 20:05:04.254436,1259,0,3.0,0,871028,55979,50569,5410,9.664338412619019,5374,133,9,1114252175,201951745,1316203920,1148076,205788241,0.0
2026-06-26 20:05:04.259458,1260,0,3.0,0,871038,55991,50581,5410,9.66226715007769,5374,133,9,1114539420,201951745,1316491165,1148076,205788241,457.57865392273993
2026-06-26 20:05:04.264440,1261,0,3.0,0,871048,55991,50581,5410,9.66226715007769,5374,133,9,1114539420,201951745,1316491165,1148076,205788241,0.0
2026-06-26 20:05:04.269456,1262,0,3.0,0,871058,56001,50591,5410,9.660541776039713,5374,133,9,1114789061,201951745,1316740806,1148076,205788241,398.1515151515151
2026-06-26 20:05:04.274443,1263,0,3.0,0,871068,56001,50591,5410,9.660541776039713,5374,133,9,1114789061,201951745,1316740806,1148076,205788241,0.0
2026-06-26 20:05:04.279456,1264,0,3.0,0,871078,56017,50606,5411,9.659567631254799,5374,133,9,1115252078,202014262,1317266340,1148076,205788241,738.9060442848594
2026-06-26 20:05:04.284439,1265,0,3.0,0,871088,56017,50606,5411,9.659567631254799,5374,133,9,1115252078,202014262,1317266340,1148076,205788241,0.0
2026-06-26 20:05:04.289465,1266,0,3.0,0,871098,56029,50617,5412,9.659283585286191,5375,133,9,1115604726,202027831,1317632557,1148076,205850758,561.3179466772782
2026-06-26 20:05:04.294446,1267,0,3.0,0,871108,56029,50617,5412,9.659283585286191,5375,133,9,1115604726,202027831,1317632557,1148076,205850758,0.0
2026-06-26 20:05:04.299465,1268,0,3.0,0,871118,56040,50625,5415,9.662740899357601,5378,133,9,1115855672,202193851,1318049523,1148076,205967830,399.9936242279339
2026-06-26 20:05:04.304437,1269,0,3.0,0,871128,56040,50625,5415,9.662740899357601,5378,133,9,1115855672,202193851,1318049523,1148076,205967830,0.0
2026-06-26 20:05:04.309458,1270,0,3.0,0,871138,56050,50635,5415,9.661016949152543,5379,133,9,1116141022,202193851,1318334873,1148076,206030347,454.6504680342561
2026-06-26 20:05:04.314446,1271,0,3.0,0,871148,56050,50635,5415,9.661016949152543,5379,133,9,1116141022,202193851,1318334873,1148076,206030347,0.0
2026-06-26 20:05:04.319463,1272,0,3.0,0,871158,56066,50649,5417,9.661827132308352,5379,133,9,1116501615,202294245,1318795860,1148076,206030347,574.9938210085709
2026-06-26 20:05:04.324438,1273,0,3.0,0,871168,56066,50649,5417,9.661827132308352,5379,133,9,1116501615,202294245,1318795860,1148076,206030347,0.0
2026-06-26 20:05:04.329458,1274,0,3.0,0,871178,56082,50658,5424,9.671552369744303,5381,133,9,1116759936,202537611,1319297547,1148076,206130741,411.66693227091633
2026-06-26 20:05:04.334448,1275,0,3.0,0,871188,56082,50658,5424,9.671552369744303,5381,133,9,1116759936,202537611,1319297547,1148076,206130741,0.0
2026-06-26 20:05:04.339461,1276,0,3.0,0,871198,56098,50670,5428,9.675924275375236,5390,136,9,1117075795,202707218,1319783013,1148076,206445826,504.06383403151807
2026-06-26 20:05:04.344433,1277,0,3.0,0,871208,56098,50670,5428,9.675924275375236,5390,136,9,1117075795,202707218,1319783013,1148076,206445826,0.0
2026-06-26 20:05:04.349453,1278,0,3.0,0,871218,56107,50678,5429,9.676154490527027,5395,138,9,1117219473,202710227,1319929700,1148076,206583150,228.96892430278885
2026-06-26 20:05:04.354440,1279,0,3.0,0,871228,56107,50678,5429,9.676154490527027,5395,138,9,1117219473,202710227,1319929700,1148076,206583150,0.0
2026-06-26 20:05:04.359456,1280,0,3.0,0,871238,56111,50682,5429,9.675464703890503,5399,140,9,1117289477,202710227,1319999704,1148076,206653154,111.64912280701755
2026-06-26 20:05:04.364435,1281,0,3.0,0,871248,56111,50682,5429,9.675464703890503,5399,140,9,1117289477,202710227,1319999704,1148076,206653154,0.0
2026-06-26 20:05:04.369452,1282,0,3.0,0,871258,56126,50692,5434,9.68178740690589,5400,140,10,1117513220,202891532,1320404752,1148076,206691059,356.77576240781343
2026-06-26 20:05:04.374446,1283,0,3.0,0,871268,56126,50692,5434,9.68178740690589,5400,140,10,1117513220,202891532,1320404752,1148076,206691059,0.0
2026-06-26 20:05:04.379453,1284,0,3.0,0,871278,56142,50708,5434,9.679028178547256,5404,140,10,1117853174,202891532,1320744706,1148076,206834459,543.1659676452966
2026-06-26 20:05:04.384445,1285,0,3.0,0,871288,56142,50708,5434,9.679028178547256,5404,140,10,1117853174,202891532,1320744706,1148076,206834459,0.0
2026-06-26 20:05:04.389464,1286,0,3.0,0,871298,56158,50724,5434,9.676270522454503,5408,144,10,1118375013,202891532,1321266545,1148076,206964573,831.7816298067344
2026-06-26 20:05:04.394448,1287,0,3.0,0,871308,56158,50724,5434,9.676270522454503,5408,144,10,1118375013,202891532,1321266545,1148076,206964573,0.0
2026-06-26 20:05:04.399462,1288,0,3.0,0,871318,56174,50738,5436,9.677074803289779,5410,144,10,1118752374,202988843,1321741217,1148076,207061884,602.0917431192661
2026-06-26 20:05:04.404434,1289,0,3.0,0,871328,56174,50738,5436,9.677074803289779,5410,144,10,1118752374,202988843,1321741217,1148076,207061884,0.0
2026-06-26 20:05:04.409453,1290,0,3.0,0,871338,56186,50750,5436,9.67500800911259,5410,144,10,1118949211,202988843,1321938054,1148076,207061884,313.74696154612474
2026-06-26 20:05:04.414435,1291,0,3.0,0,871348,56186,50750,5436,9.67500800911259,5410,144,10,1118949211,202988843,1321938054,1148076,207061884,0.0
2026-06-26 20:05:04.419466,1292,0,3.0,0,871358,56190,50754,5436,9.674319273892152,5410,144,10,1119046115,202988843,1322034958,1148076,207061884,154.09103557940767
2026-06-26 20:05:04.424438,1293,0,3.0,0,871368,56190,50754,5436,9.674319273892152,5410,144,10,1119046115,202988843,1322034958,1148076,207061884,0.0
2026-06-26 20:05:04.429462,1294,0,3.0,0,871378,56206,50767,5439,9.6769028217628,5410,144,10,1119396282,203120004,1322516286,1148076,207061884,557.5907643312102
2026-06-26 20:05:04.434440,1295,0,3.0,0,871388,56206,50767,5439,9.6769028217628,5410,144,10,1119396282,203120004,1322516286,1148076,207061884,0.0
2026-06-26 20:05:04.439460,1296,0,3.0,0,871398,56222,50783,5439,9.674148909679484,5413,144,10,1119912135,203120004,1323032139,1148076,207193045,822.0764940239044
2026-06-26 20:05:04.444434,1297,0,3.0,0,871408,56222,50783,5439,9.674148909679484,5413,144,10,1119912135,203120004,1323032139,1148076,207193045,0.0
2026-06-26 20:05:04.449457,1298,0,3.0,0,871418,56237,50798,5439,9.671568540284865,5417,148,10,1120362958,203120004,1323482962,1148076,207342637,718.0139358948835
2026-06-26 20:05:04.454438,1299,0,3.0,0,871428,56237,50798,5439,9.671568540284865,5417,148,10,1120362958,203120004,1323482962,1148076,207342637,0.0
2026-06-26 20:05:04.459453,1300,0,3.0,0,871438,56248,50808,5440,9.671454985066136,5420,151,10,1120683829,203169163,1323852992,1148076,207458454,511.8580259222333
2026-06-26 20:05:04.464436,1301,0,3.0,0,871448,56248,50808,5440,9.671454985066136,5420,151,10,1120683829,203169163,1323852992,1148076,207458454,0.0
2026-06-26 20:05:04.469465,1302,0,3.0,0,871458,56257,50814,5443,9.675240414526193,5422,151,10,1120820615,203261918,1324082533,1148076,207511198,217.59554583416187
2026-06-26 20:05:04.474440,1303,0,3.0,0,871468,56257,50814,5443,9.675240414526193,5422,151,10,1120820615,203261918,1324082533,1148076,207511198,0.0
2026-06-26 20:05:04.479454,1304,0,3.0,0,871478,56259,50816,5443,9.674896461010682,5424,151,10,1120909785,203261918,1324171703,1148076,207600368,142.27363382528918
2026-06-26 20:05:04.484437,1305,0,3.0,0,871488,56259,50816,5443,9.674896461010682,5424,151,10,1120909785,203261918,1324171703,1148076,207600368,0.0
2026-06-26 20:05:04.489453,1306,0,3.0,0,871498,56264,50820,5444,9.675814019621782,5425,151,10,1120965156,203263007,1324228163,1148076,207601457,88.31100478468899
2026-06-26 20:05:04.494438,1307,0,3.0,0,871508,56264,50820,5444,9.675814019621782,5425,151,10,1120965156,203263007,1324228163,1148076,207601457,0.0
2026-06-26 20:05:04.499457,1308,0,3.0,0,871518,56275,50828,5447,9.679253665037761,5427,151,10,1121202331,203404394,1324606725,1148076,207688559,378.04343494720064
2026-06-26 20:05:04.504441,1309,0,3.0,0,871528,56275,50828,5447,9.679253665037761,5427,151,10,1121202331,203404394,1324606725,1148076,207688559,0.0
2026-06-26 20:05:04.509466,1310,0,3.0,0,871538,56291,50839,5452,9.685384875024425,5428,151,10,1121434470,203572189,1325006659,1148076,207742844,369.5745273631841
2026-06-26 20:05:04.514443,1311,0,3.0,0,871548,56291,50839,5452,9.685384875024425,5428,151,10,1121434470,203572189,1325006659,1148076,207742844,0.0
2026-06-26 20:05:04.519459,1312,0,3.0,0,871558,56301,50849,5452,9.683664588550824,5435,153,10,1121751368,203572189,1325323557,1148076,207993645,505.4194577352472
2026-06-26 20:05:04.524437,1313,0,3.0,0,871568,56301,50849,5452,9.683664588550824,5435,153,10,1121751368,203572189,1325323557,1148076,207993645,0.0
2026-06-26 20:05:04.529456,1314,0,3.0,0,871578,56316,50864,5452,9.681085304354003,5440,158,10,1122035988,203572189,1325608177,1148076,208134038,453.6680613668061
2026-06-26 20:05:04.534443,1315,0,3.0,0,871588,56316,50864,5452,9.681085304354003,5440,158,10,1122035988,203572189,1325608177,1148076,208134038,0.0
2026-06-26 20:05:04.539454,1316,0,3.0,0,871598,56330,50878,5452,9.67867921178768,5440,158,10,1122402071,203572189,1325974260,1148076,208134038,584.4470165635602
2026-06-26 20:05:04.544440,1317,0,3.0,0,871608,56330,50878,5452,9.67867921178768,5440,158,10,1122402071,203572189,1325974260,1148076,208134038,0.0
2026-06-26 20:05:04.549459,1318,0,3.0,0,871618,56344,50892,5452,9.676274314922619,5440,158,10,1122762688,203572189,1326334877,1148076,208134038,574.8029487945806
2026-06-26 20:05:04.554440,1319,0,3.0,0,871628,56344,50892,5452,9.676274314922619,5440,158,10,1122762688,203572189,1326334877,1148076,208134038,0.0
2026-06-26 20:05:04.559459,1320,0,3.0,0,871638,56360,50908,5452,9.673527324343507,5440,158,10,1123154773,203572189,1326726962,1148076,208134038,624.9611476389719
2026-06-26 20:05:04.564436,1321,0,3.0,0,871648,56360,50908,5452,9.673527324343507,5440,158,10,1123154773,203572189,1326726962,1148076,208134038,0.0
2026-06-26 20:05:04.569456,1322,0,3.0,0,871658,56376,50923,5453,9.672555697459911,5440,158,10,1123590027,203626474,1327216501,1148076,208134038,693.6318725099602
2026-06-26 20:05:04.574437,1323,0,3.0,0,871668,56376,50923,5453,9.672555697459911,5440,158,10,1123590027,203626474,1327216501,1148076,208134038,0.0
2026-06-26 20:05:04.579461,1324,0,3.0,0,871678,56392,50937,5455,9.673357923109661,5441,158,10,1124051678,203680264,1327731942,1148076,208188323,735.1130573248407
2026-06-26 20:05:04.584438,1325,0,3.0,0,871688,56392,50937,5455,9.673357923109661,5441,158,10,1124051678,203680264,1327731942,1148076,208188323,0.0
2026-06-26 20:05:04.589451,1326,0,3.0,0,871698,56408,50953,5455,9.670614097291166,5443,158,10,1124542824,203680264,1328223088,1148076,208242113,783.7957310991422
2026-06-26 20:05:04.594439,1327,0,3.0,0,871708,56408,50953,5455,9.670614097291166,5443,158,10,1124542824,203680264,1328223088,1148076,208242113,0.0
2026-06-26 20:05:04.599451,1328,0,3.0,0,871718,56423,50968,5455,9.66804317388299,5443,158,10,1124980839,203680264,1328661103,1148076,208242113,699.146049481245
2026-06-26 20:05:04.604436,1329,0,3.0,0,871728,56423,50968,5455,9.66804317388299,5443,158,10,1124980839,203680264,1328661103,1148076,208242113,0.0
2026-06-26 20:05:04.609450,1330,0,3.0,0,871738,56439,50981,5458,9.67061783518489,5445,158,10,1125390639,203796070,1329186709,1148076,208323072,653.8492221779019
2026-06-26 20:05:04.614440,1331,0,3.0,0,871748,56439,50981,5458,9.67061783518489,5445,158,10,1125390639,203796070,1329186709,1148076,208323072,0.0
2026-06-26 20:05:04.619452,1332,0,3.0,0,871758,56455,50997,5458,9.66787707023293,5446,158,10,1125967279,203796070,1329763349,1148077,208357919,920.415003990423
2026-06-26 20:05:04.624436,1333,0,3.0,0,871768,56455,50997,5458,9.66787707023293,5446,158,10,1125967279,203796070,1329763349,1148077,208357919,0.0
2026-06-26 20:05:04.629452,1334,0,3.0,0,871778,56470,51010,5460,9.668850717194971,5446,158,10,1126247313,203869838,1330117151,1148077,208357919,446.6251993620415
2026-06-26 20:05:04.634440,1335,0,3.0,0,871788,56470,51010,5460,9.668850717194971,5446,158,10,1126247313,203869838,1330117151,1148077,208357919,0.0
2026-06-26 20:05:04.639451,1336,0,3.0,0,871798,56485,51024,5461,9.668053465521819,5448,158,10,1126684721,203895460,1330580181,1148077,208431687,698.3165036918779
2026-06-26 20:05:04.644439,1337,0,3.0,0,871808,56485,51024,5461,9.668053465521819,5448,158,10,1126684721,203895460,1330580181,1148077,208431687,0.0
2026-06-26 20:05:04.649449,1338,0,3.0,0,871818,56500,51038,5462,9.66725663716814,5449,158,10,1127169196,203910832,1331080028,1148077,208457309,773.6127744510978
2026-06-26 20:05:04.654441,1339,0,3.0,0,871828,56500,51038,5462,9.66725663716814,5449,158,10,1127169196,203910832,1331080028,1148077,208457309,0.0
2026-06-26 20:05:04.659453,1340,0,3.0,0,871838,56512,51048,5464,9.668742921857303,5451,158,10,1127543324,203966174,1331509498,1148077,208526966,597.171588188348
2026-06-26 20:05:04.664438,1341,0,3.0,0,871848,56512,51048,5464,9.668742921857303,5451,158,10,1127543324,203966174,1331509498,1148077,208526966,0.0
2026-06-26 20:05:04.669450,1342,0,3.0,0,871858,56528,51064,5464,9.666006227002548,5452,158,10,1127971687,203966174,1331937861,1148077,208528023,683.7398244213887
2026-06-26 20:05:04.674440,1343,0,3.0,0,871868,56528,51064,5464,9.666006227002548,5452,158,10,1127971687,203966174,1331937861,1148077,208528023,0.0
2026-06-26 20:05:04.679460,1344,0,3.0,0,871878,56543,51079,5464,9.66344198220823,5452,158,10,1128408058,203966174,1332374232,1148077,208528023,695.4119521912351
2026-06-26 20:05:04.684437,1345,0,3.0,0,871888,56543,51079,5464,9.66344198220823,5452,158,10,1128408058,203966174,1332374232,1148077,208528023,0.0
2026-06-26 20:05:04.689457,1346,0,3.0,0,871898,56559,51093,5466,9.66424441733411,5453,158,10,1128855098,204048130,1332903228,1148078,208560820,712.4143426294821
2026-06-26 20:05:04.694439,1347,0,3.0,0,871908,56559,51093,5466,9.66424441733411,5453,158,10,1128855098,204048130,1332903228,1148078,208560820,0.0
2026-06-26 20:05:04.699458,1348,0,3.0,0,871918,56574,51108,5466,9.661682044755542,5454,158,10,1129399173,204048130,1333447303,1148078,208609979,867.2245467224546
2026-06-26 20:05:04.704437,1349,0,3.0,0,871928,56574,51108,5466,9.661682044755542,5454,158,10,1129399173,204048130,1333447303,1148078,208609979,0.0
2026-06-26 20:05:04.709451,1350,0,3.0,0,871938,56590,51121,5469,9.66425163456441,5454,158,10,1129874583,204233570,1334108153,1148078,208609979,758.5321100917431
2026-06-26 20:05:04.714437,1351,0,3.0,0,871948,56590,51121,5469,9.66425163456441,5454,158,10,1129874583,204233570,1334108153,1148078,208609979,0.0
2026-06-26 20:05:04.719459,1352,0,3.0,0,871958,56603,51133,5470,9.66379873858276,5457,158,10,1130383837,204286862,1334670699,1148079,208795419,811.2369573874951
2026-06-26 20:05:04.724437,1353,0,3.0,0,871968,56603,51133,5470,9.66379873858276,5457,158,10,1130383837,204286862,1334670699,1148079,208795419,0.0
2026-06-26 20:05:04.729452,1354,0,3.0,0,871978,56612,51141,5471,9.664028827810359,5458,158,10,1130626735,204329909,1334956644,1148079,208848711,387.47437686939185
2026-06-26 20:05:04.734433,1355,0,3.0,0,871988,56612,51141,5471,9.664028827810359,5458,158,10,1130626735,204329909,1334956644,1148079,208848711,0.0
2026-06-26 20:05:04.739449,1356,0,3.0,0,871998,56613,51142,5471,9.663858124459047,5459,158,10,1130669782,204329909,1334999691,1148079,208891758,68.6555023923445
2026-06-26 20:05:04.744437,1357,0,3.0,0,872008,56613,51142,5471,9.663858124459047,5459,158,10,1130669782,204329909,1334999691,1148079,208891758,0.0
2026-06-26 20:05:04.749448,1358,0,3.0,0,872018,56617,51145,5472,9.664941625306886,5459,158,10,1130681113,204342458,1335023571,1148079,208891758,18.089802434643783
2026-06-26 20:05:04.754432,1359,0,3.0,0,872028,56617,51145,5472,9.664941625306886,5459,158,10,1130681113,204342458,1335023571,1148079,208891758,0.0
2026-06-26 20:05:04.759453,1360,0,3.0,0,872038,56621,51147,5474,9.667791102241218,5460,158,10,1130693871,204354237,1335048108,1148079,208904307,20.32742481577375
2026-06-26 20:05:04.764436,1361,0,3.0,0,872048,56621,51147,5474,9.667791102241218,5460,158,10,1130693871,204354237,1335048108,1148079,208904307,0.0
2026-06-26 20:05:04.769450,1362,0,3.0,0,872058,56635,51159,5476,9.668932638827581,5463,158,10,1130925634,204395871,1335321505,1148079,208950933,369.7854008775429
2026-06-26 20:05:04.774436,1363,0,3.0,0,872068,56635,51159,5476,9.668932638827581,5463,158,10,1130925634,204395871,1335321505,1148079,208950933,0.0
2026-06-26 20:05:04.779458,1364,0,3.0,0,872078,56646,51168,5478,9.670585743035694,5464,158,10,1131171181,204436097,1335607278,1148079,208957720,391.1541218637993
2026-06-26 20:05:04.784437,1365,0,3.0,0,872088,56646,51168,5478,9.670585743035694,5464,158,10,1131171181,204436097,1335607278,1148079,208957720,0.0
2026-06-26 20:05:04.789452,1366,0,3.0,0,872098,56656,51178,5478,9.668878847783112,5466,158,10,1131500879,204436097,1335936976,1148079,208997946,525.9389830508475
2026-06-26 20:05:04.794437,1367,0,3.0,0,872108,56656,51178,5478,9.668878847783112,5466,158,10,1131500879,204436097,1335936976,1148079,208997946,0.0
2026-06-26 20:05:04.799458,1368,0,3.0,0,872118,56664,51184,5480,9.671043343216152,5466,158,10,1131614582,204504749,1336119331,1148079,208997946,181.16391157140012
2026-06-26 20:05:04.804440,1369,0,3.0,0,872128,56664,51184,5480,9.671043343216152,5466,158,10,1131614582,204504749,1336119331,1148079,208997946,0.0
2026-06-26 20:05:04.809453,1370,0,3.0,0,872138,56677,51196,5481,9.670589480741747,5468,158,10,1131922947,204567266,1336490213,1148079,209066598,492.1045282266108
2026-06-26 20:05:04.814439,1371,0,3.0,0,872148,56677,51196,5481,9.670589480741747,5468,158,10,1131922947,204567266,1336490213,1148079,209066598,0.0
2026-06-26 20:05:04.819456,1372,0,3.0,0,872158,56690,51209,5481,9.668371846886577,5469,158,10,1132362899,204567266,1336930165,1148081,209129115,701.5379708989436
2026-06-26 20:05:04.824445,1373,0,3.0,0,872168,56690,51209,5481,9.668371846886577,5469,158,10,1132362899,204567266,1336930165,1148081,209129115,0.0
2026-06-26 20:05:04.829449,1374,0,3.0,0,872178,56701,51218,5483,9.67002345637643,5469,158,10,1132671329,204628749,1337300078,1148081,209129115,493.0935251798561
2026-06-26 20:05:04.834441,1375,0,3.0,0,872188,56701,51218,5483,9.67002345637643,5469,158,10,1132671329,204628749,1337300078,1148081,209129115,0.0
2026-06-26 20:05:04.839454,1376,0,3.0,0,872198,56705,51222,5483,9.669341327925226,5473,160,10,1132801468,204628749,1337430217,1148081,209259254,207.68242569319767
2026-06-26 20:05:04.844436,1377,0,3.0,0,872208,56705,51222,5483,9.669341327925226,5473,160,10,1132801468,204628749,1337430217,1148081,209259254,0.0
2026-06-26 20:05:04.849451,1378,0,3.0,0,872218,56713,51225,5488,9.67679368046127,5473,160,10,1132890096,204708821,1337598917,1148081,209259254,141.38065802592223
2026-06-26 20:05:04.859460,1379,0,3.0,0,872238,56728,51239,5489,9.675997743618671,5479,160,10,1133182537,204735962,1337918499,1148081,209366467,233.74243181136976
2026-06-26 20:05:04.864430,1380,0,3.0,0,872248,56728,51239,5489,9.675997743618671,5479,160,10,1133182537,204735962,1337918499,1148081,209366467,0.0
2026-06-26 20:05:04.869451,1381,0,3.0,0,872258,56737,51248,5489,9.674462872552303,5479,160,10,1133432122,204735962,1338168084,1148081,209366467,397.66580362477595
2026-06-26 20:05:04.874436,1382,0,3.0,0,872268,56737,51248,5489,9.674462872552303,5479,160,10,1133432122,204735962,1338168084,1148081,209366467,0.0
2026-06-26 20:05:04.879457,1383,0,3.0,0,872278,56744,51255,5489,9.673269420555478,5479,160,10,1133727382,204735962,1338463344,1148081,209366467,470.4401513642701
2026-06-26 20:05:04.884436,1384,0,3.0,0,872288,56744,51255,5489,9.673269420555478,5479,160,10,1133727382,204735962,1338463344,1148081,209366467,0.0
2026-06-26 20:05:04.894435,1385,0,3.0,0,872308,56755,51266,5489,9.671394590784953,5479,160,10,1134037920,204735962,1338773882,1148081,209366467,248.45524552455245
2026-06-26 20:05:04.899454,1386,0,3.0,0,872318,56757,51268,5489,9.67105379072185,5479,160,10,1134056616,204735962,1338792578,1148081,209366467,29.80035863717872
2026-06-26 20:05:04.904436,1387,0,3.0,0,872328,56757,51268,5489,9.67105379072185,5479,160,10,1134056616,204735962,1338792578,1148081,209366467,0.0
2026-06-26 20:05:04.909455,1388,0,3.0,0,872338,56765,51276,5489,9.669690830617458,5479,160,10,1134220864,204735962,1338956826,1148081,209366467,261.80195258019523
2026-06-26 20:05:04.914439,1389,0,3.0,0,872348,56765,51276,5489,9.669690830617458,5479,160,10,1134220864,204735962,1338956826,1148081,209366467,0.0
2026-06-26 20:05:04.919454,1390,0,3.0,0,872358,56769,51280,5489,9.66900949461854,5479,160,10,1134238281,204735962,1338974243,1148081,209366467,27.783848454636093
2026-06-26 20:05:04.934439,1391,0,3.0,0,872388,56781,51290,5491,9.67048836758775,5480,160,10,1134506442,204802066,1339308508,1148081,209401314,143.16236236236236
2026-06-26 20:05:04.939449,1392,0,3.0,0,872398,56792,51301,5491,9.668615297929286,5481,160,10,1134666166,204802066,1339468232,1148081,209432571,255.0483033932136
2026-06-26 20:05:04.944431,1393,0,3.0,0,872408,56792,51301,5491,9.668615297929286,5481,160,10,1134666166,204802066,1339468232,1148081,209432571,0.0
2026-06-26 20:05:04.949457,1394,0,3.0,0,872418,56797,51306,5491,9.667764142472315,5481,160,10,1134748227,204802066,1339550293,1148081,209432571,130.6183844011142
2026-06-26 20:05:04.954433,1395,0,3.0,0,872428,56797,51306,5491,9.667764142472315,5481,160,10,1134748227,204802066,1339550293,1148081,209432571,0.0
2026-06-26 20:05:04.959448,1396,0,3.0,0,872438,56799,51308,5491,9.667423722248632,5481,160,10,1134776537,204802066,1339578603,1148081,209432571,45.160518444666
2026-06-26 20:05:04.964432,1397,0,3.0,0,872448,56799,51308,5491,9.667423722248632,5481,160,10,1134776537,204802066,1339578603,1148081,209432571,0.0
2026-06-26 20:05:04.979450,1398,0,3.0,0,872478,56804,51313,5491,9.66657277656503,5481,160,10,1134869673,204802066,1339671739,1148081,209432571,49.612997736050076
2026-06-26 20:05:04.984436,1399,0,3.0,0,872488,56804,51313,5491,9.66657277656503,5481,160,10,1134869673,204802066,1339671739,1148081,209432571,0.0
2026-06-26 20:05:04.989460,1400,0,3.0,0,872498,56818,51323,5495,9.671230947939033,5482,160,10,1135097737,204899248,1339996985,1148081,209472544,363.1592356687898
2026-06-26 20:05:04.999460,1401,0,3.0,0,872518,56828,51333,5495,9.669529105370591,5485,160,10,1135397900,204899248,1340297148,1148081,209529753,240.1304
2026-06-26 20:05:05.004436,1402,0,3.0,0,872528,56828,51333,5495,9.669529105370591,5485,160,10,1135397900,204899248,1340297148,1148081,209529753,0.0
2026-06-26 20:05:05.009453,1403,0,3.0,0,872538,56843,51347,5496,9.668736695811269,5485,160,10,1135726701,204899984,1340626685,1148081,209529753,524.2989834562487
2026-06-26 20:05:05.029455,1404,0,3.0,0,872578,56868,51370,5498,9.668003094886403,5486,160,10,1136506301,204957874,1341464175,1148081,209530489,311.8088191180882
2026-06-26 20:05:05.034437,1405,0,3.0,0,872588,56868,51370,5498,9.668003094886403,5486,160,10,1136506301,204957874,1341464175,1148081,209530489,0.0
2026-06-26 20:05:05.039458,1406,0,3.0,0,872598,56884,51384,5500,9.668799662470994,5488,160,10,1136694075,205099217,1341793292,1148081,209588379,299.1818362875921
2026-06-26 20:05:05.044436,1407,0,3.0,0,872608,56884,51384,5500,9.668799662470994,5488,160,10,1136694075,205099217,1341793292,1148081,209588379,0.0
2026-06-26 20:05:05.049458,1408,0,3.0,0,872618,56898,51394,5504,9.673450736405497,5490,160,10,1137025372,205336921,1342362293,1148081,209729722,527.7530864197531
2026-06-26 20:05:05.054438,1409,0,3.0,0,872628,56898,51394,5504,9.673450736405497,5490,160,10,1137025372,205336921,1342362293,1148081,209729722,0.0
2026-06-26 20:05:05.059464,1410,0,3.0,0,872638,56911,51406,5505,9.67299819015656,5494,160,10,1137520779,205383030,1342903809,1148081,209967426,788.5507361719061
2026-06-26 20:05:05.064435,1411,0,3.0,0,872648,56911,51406,5505,9.67299819015656,5494,160,10,1137520779,205383030,1342903809,1148081,209967426,0.0
2026-06-26 20:05:05.069458,1412,0,3.0,0,872658,56922,51414,5508,9.676399283229681,5497,160,10,1137725086,205488947,1343214033,1148081,210043639,325.39438582520404
2026-06-26 20:05:05.074439,1413,0,3.0,0,872668,56922,51414,5508,9.676399283229681,5497,160,10,1137725086,205488947,1343214033,1148081,210043639,0.0
2026-06-26 20:05:05.079458,1414,0,3.0,0,872678,56929,51419,5510,9.678722619403116,5498,160,10,1137917464,205530493,1343447957,1148081,210119452,306.63956963538556
2026-06-26 20:05:05.084436,1415,0,3.0,0,872688,56929,51419,5510,9.678722619403116,5498,160,10,1137917464,205530493,1343447957,1148081,210119452,0.0
2026-06-26 20:05:05.089451,1416,0,3.0,0,872698,56940,51430,5510,9.67685282753776,5500,160,10,1138187297,205530493,1343717790,1148081,210160998,430.4414755732802
2026-06-26 20:05:05.094440,1417,0,3.0,0,872708,56940,51430,5510,9.67685282753776,5500,160,10,1138187297,205530493,1343717790,1148081,210160998,0.0
2026-06-26 20:05:05.099449,1418,0,3.0,0,872718,56951,51439,5512,9.678495548805113,5501,160,10,1138400572,205591201,1343991773,1148081,210216327,340.6268716310641
2026-06-26 20:05:05.104439,1419,0,3.0,0,872728,56951,51439,5512,9.678495548805113,5501,160,10,1138400572,205591201,1343991773,1148081,210216327,0.0
2026-06-26 20:05:05.109455,1420,0,3.0,0,872738,56965,51453,5512,9.676116913894496,5502,160,10,1138921678,205591201,1344512879,1148081,210221706,831.11004784689
2026-06-26 20:05:05.114442,1421,0,3.0,0,872748,56965,51453,5512,9.676116913894496,5502,160,10,1138921678,205591201,1344512879,1148081,210221706,0.0
2026-06-26 20:05:05.119470,1422,0,3.0,0,872758,56981,51467,5514,9.67690984714203,5502,160,10,1139449893,205668059,1345117952,1148081,210221706,840.4375497215593
2026-06-26 20:05:05.124439,1423,0,3.0,0,872768,56981,51467,5514,9.67690984714203,5502,160,10,1139449893,205668059,1345117952,1148081,210221706,0.0
2026-06-26 20:05:05.129471,1424,0,3.0,0,872778,56996,51477,5519,9.683135658642712,5506,160,10,1139699049,205886319,1345585368,1148081,210378508,396.114467408585
2026-06-26 20:05:05.134439,1425,0,3.0,0,872788,56996,51477,5519,9.683135658642712,5506,160,10,1139699049,205886319,1345585368,1148081,210378508,0.0
2026-06-26 20:05:05.139455,1426,0,3.0,0,872798,57010,51490,5520,9.682511840028067,5509,160,10,1140037675,205901436,1345939111,1148081,210516824,540.0733652312599
2026-06-26 20:05:05.144438,1427,0,3.0,0,872808,57010,51490,5520,9.682511840028067,5509,160,10,1140037675,205901436,1345939111,1148081,210516824,0.0
2026-06-26 20:05:05.149458,1428,0,3.0,0,872818,57025,51499,5526,9.690486628671636,5511,160,10,1140268219,206135600,1346403819,1148081,210563713,367.400796812749
2026-06-26 20:05:05.154445,1429,0,3.0,0,872828,57025,51499,5526,9.690486628671636,5511,160,10,1140268219,206135600,1346403819,1148081,210563713,0.0
2026-06-26 20:05:05.159458,1430,0,3.0,0,872838,57037,51506,5531,9.697214089100058,5518,160,10,1140497636,206258963,1346756599,1148081,210849119,366.11530021942946
2026-06-26 20:05:05.164438,1431,0,3.0,0,872848,57037,51506,5531,9.697214089100058,5518,160,10,1140497636,206258963,1346756599,1148081,210849119,0.0
2026-06-26 20:05:05.169453,1432,0,3.0,0,872858,57053,51521,5532,9.696247348956234,5521,160,10,1140815302,206270744,1347086046,1148081,210889468,506.7453639082752
2026-06-26 20:05:05.174441,1433,0,3.0,0,872868,57053,51521,5532,9.696247348956234,5521,160,10,1140815302,206270744,1347086046,1148081,210889468,0.0
2026-06-26 20:05:05.179456,1434,0,3.0,0,872878,57067,51535,5532,9.693868610580546,5522,160,10,1141138654,206270744,1347409398,1148081,210901249,515.8157527417746
2026-06-26 20:05:05.184436,1435,0,3.0,0,872888,57067,51535,5532,9.693868610580546,5522,160,10,1141138654,206270744,1347409398,1148081,210901249,0.0
2026-06-26 20:05:05.189458,1436,0,3.0,0,872898,57083,51551,5532,9.691151481176533,5522,160,10,1141522520,206270744,1347793264,1148081,210901249,611.4950219036241
2026-06-26 20:05:05.194438,1437,0,3.0,0,872908,57083,51551,5532,9.691151481176533,5522,160,10,1141522520,206270744,1347793264,1148081,210901249,0.0
2026-06-26 20:05:05.199457,1438,0,3.0,0,872918,57099,51567,5532,9.688435874533704,5522,160,10,1141891274,206270744,1348162018,1148081,210901249,587.7728631201435
2026-06-26 20:05:05.204437,1439,0,3.0,0,872928,57099,51567,5532,9.688435874533704,5522,160,10,1141891274,206270744,1348162018,1148081,210901249,0.0
2026-06-26 20:05:05.209456,1440,0,3.0,0,872938,57115,51583,5532,9.68572178937232,5522,160,10,1142237642,206270744,1348508386,1148081,210901249,552.0908547519426
2026-06-26 20:05:05.214437,1441,0,3.0,0,872948,57115,51583,5532,9.68572178937232,5522,160,10,1142237642,206270744,1348508386,1148081,210901249,0.0
2026-06-26 20:05:05.219461,1442,0,3.0,0,872958,57131,51598,5533,9.68475958761443,5522,160,10,1142700648,206328106,1349028754,1148081,210901249,737.2707006369427
2026-06-26 20:05:05.224436,1443,0,3.0,0,872968,57131,51598,5533,9.68475958761443,5522,160,10,1142700648,206328106,1349028754,1148081,210901249,0.0
2026-06-26 20:05:05.229459,1444,0,3.0,0,872978,57147,51613,5534,9.683797924650463,5523,160,10,1143034721,206360903,1349395624,1148081,210958611,532.0692813059925
2026-06-26 20:05:05.234437,1445,0,3.0,0,872988,57147,51613,5534,9.683797924650463,5523,160,10,1143034721,206360903,1349395624,1148081,210958611,0.0
2026-06-26 20:05:05.239459,1446,0,3.0,0,872998,57163,51629,5534,9.68108741668562,5524,160,10,1143394174,206360903,1349755077,1148081,210991408,572.605336519315
2026-06-26 20:05:05.244436,1447,0,3.0,0,873008,57163,51629,5534,9.68108741668562,5524,160,10,1143394174,206360903,1349755077,1148081,210991408,0.0
2026-06-26 20:05:05.249461,1448,0,3.0,0,873018,57179,51643,5536,9.68187621329509,5525,160,10,1143692060,206461297,1350153357,1148081,211045693,474.246368159204
2026-06-26 20:05:05.254438,1449,0,3.0,0,873028,57179,51643,5536,9.68187621329509,5525,160,10,1143692060,206461297,1350153357,1148081,211045693,0.0
2026-06-26 20:05:05.259463,1450,0,3.0,0,873038,57194,51657,5537,9.681085428541456,5526,160,10,1144142868,206523814,1350666682,1148081,211091802,717.7042786069652
2026-06-26 20:05:05.264436,1451,0,3.0,0,873048,57194,51657,5537,9.681085428541456,5526,160,10,1144142868,206523814,1350666682,1148081,211091802,0.0
2026-06-26 20:05:05.269461,1452,0,3.0,0,873058,57209,51669,5540,9.683791011903722,5529,160,10,1144583119,206714350,1351297469,1148081,211264982,700.8971144278607
2026-06-26 20:05:05.274436,1453,0,3.0,0,873068,57209,51669,5540,9.683791011903722,5529,160,10,1144583119,206714350,1351297469,1148081,211264982,0.0
2026-06-26 20:05:05.279458,1454,0,3.0,0,873078,57223,51681,5542,9.68491690404208,5530,160,10,1144934374,206822960,1351757334,1148081,211344855,559.5459976105137
2026-06-26 20:05:05.284435,1455,0,3.0,0,873088,57223,51681,5542,9.68491690404208,5530,160,10,1144934374,206822960,1351757334,1148081,211344855,0.0
2026-06-26 20:05:05.289458,1456,0,3.0,0,873098,57228,51686,5542,9.684070734605438,5532,160,10,1145126159,206822960,1351949119,1148081,211453465,305.4509257415887
2026-06-26 20:05:05.294449,1457,0,3.0,0,873108,57228,51686,5542,9.684070734605438,5532,160,10,1145126159,206822960,1351949119,1148081,211453465,0.0
2026-06-26 20:05:05.299466,1458,0,3.0,0,873118,57244,51697,5547,9.69009852560967,5532,160,10,1145375753,207012528,1352388281,1148081,211453465,397.99720948774166
2026-06-26 20:05:05.304435,1459,0,3.0,0,873128,57244,51697,5547,9.69009852560967,5532,160,10,1145375753,207012528,1352388281,1148081,211453465,0.0
2026-06-26 20:05:05.309448,1460,0,3.0,0,873138,57258,51708,5550,9.69296866813371,5537,160,10,1145767419,207128700,1352896119,1148081,211643033,625.0404947137442
2026-06-26 20:05:05.314451,1461,0,3.0,0,873148,57258,51708,5550,9.69296866813371,5537,160,10,1145767419,207128700,1352896119,1148081,211643033,0.0
2026-06-26 20:05:05.319458,1462,0,3.0,0,873158,57267,51717,5550,9.691445335009693,5540,161,10,1145970468,207128700,1353099168,1148081,211764338,324.424206111444
2026-06-26 20:05:05.324432,1463,0,3.0,0,873168,57267,51717,5550,9.691445335009693,5540,161,10,1145970468,207128700,1353099168,1148081,211764338,0.0
2026-06-26 20:05:05.329458,1464,0,3.0,0,873178,57277,51725,5552,9.693245107111057,5541,161,10,1146193995,207186059,1353380054,1148081,211812497,355.7930760047752
2026-06-26 20:05:05.334443,1465,0,3.0,0,873188,57277,51725,5552,9.693245107111057,5541,161,10,1146193995,207186059,1353380054,1148081,211812497,0.0
2026-06-26 20:05:05.339453,1466,0,3.0,0,873198,57291,51739,5552,9.690876402925417,5543,161,10,1146493346,207186059,1353679405,1148081,211869856,478.00558882235526
2026-06-26 20:05:05.344440,1467,0,3.0,0,873208,57291,51739,5552,9.690876402925417,5543,161,10,1146493346,207186059,1353679405,1148081,211869856,0.0
2026-06-26 20:05:05.349456,1468,0,3.0,0,873218,57301,51746,5555,9.694420690738381,5543,161,10,1146635993,207342845,1353978838,1148081,211869856,227.5071770334928
2026-06-26 20:05:05.354437,1469,0,3.0,0,873228,57301,51746,5555,9.694420690738381,5543,161,10,1146635993,207342845,1353978838,1148081,211869856,0.0
2026-06-26 20:05:05.359457,1470,0,3.0,0,873238,57316,51756,5560,9.700607160304278,5546,161,10,1146995137,207510154,1354505291,1148081,212026642,572.3410358565737
2026-06-26 20:05:05.364437,1471,0,3.0,0,873248,57316,51756,5560,9.700607160304278,5546,161,10,1146995137,207510154,1354505291,1148081,212026642,0.0
2026-06-26 20:05:05.369452,1472,0,3.0,0,873258,57332,51770,5562,9.701388404381497,5551,161,10,1147456067,207564969,1355021036,1148081,212193951,735.2821535393819
2026-06-26 20:05:05.374441,1473,0,3.0,0,873268,57332,51770,5562,9.701388404381497,5551,161,10,1147456067,207564969,1355021036,1148081,212193951,0.0
2026-06-26 20:05:05.379455,1474,0,3.0,0,873278,57343,51781,5562,9.699527405263066,5553,161,10,1147764903,207564969,1355329872,1148081,212248766,492.75787794176307
2026-06-26 20:05:05.384436,1475,0,3.0,0,873288,57343,51781,5562,9.699527405263066,5553,161,10,1147764903,207564969,1355329872,1148081,212248766,0.0
2026-06-26 20:05:05.389462,1476,0,3.0,0,873298,57355,51793,5562,9.69749803853195,5553,161,10,1148054170,207564969,1355619139,1148081,212248766,460.43294866693196
2026-06-26 20:05:05.394444,1477,0,3.0,0,873308,57355,51793,5562,9.69749803853195,5553,161,10,1148054170,207564969,1355619139,1148081,212248766,0.0
2026-06-26 20:05:05.399455,1478,0,3.0,0,873318,57368,51805,5563,9.697043648026774,5554,161,10,1148298434,207598791,1355897225,1148081,212282588,389.96447814807425
2026-06-26 20:05:05.404437,1479,0,3.0,0,873328,57368,51805,5563,9.697043648026774,5554,161,10,1148298434,207598791,1355897225,1148081,212282588,0.0
2026-06-26 20:05:05.409459,1480,0,3.0,0,873338,57380,51815,5565,9.69850121993726,5555,161,10,1148535942,207679761,1356215703,1148081,212304110,378.34806849860615
2026-06-26 20:05:05.414440,1481,0,3.0,0,873348,57380,51815,5565,9.69850121993726,5555,161,10,1148535942,207679761,1356215703,1148081,212304110,0.0
2026-06-26 20:05:05.419456,1482,0,3.0,0,873358,57396,51828,5568,9.701024461634958,5556,161,10,1148906679,207797572,1356704251,1148081,212363558,591.2870813397129
2026-06-26 20:05:05.424439,1483,0,3.0,0,873368,57396,51828,5568,9.701024461634958,5556,161,10,1148906679,207797572,1356704251,1148081,212363558,0.0
2026-06-26 20:05:05.429454,1484,0,3.0,0,873378,57412,51844,5568,9.698320908520866,5559,161,10,1149321242,207797572,1357118814,1148081,212481369,661.3168494516451
2026-06-26 20:05:05.434437,1485,0,3.0,0,873388,57412,51844,5568,9.698320908520866,5559,161,10,1149321242,207797572,1357118814,1148081,212481369,0.0
2026-06-26 20:05:05.439452,1486,0,3.0,0,873398,57424,51855,5569,9.69803566453051,5559,161,10,1149563091,207835477,1357398568,1148083,212481369,385.80099700897307
2026-06-26 20:05:05.444439,1487,0,3.0,0,873408,57424,51855,5569,9.69803566453051,5559,161,10,1149563091,207835477,1357398568,1148083,212481369,0.0
2026-06-26 20:05:05.449456,1488,0,3.0,0,873418,57437,51866,5571,9.699322736215333,5560,161,10,1149853006,207948199,1357801205,1148083,212519274,462.2922064979071
2026-06-26 20:05:05.454435,1489,0,3.0,0,873428,57437,51866,5571,9.699322736215333,5560,161,10,1149853006,207948199,1357801205,1148083,212519274,0.0
2026-06-26 20:05:05.459452,1490,0,3.0,0,873438,57448,51876,5572,9.69920623868542,5562,161,10,1150065923,207993260,1358059183,1148083,212631996,339.5128562886187
2026-06-26 20:05:05.464442,1491,0,3.0,0,873448,57448,51876,5572,9.69920623868542,5562,161,10,1150065923,207993260,1358059183,1148083,212631996,0.0
2026-06-26 20:05:05.469459,1492,0,3.0,0,873458,57460,51888,5572,9.697180647406892,5563,161,10,1150406362,207993260,1358399622,1148083,212677057,542.8566872633048
2026-06-26 20:05:05.474443,1493,0,3.0,0,873468,57460,51888,5572,9.697180647406892,5563,161,10,1150406362,207993260,1358399622,1148083,212677057,0.0
2026-06-26 20:05:05.479463,1494,0,3.0,0,873478,57474,51901,5573,9.696558443818075,5567,165,10,1150726981,208040372,1358767353,1148083,212803100,510.9466135458167
2026-06-26 20:05:05.484435,1495,0,3.0,0,873488,57474,51901,5573,9.696558443818075,5567,165,10,1150726981,208040372,1358767353,1148083,212803100,0.0
2026-06-26 20:05:05.489451,1496,0,3.0,0,873498,57490,51916,5574,9.695599234649505,5568,165,10,1151218395,208069573,1359287968,1148083,212850212,783.7543859649123
2026-06-26 20:05:05.494440,1497,0,3.0,0,873508,57490,51916,5574,9.695599234649505,5568,165,10,1151218395,208069573,1359287968,1148083,212850212,0.0
2026-06-26 20:05:05.499458,1498,0,3.0,0,873518,57502,51927,5575,9.69531494556711,5569,165,10,1151547306,208084945,1359632251,1148083,212879413,524.3698684734954
2026-06-26 20:05:05.504438,1499,0,3.0,0,873528,57502,51927,5575,9.69531494556711,5569,165,10,1151547306,208084945,1359632251,1148083,212879413,0.0
2026-06-26 20:05:05.509460,1500,0,3.0,0,873538,57518,51943,5575,9.69261796307243,5570,165,10,1152131908,208084945,1360216853,1148083,212894785,931.2656312226204
2026-06-26 20:05:05.514441,1501,0,3.0,0,873548,57518,51943,5575,9.69261796307243,5570,165,10,1152131908,208084945,1360216853,1148083,212894785,0.0
2026-06-26 20:05:05.519459,1502,0,3.0,0,873558,57533,51957,5576,9.691829037248189,5571,165,10,1152623745,208127992,1360751737,1148083,212937832,784.1163810282982
2026-06-26 20:05:05.524436,1503,0,3.0,0,873568,57533,51957,5576,9.691829037248189,5571,165,10,1152623745,208127992,1360751737,1148083,212937832,0.0
2026-06-26 20:05:05.529454,1504,0,3.0,0,873578,57546,51969,5577,9.691377332916277,5571,165,10,1153005074,208201758,1361206832,1148083,212937832,607.9378238341969
2026-06-26 20:05:05.534435,1505,0,3.0,0,873588,57546,51969,5577,9.691377332916277,5571,165,10,1153005074,208201758,1361206832,1148083,212937832,0.0
2026-06-26 20:05:05.539458,1506,0,3.0,0,873598,57558,51980,5578,9.691094200632405,5572,165,10,1153381745,208202494,1361584239,1148083,213011598,599.9139956201474
2026-06-26 20:05:05.544436,1507,0,3.0,0,873608,57558,51980,5578,9.691094200632405,5572,165,10,1153381745,208202494,1361584239,1148083,213011598,0.0
2026-06-26 20:05:05.549466,1508,0,3.0,0,873618,57569,51988,5581,9.694453612187115,5573,165,10,1153646267,208322399,1361968666,1148083,213012334,420.7109343936382
2026-06-26 20:05:05.554435,1509,0,3.0,0,873628,57569,51988,5581,9.694453612187115,5573,165,10,1153646267,208322399,1361968666,1148083,213012334,0.0
2026-06-26 20:05:05.559458,1510,0,3.0,0,873638,57583,52002,5581,9.692096625740236,5576,165,10,1154107104,208322399,1362429503,1148084,213132239,733.9629703364524
2026-06-26 20:05:05.564437,1511,0,3.0,0,873648,57583,52002,5581,9.692096625740236,5576,165,10,1154107104,208322399,1362429503,1148084,213132239,0.0
2026-06-26 20:05:05.569457,1512,0,3.0,0,873658,57598,52017,5581,9.689572554602591,5576,165,10,1154559006,208322399,1362881405,1148084,213132239,720.1625498007968
2026-06-26 20:05:05.574439,1513,0,3.0,0,873668,57598,52017,5581,9.689572554602591,5576,165,10,1154559006,208322399,1362881405,1148084,213132239,0.0
2026-06-26 20:05:05.579462,1514,0,3.0,0,873678,57614,52031,5583,9.690353039191862,5577,165,10,1155049273,208433043,1363482316,1148084,213175286,780.8353573561617
2026-06-26 20:05:05.584438,1515,0,3.0,0,873688,57614,52031,5583,9.690353039191862,5577,165,10,1155049273,208433043,1363482316,1148084,213175286,0.0
2026-06-26 20:05:05.589453,1516,0,3.0,0,873698,57624,52040,5584,9.69040677495488,5579,165,10,1155376844,208493476,1363870320,1148084,213303316,522.545962113659
2026-06-26 20:05:05.594435,1517,0,3.0,0,873708,57624,52040,5584,9.69040677495488,5579,165,10,1155376844,208493476,1363870320,1148084,213303316,0.0
2026-06-26 20:05:05.599454,1518,0,3.0,0,873718,57639,52051,5588,9.694824684675307,5579,165,10,1155736534,208619029,1364355563,1148087,213303316,573.3253636182507
2026-06-26 20:05:05.604435,1519,0,3.0,0,873728,57639,52051,5588,9.694824684675307,5579,165,10,1155736534,208619029,1364355563,1148087,213303316,0.0
2026-06-26 20:05:05.609453,1520,0,3.0,0,873738,57653,52065,5588,9.692470469880146,5583,165,10,1156263450,208619029,1364882479,1148087,213428869,840.041450777202
2026-06-26 20:05:05.614436,1521,0,3.0,0,873748,57653,52065,5588,9.692470469880146,5583,165,10,1156263450,208619029,1364882479,1148087,213428869,0.0
2026-06-26 20:05:05.619452,1522,0,3.0,0,873758,57664,52075,5589,9.692355715871253,5583,165,10,1156458409,208682527,1365140936,1148087,213428869,310.93939393939394
2026-06-26 20:05:05.624436,1523,0,3.0,0,873768,57664,52075,5589,9.692355715871253,5583,165,10,1156458409,208682527,1365140936,1148087,213428869,0.0
2026-06-26 20:05:05.629454,1524,0,3.0,0,873778,57676,52086,5590,9.692072959289826,5585,165,10,1156765377,208686754,1365452131,1148087,213496594,489.3870067756078
2026-06-26 20:05:05.634438,1525,0,3.0,0,873788,57676,52086,5590,9.692072959289826,5585,165,10,1156765377,208686754,1365452131,1148087,213496594,0.0
2026-06-26 20:05:05.639455,1526,0,3.0,0,873798,57689,52098,5591,9.691622319679661,5585,165,10,1157113487,208701871,1365815358,1148087,213496594,555.0886984253538
2026-06-26 20:05:05.644437,1527,0,3.0,0,873808,57689,52098,5591,9.691622319679661,5585,165,10,1157113487,208701871,1365815358,1148087,213496594,0.0
2026-06-26 20:05:05.649456,1528,0,3.0,0,873818,57703,52112,5591,9.689270921789161,5586,165,10,1157542060,208701871,1366243931,1148087,213511711,683.1209404263798
2026-06-26 20:05:05.654433,1529,0,3.0,0,873828,57703,52112,5591,9.689270921789161,5586,165,10,1157542060,208701871,1366243931,1148087,213511711,0.0
2026-06-26 20:05:05.659456,1530,0,3.0,0,873838,57713,52122,5591,9.687592050317953,5586,165,10,1157876112,208701871,1366577983,1148087,213511711,532.035835158272
2026-06-26 20:05:05.664441,1531,0,3.0,0,873848,57713,52122,5591,9.687592050317953,5586,165,10,1157876112,208701871,1366577983,1148087,213511711,0.0
2026-06-26 20:05:05.669453,1532,0,3.0,0,873858,57724,52132,5592,9.687478345229021,5586,165,10,1158227618,208767451,1366995069,1148087,213511711,561.0630486831604
2026-06-26 20:05:05.674440,1533,0,3.0,0,873868,57724,52132,5592,9.687478345229021,5586,165,10,1158227618,208767451,1366995069,1148087,213511711,0.0
2026-06-26 20:05:05.679453,1534,0,3.0,0,873878,57738,52144,5594,9.688593300772455,5588,165,10,1158681261,208880138,1367561399,1148087,213651057,723.9465389986036
2026-06-26 20:05:05.684438,1535,0,3.0,0,873888,57738,52144,5594,9.688593300772455,5588,165,10,1158681261,208880138,1367561399,1148087,213651057,0.0
2026-06-26 20:05:05.689451,1536,0,3.0,0,873898,57754,52159,5595,9.687640682896422,5590,165,10,1159315512,208917035,1368232547,1148087,213726875,1012.1699581089168
2026-06-26 20:05:05.694436,1537,0,3.0,0,873908,57754,52159,5595,9.687640682896422,5590,165,10,1159315512,208917035,1368232547,1148087,213726875,0.0
2026-06-26 20:05:05.699457,1538,0,3.0,0,873918,57768,52169,5599,9.692217144439828,5591,165,10,1159626014,209069123,1368695137,1148087,213791414,494.725353515236
2026-06-26 20:05:05.704435,1539,0,3.0,0,873928,57768,52169,5599,9.692217144439828,5591,165,10,1159626014,209069123,1368695137,1148087,213791414,0.0
2026-06-26 20:05:05.709455,1540,0,3.0,0,873938,57784,52184,5600,9.691264017721169,5594,165,10,1160129591,209115232,1369244823,1148087,213878963,802.5131474103586
2026-06-26 20:05:05.714441,1541,0,3.0,0,873948,57784,52184,5600,9.691264017721169,5594,165,10,1160129591,209115232,1369244823,1148087,213878963,0.0
2026-06-26 20:05:05.719454,1542,0,3.0,0,873958,57797,52197,5600,9.689084208522933,5595,165,10,1160522064,209115232,1369637296,1148087,213925072,626.328346299621
2026-06-26 20:05:05.724435,1543,0,3.0,0,873968,57797,52197,5600,9.689084208522933,5595,165,10,1160522064,209115232,1369637296,1148087,213925072,0.0
2026-06-26 20:05:05.729451,1544,0,3.0,0,873978,57813,52213,5600,9.68640271219276,5595,165,10,1161108987,209115232,1370224219,1148087,213925072,936.0813397129186
2026-06-26 20:05:05.734437,1545,0,3.0,0,873988,57813,52213,5600,9.68640271219276,5595,165,10,1161108987,209115232,1370224219,1148087,213925072,0.0
2026-06-26 20:05:05.739456,1546,0,3.0,0,873998,57827,52226,5601,9.685786916146437,5595,165,10,1161652282,209142904,1370795186,1148087,213925072,865.9812711695557
2026-06-26 20:05:05.744433,1547,0,3.0,0,874008,57827,52226,5601,9.685786916146437,5595,165,10,1161652282,209142904,1370795186,1148087,213925072,0.0
2026-06-26 20:05:05.749454,1548,0,3.0,0,874018,57841,52238,5603,9.686900295638043,5596,165,10,1162183370,209233026,1371416396,1148087,213952744,846.1868153754232
2026-06-26 20:05:05.754437,1549,0,3.0,0,874028,57841,52238,5603,9.686900295638043,5596,165,10,1162183370,209233026,1371416396,1148087,213952744,0.0
2026-06-26 20:05:05.759455,1550,0,3.0,0,874038,57856,52253,5603,9.684388827433628,5598,165,10,1162770900,209233026,1372003926,1148087,214042866,936.6759665205261
2026-06-26 20:05:05.764433,1551,0,3.0,0,874048,57856,52253,5603,9.684388827433628,5598,165,10,1162770900,209233026,1372003926,1148087,214042866,0.0
2026-06-26 20:05:05.769454,1552,0,3.0,0,874058,57870,52265,5605,9.685501987212717,5599,165,10,1163243417,209341618,1372585035,1148087,214103299,752.8651663015336
2026-06-26 20:05:05.774438,1553,0,3.0,0,874068,57870,52265,5605,9.685501987212717,5599,165,10,1163243417,209341618,1372585035,1148087,214103299,0.0
2026-06-26 20:05:05.779453,1554,0,3.0,0,874078,57885,52274,5611,9.693357519219141,5601,165,10,1163625812,209622340,1373248152,1148087,214192444,610.0019940179461
2026-06-26 20:05:05.784435,1555,0,3.0,0,874088,57885,52274,5611,9.693357519219141,5601,165,10,1163625812,209622340,1373248152,1148087,214192444,0.0
2026-06-26 20:05:05.789454,1556,0,3.0,0,874098,57896,52284,5612,9.69324305651513,5607,165,10,1164015947,209679702,1373695649,1148087,214489542,621.8529587567244
2026-06-26 20:05:05.794438,1557,0,3.0,0,874108,57896,52284,5612,9.69324305651513,5607,165,10,1164015947,209679702,1373695649,1148087,214489542,0.0
2026-06-26 20:05:05.799463,1558,0,3.0,0,874118,57902,52290,5612,9.692238610065283,5611,169,10,1164190638,209679702,1373870340,1148087,214639132,278.1150248756219
2026-06-26 20:05:05.804436,1559,0,3.0,0,874128,57902,52290,5612,9.692238610065283,5611,169,10,1164190638,209679702,1373870340,1148087,214639132,0.0
2026-06-26 20:05:05.809453,1560,0,3.0,0,874138,57915,52301,5614,9.693516360183027,5611,169,10,1164595385,209749880,1374345265,1148087,214639132,645.4008371536775
2026-06-26 20:05:05.814441,1561,0,3.0,0,874148,57915,52301,5614,9.693516360183027,5611,169,10,1164595385,209749880,1374345265,1148087,214639132,0.0
2026-06-26 20:05:05.819459,1562,0,3.0,0,874158,57931,52316,5615,9.692565293193626,5613,169,10,1165133306,209793935,1374927241,1148087,214709310,857.5862893583101
2026-06-26 20:05:05.824435,1563,0,3.0,0,874168,57931,52316,5615,9.692565293193626,5613,169,10,1165133306,209793935,1374927241,1148087,214709310,0.0
2026-06-26 20:05:05.829455,1564,0,3.0,0,874178,57944,52329,5615,9.690390722076488,5614,169,10,1165509983,209793935,1375303918,1148087,214753365,600.2820717131474
2026-06-26 20:05:05.834436,1565,0,3.0,0,874188,57944,52329,5615,9.690390722076488,5614,169,10,1165509983,209793935,1375303918,1148087,214753365,0.0
2026-06-26 20:05:05.839454,1566,0,3.0,0,874198,57955,52338,5617,9.692002415667329,5614,169,10,1165723318,209850799,1375574117,1148087,214753365,340.1115982463133
2026-06-26 20:05:05.844436,1567,0,3.0,0,874208,57955,52338,5617,9.692002415667329,5614,169,10,1165723318,209850799,1375574117,1148087,214753365,0.0
2026-06-26 20:05:05.849454,1568,0,3.0,0,874218,57970,52353,5617,9.689494566154908,5616,169,10,1166196098,209850799,1376046897,1148088,214810229,753.7345555998405
2026-06-26 20:05:05.854438,1569,0,3.0,0,874228,57970,52353,5617,9.689494566154908,5616,169,10,1166196098,209850799,1376046897,1148088,214810229,0.0
2026-06-26 20:05:05.859453,1570,0,3.0,0,874238,57985,52368,5617,9.686988014141589,5616,169,10,1166788106,209850799,1376638905,1148088,214810229,944.3796610169492
2026-06-26 20:05:05.864438,1571,0,3.0,0,874248,57985,52368,5617,9.686988014141589,5616,169,10,1166788106,209850799,1376638905,1148088,214810229,0.0
2026-06-26 20:05:05.869453,1572,0,3.0,0,874258,57999,52381,5618,9.686373902998326,5617,169,10,1167236906,209854512,1377091418,1148088,214813942,715.9322033898305
2026-06-26 20:05:05.874439,1573,0,3.0,0,874268,57999,52381,5618,9.686373902998326,5617,169,10,1167236906,209854512,1377091418,1148088,214813942,0.0
2026-06-26 20:05:05.879453,1574,0,3.0,0,874278,58015,52393,5622,9.690597259329484,5617,169,10,1167686666,210064796,1377751462,1148088,214813942,717.6067012365377
2026-06-26 20:05:05.884434,1575,0,3.0,0,874288,58015,52393,5622,9.690597259329484,5617,169,10,1167686666,210064796,1377751462,1148088,214813942,0.0
2026-06-26 20:05:05.889457,1576,0,3.0,0,874298,58029,52407,5622,9.688259318616554,5621,169,10,1168235054,210064796,1378299850,1148088,215024226,873.4031455305594
2026-06-26 20:05:05.894437,1577,0,3.0,0,874308,58029,52407,5622,9.688259318616554,5621,169,10,1168235054,210064796,1378299850,1148088,215024226,0.0
2026-06-26 20:05:05.899454,1578,0,3.0,0,874318,58042,52419,5623,9.687812273870646,5621,169,10,1168659902,210105782,1378765684,1148088,215024226,677.4534582419773
2026-06-26 20:05:05.904433,1579,0,3.0,0,874328,58042,52419,5623,9.687812273870646,5621,169,10,1168659902,210105782,1378765684,1148088,215024226,0.0
2026-06-26 20:05:05.909454,1580,0,3.0,0,874338,58058,52434,5624,9.686864859278653,5622,169,10,1169217526,210143687,1379361213,1148088,215065212,888.4668392750448
2026-06-26 20:05:05.914439,1581,0,3.0,0,874348,58058,52434,5624,9.686864859278653,5622,169,10,1169217526,210143687,1379361213,1148088,215065212,0.0
2026-06-26 20:05:05.919458,1582,0,3.0,0,874358,58074,52444,5630,9.694527671591418,5623,169,10,1169683689,210450038,1380133727,1148088,215103117,743.0372584180116
2026-06-26 20:05:05.924434,1583,0,3.0,0,874368,58074,52444,5630,9.694527671591418,5623,169,10,1169683689,210450038,1380133727,1148088,215103117,0.0
2026-06-26 20:05:05.929454,1584,0,3.0,0,874378,58090,52457,5633,9.697021862626958,5630,169,10,1170231135,210610887,1380842022,1148089,215459673,872.4239043824701
2026-06-26 20:05:05.934434,1585,0,3.0,0,874388,58090,52457,5633,9.697021862626958,5630,169,10,1170231135,210610887,1380842022,1148089,215459673,0.0
2026-06-26 20:05:05.939455,1586,0,3.0,0,874398,58106,52473,5633,9.694351702061748,5632,169,10,1170918068,210610887,1381528955,1148089,215570317,1094.4959171479784
2026-06-26 20:05:05.944435,1587,0,3.0,0,874408,58106,52473,5633,9.694351702061748,5632,169,10,1170918068,210610887,1381528955,1148089,215570317,0.0
2026-06-26 20:05:05.949452,1588,0,3.0,0,874418,58121,52486,5635,9.695290858725762,5633,169,10,1171384833,210697988,1382082821,1148089,215625646,744.2934024317321
2026-06-26 20:05:05.954435,1589,0,3.0,0,874428,58121,52486,5635,9.695290858725762,5633,169,10,1171384833,210697988,1382082821,1148089,215625646,0.0
2026-06-26 20:05:05.959455,1590,0,3.0,0,874438,58137,52501,5636,9.694342673340557,5634,169,10,1171813079,210715410,1382528489,1148093,215657418,682.4637450199203
2026-06-26 20:05:05.964435,1591,0,3.0,0,874448,58137,52501,5636,9.694342673340557,5634,169,10,1171813079,210715410,1382528489,1148093,215657418,0.0
2026-06-26 20:05:05.969448,1592,0,3.0,0,874458,58152,52515,5637,9.69356170037144,5638,172,10,1172238583,210766612,1383005195,1148093,215768106,679.0408936764412
2026-06-26 20:05:05.974436,1593,0,3.0,0,874468,58152,52515,5637,9.69356170037144,5638,172,10,1172238583,210766612,1383005195,1148093,215768106,0.0
2026-06-26 20:05:05.979453,1594,0,3.0,0,874478,58164,52526,5638,9.693281067326868,5639,172,10,1172443560,210768437,1383211997,1148093,215819308,326.8519035280048
2026-06-26 20:05:05.984434,1595,0,3.0,0,874488,58164,52526,5638,9.693281067326868,5639,172,10,1172443560,210768437,1383211997,1148093,215819308,0.0
2026-06-26 20:05:05.989450,1596,0,3.0,0,874498,58177,52539,5638,9.691115045464702,5640,172,10,1172666697,210768437,1383435134,1148093,215821133,355.88038277511964
2026-06-26 20:05:05.994440,1597,0,3.0,0,874508,58177,52539,5638,9.691115045464702,5640,172,10,1172666697,210768437,1383435134,1148093,215821133,0.0
2026-06-26 20:05:05.999454,1598,0,3.0,0,874518,58193,52555,5638,9.688450500919355,5640,172,10,1172947944,210768437,1383716381,1148093,215821133,448.73873155165535
2026-06-26 20:05:06.004434,1599,0,3.0,0,874528,58193,52555,5638,9.688450500919355,5640,172,10,1172947944,210768437,1383716381,1148093,215821133,0.0
2026-06-26 20:05:06.009454,1600,0,3.0,0,874538,58208,52570,5638,9.685953820780648,5640,172,10,1173319893,210768437,1384088330,1148093,215821133,592.7474103585657
2026-06-26 20:05:06.014441,1601,0,3.0,0,874548,58208,52570,5638,9.685953820780648,5640,172,10,1173319893,210768437,1384088330,1148093,215821133,0.0
2026-06-26 20:05:06.019457,1602,0,3.0,0,874558,58224,52578,5646,9.697032151690024,5642,172,10,1173560521,211150574,1384711095,1148098,215915411,383.7767145135566
2026-06-26 20:05:06.024436,1603,0,3.0,0,874568,58224,52578,5646,9.697032151690024,5642,172,10,1173560521,211150574,1384711095,1148098,215915411,0.0
2026-06-26 20:05:06.029452,1604,0,3.0,0,874578,58240,52594,5646,9.694368131868131,5648,172,10,1174111919,211150574,1385262493,1148098,216203270,879.4226475279107
2026-06-26 20:05:06.034436,1605,0,3.0,0,874588,58240,52594,5646,9.694368131868131,5648,172,10,1174111919,211150574,1385262493,1148098,216203270,0.0
2026-06-26 20:05:06.039448,1606,0,3.0,0,874598,58256,52609,5647,9.693422136775611,5649,172,10,1174486086,211161329,1385647415,1148102,216214025,597.2338387869114
2026-06-26 20:05:06.044435,1607,0,3.0,0,874608,58256,52609,5647,9.693422136775611,5649,172,10,1174486086,211161329,1385647415,1148102,216214025,0.0
2026-06-26 20:05:06.049462,1608,0,3.0,0,874618,58272,52620,5652,9.699341021416803,5650,172,10,1174765367,211410248,1386175615,1148102,216241697,444.44957230952855
2026-06-26 20:05:06.054436,1609,0,3.0,0,874628,58272,52620,5652,9.699341021416803,5650,172,10,1174765367,211410248,1386175615,1148102,216241697,0.0
2026-06-26 20:05:06.059449,1610,0,3.0,0,874638,58288,52636,5652,9.696678561625035,5654,172,10,1175291159,211410248,1386701407,1148102,216462944,839.0855774985039
2026-06-26 20:05:06.064434,1611,0,3.0,0,874648,58288,52636,5652,9.696678561625035,5654,172,10,1175291159,211410248,1386701407,1148102,216462944,0.0
2026-06-26 20:05:06.069451,1612,0,3.0,0,874658,58304,52651,5653,9.695732711306256,5654,172,10,1175750655,211451234,1387201889,1148102,216462944,732.7024117998805
2026-06-26 20:05:06.074438,1613,0,3.0,0,874668,58304,52651,5653,9.695732711306256,5654,172,10,1175750655,211451234,1387201889,1148102,216462944,0.0
2026-06-26 20:05:06.079457,1614,0,3.0,0,874678,58320,52665,5655,9.696502057613168,5655,172,10,1176287336,211552685,1387840021,1148102,216503930,855.4389320581789
2026-06-26 20:05:06.084433,1615,0,3.0,0,874688,58320,52665,5655,9.696502057613168,5655,172,10,1176287336,211552685,1387840021,1148102,216503930,0.0
2026-06-26 20:05:06.089460,1616,0,3.0,0,874698,58336,52675,5661,9.704127811300054,5659,172,10,1176677719,211823175,1388500894,1148102,216693489,621.2580067634772
2026-06-26 20:05:06.094437,1617,0,3.0,0,874708,58336,52675,5661,9.704127811300054,5659,172,10,1176677719,211823175,1388500894,1148102,216693489,0.0
2026-06-26 20:05:06.099453,1618,0,3.0,0,874718,58352,52691,5661,9.701466959144502,5663,172,10,1177283314,211823175,1389106489,1148102,216875871,965.8612440191388
2026-06-26 20:05:06.104434,1619,0,3.0,0,874728,58352,52691,5661,9.701466959144502,5663,172,10,1177283314,211823175,1389106489,1148102,216875871,0.0
2026-06-26 20:05:06.109455,1620,0,3.0,0,874738,58368,52707,5661,9.698807565789473,5663,172,10,1177822110,211823175,1389645285,1148102,216875871,858.4680342561243
2026-06-26 20:05:06.114441,1621,0,3.0,0,874748,58368,52707,5661,9.698807565789473,5663,172,10,1177822110,211823175,1389645285,1148102,216875871,0.0
2026-06-26 20:05:06.119452,1622,0,3.0,0,874758,58384,52722,5662,9.697862428062482,5663,172,10,1178288341,211860072,1390148413,1148102,216875871,744.3320694472161
2026-06-26 20:05:06.124434,1623,0,3.0,0,874768,58384,52722,5662,9.697862428062482,5663,172,10,1178288341,211860072,1390148413,1148102,216875871,0.0
2026-06-26 20:05:06.129456,1624,0,3.0,0,874778,58400,52737,5663,9.696917808219178,5664,172,10,1178856999,211903119,1390760118,1148102,216912768,905.8669852648347
2026-06-26 20:05:06.134435,1625,0,3.0,0,874788,58400,52737,5663,9.696917808219178,5664,172,10,1178856999,211903119,1390760118,1148102,216912768,0.0
2026-06-26 20:05:06.139453,1626,0,3.0,0,874798,58416,52750,5666,9.699397425362914,5666,172,10,1179387242,212044488,1391431730,1148102,217027503,845.3455559984058
2026-06-26 20:05:06.144434,1627,0,3.0,0,874808,58416,52750,5666,9.699397425362914,5666,172,10,1179387242,212044488,1391431730,1148102,217027503,0.0
2026-06-26 20:05:06.149453,1628,0,3.0,0,874818,58432,52760,5672,9.707009857612267,5670,172,10,1179762004,212386681,1392148685,1148102,217227298,597.3492727634987
2026-06-26 20:05:06.154437,1629,0,3.0,0,874828,58432,52760,5672,9.707009857612267,5670,172,10,1179762004,212386681,1392148685,1148102,217227298,0.0
2026-06-26 20:05:06.159448,1630,0,3.0,0,874838,58448,52775,5673,9.706063509444292,5674,172,10,1180416181,212456358,1392872539,1148102,217439377,1044.3855517860707
2026-06-26 20:05:06.164435,1631,0,3.0,0,874848,58448,52775,5673,9.706063509444292,5674,172,10,1180416181,212456358,1392872539,1148102,217439377,0.0
2026-06-26 20:05:06.169450,1632,0,3.0,0,874858,58464,52790,5674,9.705117679255611,5675,172,10,1181028822,212512731,1393541553,1148102,217509054,977.2937188434696
2026-06-26 20:05:06.174434,1633,0,3.0,0,874868,58464,52790,5674,9.705117679255611,5675,172,10,1181028822,212512731,1393541553,1148102,217509054,0.0
2026-06-26 20:05:06.179455,1634,0,3.0,0,874878,58480,52805,5675,9.704172366621066,5677,172,10,1181649199,212582408,1394231607,1148104,217635104,988.4517028480383
2026-06-26 20:05:06.184433,1635,0,3.0,0,874888,58480,52805,5675,9.704172366621066,5677,172,10,1181649199,212582408,1394231607,1148104,217635104,0.0
2026-06-26 20:05:06.189454,1636,0,3.0,0,874898,58496,52820,5676,9.703227571115974,5678,172,10,1182080598,212615205,1394695803,1148104,217667901,687.3515236008764
2026-06-26 20:05:06.194436,1637,0,3.0,0,874908,58496,52820,5676,9.703227571115974,5678,172,10,1182080598,212615205,1394695803,1148104,217667901,0.0
2026-06-26 20:05:06.199452,1638,0,3.0,0,874918,58512,52836,5676,9.700574241181297,5678,172,10,1182520173,212615205,1395135378,1148104,217667901,701.0765550239234
2026-06-26 20:05:06.204434,1639,0,3.0,0,874928,58512,52836,5676,9.700574241181297,5678,172,10,1182520173,212615205,1395135378,1148104,217667901,0.0
2026-06-26 20:05:06.209456,1640,0,3.0,0,874938,58528,52851,5677,9.69963094587206,5679,172,10,1183027940,212656191,1395684131,1148105,217708887,808.868180007965
2026-06-26 20:05:06.214433,1641,0,3.0,0,874948,58528,52851,5677,9.69963094587206,5679,172,10,1183027940,212656191,1395684131,1148105,217708887,0.0
2026-06-26 20:05:06.219450,1642,0,3.0,0,874958,58543,52859,5684,9.709102710827938,5681,172,10,1183333841,212958482,1396292323,1148105,217794981,487.78313733306754
2026-06-26 20:05:06.224432,1643,0,3.0,0,874968,58543,52859,5684,9.709102710827938,5681,172,10,1183333841,212958482,1396292323,1148105,217794981,0.0
2026-06-26 20:05:06.229458,1644,0,3.0,0,874978,58559,52875,5684,9.70644990522379,5686,172,10,1183925566,212958482,1396884048,1148105,218011178,941.8623159570235
2026-06-26 20:05:06.234437,1645,0,3.0,0,874988,58559,52875,5684,9.70644990522379,5686,172,10,1183925566,212958482,1396884048,1148105,218011178,0.0
2026-06-26 20:05:06.239452,1646,0,3.0,0,874998,58575,52889,5686,9.707212974818608,5687,172,10,1184481178,213068089,1397549267,1148105,218074676,886.3202392821536
2026-06-26 20:05:06.244434,1647,0,3.0,0,875008,58575,52889,5686,9.707212974818608,5687,172,10,1184481178,213068089,1397549267,1148105,218074676,0.0
2026-06-26 20:05:06.249453,1648,0,3.0,0,875018,58591,52904,5687,9.706268880886142,5688,172,10,1185074455,213109075,1398183530,1148105,218120785,945.6497310221159
2026-06-26 20:05:06.254438,1649,0,3.0,0,875028,58591,52904,5687,9.706268880886142,5688,172,10,1185074455,213109075,1398183530,1148105,218120785,0.0
2026-06-26 20:05:06.259454,1650,0,3.0,0,875038,58607,52920,5687,9.703619021618579,5689,172,10,1185616044,213109075,1398725119,1148105,218161771,863.7783094098884
2026-06-26 20:05:06.264432,1651,0,3.0,0,875048,58607,52920,5687,9.703619021618579,5689,172,10,1185616044,213109075,1398725119,1148105,218161771,0.0
2026-06-26 20:05:06.269461,1652,0,3.0,0,875058,58623,52936,5687,9.700970608805418,5689,172,10,1186159125,213109075,1399268200,1148105,218161771,863.9188705508053
2026-06-26 20:05:06.274452,1653,0,3.0,0,875068,58623,52936,5687,9.700970608805418,5689,172,10,1186159125,213109075,1399268200,1148105,218161771,0.0
2026-06-26 20:05:06.279456,1654,0,3.0,0,875078,58638,52949,5689,9.701899791943791,5693,176,10,1186440321,213117764,1399558085,1148105,218292959,449.55395683453236
2026-06-26 20:05:06.284432,1655,0,3.0,0,875088,58638,52949,5689,9.701899791943791,5693,176,10,1186440321,213117764,1399558085,1148105,218292959,0.0
2026-06-26 20:05:06.289452,1656,0,3.0,0,875098,58646,52956,5690,9.70228148552331,5695,176,10,1186540012,213151586,1399691598,1148105,218301648,158.87011952191236
2026-06-26 20:05:06.294438,1657,0,3.0,0,875108,58646,52956,5690,9.70228148552331,5695,176,10,1186540012,213151586,1399691598,1148105,218301648,0.0
2026-06-26 20:05:06.299448,1658,0,3.0,0,875118,58661,52967,5694,9.706619389372838,5696,176,10,1186820661,213277348,1400098009,1148106,218335470,448.1421157684631
2026-06-26 20:05:06.304433,1659,0,3.0,0,875128,58661,52967,5694,9.706619389372838,5696,176,10,1186820661,213277348,1400098009,1148106,218335470,0.0
2026-06-26 20:05:06.309454,1660,0,3.0,0,875138,58675,52980,5695,9.706007669365146,5700,176,10,1187148010,213312195,1400460205,1148106,218461232,521.5678151762597
2026-06-26 20:05:06.314435,1661,0,3.0,0,875148,58675,52980,5695,9.706007669365146,5700,176,10,1187148010,213312195,1400460205,1148106,218461232,0.0
2026-06-26 20:05:06.319456,1662,0,3.0,0,875158,58684,52987,5697,9.70792720332629,5701,176,10,1187321187,213353574,1400674761,1148106,218496079,275.9243178649671
2026-06-26 20:05:06.324435,1663,0,3.0,0,875168,58684,52987,5697,9.70792720332629,5701,176,10,1187321187,213353574,1400674761,1148106,218496079,0.0
2026-06-26 20:05:06.329454,1664,0,3.0,0,875178,58700,52999,5701,9.712095400340717,5704,176,10,1187582459,213513417,1401095876,1148106,218575363,416.45267981669656
2026-06-26 20:05:06.334437,1665,0,3.0,0,875188,58700,52999,5701,9.712095400340717,5704,176,10,1187582459,213513417,1401095876,1148106,218575363,0.0
2026-06-26 20:05:06.339453,1666,0,3.0,0,875198,58715,53014,5701,9.709614238269609,5710,179,10,1188006175,213513417,1401519592,1148106,218755573,675.7830940988836
2026-06-26 20:05:06.344433,1667,0,3.0,0,875208,58715,53014,5701,9.709614238269609,5710,179,10,1188006175,213513417,1401519592,1148106,218755573,0.0
2026-06-26 20:05:06.349454,1668,0,3.0,0,875218,58728,53027,5701,9.707464923035008,5710,179,10,1188384508,213513417,1401897925,1148106,218755573,602.8010356502689
2026-06-26 20:05:06.354436,1669,0,3.0,0,875228,58728,53027,5701,9.707464923035008,5710,179,10,1188384508,213513417,1401897925,1148106,218755573,0.0
2026-06-26 20:05:06.359487,1670,0,3.0,0,875238,58744,53038,5706,9.713332425439193,5711,179,10,1188677358,213752697,1402430055,1148106,218779651,463.8289447634132
2026-06-26 20:05:06.364434,1671,0,3.0,0,875248,58744,53038,5706,9.713332425439193,5711,179,10,1188677358,213752697,1402430055,1148106,218779651,0.0
2026-06-26 20:05:06.369450,1672,0,3.0,0,875258,58760,53054,5706,9.71068754254595,5715,179,10,1189353410,213752697,1403106107,1148106,218994853,1078.2328548644339
2026-06-26 20:05:06.374437,1673,0,3.0,0,875268,58760,53054,5706,9.71068754254595,5715,179,10,1189353410,213752697,1403106107,1148106,218994853,0.0
2026-06-26 20:05:06.379448,1674,0,3.0,0,875278,58770,53063,5707,9.71073677046112,5716,179,10,1189690525,213820294,1403510819,1148106,219062450,538.1999600878069
2026-06-26 20:05:06.384436,1675,0,3.0,0,875288,58770,53063,5707,9.71073677046112,5716,179,10,1189690525,213820294,1403510819,1148106,219062450,0.0
2026-06-26 20:05:06.389460,1676,0,3.0,0,875298,58786,53077,5709,9.711495934406152,5716,179,10,1190168556,213919714,1404088270,1148106,219062450,761.1958598726114
2026-06-26 20:05:06.394436,1677,0,3.0,0,875308,58786,53077,5709,9.711495934406152,5716,179,10,1190168556,213919714,1404088270,1148106,219062450,0.0
2026-06-26 20:05:06.399458,1678,0,3.0,0,875318,58802,53085,5717,9.72245841978164,5721,179,10,1190461341,214313119,1404774460,1148106,219304250,466.40382317801675
2026-06-26 20:05:06.404434,1679,0,3.0,0,875328,58802,53085,5717,9.72245841978164,5721,179,10,1190461341,214313119,1404774460,1148106,219304250,0.0
2026-06-26 20:05:06.409452,1680,0,3.0,0,875338,58815,53098,5717,9.720309444869505,5726,179,10,1190889532,214313119,1405202651,1148106,219555275,682.6480669589478
2026-06-26 20:05:06.414434,1681,0,3.0,0,875348,58815,53098,5717,9.720309444869505,5726,179,10,1190889532,214313119,1405202651,1148106,219555275,0.0
2026-06-26 20:05:06.419462,1682,0,3.0,0,875358,58830,53113,5717,9.717831038585755,5726,179,10,1191393204,214313119,1405706323,1148106,219555275,801.387430389817
2026-06-26 20:05:06.424435,1683,0,3.0,0,875368,58830,53113,5717,9.717831038585755,5726,179,10,1191393204,214313119,1405706323,1148106,219555275,0.0
2026-06-26 20:05:06.429454,1684,0,3.0,0,875378,58846,53127,5719,9.718587499575163,5726,179,10,1191825327,214398136,1406223463,1148106,219555275,688.7794381350867
2026-06-26 20:05:06.434437,1685,0,3.0,0,875388,58846,53127,5719,9.718587499575163,5726,179,10,1191825327,214398136,1406223463,1148106,219555275,0.0
2026-06-26 20:05:06.439450,1686,0,3.0,0,875398,58862,53142,5720,9.717644660392104,5733,183,10,1192294096,214431958,1406726054,1148106,219816543,748.0853780171554
2026-06-26 20:05:06.444435,1687,0,3.0,0,875408,58862,53142,5720,9.717644660392104,5733,183,10,1192294096,214431958,1406726054,1148106,219816543,0.0
2026-06-26 20:05:06.449455,1688,0,3.0,0,875418,58878,53158,5720,9.71500390638269,5736,186,10,1192861221,214431958,1407293179,1148106,219920048,903.784860557769
2026-06-26 20:05:06.454434,1689,0,3.0,0,875428,58878,53158,5720,9.71500390638269,5736,186,10,1192861221,214431958,1407293179,1148106,219920048,0.0
2026-06-26 20:05:06.459456,1690,0,3.0,0,875438,58894,53173,5721,9.714062553061433,5737,187,10,1193372379,214497538,1407869917,1148106,219963095,814.2700119474313
2026-06-26 20:05:06.464435,1691,0,3.0,0,875448,58894,53173,5721,9.714062553061433,5737,187,10,1193372379,214497538,1407869917,1148106,219963095,0.0
2026-06-26 20:05:06.469447,1692,0,3.0,0,875458,58906,53185,5721,9.712083658710489,5738,187,10,1193779979,214497538,1408277517,1148106,220028675,650.5985634477255
2026-06-26 20:05:06.474435,1693,0,3.0,0,875468,58906,53185,5721,9.712083658710489,5738,187,10,1193779979,214497538,1408277517,1148106,220028675,0.0
2026-06-26 20:05:06.479462,1694,0,3.0,0,875478,58922,53199,5723,9.7128407046604,5739,187,10,1194315879,214601023,1408916902,1148106,220066580,852.834692659638
2026-06-26 20:05:06.484435,1695,0,3.0,0,875488,58922,53199,5723,9.7128407046604,5739,187,10,1194315879,214601023,1408916902,1148106,220066580,0.0
2026-06-26 20:05:06.489455,1696,0,3.0,0,875498,58938,53215,5723,9.710203943126675,5740,187,10,1195076732,214601023,1409677755,1148106,220132160,1212.5147410358566
2026-06-26 20:05:06.494432,1697,0,3.0,0,875508,58938,53215,5723,9.710203943126675,5740,187,10,1195076732,214601023,1409677755,1148106,220132160,0.0
2026-06-26 20:05:06.499452,1698,0,3.0,0,875518,58954,53230,5724,9.709264850561455,5740,187,10,1195697298,214652225,1410349523,1148106,220132160,988.9498007968127
2026-06-26 20:05:06.504433,1699,0,3.0,0,875528,58954,53230,5724,9.709264850561455,5740,187,10,1195697298,214652225,1410349523,1148106,220132160,0.0
2026-06-26 20:05:06.509456,1700,0,3.0,0,875538,58970,53244,5726,9.710022045107682,5741,187,10,1196276561,214784419,1411060980,1148106,220183362,922.5769460481783
2026-06-26 20:05:06.514436,1701,0,3.0,0,875548,58970,53244,5726,9.710022045107682,5741,187,10,1196276561,214784419,1411060980,1148106,220183362,0.0
2026-06-26 20:05:06.519459,1702,0,3.0,0,875558,58985,53259,5726,9.707552767652793,5747,191,10,1196842071,214784419,1411626490,1148106,220444807,900.6729046386622
2026-06-26 20:05:06.524430,1703,0,3.0,0,875568,58985,53259,5726,9.707552767652793,5747,191,10,1196842071,214784419,1411626490,1148106,220444807,0.0
2026-06-26 20:05:06.529447,1704,0,3.0,0,875578,58997,53269,5728,9.708968252623015,5748,191,10,1197262152,214918618,1412180770,1148106,220505240,669.8521028503089
2026-06-26 20:05:06.534440,1705,0,3.0,0,875588,58997,53269,5728,9.708968252623015,5748,191,10,1197262152,214918618,1412180770,1148106,220505240,0.0
2026-06-26 20:05:06.539450,1706,0,3.0,0,875598,59000,53272,5728,9.708474576271186,5749,191,10,1197402018,214918618,1412320636,1148106,220579006,223.33892215568864
2026-06-26 20:05:06.544432,1707,0,3.0,0,875608,59000,53272,5728,9.708474576271186,5749,191,10,1197402018,214918618,1412320636,1148106,220579006,0.0
2026-06-26 20:05:06.549459,1708,0,3.0,0,875618,59010,53282,5728,9.706829350957465,5749,191,10,1197826975,214918618,1412745593,1148110,220579006,676.2792918241496
2026-06-26 20:05:06.554435,1709,0,3.0,0,875628,59010,53282,5728,9.706829350957465,5749,191,10,1197826975,214918618,1412745593,1148110,220579006,0.0
2026-06-26 20:05:06.559453,1710,0,3.0,0,875638,59026,53296,5730,9.707586487310676,5750,191,10,1198411010,215064108,1413475118,1148110,220648683,931.1040255081706
2026-06-26 20:05:06.564434,1711,0,3.0,0,875648,59026,53296,5730,9.707586487310676,5750,191,10,1198411010,215064108,1413475118,1148110,220648683,0.0
2026-06-26 20:05:06.569454,1712,0,3.0,0,875658,59039,53308,5731,9.707142736157454,5751,191,10,1198911500,215129688,1414041188,1148110,220724496,797.593625498008
2026-06-26 20:05:06.574434,1713,0,3.0,0,875668,59039,53308,5731,9.707142736157454,5751,191,10,1198911500,215129688,1414041188,1148110,220724496,0.0
2026-06-26 20:05:06.579452,1714,0,3.0,0,875678,59053,53318,5735,9.711614989924305,5753,191,10,1199337481,215368916,1414706397,1148114,220859753,679.1247508967716
2026-06-26 20:05:06.584432,1715,0,3.0,0,875688,59053,53318,5735,9.711614989924305,5753,191,10,1199337481,215368916,1414706397,1148114,220859753,0.0
2026-06-26 20:05:06.589455,1716,0,3.0,0,875698,59069,53333,5736,9.7106773434458,5756,191,10,1199826343,215426278,1415252621,1148114,221029304,778.5976508062911
2026-06-26 20:05:06.594434,1717,0,3.0,0,875708,59069,53333,5736,9.7106773434458,5756,191,10,1199826343,215426278,1415252621,1148114,221029304,0.0
2026-06-26 20:05:06.599448,1718,0,3.0,0,875718,59083,53347,5736,9.708376351911717,5757,191,10,1200178197,215426278,1415604475,1148114,221086666,561.394495412844
2026-06-26 20:05:06.604433,1719,0,3.0,0,875728,59083,53347,5736,9.708376351911717,5757,191,10,1200178197,215426278,1415604475,1148114,221086666,0.0
2026-06-26 20:05:06.609453,1720,0,3.0,0,875738,59099,53361,5738,9.70913213421547,5758,191,10,1200594340,215465224,1416059564,1148114,221123563,663.1760956175299
2026-06-26 20:05:06.614434,1721,0,3.0,0,875748,59099,53361,5738,9.70913213421547,5758,191,10,1200594340,215465224,1416059564,1148114,221123563,0.0
2026-06-26 20:05:06.619450,1722,0,3.0,0,875758,59115,53376,5739,9.70819588936818,5760,191,10,1200931987,215508271,1416440258,1148114,221168659,538.5119617224881
2026-06-26 20:05:06.624433,1723,0,3.0,0,875768,59115,53376,5739,9.70819588936818,5760,191,10,1200931987,215508271,1416440258,1148114,221168659,0.0
2026-06-26 20:05:06.629448,1724,0,3.0,0,875778,59125,53385,5740,9.708245243128964,5760,191,10,1201269107,215573851,1416842958,1148114,221168659,537.7786640079761
2026-06-26 20:05:06.634428,1725,0,3.0,0,875788,59125,53385,5740,9.708245243128964,5760,191,10,1201269107,215573851,1416842958,1148114,221168659,0.0
2026-06-26 20:05:06.639451,1726,0,3.0,0,875798,59132,53391,5741,9.708787120340933,5761,191,10,1201396988,215616898,1417013886,1148114,221234239,203.67270555444952
2026-06-26 20:05:06.644433,1727,0,3.0,0,875808,59132,53391,5741,9.708787120340933,5761,191,10,1201396988,215616898,1417013886,1148114,221234239,0.0
2026-06-26 20:05:06.649449,1728,0,3.0,0,875818,59148,53407,5741,9.706160816933792,5762,191,10,1201861811,215616898,1417478709,1148115,221277286,741.3444976076555
2026-06-26 20:05:06.654436,1729,0,3.0,0,875828,59148,53407,5741,9.706160816933792,5762,191,10,1201861811,215616898,1417478709,1148115,221277286,0.0
2026-06-26 20:05:06.659450,1730,0,3.0,0,875838,59161,53418,5743,9.7074085968797,5763,191,10,1202302841,215772584,1418075425,1148115,221357159,703.677702433187
2026-06-26 20:05:06.664432,1731,0,3.0,0,875848,59161,53418,5743,9.7074085968797,5763,191,10,1202302841,215772584,1418075425,1148115,221357159,0.0
2026-06-26 20:05:06.669448,1732,0,3.0,0,875858,59177,53431,5746,9.709853490376329,5765,191,10,1202826106,215962103,1418788209,1148115,221479081,834.5534290271132
2026-06-26 20:05:06.674438,1733,0,3.0,0,875868,59177,53431,5746,9.709853490376329,5765,191,10,1202826106,215962103,1418788209,1148115,221479081,0.0
2026-06-26 20:05:06.679450,1734,0,3.0,0,875878,59189,53442,5747,9.709574414164795,5768,191,10,1203374778,216010262,1419385040,1148115,221670650,875.7733439744613
2026-06-26 20:05:06.684430,1735,0,3.0,0,875888,59189,53442,5747,9.709574414164795,5768,191,10,1203374778,216010262,1419385040,1148115,221670650,0.0
2026-06-26 20:05:06.689447,1736,0,3.0,0,875898,59201,53454,5747,9.707606290434283,5768,191,10,1203782296,216010262,1419792558,1148115,221670650,649.8194139924258
2026-06-26 20:05:06.694433,1737,0,3.0,0,875908,59201,53454,5747,9.707606290434283,5768,191,10,1203782296,216010262,1419792558,1148115,221670650,0.0
2026-06-26 20:05:06.699451,1738,0,3.0,0,875918,59211,53463,5748,9.707655672087958,5768,191,10,1204117168,216020249,1420137417,1148115,221670650,533.8732562774013
2026-06-26 20:05:06.704435,1739,0,3.0,0,875928,59211,53463,5748,9.707655672087958,5768,191,10,1204117168,216020249,1420137417,1148115,221670650,0.0
2026-06-26 20:05:06.709455,1740,0,3.0,0,875938,59225,53477,5748,9.70536091177712,5769,191,10,1204733982,216020249,1420754231,1148115,221680637,982.9705179282869
2026-06-26 20:05:06.714435,1741,0,3.0,0,875948,59225,53477,5748,9.70536091177712,5769,191,10,1204733982,216020249,1420754231,1148115,221680637,0.0
2026-06-26 20:05:06.719452,1742,0,3.0,0,875958,59241,53491,5750,9.706115696899106,5770,191,10,1205347393,216167719,1421515112,1148115,221748234,978.1319513653577
2026-06-26 20:05:06.724432,1743,0,3.0,0,875968,59241,53491,5750,9.706115696899106,5770,191,10,1205347393,216167719,1421515112,1148115,221748234,0.0
2026-06-26 20:05:06.729450,1744,0,3.0,0,875978,59256,53505,5751,9.705346294046173,5771,191,10,1205993856,216237396,1422231252,1148115,221828107,1030.63053009167
2026-06-26 20:05:06.734434,1745,0,3.0,0,875988,59256,53505,5751,9.705346294046173,5771,191,10,1205993856,216237396,1422231252,1148115,221828107,0.0
2026-06-26 20:05:06.739450,1746,0,3.0,0,875998,59271,53513,5758,9.714700275008015,5772,191,10,1206313515,216552983,1422866498,1148115,221897784,509.82296650717706
2026-06-26 20:05:06.744432,1747,0,3.0,0,876008,59271,53513,5758,9.714700275008015,5772,191,10,1206313515,216552983,1422866498,1148115,221897784,0.0
2026-06-26 20:05:06.749448,1748,0,3.0,0,876018,59287,53525,5762,9.718825374871388,5779,191,10,1206763866,216755890,1423519756,1148115,222213371,718.2631578947369
2026-06-26 20:05:06.754437,1749,0,3.0,0,876028,59287,53525,5762,9.718825374871388,5779,191,10,1206763866,216755890,1423519756,1148115,222213371,0.0
2026-06-26 20:05:06.759449,1750,0,3.0,0,876038,59300,53535,5765,9.72175379426644,5786,194,10,1207108929,216923965,1424032894,1148115,222512581,550.77893056664
2026-06-26 20:05:06.764431,1751,0,3.0,0,876048,59300,53535,5765,9.72175379426644,5786,194,10,1207108929,216923965,1424032894,1148115,222512581,0.0
2026-06-26 20:05:06.769441,1752,0,3.0,0,876058,59314,53547,5767,9.722831034831575,5790,194,10,1207400756,217024392,1424425148,1148115,222715503,465.9912175648703
2026-06-26 20:05:06.774429,1753,0,3.0,0,876068,59314,53547,5767,9.722831034831575,5790,194,10,1207400756,217024392,1424425148,1148115,222715503,0.0
2026-06-26 20:05:06.779446,1754,0,3.0,0,876078,59320,53553,5767,9.721847606203642,5790,194,11,1207470750,217024392,1424495142,1148115,222715503,111.61092286226828
2026-06-26 20:05:06.784427,1755,0,3.0,0,876088,59320,53553,5767,9.721847606203642,5790,194,11,1207470750,217024392,1424495142,1148115,222715503,0.0
2026-06-26 20:05:06.789451,1756,0,3.0,0,876098,59334,53567,5767,9.71955371287963,5790,194,11,1207858215,217024392,1424882607,1148115,222715503,616.9824840764331
2026-06-26 20:05:06.794431,1757,0,3.0,0,876108,59334,53567,5767,9.71955371287963,5790,194,11,1207858215,217024392,1424882607,1148115,222715503,0.0
2026-06-26 20:05:06.799449,1758,0,3.0,0,876118,59350,53583,5767,9.716933445661331,5790,194,11,1208388201,217024392,1425412593,1148115,222715503,844.9358310083699
2026-06-26 20:05:06.804432,1759,0,3.0,0,876128,59350,53583,5767,9.716933445661331,5790,194,11,1208388201,217024392,1425412593,1148115,222715503,0.0
2026-06-26 20:05:06.809451,1760,0,3.0,0,876138,59365,53598,5767,9.71447822791207,5790,194,11,1208848622,217024392,1425873014,1148115,222715503,733.8848376170552
2026-06-26 20:05:06.814432,1761,0,3.0,0,876148,59365,53598,5767,9.71447822791207,5790,194,11,1208848622,217024392,1425873014,1148115,222715503,0.0
2026-06-26 20:05:06.819444,1762,0,3.0,0,876158,59381,53612,5769,9.715228776881494,5790,194,11,1209219043,217099194,1426318237,1148115,222715503,591.2545889864325
2026-06-26 20:05:06.824439,1763,0,3.0,0,876168,59381,53612,5769,9.715228776881494,5790,194,11,1209219043,217099194,1426318237,1148115,222715503,0.0
2026-06-26 20:05:06.829445,1764,0,3.0,0,876178,59391,53616,5775,9.72369550942062,5793,194,11,1209343039,217250967,1426594006,1148115,222813877,198.15581302437076
2026-06-26 20:05:06.834431,1765,0,3.0,0,876188,59391,53616,5775,9.72369550942062,5793,194,11,1209343039,217250967,1426594006,1148115,222813877,0.0
2026-06-26 20:05:06.839445,1766,0,3.0,0,876198,59404,53625,5779,9.728301124503401,5800,194,11,1209547115,217330137,1426877252,1148115,222992812,325.60989230155565
2026-06-26 20:05:06.844430,1767,0,3.0,0,876208,59404,53625,5779,9.728301124503401,5800,194,11,1209547115,217330137,1426877252,1148115,222992812,0.0
2026-06-26 20:05:06.849442,1768,0,3.0,0,876218,59410,53631,5779,9.72731863322673,5802,194,11,1209640417,217330137,1426970554,1148115,223021248,148.92577813248204
2026-06-26 20:05:06.854433,1769,0,3.0,0,876228,59410,53631,5779,9.72731863322673,5802,194,11,1209640417,217330137,1426970554,1148115,223021248,0.0
2026-06-26 20:05:06.859450,1770,0,3.0,0,876238,59424,53645,5779,9.725026925148088,5802,194,11,1209894127,217330137,1427224264,1148118,223021248,404.56049431931433
2026-06-26 20:05:06.864431,1771,0,3.0,0,876248,59424,53645,5779,9.725026925148088,5802,194,11,1209894127,217330137,1427224264,1148118,223021248,0.0
2026-06-26 20:05:06.869445,1772,0,3.0,0,876258,59439,53660,5779,9.722572721613755,5802,194,11,1210178701,217330137,1427508838,1148118,223021248,454.04706820901475
2026-06-26 20:05:06.874434,1773,0,3.0,0,876268,59439,53660,5779,9.722572721613755,5802,194,11,1210178701,217330137,1427508838,1148118,223021248,0.0
2026-06-26 20:05:06.879446,1774,0,3.0,0,876278,59455,53676,5779,9.719956269447481,5802,194,11,1210527553,217330137,1427857690,1148118,223021248,556.8268156424581
2026-06-26 20:05:06.884430,1775,0,3.0,0,876288,59455,53676,5779,9.719956269447481,5802,194,11,1210527553,217330137,1427857690,1148118,223021248,0.0
2026-06-26 20:05:06.889445,1776,0,3.0,0,876298,59470,53691,5779,9.71750462418026,5802,194,11,1211016370,217330137,1428346507,1148118,223021248,779.7678963110668
2026-06-26 20:05:06.894430,1777,0,3.0,0,876308,59470,53691,5779,9.71750462418026,5802,194,11,1211016370,217330137,1428346507,1148118,223021248,0.0
2026-06-26 20:05:06.899449,1778,0,3.0,0,876318,59486,53707,5779,9.714890898698854,5802,194,11,1211576381,217330137,1428906518,1148118,223021248,892.6256226339908
2026-06-26 20:05:06.904431,1779,0,3.0,0,876328,59486,53707,5779,9.714890898698854,5802,194,11,1211576381,217330137,1428906518,1148118,223021248,0.0
2026-06-26 20:05:06.909445,1780,0,3.0,0,876338,59502,53721,5781,9.715639810426541,5803,194,11,1212074688,217445899,1429520587,1148118,223081681,795.0650179497408
2026-06-26 20:05:06.914437,1781,0,3.0,0,876348,59502,53721,5781,9.715639810426541,5803,194,11,1212074688,217445899,1429520587,1148118,223081681,0.0
2026-06-26 20:05:06.919449,1782,0,3.0,0,876358,59518,53736,5782,9.714708155515979,5804,194,11,1212533110,217493011,1430026121,1148118,223137010,731.7190742218676
2026-06-26 20:05:06.924431,1783,0,3.0,0,876368,59518,53736,5782,9.714708155515979,5804,194,11,1212533110,217493011,1430026121,1148118,223137010,0.0
2026-06-26 20:05:06.929445,1784,0,3.0,0,876378,59534,53747,5787,9.720495851110291,5805,194,11,1212925716,217739378,1430665094,1148118,223184122,626.4156362185879
2026-06-26 20:05:06.934431,1785,0,3.0,0,876388,59534,53747,5787,9.720495851110291,5805,194,11,1212925716,217739378,1430665094,1148118,223184122,0.0
2026-06-26 20:05:06.939449,1786,0,3.0,0,876398,59548,53761,5787,9.718210519244979,5810,194,11,1213501974,217739378,1431241352,1148118,223430489,918.7054603427661
2026-06-26 20:05:06.944430,1787,0,3.0,0,876408,59548,53761,5787,9.718210519244979,5810,194,11,1213501974,217739378,1431241352,1148118,223430489,0.0
2026-06-26 20:05:06.949446,1788,0,3.0,0,876418,59564,53774,5790,9.720636626150023,5812,194,11,1213962768,217795226,1431757994,1148118,223475329,734.9186602870814
2026-06-26 20:05:06.954439,1789,0,3.0,0,876428,59564,53774,5790,9.720636626150023,5812,194,11,1213962768,217795226,1431757994,1148118,223475329,0.0
2026-06-26 20:05:06.959455,1790,0,3.0,0,876438,59580,53787,5793,9.72306143001007,5815,194,11,1214460518,217957121,1432417639,1148118,223602123,793.859649122807
2026-06-26 20:05:06.964433,1791,0,3.0,0,876448,59580,53787,5793,9.72306143001007,5815,194,11,1214460518,217957121,1432417639,1148118,223602123,0.0
2026-06-26 20:05:06.969455,1792,0,3.0,0,876458,59596,53803,5793,9.720451036982347,5816,194,11,1215053454,217957121,1433010575,1148118,223648232,944.5416168857029
2026-06-26 20:05:06.974432,1793,0,3.0,0,876468,59596,53803,5793,9.720451036982347,5816,194,11,1215053454,217957121,1433010575,1148118,223648232,0.0
2026-06-26 20:05:06.979458,1794,0,3.0,0,876478,59612,53817,5795,9.721197074414548,5818,194,11,1215708596,218081092,1433789688,1148118,223772203,1042.8046159968167
2026-06-26 20:05:06.984436,1795,0,3.0,0,876488,59612,53817,5795,9.721197074414548,5818,194,11,1215708596,218081092,1433789688,1148118,223772203,0.0
2026-06-26 20:05:06.989461,1796,0,3.0,0,876498,59628,53829,5799,9.725296840410545,5819,194,11,1216255750,218237629,1434493379,1148118,223809100,871.0909452736319
2026-06-26 20:05:06.994434,1797,0,3.0,0,876508,59628,53829,5799,9.725296840410545,5819,194,11,1216255750,218237629,1434493379,1148118,223809100,0.0
2026-06-26 20:05:06.999453,1798,0,3.0,0,876518,59644,53842,5802,9.727717792233921,5823,194,11,1216779884,218381089,1435160973,1148118,223955387,835.4397290296872
2026-06-26 20:05:07.004431,1799,0,3.0,0,876528,59644,53842,5802,9.727717792233921,5823,194,11,1216779884,218381089,1435160973,1148118,223955387,0.0
2026-06-26 20:05:07.009451,1800,0,3.0,0,876538,59660,53858,5802,9.72510895072075,5825,194,11,1217376932,218381089,1435758021,1148118,224072200,951.4709163346614
2026-06-26 20:05:07.014436,1801,0,3.0,0,876548,59660,53858,5802,9.72510895072075,5825,194,11,1217376932,218381089,1435758021,1148118,224072200,0.0
2026-06-26 20:05:07.019456,1802,0,3.0,0,876558,59674,53870,5804,9.72617890538593,5825,194,11,1217792802,218484574,1436277376,1148118,224072200,662.7410358565737
2026-06-26 20:05:07.024431,1803,0,3.0,0,876568,59674,53870,5804,9.72617890538593,5825,194,11,1217792802,218484574,1436277376,1148118,224072200,0.0
2026-06-26 20:05:07.029447,1804,0,3.0,0,876578,59687,53883,5804,9.724060515690184,5827,194,11,1218228939,218484574,1436713513,1148118,224175685,695.5933014354067
2026-06-26 20:05:07.034428,1805,0,3.0,0,876588,59687,53883,5804,9.724060515690184,5827,194,11,1218228939,218484574,1436713513,1148118,224175685,0.0
2026-06-26 20:05:07.039446,1806,0,3.0,0,876598,59691,53887,5804,9.723408889112262,5827,194,11,1218301163,218484574,1436785737,1148118,224175685,115.14388202471105
2026-06-26 20:05:07.044432,1807,0,3.0,0,876608,59691,53887,5804,9.723408889112262,5827,194,11,1218301163,218484574,1436785737,1148118,224175685,0.0
2026-06-26 20:05:07.049456,1808,0,3.0,0,876618,59707,53903,5804,9.720803255899643,5827,194,11,1218954918,218484574,1437439492,1148118,224175685,1041.0111464968154
2026-06-26 20:05:07.054432,1809,0,3.0,0,876628,59707,53903,5804,9.720803255899643,5827,194,11,1218954918,218484574,1437439492,1148118,224175685,0.0
2026-06-26 20:05:07.059451,1810,0,3.0,0,876638,59723,53917,5806,9.721547812400583,5828,194,11,1219624040,218634153,1438258193,1148118,224249451,1066.5423391113768
2026-06-26 20:05:07.064431,1811,0,3.0,0,876648,59723,53917,5806,9.721547812400583,5828,194,11,1219624040,218634153,1438258193,1148118,224249451,0.0
2026-06-26 20:05:07.069446,1812,0,3.0,0,876658,59735,53929,5806,9.719594877375073,5829,194,11,1220168390,218634153,1438802543,1148118,224325264,868.3549351944167
2026-06-26 20:05:07.074434,1813,0,3.0,0,876668,59735,53929,5806,9.719594877375073,5829,194,11,1220168390,218634153,1438802543,1148118,224325264,0.0
2026-06-26 20:05:07.079450,1814,0,3.0,0,876678,59745,53939,5806,9.717968030797557,5833,198,11,1220368237,218634153,1439002390,1148118,224500479,318.7352472089314
2026-06-26 20:05:07.084431,1815,0,3.0,0,876688,59745,53939,5806,9.717968030797557,5833,198,11,1220368237,218634153,1439002390,1148118,224500479,0.0
2026-06-26 20:05:07.089449,1816,0,3.0,0,876698,59761,53955,5806,9.715366208731446,5833,198,11,1220881249,218634153,1439515402,1148118,224500479,817.874850538063
2026-06-26 20:05:07.094431,1817,0,3.0,0,876708,59761,53955,5806,9.715366208731446,5833,198,11,1220881249,218634153,1439515402,1148118,224500479,0.0
2026-06-26 20:05:07.099454,1818,0,3.0,0,876718,59765,53958,5807,9.716389190998076,5834,198,11,1221004210,218666950,1439671160,1148118,224533276,195.83675094565
2026-06-26 20:05:07.104431,1819,0,3.0,0,876728,59765,53958,5807,9.716389190998076,5834,198,11,1221004210,218666950,1439671160,1148118,224533276,0.0
2026-06-26 20:05:07.109449,1820,0,3.0,0,876738,59775,53965,5810,9.71978251777499,5834,198,11,1221267787,218803194,1440070981,1148119,224533276,420.2104424073336
2026-06-26 20:05:07.114434,1821,0,3.0,0,876748,59775,53965,5810,9.71978251777499,5834,198,11,1221267787,218803194,1440070981,1148119,224533276,0.0
2026-06-26 20:05:07.119452,1822,0,3.0,0,876758,59784,53974,5810,9.718319282751239,5837,198,11,1221638664,218803194,1440441858,1148119,224669520,591.2746113989638
2026-06-26 20:05:07.124429,1823,0,3.0,0,876768,59784,53974,5810,9.718319282751239,5837,198,11,1221638664,218803194,1440441858,1148119,224669520,0.0
2026-06-26 20:05:07.129448,1824,0,3.0,0,876778,59795,53985,5810,9.716531482565433,5837,198,11,1222011311,218803194,1440814505,1148119,224669520,593.9780832835227
2026-06-26 20:05:07.134431,1825,0,3.0,0,876788,59795,53985,5810,9.716531482565433,5837,198,11,1222011311,218803194,1440814505,1148119,224669520,0.0
2026-06-26 20:05:07.139453,1826,0,3.0,0,876798,59810,53998,5812,9.717438555425515,5838,198,11,1222558737,218880310,1441439047,1148119,224732037,872.0446037435285
2026-06-26 20:05:07.144436,1827,0,3.0,0,876808,59810,53998,5812,9.717438555425515,5838,198,11,1222558737,218880310,1441439047,1148119,224732037,0.0
2026-06-26 20:05:07.149446,1828,0,3.0,0,876818,59824,54008,5816,9.721850762235892,5839,198,11,1222985710,219065196,1442050906,1148119,224746636,681.7932135728543
2026-06-26 20:05:07.154436,1829,0,3.0,0,876828,59824,54008,5816,9.721850762235892,5839,198,11,1222985710,219065196,1442050906,1148119,224746636,0.0
2026-06-26 20:05:07.159447,1830,0,3.0,0,876838,59840,54022,5818,9.7225935828877,5843,198,11,1223513610,219189167,1442702777,1148119,224931522,842.785871083616
2026-06-26 20:05:07.164432,1831,0,3.0,0,876848,59840,54022,5818,9.7225935828877,5843,198,11,1223513610,219189167,1442702777,1148119,224931522,0.0
2026-06-26 20:05:07.169457,1832,0,3.0,0,876858,59856,54037,5819,9.721665330125635,5845,198,11,1224142216,219258844,1443401060,1148119,225055493,1000.7657711442786
2026-06-26 20:05:07.174434,1833,0,3.0,0,876868,59856,54037,5819,9.721665330125635,5845,198,11,1224142216,219258844,1443401060,1148119,225055493,0.0
2026-06-26 20:05:07.179449,1834,0,3.0,0,876878,59872,54052,5820,9.720737573490112,5846,198,11,1224796635,219302899,1444099534,1148119,225125170,1043.9385842472582
2026-06-26 20:05:07.184431,1835,0,3.0,0,876888,59872,54052,5820,9.720737573490112,5846,198,11,1224796635,219302899,1444099534,1148119,225125170,0.0
2026-06-26 20:05:07.189447,1836,0,3.0,0,876898,59888,54068,5820,9.718140528987442,5847,198,11,1225425276,219302899,1444728175,1148121,225169225,1002.6172248803828
2026-06-26 20:05:07.194431,1837,0,3.0,0,876908,59888,54068,5820,9.718140528987442,5847,198,11,1225425276,219302899,1444728175,1148121,225169225,0.0
2026-06-26 20:05:07.199449,1838,0,3.0,0,876918,59904,54082,5822,9.718883547008547,5848,198,11,1226013912,219387673,1445401585,1148121,225178186,938.4392188122758
2026-06-26 20:05:07.204429,1839,0,3.0,0,876928,59904,54082,5822,9.718883547008547,5848,198,11,1226013912,219387673,1445401585,1148121,225178186,0.0
2026-06-26 20:05:07.209448,1840,0,3.0,0,876938,59917,54093,5824,9.720112822738121,5850,198,11,1226592807,219527979,1446120786,1148121,225314432,922.7256425582785
2026-06-26 20:05:07.214435,1841,0,3.0,0,876948,59917,54093,5824,9.720112822738121,5850,198,11,1226592807,219527979,1446120786,1148121,225314432,0.0
2026-06-26 20:05:07.219449,1842,0,3.0,0,876958,59933,54099,5834,9.734203193566149,5851,198,11,1226909344,220053099,1446962443,1148121,225394305,505.04507379337855
2026-06-26 20:05:07.224430,1843,0,3.0,0,876968,59933,54099,5834,9.734203193566149,5851,198,11,1226909344,220053099,1446962443,1148121,225394305,0.0
2026-06-26 20:05:07.229449,1844,0,3.0,0,876978,59949,54110,5839,9.739945620444045,5861,198,11,1227276462,220349701,1447626163,1148121,225919425,585.1651723450886
2026-06-26 20:05:07.234436,1845,0,3.0,0,876988,59949,54110,5839,9.739945620444045,5861,198,11,1227276462,220349701,1447626163,1148121,225919425,0.0
2026-06-26 20:05:07.239453,1846,0,3.0,0,876998,59958,54119,5839,9.7384836051903,5864,198,11,1227584155,220349701,1447933856,1148122,226117160,490.640621885589
2026-06-26 20:05:07.244435,1847,0,3.0,0,877008,59958,54119,5839,9.7384836051903,5864,198,11,1227584155,220349701,1447933856,1148122,226117160,0.0
2026-06-26 20:05:07.249460,1848,0,3.0,0,877018,59968,54127,5841,9.74019477054429,5866,198,11,1227817110,220440921,1448258031,1148122,226216027,370.873631840796
2026-06-26 20:05:07.254435,1849,0,3.0,0,877028,59968,54127,5841,9.74019477054429,5866,198,11,1227817110,220440921,1448258031,1148122,226216027,0.0
2026-06-26 20:05:07.259447,1850,0,3.0,0,877038,59984,54141,5843,9.740930914910644,5869,198,11,1228259765,220548496,1448808261,1148122,226358449,706.5522745411014
2026-06-26 20:05:07.264430,1851,0,3.0,0,877048,59984,54141,5843,9.740930914910644,5869,198,11,1228259765,220548496,1448808261,1148122,226358449,0.0
2026-06-26 20:05:07.269446,1852,0,3.0,0,877058,59998,54154,5844,9.74032467748925,5870,198,11,1228797626,220598701,1449396327,1148126,226414822,857.8325358851674
2026-06-26 20:05:07.274435,1853,0,3.0,0,877068,59998,54154,5844,9.74032467748925,5870,198,11,1228797626,220598701,1449396327,1148126,226414822,0.0
2026-06-26 20:05:07.279453,1854,0,3.0,0,877078,60014,54170,5844,9.737727863498517,5871,198,11,1229420966,220598701,1450019667,1148126,226465027,993.7664408130729
2026-06-26 20:05:07.284431,1855,0,3.0,0,877088,60014,54170,5844,9.737727863498517,5871,198,11,1229420966,220598701,1450019667,1148126,226465027,0.0
2026-06-26 20:05:07.289453,1856,0,3.0,0,877098,60030,54186,5844,9.735132433783109,5871,198,11,1229999729,220598701,1450598430,1148126,226465027,921.9641577060931
2026-06-26 20:05:07.294439,1857,0,3.0,0,877108,60030,54186,5844,9.735132433783109,5871,198,11,1229999729,220598701,1450598430,1148126,226465027,0.0
2026-06-26 20:05:07.299457,1858,0,3.0,0,877118,60044,54200,5844,9.732862567450535,5871,198,11,1230461579,220598701,1451060280,1148126,226465027,736.309286568354
2026-06-26 20:05:07.304433,1859,0,3.0,0,877128,60044,54200,5844,9.732862567450535,5871,198,11,1230461579,220598701,1451060280,1148126,226465027,0.0
2026-06-26 20:05:07.309453,1860,0,3.0,0,877138,60059,54215,5844,9.730431742120249,5871,198,11,1231061302,220598701,1451660003,1148126,226465027,955.7338645418326
2026-06-26 20:05:07.314440,1861,0,3.0,0,877148,60059,54215,5844,9.730431742120249,5871,198,11,1231061302,220598701,1451660003,1148126,226465027,0.0
2026-06-26 20:05:07.319453,1862,0,3.0,0,877158,60074,54230,5844,9.728002130705462,5871,198,11,1231585807,220598701,1452184508,1148126,226465027,837.0317175344105
2026-06-26 20:05:07.324429,1863,0,3.0,0,877168,60074,54230,5844,9.728002130705462,5871,198,11,1231585807,220598701,1452184508,1148126,226465027,0.0
2026-06-26 20:05:07.329448,1864,0,3.0,0,877178,60090,54245,5845,9.727076052587785,5872,198,11,1232223657,220666298,1452889955,1148126,226532624,1016.6965530982268
2026-06-26 20:05:07.334433,1865,0,3.0,0,877188,60090,54245,5845,9.727076052587785,5872,198,11,1232223657,220666298,1452889955,1148126,226532624,0.0
2026-06-26 20:05:07.339444,1866,0,3.0,0,877198,60097,54251,5846,9.727607035292943,5873,198,11,1232483905,220742111,1453226016,1148126,226608437,415.4827379764518
2026-06-26 20:05:07.344431,1867,0,3.0,0,877208,60097,54251,5846,9.727607035292943,5873,198,11,1232483905,220742111,1453226016,1148126,226608437,0.0
2026-06-26 20:05:07.349449,1868,0,3.0,0,877218,60105,54259,5846,9.726312286831378,5873,198,11,1232721283,220742111,1453463394,1148126,226608437,378.442407333599
2026-06-26 20:05:07.354441,1869,0,3.0,0,877228,60105,54259,5846,9.726312286831378,5873,198,11,1232721283,220742111,1453463394,1148126,226608437,0.0
2026-06-26 20:05:07.359455,1870,0,3.0,0,877238,60120,54270,5850,9.73053892215569,5874,198,11,1233186476,220991074,1454177550,1148126,226678114,742.2305544475469
2026-06-26 20:05:07.364433,1871,0,3.0,0,877248,60120,54270,5850,9.73053892215569,5874,198,11,1233186476,220991074,1454177550,1148126,226678114,0.0
2026-06-26 20:05:07.369452,1872,0,3.0,0,877258,60136,54285,5851,9.729612877477717,5877,198,11,1233831996,221007986,1454839982,1148126,226857400,1028.9220960350667
2026-06-26 20:05:07.374442,1873,0,3.0,0,877268,60136,54285,5851,9.729612877477717,5877,198,11,1233831996,221007986,1454839982,1148126,226857400,0.0
2026-06-26 20:05:07.379450,1874,0,3.0,0,877278,60148,54295,5853,9.730996874376538,5879,198,11,1234043132,221105316,1455148448,1148126,226934745,337.2779552715655
2026-06-26 20:05:07.384446,1875,0,3.0,0,877288,60148,54295,5853,9.730996874376538,5879,198,11,1234043132,221105316,1455148448,1148126,226934745,0.0
2026-06-26 20:05:07.389474,1876,0,3.0,0,877298,60164,54308,5856,9.733395385945084,5880,198,11,1234619201,221204209,1455823410,1148126,226971642,916.5775656324582
2026-06-26 20:05:07.394460,1877,0,3.0,0,877308,60164,54308,5856,9.733395385945084,5880,198,11,1234619201,221204209,1455823410,1148126,226971642,0.0
2026-06-26 20:05:07.399452,1878,0,3.0,0,877318,60173,54317,5856,9.731939574227644,5883,198,11,1234781221,221204209,1455985430,1148134,227070535,259.6474358974359
2026-06-26 20:05:07.404431,1879,0,3.0,0,877328,60173,54317,5856,9.731939574227644,5883,198,11,1234781221,221204209,1455985430,1148134,227070535,0.0
2026-06-26 20:05:07.409452,1880,0,3.0,0,877338,60184,54327,5857,9.7318224112721,5883,198,11,1234891137,221261571,1456152708,1148134,227070535,175.13005377414856
2026-06-26 20:05:07.414430,1881,0,3.0,0,877348,60184,54327,5857,9.7318224112721,5883,198,11,1234891137,221261571,1456152708,1148134,227070535,0.0
2026-06-26 20:05:07.419452,1882,0,3.0,0,877358,60188,54331,5857,9.731175649631156,5884,198,11,1234978153,221261571,1456239724,1148134,227127897,138.61569095977697
2026-06-26 20:05:07.424425,1883,0,3.0,0,877368,60188,54331,5857,9.731175649631156,5884,198,11,1234978153,221261571,1456239724,1148134,227127897,0.0
2026-06-26 20:05:07.429448,1884,0,3.0,0,877378,60196,54339,5857,9.729882384211576,5884,198,11,1235023435,221261571,1456285006,1148134,227127897,72.11945052757316
2026-06-26 20:05:07.434434,1885,0,3.0,0,877388,60196,54339,5857,9.729882384211576,5884,198,11,1235023435,221261571,1456285006,1148134,227127897,0.0
2026-06-26 20:05:07.439449,1886,0,3.0,0,877398,60209,54352,5857,9.727781560896211,5884,198,11,1235113439,221261571,1456375010,1148134,227127897,143.57567298105684
2026-06-26 20:05:07.444427,1887,0,3.0,0,877408,60209,54352,5857,9.727781560896211,5884,198,11,1235113439,221261571,1456375010,1148134,227127897,0.0
2026-06-26 20:05:07.449449,1888,0,3.0,0,877418,60221,54364,5857,9.72584314441806,5884,198,11,1235149608,221261571,1456411179,1148134,227127897,57.61688570290721
2026-06-26 20:05:07.454433,1889,0,3.0,0,877428,60221,54364,5857,9.72584314441806,5884,198,11,1235149608,221261571,1456411179,1148134,227127897,0.0
2026-06-26 20:05:07.459451,1890,0,3.0,0,877438,60233,54376,5857,9.723905500307142,5884,198,11,1235180760,221261571,1456442331,1148134,227127897,49.66440813072938
2026-06-26 20:05:07.464436,1891,0,3.0,0,877448,60233,54376,5857,9.723905500307142,5884,198,11,1235180760,221261571,1456442331,1148134,227127897,0.0
2026-06-26 20:05:07.469448,1892,0,3.0,0,877458,60246,54385,5861,9.728446701855725,5884,198,11,1235358915,221538124,1456897039,1148134,227127897,284.365522745411
2026-06-26 20:05:07.474436,1893,0,3.0,0,877468,60246,54385,5861,9.728446701855725,5884,198,11,1235358915,221538124,1456897039,1148134,227127897,0.0
2026-06-26 20:05:07.479456,1894,0,3.0,0,877478,60261,54395,5866,9.734322364381606,5891,198,11,1235770346,221681084,1457451430,1148134,227486441,655.6669322709164
2026-06-26 20:05:07.484430,1895,0,3.0,0,877488,60261,54395,5866,9.734322364381606,5891,198,11,1235770346,221681084,1457451430,1148134,227486441,0.0
2026-06-26 20:05:07.489448,1896,0,3.0,0,877498,60276,54410,5866,9.731899927002456,5893,198,11,1236231302,221681084,1457912386,1148137,227547410,734.8840175368673
2026-06-26 20:05:07.494436,1897,0,3.0,0,877508,60276,54410,5866,9.731899927002456,5893,198,11,1236231302,221681084,1457912386,1148137,227547410,0.0
2026-06-26 20:05:07.499446,1898,0,3.0,0,877518,60292,54423,5869,9.734293106879852,5893,198,11,1236711414,221785727,1458497141,1148137,227547410,766.6459081836327
2026-06-26 20:05:07.504429,1899,0,3.0,0,877528,60292,54423,5869,9.734293106879852,5893,198,11,1236711414,221785727,1458497141,1148137,227547410,0.0
2026-06-26 20:05:07.509446,1900,0,3.0,0,877538,60308,54435,5873,9.738343171718512,5896,198,11,1237156220,221919957,1459076177,1148137,227652053,709.2780546143114
2026-06-26 20:05:07.514431,1901,0,3.0,0,877548,60308,54435,5873,9.738343171718512,5896,198,11,1237156220,221919957,1459076177,1148137,227652053,0.0
2026-06-26 20:05:07.519453,1902,0,3.0,0,877558,60322,54449,5873,9.73608302111999,5900,198,11,1237708813,221919957,1459628770,1148139,227786283,880.2755874153723
2026-06-26 20:05:07.524429,1903,0,3.0,0,877568,60322,54449,5873,9.73608302111999,5900,198,11,1237708813,221919957,1459628770,1148139,227786283,0.0
2026-06-26 20:05:07.529448,1904,0,3.0,0,877578,60337,54463,5874,9.735319952931038,5900,198,11,1238155307,221968116,1460123423,1148143,227786283,711.6859932257422
2026-06-26 20:05:07.534428,1905,0,3.0,0,877588,60337,54463,5874,9.735319952931038,5900,198,11,1238155307,221968116,1460123423,1148143,227786283,0.0
2026-06-26 20:05:07.539453,1906,0,3.0,0,877598,60351,54476,5875,9.734718563072692,5901,198,11,1238681105,222015228,1460696333,1148143,227834442,837.0913432835821
2026-06-26 20:05:07.544432,1907,0,3.0,0,877608,60351,54476,5875,9.734718563072692,5901,198,11,1238681105,222015228,1460696333,1148143,227834442,0.0
2026-06-26 20:05:07.549455,1908,0,3.0,0,877618,60365,54489,5876,9.73411745216599,5902,198,11,1239128757,222066430,1461195187,1148143,227881554,712.9635675890902
2026-06-26 20:05:07.554447,1909,0,3.0,0,877628,60365,54489,5876,9.73411745216599,5902,198,11,1239128757,222066430,1461195187,1148143,227881554,0.0
2026-06-26 20:05:07.559450,1910,0,3.0,0,877638,60377,54498,5879,9.737151564337413,5903,198,11,1239397749,222179146,1461576895,1148143,227932756,430.1291225264841
2026-06-26 20:05:07.564429,1911,0,3.0,0,877648,60377,54498,5879,9.737151564337413,5903,198,11,1239397749,222179146,1461576895,1148143,227932756,0.0
2026-06-26 20:05:07.569448,1912,0,3.0,0,877658,60391,54510,5881,9.738206024076435,5906,198,11,1239791281,222232427,1462023708,1148143,228045472,627.2675831839011
2026-06-26 20:05:07.574431,1913,0,3.0,0,877668,60391,54510,5881,9.738206024076435,5906,198,11,1239791281,222232427,1462023708,1148143,228045472,0.0
2026-06-26 20:05:07.579444,1914,0,3.0,0,877678,60405,54524,5881,9.735949010843473,5908,198,11,1240250688,222232427,1462483115,1148143,228098753,733.145022940355
2026-06-26 20:05:07.584429,1915,0,3.0,0,877688,60405,54524,5881,9.735949010843473,5908,198,11,1240250688,222232427,1462483115,1148143,228098753,0.0
2026-06-26 20:05:07.589449,1916,0,3.0,0,877698,60418,54533,5885,9.740474692972292,5908,198,11,1240534074,222366155,1462900229,1148143,228098753,451.61115537848605
2026-06-26 20:05:07.594431,1917,0,3.0,0,877708,60418,54533,5885,9.740474692972292,5908,198,11,1240534074,222366155,1462900229,1148143,228098753,0.0
2026-06-26 20:05:07.599451,1918,0,3.0,0,877718,60431,54545,5886,9.74003408846453,5912,198,11,1240999383,222431735,1463431118,1148143,228232481,741.5282868525896
2026-06-26 20:05:07.604424,1919,0,3.0,0,877728,60431,54545,5886,9.74003408846453,5912,198,11,1240999383,222431735,1463431118,1148143,228232481,0.0
2026-06-26 20:05:07.609443,1920,0,3.0,0,877738,60439,54553,5886,9.73874485017952,5915,201,11,1241197912,222431735,1463629647,1148143,228342609,316.4439131301056
2026-06-26 20:05:07.614431,1921,0,3.0,0,877748,60439,54553,5886,9.73874485017952,5915,201,11,1241197912,222431735,1463629647,1148143,228342609,0.0
2026-06-26 20:05:07.619450,1922,0,3.0,0,877758,60450,54563,5887,9.738626964433417,5915,201,12,1241579118,222444537,1464023655,1148143,228342609,607.6206415620642
2026-06-26 20:05:07.624430,1923,0,3.0,0,877768,60450,54563,5887,9.738626964433417,5915,201,12,1241579118,222444537,1464023655,1148143,228342609,0.0
2026-06-26 20:05:07.629446,1924,0,3.0,0,877778,60463,54573,5890,9.741494798471791,5916,201,12,1241833012,222578764,1464411776,1148143,228355411,404.93460925039875
2026-06-26 20:05:07.634431,1925,0,3.0,0,877788,60463,54573,5890,9.741494798471791,5916,201,12,1241833012,222578764,1464411776,1148143,228355411,0.0
2026-06-26 20:05:07.639444,1926,0,3.0,0,877798,60479,54587,5892,9.74222457381901,5919,201,12,1242185435,222639957,1464825392,1148143,228489638,562.4145222421704
2026-06-26 20:05:07.644431,1927,0,3.0,0,877808,60479,54587,5892,9.74222457381901,5919,201,12,1242185435,222639957,1464825392,1148143,228489638,0.0
2026-06-26 20:05:07.649444,1928,0,3.0,0,877818,60493,54599,5894,9.743276081530095,5922,201,12,1242593478,222729089,1465322567,1148143,228585678,651.1757430680232
2026-06-26 20:05:07.654430,1929,0,3.0,0,877828,60493,54599,5894,9.743276081530095,5922,201,12,1242593478,222729089,1465322567,1148143,228585678,0.0
2026-06-26 20:05:07.659441,1930,0,3.0,0,877838,60509,54613,5896,9.74400502404601,5923,201,12,1243074645,222795412,1465870057,1148143,228639963,768.1772101376971
2026-06-26 20:05:07.664429,1931,0,3.0,0,877848,60509,54613,5896,9.74400502404601,5923,201,12,1243074645,222795412,1465870057,1148143,228639963,0.0
2026-06-26 20:05:07.669441,1932,0,3.0,0,877858,60517,54621,5896,9.74271692251764,5925,201,12,1243317740,222795412,1466113152,1148143,228706286,388.02075019952116
2026-06-26 20:05:07.674427,1933,0,3.0,0,877868,60517,54621,5896,9.74271692251764,5925,201,12,1243317740,222795412,1466113152,1148143,228706286,0.0
2026-06-26 20:05:07.679440,1934,0,3.0,0,877878,60520,54624,5896,9.742233972240582,5925,201,12,1243393934,222795412,1466189346,1148143,228706286,121.59425493716337
2026-06-26 20:05:07.684427,1935,0,3.0,0,877888,60520,54624,5896,9.742233972240582,5925,201,12,1243393934,222795412,1466189346,1148143,228706286,0.0
2026-06-26 20:05:07.689445,1936,0,3.0,0,877898,60527,54631,5896,9.741107274439505,5925,201,12,1243538140,222795412,1466333552,1148143,228706286,229.90195296931049
2026-06-26 20:05:07.694424,1937,0,3.0,0,877908,60527,54631,5896,9.741107274439505,5925,201,12,1243538140,222795412,1466333552,1148143,228706286,0.0
2026-06-26 20:05:07.699448,1938,0,3.0,0,877918,60530,54634,5896,9.740624483727077,5925,201,12,1243606276,222795412,1466401688,1148143,228706286,108.4968152866242
2026-06-26 20:05:07.704427,1939,0,3.0,0,877928,60530,54634,5896,9.740624483727077,5925,201,12,1243606276,222795412,1466401688,1148143,228706286,0.0
2026-06-26 20:05:07.709439,1940,0,3.0,0,877938,60537,54640,5897,9.741150040471117,5925,201,12,1243699220,222857929,1466557149,1148143,228706286,148.35434956105348
2026-06-26 20:05:07.714425,1941,0,3.0,0,877948,60537,54640,5897,9.741150040471117,5925,201,12,1243699220,222857929,1466557149,1148143,228706286,0.0
2026-06-26 20:05:07.719443,1942,0,3.0,0,877958,60543,54646,5897,9.740184662140958,5926,201,12,1243857238,222857929,1466715167,1148143,228768803,251.9218812275807
2026-06-26 20:05:07.724427,1943,0,3.0,0,877968,60543,54646,5897,9.740184662140958,5926,201,12,1243857238,222857929,1466715167,1148143,228768803,0.0
2026-06-26 20:05:07.729444,1944,0,3.0,0,877978,60554,54656,5898,9.74006671731017,5926,201,12,1243979274,222859242,1466838516,1148143,228768803,194.59597368945586
2026-06-26 20:05:07.734430,1945,0,3.0,0,877988,60554,54656,5898,9.74006671731017,5926,201,12,1243979274,222859242,1466838516,1148143,228768803,0.0
2026-06-26 20:05:07.739448,1946,0,3.0,0,877998,60570,54671,5899,9.739144791150736,5928,201,12,1244311518,222907401,1467218919,1148143,228818275,529.6835392586688
2026-06-26 20:05:07.744427,1947,0,3.0,0,878008,60570,54671,5899,9.739144791150736,5928,201,12,1244311518,222907401,1467218919,1148143,228818275,0.0
2026-06-26 20:05:07.749445,1948,0,3.0,0,878018,60584,54685,5899,9.736894229499537,5928,201,12,1244606989,222907401,1467514390,1148143,228818275,471.05779194898366
2026-06-26 20:05:07.754431,1949,0,3.0,0,878028,60584,54685,5899,9.736894229499537,5928,201,12,1244606989,222907401,1467514390,1148143,228818275,0.0
2026-06-26 20:05:07.759442,1950,0,3.0,0,878038,60597,54696,5901,9.738105846824102,5928,201,12,1244812571,223024214,1467836785,1148143,228818275,328.2091398922371
2026-06-26 20:05:07.764426,1951,0,3.0,0,878048,60597,54696,5901,9.738105846824102,5928,201,12,1244812571,223024214,1467836785,1148143,228818275,0.0
2026-06-26 20:05:07.769447,1952,0,3.0,0,878058,60611,54704,5907,9.745755720908745,5930,201,12,1245097821,223251201,1468349022,1148143,228935088,454.49113722366064
2026-06-26 20:05:07.774430,1953,0,3.0,0,878068,60611,54704,5907,9.745755720908745,5930,201,12,1245097821,223251201,1468349022,1148143,228935088,0.0
2026-06-26 20:05:07.779449,1954,0,3.0,0,878078,60627,54718,5909,9.746482590265064,5936,201,12,1245530658,223368014,1468898672,1148143,229162075,689.9175134488942
2026-06-26 20:05:07.784426,1955,0,3.0,0,878088,60627,54718,5909,9.746482590265064,5936,201,12,1245530658,223368014,1468898672,1148143,229162075,0.0
2026-06-26 20:05:07.789441,1956,0,3.0,0,878098,60639,54729,5910,9.746202938702815,5939,201,12,1245858351,223417173,1469275524,1148143,229328047,522.7405782652044
2026-06-26 20:05:07.794427,1957,0,3.0,0,878108,60639,54729,5910,9.746202938702815,5939,201,12,1245858351,223417173,1469275524,1148143,229328047,0.0
2026-06-26 20:05:07.799446,1958,0,3.0,0,878118,60648,54738,5910,9.744756628413139,5939,201,12,1246028591,223417173,1469445764,1148143,229328047,271.35285913528594
2026-06-26 20:05:07.804431,1959,0,3.0,0,878128,60648,54738,5910,9.744756628413139,5939,201,12,1246028591,223417173,1469445764,1148143,229328047,0.0
2026-06-26 20:05:07.809446,1960,0,3.0,0,878138,60662,54751,5911,9.7441561438792,5939,201,12,1246443066,223433058,1469876124,1148143,229328047,661.1764705882352
2026-06-26 20:05:07.814434,1961,0,3.0,0,878148,60662,54751,5911,9.7441561438792,5939,201,12,1246443066,223433058,1469876124,1148143,229328047,0.0
2026-06-26 20:05:07.819453,1962,0,3.0,0,878158,60678,54762,5916,9.749826955403936,5942,201,12,1246740923,223545884,1470286807,1148143,229369670,474.7670850767085
2026-06-26 20:05:07.824429,1963,0,3.0,0,878168,60678,54762,5916,9.749826955403936,5942,201,12,1246740923,223545884,1470286807,1148143,229369670,0.0
2026-06-26 20:05:07.829448,1964,0,3.0,0,878178,60693,54777,5916,9.747417329840344,5945,201,12,1247294134,223545884,1470840018,1148143,229456758,881.7868101215381
2026-06-26 20:05:07.834429,1965,0,3.0,0,878188,60693,54777,5916,9.747417329840344,5945,201,12,1247294134,223545884,1470840018,1148143,229456758,0.0
2026-06-26 20:05:07.839445,1966,0,3.0,0,878198,60707,54791,5916,9.74516942033044,5945,201,12,1247729907,223545884,1471275791,1148143,229456758,695.0127591706539
2026-06-26 20:05:07.844429,1967,0,3.0,0,878208,60707,54791,5916,9.74516942033044,5945,201,12,1247729907,223545884,1471275791,1148143,229456758,0.0
2026-06-26 20:05:07.849445,1968,0,3.0,0,878218,60722,54806,5916,9.742762096110141,5945,201,12,1248149303,223545884,1471695187,1148143,229456758,668.8931419457736
2026-06-26 20:05:07.854429,1969,0,3.0,0,878228,60722,54806,5916,9.742762096110141,5945,201,12,1248149303,223545884,1471695187,1148143,229456758,0.0
2026-06-26 20:05:07.859444,1970,0,3.0,0,878238,60736,54820,5916,9.740516332982088,5945,201,12,1248558427,223545884,1472104311,1148143,229456758,652.640478564307
2026-06-26 20:05:07.864429,1971,0,3.0,0,878248,60736,54820,5916,9.740516332982088,5945,201,12,1248558427,223545884,1472104311,1148143,229456758,0.0
2026-06-26 20:05:07.869442,1972,0,3.0,0,878258,60751,54833,5918,9.741403433688333,5946,201,12,1248852925,223655519,1472508444,1148143,229522338,469.9748653500898
2026-06-26 20:05:07.874433,1973,0,3.0,0,878268,60751,54833,5918,9.741403433688333,5946,201,12,1248852925,223655519,1472508444,1148143,229522338,0.0
2026-06-26 20:05:07.879444,1974,0,3.0,0,878278,60767,54843,5924,9.748712294501951,5947,201,12,1249133960,223904473,1473038433,1148143,229566393,448.66892835761325
2026-06-26 20:05:07.884428,1975,0,3.0,0,878288,60767,54843,5924,9.748712294501951,5947,201,12,1249133960,223904473,1473038433,1148143,229566393,0.0
2026-06-26 20:05:07.889445,1976,0,3.0,0,878298,60783,54859,5924,9.746146126384021,5955,203,12,1249632045,223904473,1473536518,1148143,229891174,794.235598963524
2026-06-26 20:05:07.894431,1977,0,3.0,0,878308,60783,54859,5924,9.746146126384021,5955,203,12,1249632045,223904473,1473536518,1148143,229891174,0.0
2026-06-26 20:05:07.899445,1978,0,3.0,0,878318,60799,54873,5926,9.746870836691393,5955,203,12,1249955618,223986433,1473942051,1148143,229891174,516.2712405265257
2026-06-26 20:05:07.904430,1979,0,3.0,0,878328,60799,54873,5926,9.746870836691393,5955,203,12,1249955618,223986433,1473942051,1148143,229891174,0.0
2026-06-26 20:05:07.909442,1980,0,3.0,0,878338,60814,54888,5926,9.744466734633473,5957,203,12,1250370900,223986433,1474357333,1148143,229973134,662.8603351955308
2026-06-26 20:05:07.914429,1981,0,3.0,0,878348,60814,54888,5926,9.744466734633473,5957,203,12,1250370900,223986433,1474357333,1148143,229973134,0.0
2026-06-26 20:05:07.919451,1982,0,3.0,0,878358,60830,54901,5929,9.746835443037975,5958,203,12,1250686745,224117082,1474803827,1148143,230014120,503.1381919553963
2026-06-26 20:05:07.924427,1983,0,3.0,0,878368,60830,54901,5929,9.746835443037975,5958,203,12,1250686745,224117082,1474803827,1148143,230014120,0.0
2026-06-26 20:05:07.929457,1984,0,3.0,0,878378,60846,54915,5931,9.747559412286757,5961,203,12,1251074875,224205181,1475280056,1148143,230140680,617.3041749502983
2026-06-26 20:05:07.934431,1985,0,3.0,0,878388,60846,54915,5931,9.747559412286757,5961,203,12,1251074875,224205181,1475280056,1148143,230140680,0.0
2026-06-26 20:05:07.939452,1986,0,3.0,0,878398,60861,54925,5936,9.753372438836037,5963,203,12,1251296181,224342241,1475638422,1148143,230209807,352.6086436964748
2026-06-26 20:05:07.944427,1987,0,3.0,0,878408,60861,54925,5936,9.753372438836037,5963,203,12,1251296181,224342241,1475638422,1148143,230209807,0.0
2026-06-26 20:05:07.949454,1988,0,3.0,0,878418,60875,54937,5938,9.754414784394251,5968,203,12,1251552880,224398344,1475951224,1148144,230344059,408.51243286254225
2026-06-26 20:05:07.954427,1989,0,3.0,0,878428,60875,54937,5938,9.754414784394251,5968,203,12,1251552880,224398344,1475951224,1148144,230344059,0.0
2026-06-26 20:05:07.959458,1990,0,3.0,0,878438,60891,54953,5938,9.751851669376427,5969,203,12,1252088615,224398344,1476486959,1148144,230385045,851.8942556151859
2026-06-26 20:05:07.964428,1991,0,3.0,0,878448,60891,54953,5938,9.751851669376427,5969,203,12,1252088615,224398344,1476486959,1148144,230385045,0.0
2026-06-26 20:05:07.969450,1992,0,3.0,0,878458,60905,54965,5940,9.75289385107955,5969,203,12,1252436686,224496206,1476932892,1148144,230385045,554.47391477499
2026-06-26 20:05:07.974428,1993,0,3.0,0,878468,60905,54965,5940,9.75289385107955,5969,203,12,1252436686,224496206,1476932892,1148144,230385045,0.0
2026-06-26 20:05:07.979449,1994,0,3.0,0,878478,60914,54972,5942,9.75473618544177,5973,204,12,1252659626,224581255,1477240881,1148144,230580769,355.21210914160525
2026-06-26 20:05:07.984426,1995,0,3.0,0,878488,60914,54972,5942,9.75473618544177,5973,204,12,1252659626,224581255,1477240881,1148144,230580769,0.0
2026-06-26 20:05:07.989446,1996,0,3.0,0,878498,60930,54987,5943,9.753815854258987,5975,204,12,1253064533,224636584,1477701117,1148144,230651470,645.2701195219123
2026-06-26 20:05:07.994432,1997,0,3.0,0,878508,60930,54987,5943,9.753815854258987,5975,204,12,1253064533,224636584,1477701117,1148144,230651470,0.0
2026-06-26 20:05:07.999445,1998,0,3.0,0,878518,60946,55002,5944,9.75289600630066,5976,204,12,1253468361,224692957,1478161318,1148144,230707843,644.4492319968083
2026-06-26 20:05:08.004423,1999,0,3.0,0,878528,60946,55002,5944,9.75289600630066,5976,204,12,1253468361,224692957,1478161318,1148144,230707843,0.0
2026-06-26 20:05:08.009443,2000,0,3.0,0,878538,60956,55012,5944,9.751296016799001,5976,204,12,1253886611,224692957,1478579568,1148144,230707843,666.5338645418327
2026-06-26 20:05:08.014426,2001,0,3.0,0,878548,60956,55012,5944,9.751296016799001,5976,204,12,1253886611,224692957,1478579568,1148144,230707843,0.0
2026-06-26 20:05:08.019456,2002,0,3.0,0,878558,60972,55024,5948,9.755297513612806,5979,204,12,1254417220,224901921,1479319141,1148144,230849210,843.9109343936382
2026-06-26 20:05:08.024433,2003,0,3.0,0,878568,60972,55024,5948,9.755297513612806,5979,204,12,1254417220,224901921,1479319141,1148144,230849210,0.0
2026-06-26 20:05:08.029447,2004,0,3.0,0,878578,60987,55039,5948,9.75289815862397,5980,204,12,1254759855,224901921,1479661776,1148145,230916807,546.6852812126047
2026-06-26 20:05:08.034429,2005,0,3.0,0,878588,60987,55039,5948,9.75289815862397,5980,204,12,1254759855,224901921,1479661776,1148145,230916807,0.0
2026-06-26 20:05:08.039443,2006,0,3.0,0,878598,61002,55050,5952,9.757057145667355,5980,204,12,1255004489,225093512,1480098001,1148145,230916807,390.32149980055846
2026-06-26 20:05:08.044427,2007,0,3.0,0,878608,61002,55050,5952,9.757057145667355,5980,204,12,1255004489,225093512,1480098001,1148145,230916807,0.0
2026-06-26 20:05:08.049445,2008,0,3.0,0,878618,61017,55064,5953,9.756297425307702,5984,204,12,1255485548,225163189,1480648737,1148145,231108398,766.9334396173774
2026-06-26 20:05:08.054430,2009,0,3.0,0,878628,61017,55064,5953,9.756297425307702,5984,204,12,1255485548,225163189,1480648737,1148145,231108398,0.0
2026-06-26 20:05:08.059446,2010,0,3.0,0,878638,61030,55068,5962,9.768966082254629,5986,204,12,1255593390,225512816,1481106206,1148145,231247752,171.99681020733652
2026-06-26 20:05:08.064427,2011,0,3.0,0,878648,61030,55068,5962,9.768966082254629,5986,204,12,1255593390,225512816,1481106206,1148145,231247752,0.0
2026-06-26 20:05:08.069448,2012,0,3.0,0,878658,61046,55084,5962,9.76640566130459,5994,204,12,1255982842,225512816,1481495658,1148145,231527702,620.5170284803824
2026-06-26 20:05:08.074430,2013,0,3.0,0,878668,61046,55084,5962,9.76640566130459,5994,204,12,1255982842,225512816,1481495658,1148145,231527702,0.0
2026-06-26 20:05:08.079448,2014,0,3.0,0,878678,61060,55098,5962,9.764166393711104,5994,204,12,1256394174,225512816,1481906990,1148145,231527702,655.7704264647269
2026-06-26 20:05:08.084428,2015,0,3.0,0,878688,61060,55098,5962,9.764166393711104,5994,204,12,1256394174,225512816,1481906990,1148145,231527702,0.0
2026-06-26 20:05:08.089447,2016,0,3.0,0,878698,61076,55114,5962,9.76160848778571,5994,204,12,1256980218,225512816,1482493034,1148145,231527702,934.1207411835027
2026-06-26 20:05:08.094429,2017,0,3.0,0,878708,61076,55114,5962,9.76160848778571,5994,204,12,1256980218,225512816,1482493034,1148145,231527702,0.0
2026-06-26 20:05:08.099446,2018,0,3.0,0,878718,61092,55126,5966,9.765599423819813,5994,204,12,1257410319,225645118,1483055437,1148145,231527702,685.8297787522424
2026-06-26 20:05:08.104429,2019,0,3.0,0,878728,61092,55126,5966,9.765599423819813,5994,204,12,1257410319,225645118,1483055437,1148145,231527702,0.0
2026-06-26 20:05:08.109449,2020,0,3.0,0,878738,61107,55138,5969,9.768111672967091,5999,204,12,1257767410,225769097,1483536507,1148145,231714289,569.0693227091633
2026-06-26 20:05:08.114429,2021,0,3.0,0,878748,61107,55138,5969,9.768111672967091,5999,204,12,1257767410,225769097,1483536507,1148145,231714289,0.0
2026-06-26 20:05:08.119450,2022,0,3.0,0,878758,61123,55154,5969,9.765554701176317,6001,204,12,1258233283,225769097,1484002380,1148145,231783983,742.2792272455686
2026-06-26 20:05:08.124424,2023,0,3.0,0,878768,61123,55154,5969,9.765554701176317,6001,204,12,1258233283,225769097,1484002380,1148145,231783983,0.0
2026-06-26 20:05:08.129456,2024,0,3.0,0,878778,61138,55169,5969,9.763158755602081,6001,204,12,1258741277,225769097,1484510374,1148146,231783983,807.6216216216217
2026-06-26 20:05:08.134427,2025,0,3.0,0,878788,61138,55169,5969,9.763158755602081,6001,204,12,1258741277,225769097,1484510374,1148146,231783983,0.0
2026-06-26 20:05:08.139450,2026,0,3.0,0,878798,61149,55179,5970,9.763037825639014,6001,204,12,1259192093,225831614,1485023707,1148146,231783983,718.0027871789767
2026-06-26 20:05:08.144422,2027,0,3.0,0,878808,61149,55179,5970,9.763037825639014,6001,204,12,1259192093,225831614,1485023707,1148146,231783983,0.0
2026-06-26 20:05:08.149460,2028,0,3.0,0,878818,61159,55189,5970,9.76144148857895,6002,204,12,1259489710,225831614,1485321324,1148146,231846500,472.595474394601
2026-06-26 20:05:08.154429,2029,0,3.0,0,878828,61159,55189,5970,9.76144148857895,6002,204,12,1259489710,225831614,1485321324,1148146,231846500,0.0
2026-06-26 20:05:08.159450,2030,0,3.0,0,878838,61173,55202,5971,9.7608422016249,6002,204,12,1259966680,225893089,1485859769,1148146,231846500,759.9601672973512
2026-06-26 20:05:08.164428,2031,0,3.0,0,878848,61173,55202,5971,9.7608422016249,6002,204,12,1259966680,225893089,1485859769,1148146,231846500,0.0
2026-06-26 20:05:08.169444,2032,0,3.0,0,878858,61189,55214,5975,9.764827011390937,6003,204,12,1260488012,226160480,1486648492,1148146,231907975,831.4704944178628
2026-06-26 20:05:08.174430,2033,0,3.0,0,878868,61189,55214,5975,9.764827011390937,6003,204,12,1260488012,226160480,1486648492,1148146,231907975,0.0
2026-06-26 20:05:08.179441,2034,0,3.0,0,878878,61203,55221,5982,9.774030684770354,6007,205,12,1260829923,226457666,1487287589,1148146,232175366,545.8567152265017
2026-06-26 20:05:08.184427,2035,0,3.0,0,878888,61203,55221,5982,9.774030684770354,6007,205,12,1260829923,226457666,1487287589,1148146,232175366,0.0
2026-06-26 20:05:08.189456,2036,0,3.0,0,878898,61216,55232,5984,9.775222164140095,6016,206,12,1261247487,226568329,1487815816,1148146,232605727,664.2497514416385
2026-06-26 20:05:08.194430,2037,0,3.0,0,878908,61216,55232,5984,9.775222164140095,6016,206,12,1261247487,226568329,1487815816,1148146,232605727,0.0
2026-06-26 20:05:08.199450,2038,0,3.0,0,878918,61232,55244,5988,9.779200418082048,6018,206,12,1261650662,226756888,1488407550,1148146,232716390,642.5099601593625
2026-06-26 20:05:08.204431,2039,0,3.0,0,878928,61232,55244,5988,9.779200418082048,6018,206,12,1261650662,226756888,1488407550,1148146,232716390,0.0
2026-06-26 20:05:08.209450,2040,0,3.0,0,878938,61247,55256,5991,9.781703593645403,6022,206,12,1262060777,226907519,1488968296,1148146,232904949,653.6999402271368
2026-06-26 20:05:08.214426,2041,0,3.0,0,878948,61247,55256,5991,9.781703593645403,6022,206,12,1262060777,226907519,1488968296,1148146,232904949,0.0
2026-06-26 20:05:08.219447,2042,0,3.0,0,878958,61260,55268,5992,9.781260202415933,6025,206,12,1262466159,226940316,1489406475,1148146,233055580,645.8984266082454
2026-06-26 20:05:08.224426,2043,0,3.0,0,878968,61260,55268,5992,9.781260202415933,6025,206,12,1262466159,226940316,1489406475,1148146,233055580,0.0
2026-06-26 20:05:08.229444,2044,0,3.0,0,878978,61272,55279,5993,9.780976628802716,6027,206,12,1262738116,226991518,1489729634,1148146,233139579,433.5703467516939
2026-06-26 20:05:08.234426,2045,0,3.0,0,878988,61272,55279,5993,9.780976628802716,6027,206,12,1262738116,226991518,1489729634,1148146,233139579,0.0
2026-06-26 20:05:08.239439,2046,0,3.0,0,878998,61279,55286,5993,9.779859331908158,6027,206,12,1262938071,226991518,1489929589,1148146,233139579,319.0983443048075
2026-06-26 20:05:08.244427,2047,0,3.0,0,879008,61279,55286,5993,9.779859331908158,6027,206,12,1262938071,226991518,1489929589,1148146,233139579,0.0
2026-06-26 20:05:08.249450,2048,0,3.0,0,879018,61291,55298,5993,9.777944559560131,6027,206,12,1263272422,226991518,1490263940,1148146,233139579,532.5120445948636
2026-06-26 20:05:08.254433,2049,0,3.0,0,879028,61291,55298,5993,9.777944559560131,6027,206,12,1263272422,226991518,1490263940,1148146,233139579,0.0
2026-06-26 20:05:08.259446,2050,0,3.0,0,879038,61303,55309,5994,9.777661778379525,6027,206,12,1263605224,227045803,1490651027,1148146,233139579,531.1023339317774
2026-06-26 20:05:08.264427,2051,0,3.0,0,879048,61303,55309,5994,9.777661778379525,6027,206,12,1263605224,227045803,1490651027,1148146,233139579,0.0
2026-06-26 20:05:08.269446,2052,0,3.0,0,879058,61317,55323,5994,9.775429326287979,6028,206,12,1264045911,227045803,1491091714,1148146,233193864,702.4299661287109
2026-06-26 20:05:08.274431,2053,0,3.0,0,879068,61317,55323,5994,9.775429326287979,6028,206,12,1264045911,227045803,1491091714,1148146,233193864,0.0
2026-06-26 20:05:08.279443,2054,0,3.0,0,879078,61327,55333,5994,9.773835341692893,6032,210,12,1264324832,227045803,1491370635,1148146,233353678,445.2051077414206
2026-06-26 20:05:08.284430,2055,0,3.0,0,879088,61327,55333,5994,9.773835341692893,6032,210,12,1264324832,227045803,1491370635,1148146,233353678,0.0
2026-06-26 20:05:08.289453,2056,0,3.0,0,879098,61342,55346,5996,9.774705748100812,6032,210,12,1264755963,227128805,1491884768,1148148,233353678,686.6510053752737
2026-06-26 20:05:08.294433,2057,0,3.0,0,879108,61342,55346,5996,9.774705748100812,6032,210,12,1264755963,227128805,1491884768,1148148,233353678,0.0
2026-06-26 20:05:08.299452,2058,0,3.0,0,879118,61354,55357,5997,9.774423835446752,6035,210,12,1265082404,227185178,1492267582,1148148,233493053,520.3283522614066
2026-06-26 20:05:08.304426,2059,0,3.0,0,879128,61354,55357,5997,9.774423835446752,6035,210,12,1265082404,227185178,1492267582,1148148,233493053,0.0
2026-06-26 20:05:08.309461,2060,0,3.0,0,879138,61365,55367,5998,9.7743013118227,6035,210,12,1265460048,227230239,1492690287,1148148,233493053,600.0301886792453
2026-06-26 20:05:08.314429,2061,0,3.0,0,879148,61365,55367,5998,9.7743013118227,6035,210,12,1265460048,227230239,1492690287,1148148,233493053,0.0
2026-06-26 20:05:08.319442,2062,0,3.0,0,879158,61381,55377,6004,9.781528486013586,6036,210,12,1265810196,227432626,1493242822,1148148,233538114,558.7839616995811
2026-06-26 20:05:08.324429,2063,0,3.0,0,879168,61381,55377,6004,9.781528486013586,6036,210,12,1265810196,227432626,1493242822,1148148,233538114,0.0
2026-06-26 20:05:08.329450,2064,0,3.0,0,879178,61397,55391,6006,9.782236917113215,6042,210,12,1266212547,227538113,1493750660,1148148,233740501,641.0691097390958
2026-06-26 20:05:08.334431,2065,0,3.0,0,879188,61397,55391,6006,9.782236917113215,6042,210,12,1266212547,227538113,1493750660,1148148,233740501,0.0
2026-06-26 20:05:08.339445,2066,0,3.0,0,879198,61410,55404,6006,9.780166096726918,6045,211,12,1266646237,227538113,1494184350,1148148,233894147,691.9664938173115
2026-06-26 20:05:08.344425,2067,0,3.0,0,879208,61410,55404,6006,9.780166096726918,6045,211,12,1266646237,227538113,1494184350,1148148,233894147,0.0
2026-06-26 20:05:08.349443,2068,0,3.0,0,879218,61421,55413,6008,9.78167076407092,6048,214,12,1266823701,227563119,1494386820,1148148,234017056,282.92387405340776
2026-06-26 20:05:08.354433,2069,0,3.0,0,879228,61421,55413,6008,9.78167076407092,6048,214,12,1266823701,227563119,1494386820,1148148,234017056,0.0
2026-06-26 20:05:08.359442,2070,0,3.0,0,879238,61433,55424,6009,9.781387853433822,6050,214,12,1266945144,227590791,1494535935,1148148,234042062,193.9596725893392
2026-06-26 20:05:08.364425,2071,0,3.0,0,879248,61433,55424,6009,9.781387853433822,6050,214,12,1266945144,227590791,1494535935,1148148,234042062,0.0
2026-06-26 20:05:08.369453,2072,0,3.0,0,879258,61448,55436,6012,9.783882306991277,6051,214,12,1267173145,227678367,1494851512,1148148,234069734,362.7700875099443
2026-06-26 20:05:08.374436,2073,0,3.0,0,879268,61448,55436,6012,9.783882306991277,6051,214,12,1267173145,227678367,1494851512,1148148,234069734,0.0
2026-06-26 20:05:08.379445,2074,0,3.0,0,879278,61463,55451,6012,9.78149455770138,6056,216,12,1267571881,227678367,1495250248,1148148,234234639,636.8313036534238
2026-06-26 20:05:08.384427,2075,0,3.0,0,879288,61463,55451,6012,9.78149455770138,6056,216,12,1267571881,227678367,1495250248,1148148,234234639,0.0
2026-06-26 20:05:08.389448,2076,0,3.0,0,879298,61478,55466,6012,9.779107973584047,6058,218,12,1268007884,227678367,1495686251,1148148,234321697,694.6871141206931
2026-06-26 20:05:08.394435,2077,0,3.0,0,879308,61478,55466,6012,9.779107973584047,6058,218,12,1268007884,227678367,1495686251,1148148,234321697,0.0
2026-06-26 20:05:08.399449,2078,0,3.0,0,879318,61493,55481,6012,9.776722553786609,6058,218,12,1268366037,227678367,1496044404,1148148,234321697,571.4447546868768
2026-06-26 20:05:08.404429,2079,0,3.0,0,879328,61493,55481,6012,9.776722553786609,6058,218,12,1268366037,227678367,1496044404,1148148,234321697,0.0
2026-06-26 20:05:08.409448,2080,0,3.0,0,879338,61508,55495,6013,9.775964102230605,6058,218,12,1268805195,227729569,1496534764,1148148,234321697,699.9928272564256
2026-06-26 20:05:08.414434,2081,0,3.0,0,879348,61508,55495,6013,9.775964102230605,6058,218,12,1268805195,227729569,1496534764,1148148,234321697,0.0
2026-06-26 20:05:08.419454,2082,0,3.0,0,879358,61523,55506,6017,9.780082245664223,6059,218,12,1269066448,227937485,1497003933,1148148,234372899,416.3394422310757
2026-06-26 20:05:08.424425,2083,0,3.0,0,879368,61523,55506,6017,9.780082245664223,6059,218,12,1269066448,227937485,1497003933,1148148,234372899,0.0
2026-06-26 20:05:08.429453,2084,0,3.0,0,879378,61538,55519,6019,9.78094835711268,6063,218,12,1269509490,228020505,1497529995,1148148,234580815,704.9196499602227
2026-06-26 20:05:08.434429,2085,0,3.0,0,879388,61538,55519,6019,9.78094835711268,6063,218,12,1269509490,228020505,1497529995,1148148,234580815,0.0
2026-06-26 20:05:08.439445,2086,0,3.0,0,879398,61553,55533,6020,9.780189430247104,6065,218,12,1269779917,228043558,1497823475,1148148,234663835,431.3030303030303
2026-06-26 20:05:08.444428,2087,0,3.0,0,879408,61553,55533,6020,9.780189430247104,6065,218,12,1269779917,228043558,1497823475,1148148,234663835,0.0
2026-06-26 20:05:08.449445,2088,0,3.0,0,879418,61569,55548,6021,9.77927203625201,6066,218,12,1270031915,228079430,1498111345,1148148,234686888,401.83057604145904
2026-06-26 20:05:08.454427,2089,0,3.0,0,879428,61569,55548,6021,9.77927203625201,6066,218,12,1270031915,228079430,1498111345,1148148,234686888,0.0
2026-06-26 20:05:08.459448,2090,0,3.0,0,879438,61582,55561,6021,9.777207625604884,6068,219,12,1270276285,228079430,1498355715,1148148,234738645,389.3567018522207
2026-06-26 20:05:08.464437,2091,0,3.0,0,879448,61582,55561,6021,9.777207625604884,6068,219,12,1270276285,228079430,1498355715,1148148,234738645,0.0
2026-06-26 20:05:08.469457,2092,0,3.0,0,879458,61596,55574,6022,9.77660887070589,6070,221,12,1270475161,228129635,1498604796,1148148,234787579,316.9338645418327
2026-06-26 20:05:08.474438,2093,0,3.0,0,879468,61596,55574,6022,9.77660887070589,6070,221,12,1270475161,228129635,1498604796,1148148,234787579,0.0
2026-06-26 20:05:08.479465,2094,0,3.0,0,879478,61612,55587,6025,9.778939167694604,6071,221,12,1270868022,228250027,1499118049,1148148,234837784,625.2015118360852
2026-06-26 20:05:08.484426,2095,0,3.0,0,879488,61612,55587,6025,9.778939167694604,6071,221,12,1270868022,228250027,1499118049,1148148,234837784,0.0
2026-06-26 20:05:08.489450,2096,0,3.0,0,879498,61627,55600,6027,9.779804306553945,6077,224,12,1271340636,228313294,1499653930,1148148,235092912,752.5700636942676
2026-06-26 20:05:08.494432,2097,0,3.0,0,879508,61627,55600,6027,9.779804306553945,6077,224,12,1271340636,228313294,1499653930,1148148,235092912,0.0
2026-06-26 20:05:08.499449,2098,0,3.0,0,879518,61643,55613,6030,9.78213260224194,6080,225,12,1271730246,228388334,1500118580,1148148,235186394,621.2637034084114
2026-06-26 20:05:08.504426,2099,0,3.0,0,879528,61643,55613,6030,9.78213260224194,6080,225,12,1271730246,228388334,1500118580,1148148,235186394,0.0
2026-06-26 20:05:08.509448,2100,0,3.0,0,879538,61656,55626,6030,9.780070066173609,6083,225,12,1272053466,228388334,1500441800,1148148,235261434,514.8864994026285
2026-06-26 20:05:08.514431,2101,0,3.0,0,879548,61656,55626,6030,9.780070066173609,6083,225,12,1272053466,228388334,1500441800,1148148,235261434,0.0
2026-06-26 20:05:08.519453,2102,0,3.0,0,879558,61671,55640,6031,9.779312805046132,6083,225,12,1272421287,228435446,1500856733,1148148,235261434,585.9354838709677
2026-06-26 20:05:08.524422,2103,0,3.0,0,879568,61671,55640,6031,9.779312805046132,6083,225,12,1272421287,228435446,1500856733,1148148,235261434,0.0
2026-06-26 20:05:08.529441,2104,0,3.0,0,879578,61685,55652,6033,9.780335575909865,6084,225,12,1272775232,228499718,1501274950,1148148,235308546,564.1681609882447
2026-06-26 20:05:08.534429,2105,0,3.0,0,879588,61685,55652,6033,9.780335575909865,6084,225,12,1272775232,228499718,1501274950,1148148,235308546,0.0
2026-06-26 20:05:08.539446,2106,0,3.0,0,879598,61699,55665,6034,9.77973711081217,6086,225,12,1273160065,228525840,1501685905,1148151,235372818,613.6464022324099
2026-06-26 20:05:08.544425,2107,0,3.0,0,879608,61699,55665,6034,9.77973711081217,6086,225,12,1273160065,228525840,1501685905,1148151,235372818,0.0
2026-06-26 20:05:08.549448,2108,0,3.0,0,879618,61714,55680,6034,9.777360080370743,6087,225,12,1273585876,228525840,1502111716,1148151,235398940,678.177981286084
2026-06-26 20:05:08.554430,2109,0,3.0,0,879628,61714,55680,6034,9.777360080370743,6087,225,12,1273585876,228525840,1502111716,1148151,235398940,0.0
2026-06-26 20:05:08.559447,2110,0,3.0,0,879638,61729,55695,6034,9.774984205154789,6087,225,12,1274016210,228525840,1502542050,1148151,235398940,686.2013155272075
2026-06-26 20:05:08.564428,2111,0,3.0,0,879648,61729,55695,6034,9.774984205154789,6087,225,12,1274016210,228525840,1502542050,1148151,235398940,0.0
2026-06-26 20:05:08.569442,2112,0,3.0,0,879658,61743,55709,6034,9.77276776314724,6091,229,12,1274538282,228525840,1503064122,1148151,235573144,832.9828480255285
2026-06-26 20:05:08.574429,2113,0,3.0,0,879668,61743,55709,6034,9.77276776314724,6091,229,12,1274538282,228525840,1503064122,1148151,235573144,0.0
2026-06-26 20:05:08.579447,2114,0,3.0,0,879678,61753,55717,6036,9.77442391462763,6092,229,12,1274796114,228582436,1503378550,1148151,235615141,411.0514149063372
2026-06-26 20:05:08.584428,2115,0,3.0,0,879688,61753,55717,6036,9.77442391462763,6092,229,12,1274796114,228582436,1503378550,1148151,235615141,0.0
2026-06-26 20:05:08.589446,2116,0,3.0,0,879698,61769,55730,6039,9.776748854603442,6094,229,12,1275277002,228674379,1503951381,1148151,235659955,766.6608210442407
2026-06-26 20:05:08.594434,2117,0,3.0,0,879708,61769,55730,6039,9.776748854603442,6094,229,12,1275277002,228674379,1503951381,1148151,235659955,0.0
2026-06-26 20:05:08.599447,2118,0,3.0,0,879718,61785,55746,6039,9.774217042971594,6096,229,12,1275777688,228674379,1504452067,1148151,235721683,799.0201476161978
2026-06-26 20:05:08.604427,2119,0,3.0,0,879728,61785,55746,6039,9.774217042971594,6096,229,12,1275777688,228674379,1504452067,1148151,235721683,0.0
2026-06-26 20:05:08.609448,2120,0,3.0,0,879738,61801,55762,6039,9.77168654228896,6096,229,12,1276208467,228674379,1504882846,1148151,235721683,686.3636725751842
2026-06-26 20:05:08.614429,2121,0,3.0,0,879748,61801,55762,6039,9.77168654228896,6096,229,12,1276208467,228674379,1504882846,1148151,235721683,0.0
2026-06-26 20:05:08.619443,2122,0,3.0,0,879758,61814,55773,6041,9.772866988060958,6097,229,12,1276536605,228761461,1505298066,1148151,235775968,523.554846429996
2026-06-26 20:05:08.624431,2123,0,3.0,0,879768,61814,55773,6041,9.772866988060958,6097,229,12,1276536605,228761461,1505298066,1148151,235775968,0.0
2026-06-26 20:05:08.629450,2124,0,3.0,0,879778,61830,55789,6041,9.770338023613133,6098,229,12,1277185756,228761461,1505947217,1148151,235808765,1034.7097031281132
2026-06-26 20:05:08.634428,2125,0,3.0,0,879788,61830,55789,6041,9.770338023613133,6098,229,12,1277185756,228761461,1505947217,1148151,235808765,0.0
2026-06-26 20:05:08.639452,2126,0,3.0,0,879798,61846,55804,6042,9.769427287132554,6098,229,12,1277811919,228823978,1506635897,1148151,235808765,997.0748407643312
2026-06-26 20:05:08.644422,2127,0,3.0,0,879808,61846,55804,6042,9.769427287132554,6098,229,12,1277811919,228823978,1506635897,1148151,235808765,0.0
2026-06-26 20:05:08.649444,2128,0,3.0,0,879818,61861,55818,6043,9.768674932509983,6099,229,12,1278288322,228889558,1507177880,1148151,235871282,758.905615292712
2026-06-26 20:05:08.654434,2129,0,3.0,0,879828,61861,55818,6043,9.768674932509983,6099,229,12,1278288322,228889558,1507177880,1148151,235871282,0.0
2026-06-26 20:05:08.659446,2130,0,3.0,0,879838,61877,55831,6046,9.770997301097339,6101,229,12,1278849251,229062715,1507911966,1148151,235997295,895.3375897845171
2026-06-26 20:05:08.664427,2131,0,3.0,0,879848,61877,55831,6046,9.770997301097339,6101,229,12,1278849251,229062715,1507911966,1148151,235997295,0.0
2026-06-26 20:05:08.669447,2132,0,3.0,0,879858,61893,55847,6046,9.76847139418028,6103,229,12,1279449172,229062715,1508511887,1148151,236110019,956.0494023904382
2026-06-26 20:05:08.674428,2133,0,3.0,0,879868,61893,55847,6046,9.76847139418028,6103,229,12,1279449172,229062715,1508511887,1148151,236110019,0.0
2026-06-26 20:05:08.679445,2134,0,3.0,0,879878,61906,55859,6047,9.768035408522598,6107,233,12,1279892852,229071676,1508964528,1148151,236209923,707.4825592983855
2026-06-26 20:05:08.684426,2135,0,3.0,0,879888,61906,55859,6047,9.768035408522598,6107,233,12,1279892852,229071676,1508964528,1148151,236209923,0.0
2026-06-26 20:05:08.689449,2136,0,3.0,0,879898,61922,55874,6048,9.767126384806692,6109,233,12,1280383199,229111649,1509494848,1148151,236258857,780.9627712522397
2026-06-26 20:05:08.694428,2137,0,3.0,0,879908,61922,55874,6048,9.767126384806692,6109,233,12,1280383199,229111649,1509494848,1148151,236258857,0.0
2026-06-26 20:05:08.699447,2138,0,3.0,0,879918,61938,55887,6051,9.76944686622106,6110,233,12,1280899609,229167244,1510066853,1148151,236298830,823.1281131699542
2026-06-26 20:05:08.704427,2139,0,3.0,0,879928,61938,55887,6051,9.76944686622106,6110,233,12,1280899609,229167244,1510066853,1148151,236298830,0.0
2026-06-26 20:05:08.709452,2140,0,3.0,0,879938,61954,55901,6053,9.770152048293895,6112,233,12,1281309585,229235896,1510545481,1148151,236314452,652.6981094527363
2026-06-26 20:05:08.714428,2141,0,3.0,0,879948,61954,55901,6053,9.770152048293895,6112,233,12,1281309585,229235896,1510545481,1148151,236314452,0.0
2026-06-26 20:05:08.719445,2142,0,3.0,0,879958,61958,55905,6053,9.769521288614868,6114,233,12,1281449970,229235896,1510685866,1148151,236383104,223.85489336256728
2026-06-26 20:05:08.724426,2143,0,3.0,0,879968,61958,55905,6053,9.769521288614868,6114,233,12,1281449970,229235896,1510685866,1148151,236383104,0.0
2026-06-26 20:05:08.729439,2144,0,3.0,0,879978,61960,55906,6054,9.770819883795998,6115,233,12,1281453363,229239289,1510692652,1148151,236386497,5.414721723518851
2026-06-26 20:05:08.734430,2145,0,3.0,0,879988,61960,55906,6054,9.770819883795998,6115,233,12,1281453363,229239289,1510692652,1148151,236386497,0.0
2026-06-26 20:05:08.739444,2146,0,3.0,0,879998,61963,55908,6055,9.771960686215968,6115,233,12,1281517932,229277194,1510795126,1148151,236386497,103.0219385719984
2026-06-26 20:05:08.744427,2147,0,3.0,0,880008,61963,55908,6055,9.771960686215968,6115,233,12,1281517932,229277194,1510795126,1148151,236386497,0.0
2026-06-26 20:05:08.749449,2148,0,3.0,0,880018,61978,55921,6057,9.772822614476103,6116,233,12,1281834951,229371489,1511206440,1148151,236424402,505.0083632019116
2026-06-26 20:05:08.754429,2149,0,3.0,0,880028,61978,55921,6057,9.772822614476103,6116,233,12,1281834951,229371489,1511206440,1148151,236424402,0.0
2026-06-26 20:05:08.759446,2150,0,3.0,0,880038,61990,55930,6060,9.775770285529923,6118,233,12,1282066368,229497507,1511563875,1148151,236518697,369.01255730516243
2026-06-26 20:05:08.764429,2151,0,3.0,0,880048,61990,55930,6060,9.775770285529923,6118,233,12,1282066368,229497507,1511563875,1148151,236518697,0.0
2026-06-26 20:05:08.769447,2152,0,3.0,0,880058,62006,55944,6062,9.776473244524723,6121,233,12,1282584914,229596928,1512181842,1148151,236644715,826.697489039458
2026-06-26 20:05:08.774426,2153,0,3.0,0,880068,62006,55944,6062,9.776473244524723,6121,233,12,1282584914,229596928,1512181842,1148151,236644715,0.0
2026-06-26 20:05:08.779444,2154,0,3.0,0,880078,62015,55953,6062,9.775054422317181,6123,233,12,1282920728,229596928,1512517656,1148151,236744136,535.3750498206457
2026-06-26 20:05:08.784426,2155,0,3.0,0,880088,62015,55953,6062,9.775054422317181,6123,233,12,1282920728,229596928,1512517656,1148151,236744136,0.0
2026-06-26 20:05:08.789441,2156,0,3.0,0,880098,62022,55960,6062,9.773951178614041,6123,233,12,1283059714,229596928,1512656642,1148151,236744136,221.7124626121635
2026-06-26 20:05:08.794421,2157,0,3.0,0,880108,62022,55960,6062,9.773951178614041,6123,233,12,1283059714,229596928,1512656642,1148151,236744136,0.0
2026-06-26 20:05:08.799441,2158,0,3.0,0,880118,62023,55961,6062,9.773793592699482,6123,233,12,1283091982,229596928,1512688910,1148151,236744136,51.42310756972112
2026-06-26 20:05:08.804433,2159,0,3.0,0,880128,62023,55961,6062,9.773793592699482,6123,233,12,1283091982,229596928,1512688910,1148151,236744136,0.0
2026-06-26 20:05:08.809450,2160,0,3.0,0,880138,62033,55971,6062,9.772218012993084,6123,233,12,1283331166,229596928,1512928094,1148151,236744136,381.39764799681086
2026-06-26 20:05:08.814425,2161,0,3.0,0,880148,62033,55971,6062,9.772218012993084,6123,233,12,1283331166,229596928,1512928094,1148151,236744136,0.0
2026-06-26 20:05:08.819446,2162,0,3.0,0,880158,62043,55978,6065,9.775478297309931,6125,233,12,1283608932,229732147,1513341079,1148151,236855783,442.56681935869346
2026-06-26 20:05:08.824436,2163,0,3.0,0,880168,62043,55978,6065,9.775478297309931,6125,233,12,1283608932,229732147,1513341079,1148151,236855783,0.0
2026-06-26 20:05:08.829448,2164,0,3.0,0,880178,62048,55982,6066,9.776302217637959,6127,233,12,1283658591,229755719,1513414310,1148151,236902927,79.26416600159617
2026-06-26 20:05:08.834433,2165,0,3.0,0,880188,62048,55982,6066,9.776302217637959,6127,233,12,1283658591,229755719,1513414310,1148151,236902927,0.0
2026-06-26 20:05:08.839439,2166,0,3.0,0,880198,62050,55984,6066,9.775987107171636,6127,233,12,1283702139,229755719,1513457858,1148151,236902927,69.59328805433479
2026-06-26 20:05:08.844429,2167,0,3.0,0,880208,62050,55984,6066,9.775987107171636,6127,233,12,1283702139,229755719,1513457858,1148151,236902927,0.0
2026-06-26 20:05:08.849448,2168,0,3.0,0,880218,62057,55991,6066,9.774884380488906,6127,233,12,1283790629,229755719,1513546348,1148151,236902927,141.04801753337318
2026-06-26 20:05:08.854426,2169,0,3.0,0,880228,62057,55991,6066,9.774884380488906,6127,233,12,1283790629,229755719,1513546348,1148151,236902927,0.0
2026-06-26 20:05:08.859448,2170,0,3.0,0,880238,62066,56000,6066,9.773466954532273,6127,233,12,1283897257,229755719,1513652976,1148151,236902927,169.85742731979292
2026-06-26 20:05:08.864425,2171,0,3.0,0,880248,62066,56000,6066,9.773466954532273,6127,233,12,1283897257,229755719,1513652976,1148151,236902927,0.0
2026-06-26 20:05:08.869444,2172,0,3.0,0,880258,62074,56006,6068,9.775429326287979,6127,233,12,1284047821,229844851,1513892672,1148151,236902927,239.9904363419008
2026-06-26 20:05:08.874429,2173,0,3.0,0,880268,62074,56006,6068,9.775429326287979,6127,233,12,1284047821,229844851,1513892672,1148151,236902927,0.0
2026-06-26 20:05:08.879456,2174,0,3.0,0,880278,62090,56013,6077,9.787405379288131,6129,233,12,1284331689,230159925,1514491614,1148151,236992059,451.7493534911478
2026-06-26 20:05:08.884424,2175,0,3.0,0,880288,62090,56013,6077,9.787405379288131,6129,233,12,1284331689,230159925,1514491614,1148151,236992059,0.0
2026-06-26 20:05:08.889445,2176,0,3.0,0,880298,62105,56028,6077,9.785041462040093,6138,233,12,1284777143,230159925,1514937068,1148151,237307133,709.7454690300737
2026-06-26 20:05:08.894428,2177,0,3.0,0,880308,62105,56028,6077,9.785041462040093,6138,233,12,1284777143,230159925,1514937068,1148151,237307133,0.0
2026-06-26 20:05:08.899443,2178,0,3.0,0,880318,62116,56038,6078,9.784918539506728,6139,233,12,1285071814,230200911,1515272725,1148151,237348119,470.06340977068794
2026-06-26 20:05:08.904431,2179,0,3.0,0,880328,62116,56038,6078,9.784918539506728,6139,233,12,1285071814,230200911,1515272725,1148151,237348119,0.0
2026-06-26 20:05:08.909446,2180,0,3.0,0,880338,62132,56053,6079,9.784008240520183,6139,233,12,1285465490,230232168,1515697658,1148151,237348119,627.9976071784646
2026-06-26 20:05:08.914430,2181,0,3.0,0,880348,62132,56053,6079,9.784008240520183,6139,233,12,1285465490,230232168,1515697658,1148151,237348119,0.0
2026-06-26 20:05:08.919448,2182,0,3.0,0,880358,62148,56067,6081,9.784707472485035,6140,233,12,1285838570,230325367,1516163937,1148151,237379376,594.7867676365086
2026-06-26 20:05:08.924425,2183,0,3.0,0,880368,62148,56067,6081,9.784707472485035,6140,233,12,1285838570,230325367,1516163937,1148151,237379376,0.0
2026-06-26 20:05:08.929445,2184,0,3.0,0,880378,62159,56077,6082,9.78458469409096,6143,233,12,1286135653,230369422,1516505075,1148151,237516630,473.4390438247012
2026-06-26 20:05:08.934430,2185,0,3.0,0,880388,62159,56077,6082,9.78458469409096,6143,233,12,1286135653,230369422,1516505075,1148151,237516630,0.0
2026-06-26 20:05:08.939448,2186,0,3.0,0,880398,62171,56087,6084,9.785913046275594,6143,233,12,1286402819,230413855,1516816674,1148151,237516630,425.93224392188125
2026-06-26 20:05:08.944421,2187,0,3.0,0,880408,62171,56087,6084,9.785913046275594,6143,233,12,1286402819,230413855,1516816674,1148151,237516630,0.0
2026-06-26 20:05:08.949450,2188,0,3.0,0,880418,62182,56097,6085,9.785790100028947,6145,233,12,1286586657,230454841,1517041498,1148151,237561063,292.4446211970571
2026-06-26 20:05:08.954426,2189,0,3.0,0,880428,62182,56097,6085,9.785790100028947,6145,233,12,1286586657,230454841,1517041498,1148151,237561063,0.0
2026-06-26 20:05:08.959444,2190,0,3.0,0,880438,62192,56106,6086,9.785824543349626,6147,233,12,1286722407,230465849,1517188256,1148151,237613057,216.4208848146672
2026-06-26 20:05:08.964426,2191,0,3.0,0,880448,62192,56106,6086,9.785824543349626,6147,233,12,1286722407,230465849,1517188256,1148151,237613057,0.0
2026-06-26 20:05:08.969451,2192,0,3.0,0,880458,62206,56120,6086,9.783622158634216,6147,233,12,1287027208,230465849,1517493057,1148151,237613057,485.2553233830846
2026-06-26 20:05:08.974427,2193,0,3.0,0,880468,62206,56120,6086,9.783622158634216,6147,233,12,1287027208,230465849,1517493057,1148151,237613057,0.0
2026-06-26 20:05:08.979448,2194,0,3.0,0,880478,62222,56132,6090,9.787534955481984,6149,233,12,1287401351,230601596,1518002947,1148151,237688866,596.1250746863175
2026-06-26 20:05:08.984425,2195,0,3.0,0,880488,62222,56132,6090,9.787534955481984,6149,233,12,1287401351,230601596,1518002947,1148151,237688866,0.0
2026-06-26 20:05:08.989445,2196,0,3.0,0,880498,62238,56145,6093,9.78983900510942,6151,233,12,1287774067,230696075,1518470142,1148151,237748804,593.9697211155378
2026-06-26 20:05:08.994430,2197,0,3.0,0,880508,62238,56145,6093,9.78983900510942,6151,233,12,1287774067,230696075,1518470142,1148151,237748804,0.0
2026-06-26 20:05:08.999445,2198,0,3.0,0,880518,62254,56161,6093,9.787322902945995,6154,233,12,1288242677,230696075,1518938752,1148151,237843283,747.5333998005982
2026-06-26 20:05:09.004424,2199,0,3.0,0,880528,62254,56161,6093,9.787322902945995,6154,233,12,1288242677,230696075,1518938752,1148151,237843283,0.0
2026-06-26 20:05:09.009441,2200,0,3.0,0,880538,62270,56177,6093,9.784808093785129,6154,233,12,1288748801,230696075,1519444876,1148151,237843283,807.0544149890372
2026-06-26 20:05:09.014433,2201,0,3.0,0,880548,62270,56177,6093,9.784808093785129,6154,233,12,1288748801,230696075,1519444876,1148151,237843283,0.0
2026-06-26 20:05:09.019442,2202,0,3.0,0,880558,62286,56192,6094,9.783900073852871,6154,233,12,1289258048,230708108,1519966156,1148151,237843283,813.3312038331004
2026-06-26 20:05:09.024426,2203,0,3.0,0,880568,62286,56192,6094,9.783900073852871,6154,233,12,1289258048,230708108,1519966156,1148151,237843283,0.0
2026-06-26 20:05:09.029448,2204,0,3.0,0,880578,62302,56206,6096,9.784597605213316,6156,233,12,1289675835,230807528,1520483363,1148151,237898363,665.5308641975308
2026-06-26 20:05:09.034427,2205,0,3.0,0,880588,62302,56206,6096,9.784597605213316,6156,233,12,1289675835,230807528,1520483363,1148151,237898363,0.0
2026-06-26 20:05:09.039446,2206,0,3.0,0,880598,62318,56220,6098,9.785294778394684,6157,233,12,1290101808,230898748,1521000556,1148152,237954736,678.9766885833832
2026-06-26 20:05:09.044431,2207,0,3.0,0,880608,62318,56220,6098,9.785294778394684,6157,233,12,1290101808,230898748,1521000556,1148152,237954736,0.0
2026-06-26 20:05:09.049453,2208,0,3.0,0,880618,62334,56235,6099,9.784387332755799,6159,233,12,1290584054,230939734,1521523788,1148152,238045956,768.2134607726006
2026-06-26 20:05:09.054427,2209,0,3.0,0,880628,62334,56235,6099,9.784387332755799,6159,233,12,1290584054,230939734,1521523788,1148152,238045956,0.0
2026-06-26 20:05:09.059445,2210,0,3.0,0,880638,62350,56250,6100,9.783480352846832,6160,233,12,1291069882,230983789,1522053671,1148152,238086942,774.5364687126345
2026-06-26 20:05:09.064425,2211,0,3.0,0,880648,62350,56250,6100,9.783480352846832,6160,233,12,1291069882,230983789,1522053671,1148152,238086942,0.0
2026-06-26 20:05:09.069440,2212,0,3.0,0,880658,62366,56264,6102,9.784177276079916,6161,233,12,1291561913,231056001,1522617914,1148152,238130997,784.8949152542373
2026-06-26 20:05:09.074429,2213,0,3.0,0,880668,62366,56264,6102,9.784177276079916,6161,233,12,1291561913,231056001,1522617914,1148152,238130997,0.0
2026-06-26 20:05:09.079464,2214,0,3.0,0,880678,62382,56277,6105,9.786476868327403,6163,233,12,1292028555,231162020,1523190575,1148152,238203209,741.437140019861
2026-06-26 20:05:09.084428,2215,0,3.0,0,880688,62382,56277,6105,9.786476868327403,6163,233,12,1292028555,231162020,1523190575,1148152,238203209,0.0
2026-06-26 20:05:09.089447,2216,0,3.0,0,880698,62398,56292,6106,9.785570050322127,6166,233,12,1292552903,231196867,1523749770,1148152,238309228,835.7808328352262
2026-06-26 20:05:09.094426,2217,0,3.0,0,880708,62398,56292,6106,9.785570050322127,6166,233,12,1292552903,231196867,1523749770,1148152,238309228,0.0
2026-06-26 20:05:09.099443,2218,0,3.0,0,880718,62414,56307,6107,9.784663697247414,6167,233,12,1293037851,231253240,1524291091,1148152,238344075,773.2876220849113
2026-06-26 20:05:09.104424,2219,0,3.0,0,880728,62414,56307,6107,9.784663697247414,6167,233,12,1293037851,231253240,1524291091,1148152,238344075,0.0
2026-06-26 20:05:09.109446,2220,0,3.0,0,880738,62430,56322,6108,9.783757808745795,6169,233,12,1293615370,231283455,1524898825,1148152,238430663,919.9824771007567
2026-06-26 20:05:09.114427,2221,0,3.0,0,880748,62430,56322,6108,9.783757808745795,6169,233,12,1293615370,231283455,1524898825,1148152,238430663,0.0
2026-06-26 20:05:09.119446,2222,0,3.0,0,880758,62446,56337,6109,9.782852384460174,6169,233,12,1294144734,231314712,1525459446,1148152,238430663,843.7760510061765
2026-06-26 20:05:09.124425,2223,0,3.0,0,880768,62446,56337,6109,9.782852384460174,6169,233,12,1294144734,231314712,1525459446,1148152,238430663,0.0
2026-06-26 20:05:09.129445,2224,0,3.0,0,880778,62461,56350,6111,9.783705031939931,6171,233,12,1294653336,231375144,1526028480,1148152,238516205,810.5211155378486
2026-06-26 20:05:09.134426,2225,0,3.0,0,880788,62461,56350,6111,9.783705031939931,6171,233,12,1294653336,231375144,1526028480,1148152,238516205,0.0
2026-06-26 20:05:09.139445,2226,0,3.0,0,880798,62477,56363,6114,9.786001248459433,6173,233,12,1295108043,231478650,1526586693,1148153,238563338,724.7770472205618
2026-06-26 20:05:09.144424,2227,0,3.0,0,880808,62477,56363,6114,9.786001248459433,6173,233,12,1295108043,231478650,1526586693,1148153,238563338,0.0
2026-06-26 20:05:09.149445,2228,0,3.0,0,880818,62492,56377,6115,9.785252512321577,6175,233,12,1295588145,231492219,1527080364,1148153,238625858,764.9504082852021
2026-06-26 20:05:09.154429,2229,0,3.0,0,880828,62492,56377,6115,9.785252512321577,6175,233,12,1295588145,231492219,1527080364,1148153,238625858,0.0
2026-06-26 20:05:09.159438,2230,0,3.0,0,880838,62507,56390,6117,9.786103956356888,6177,233,12,1295937329,231590589,1527527918,1148153,238681424,557.6905569974047
2026-06-26 20:05:09.164424,2231,0,3.0,0,880848,62507,56390,6117,9.786103956356888,6177,233,12,1295937329,231590589,1527527918,1148153,238681424,0.0
2026-06-26 20:05:09.169444,2232,0,3.0,0,880858,62523,56398,6125,9.796394926666986,6180,233,12,1296206328,231842910,1528049238,1148153,238803374,428.6836653386454
2026-06-26 20:05:09.174425,2233,0,3.0,0,880868,62523,56398,6125,9.796394926666986,6180,233,12,1296206328,231842910,1528049238,1148153,238803374,0.0
2026-06-26 20:05:09.179448,2234,0,3.0,0,880878,62537,56407,6130,9.802197099317205,6184,233,12,1296429422,232009673,1528439095,1148153,238919916,355.31594664543104
2026-06-26 20:05:09.184426,2235,0,3.0,0,880888,62537,56407,6130,9.802197099317205,6184,233,12,1296429422,232009673,1528439095,1148153,238919916,0.0
2026-06-26 20:05:09.189444,2236,0,3.0,0,880898,62553,56423,6130,9.799689862996178,6190,233,13,1296845353,232009673,1528855026,1148153,239100508,663.102431247509
2026-06-26 20:05:09.194428,2237,0,3.0,0,880908,62553,56423,6130,9.799689862996178,6190,233,13,1296845353,232009673,1528855026,1148153,239100508,0.0
2026-06-26 20:05:09.199443,2238,0,3.0,0,880918,62569,56439,6130,9.797183908964504,6190,233,13,1297261827,232009673,1529271500,1148153,239100508,664.3653040877368
2026-06-26 20:05:09.204428,2239,0,3.0,0,880928,62569,56439,6130,9.797183908964504,6190,233,13,1297261827,232009673,1529271500,1148153,239100508,0.0
2026-06-26 20:05:09.209444,2240,0,3.0,0,880938,62585,56455,6130,9.794679236238716,6190,233,13,1297786311,232009673,1529795984,1148153,239100508,836.4976076555024
2026-06-26 20:05:09.214427,2241,0,3.0,0,880948,62585,56455,6130,9.794679236238716,6190,233,13,1297786311,232009673,1529795984,1148153,239100508,0.0
2026-06-26 20:05:09.219445,2242,0,3.0,0,880958,62601,56467,6134,9.798565518122713,6190,233,13,1298221347,232172054,1530393401,1148153,239100508,693.5607811877242
2026-06-26 20:05:09.224424,2243,0,3.0,0,880968,62601,56467,6134,9.798565518122713,6190,233,13,1298221347,232172054,1530393401,1148153,239100508,0.0
2026-06-26 20:05:09.229441,2244,0,3.0,0,880978,62617,56482,6135,9.797658782758676,6194,233,13,1298700748,232206901,1530907649,1148153,239262889,764.4424955152482
2026-06-26 20:05:09.234424,2245,0,3.0,0,880988,62617,56482,6135,9.797658782758676,6194,233,13,1298700748,232206901,1530907649,1148153,239262889,0.0
2026-06-26 20:05:09.239446,2246,0,3.0,0,880998,62633,56497,6136,9.79675251065732,6195,233,13,1299157836,232258103,1531415939,1148153,239297736,728.136997212266
2026-06-26 20:05:09.244424,2247,0,3.0,0,881008,62633,56497,6136,9.79675251065732,6195,233,13,1299157836,232258103,1531415939,1148153,239297736,0.0
2026-06-26 20:05:09.249441,2248,0,3.0,0,881018,62649,56511,6138,9.797442896135612,6197,233,13,1299637814,232318572,1531956386,1148153,239374560,765.3625672712776
2026-06-26 20:05:09.254425,2249,0,3.0,0,881028,62649,56511,6138,9.797442896135612,6197,233,13,1299637814,232318572,1531956386,1148153,239374560,0.0
2026-06-26 20:05:09.259441,2250,0,3.0,0,881038,62665,56521,6144,9.804516077555254,6199,233,13,1299961442,232551139,1532512581,1148153,239453462,516.1531100478469
2026-06-26 20:05:09.264427,2251,0,3.0,0,881048,62665,56521,6144,9.804516077555254,6199,233,13,1299961442,232551139,1532512581,1148153,239453462,0.0
2026-06-26 20:05:09.269440,2252,0,3.0,0,881058,62681,56537,6144,9.802013369282559,6204,233,13,1300469772,232551139,1533020911,1148153,239641974,811.2188310392978
2026-06-26 20:05:09.274429,2253,0,3.0,0,881068,62681,56537,6144,9.802013369282559,6204,233,13,1300469772,232551139,1533020911,1148153,239641974,0.0
2026-06-26 20:05:09.279447,2254,0,3.0,0,881078,62697,56553,6144,9.799511938370257,6204,233,13,1300939407,232551139,1533490546,1148153,239641974,748.7206058190515
2026-06-26 20:05:09.284430,2255,0,3.0,0,881088,62697,56553,6144,9.799511938370257,6204,233,13,1300939407,232551139,1533490546,1148153,239641974,0.0
2026-06-26 20:05:09.289448,2256,0,3.0,0,881098,62713,56568,6145,9.798606349560696,6204,233,13,1301424164,232585986,1534010150,1148153,239641974,772.8290155440415
2026-06-26 20:05:09.294432,2257,0,3.0,0,881108,62713,56568,6145,9.798606349560696,6204,233,13,1301424164,232585986,1534010150,1148153,239641974,0.0
2026-06-26 20:05:09.299450,2258,0,3.0,0,881118,62729,56580,6149,9.80248369972421,6205,233,13,1301856848,232726834,1534583682,1148153,239676821,689.8110801115982
2026-06-26 20:05:09.304427,2259,0,3.0,0,881128,62729,56580,6149,9.80248369972421,6205,233,13,1301856848,232726834,1534583682,1148153,239676821,0.0
2026-06-26 20:05:09.309449,2260,0,3.0,0,881138,62745,56592,6153,9.80635907243605,6210,233,13,1302231618,232855149,1535086767,1148153,239858655,597.005177220231
2026-06-26 20:05:09.314432,2261,0,3.0,0,881148,62745,56592,6153,9.80635907243605,6210,233,13,1302231618,232855149,1535086767,1148153,239858655,0.0
2026-06-26 20:05:09.319442,2262,0,3.0,0,881158,62761,56608,6153,9.803859084463282,6213,233,13,1302658742,232855149,1535513891,1148153,239945984,682.0343313373254
2026-06-26 20:05:09.324422,2263,0,3.0,0,881168,62761,56608,6153,9.803859084463282,6213,233,13,1302658742,232855149,1535513891,1148153,239945984,0.0
2026-06-26 20:05:09.329444,2264,0,3.0,0,881178,62777,56624,6153,9.801360370836452,6213,233,13,1303105736,232855149,1535960885,1148153,239945984,712.0573476702509
2026-06-26 20:05:09.334430,2265,0,3.0,0,881188,62777,56624,6153,9.801360370836452,6213,233,13,1303105736,232855149,1535960885,1148153,239945984,0.0
2026-06-26 20:05:09.339443,2266,0,3.0,0,881198,62793,56638,6155,9.802047998980779,6213,233,13,1303543656,232926857,1536470513,1148153,239945984,698.854977059645
2026-06-26 20:05:09.344424,2267,0,3.0,0,881208,62793,56638,6155,9.802047998980779,6213,233,13,1303543656,232926857,1536470513,1148153,239945984,0.0
2026-06-26 20:05:09.349444,2268,0,3.0,0,881218,62809,56653,6156,9.801143148274928,6215,233,13,1304001869,232972966,1536974835,1148153,240017692,730.2199203187251
2026-06-26 20:05:09.354430,2269,0,3.0,0,881228,62809,56653,6156,9.801143148274928,6215,233,13,1304001869,232972966,1536974835,1148153,240017692,0.0
2026-06-26 20:05:09.359446,2270,0,3.0,0,881238,62825,56667,6158,9.80183048149622,6217,233,13,1304517916,233063118,1537581034,1148153,240101706,823.0414673046251
2026-06-26 20:05:09.364424,2271,0,3.0,0,881248,62825,56667,6158,9.80183048149622,6217,233,13,1304517916,233063118,1537581034,1148153,240101706,0.0
2026-06-26 20:05:09.369438,2272,0,3.0,0,881258,62841,56682,6159,9.800926146942283,6218,233,13,1304953890,233115365,1538069255,1148153,240153953,695.6106900678101
2026-06-26 20:05:09.374436,2273,0,3.0,0,881268,62841,56682,6159,9.800926146942283,6218,233,13,1304953890,233115365,1538069255,1148153,240153953,0.0
2026-06-26 20:05:09.379442,2274,0,3.0,0,881278,62857,56697,6160,9.800022272777893,6219,233,13,1305531540,233145087,1538676627,1148153,240206200,923.1322413104275
2026-06-26 20:05:09.384423,2275,0,3.0,0,881288,62857,56697,6160,9.800022272777893,6219,233,13,1305531540,233145087,1538676627,1148153,240206200,0.0
2026-06-26 20:05:09.389453,2276,0,3.0,0,881298,62873,56706,6167,9.808661905746504,6222,233,13,1305884546,233407634,1539292180,1148153,240328128,561.4409542743539
2026-06-26 20:05:09.394427,2277,0,3.0,0,881308,62873,56706,6167,9.808661905746504,6222,233,13,1305884546,233407634,1539292180,1148153,240328128,0.0
2026-06-26 20:05:09.399439,2278,0,3.0,0,881318,62889,56720,6169,9.809346626596065,6227,233,13,1306285335,233479353,1539764688,1148153,240498469,639.7270550678372
2026-06-26 20:05:09.404428,2279,0,3.0,0,881328,62889,56720,6169,9.809346626596065,6227,233,13,1306285335,233479353,1539764688,1148153,240498469,0.0
2026-06-26 20:05:09.409444,2280,0,3.0,0,881338,62905,56733,6172,9.811620697877752,6230,233,13,1306654007,233598214,1540252221,1148153,240608093,587.993620414673
2026-06-26 20:05:09.414424,2281,0,3.0,0,881348,62905,56733,6172,9.811620697877752,6230,233,13,1306654007,233598214,1540252221,1148153,240608093,0.0
2026-06-26 20:05:09.419444,2282,0,3.0,0,881358,62921,56747,6174,9.81230431811319,6233,233,13,1307041545,233649952,1540691497,1148153,240713646,617.590438247012
2026-06-26 20:05:09.424428,2283,0,3.0,0,881368,62921,56747,6174,9.81230431811319,6233,233,13,1307041545,233649952,1540691497,1148153,240713646,0.0
2026-06-26 20:05:09.429443,2284,0,3.0,0,881378,62937,56763,6174,9.80980980980981,6234,233,13,1307464653,233649952,1541114605,1148153,240740787,674.9479561316052
2026-06-26 20:05:09.434427,2285,0,3.0,0,881388,62937,56763,6174,9.80980980980981,6234,233,13,1307464653,233649952,1541114605,1148153,240740787,0.0
2026-06-26 20:05:09.439440,2286,0,3.0,0,881398,62953,56779,6174,9.807316569504234,6234,233,13,1307914128,233649952,1541564080,1148153,240740787,717.2950329144224
2026-06-26 20:05:09.444424,2287,0,3.0,0,881408,62953,56779,6174,9.807316569504234,6234,233,13,1307914128,233649952,1541564080,1148153,240740787,0.0
2026-06-26 20:05:09.449444,2288,0,3.0,0,881418,62969,56794,6175,9.806412679254871,6234,233,13,1308401170,233682220,1542083390,1148153,240740787,776.1625498007968
2026-06-26 20:05:09.454427,2289,0,3.0,0,881428,62969,56794,6175,9.806412679254871,6234,233,13,1308401170,233682220,1542083390,1148153,240740787,0.0
2026-06-26 20:05:09.459441,2290,0,3.0,0,881438,62985,56809,6176,9.805509248233706,6235,233,13,1308917336,233715017,1542632353,1148153,240773055,823.559633027523
2026-06-26 20:05:09.464429,2291,0,3.0,0,881448,62985,56809,6176,9.805509248233706,6235,233,13,1308917336,233715017,1542632353,1148153,240773055,0.0
2026-06-26 20:05:09.469451,2292,0,3.0,0,881458,63001,56822,6179,9.807780828875732,6236,233,13,1309301227,233836392,1543137619,1148153,240805852,611.5348466746316
2026-06-26 20:05:09.474442,2293,0,3.0,0,881468,63001,56822,6179,9.807780828875732,6236,233,13,1309301227,233836392,1543137619,1148153,240805852,0.0
2026-06-26 20:05:09.479453,2294,0,3.0,0,881478,63017,56838,6179,9.805290635860164,6239,233,13,1309793166,233836392,1543629558,1148153,240927227,785.3745759329476
2026-06-26 20:05:09.484423,2295,0,3.0,0,881488,63017,56838,6179,9.805290635860164,6239,233,13,1309793166,233836392,1543629558,1148153,240927227,0.0
2026-06-26 20:05:09.489447,2296,0,3.0,0,881498,63033,56853,6180,9.804388177621245,6239,233,13,1310260949,233848425,1544109374,1148153,240927227,744.8773885350319
2026-06-26 20:05:09.494425,2297,0,3.0,0,881508,63033,56853,6180,9.804388177621245,6239,233,13,1310260949,233848425,1544109374,1148153,240927227,0.0
2026-06-26 20:05:09.499440,2298,0,3.0,0,881518,63049,56869,6180,9.80190010943869,6240,233,13,1310724425,233848425,1544572850,1148153,240939260,739.3435692921237
2026-06-26 20:05:09.504425,2299,0,3.0,0,881528,63049,56869,6180,9.80190010943869,6240,233,13,1310724425,233848425,1544572850,1148153,240939260,0.0
2026-06-26 20:05:09.509441,2300,0,3.0,0,881538,63065,56885,6180,9.799413303734243,6240,233,13,1311258001,233848425,1545106426,1148153,240939260,850.9984051036682
2026-06-26 20:05:09.514425,2301,0,3.0,0,881548,63065,56885,6180,9.799413303734243,6240,233,13,1311258001,233848425,1545106426,1148153,240939260,0.0
2026-06-26 20:05:09.519443,2302,0,3.0,0,881558,63081,56901,6180,9.796927759547248,6240,233,13,1311836983,233848425,1545685408,1148153,240939260,923.048226385014
2026-06-26 20:05:09.524421,2303,0,3.0,0,881568,63081,56901,6180,9.796927759547248,6240,233,13,1311836983,233848425,1545685408,1148153,240939260,0.0
2026-06-26 20:05:09.529446,2304,0,3.0,0,881578,63097,56913,6184,9.80078292153351,6241,233,13,1312306811,234041079,1546347890,1148153,240986372,747.9848756218905
2026-06-26 20:05:09.534426,2305,0,3.0,0,881588,63097,56913,6184,9.80078292153351,6241,233,13,1312306811,234041079,1546347890,1148153,240986372,0.0
2026-06-26 20:05:09.539440,2306,0,3.0,0,881598,63113,56926,6187,9.803051669228209,6244,233,13,1312784208,234205017,1546989225,1148153,241131914,761.7024331870762
2026-06-26 20:05:09.544423,2307,0,3.0,0,881608,63113,56926,6187,9.803051669228209,6244,233,13,1312784208,234205017,1546989225,1148153,241131914,0.0
2026-06-26 20:05:09.549446,2308,0,3.0,0,881618,63129,56941,6188,9.802151150818165,6247,233,13,1313359629,234253176,1547612805,1148153,241295852,916.4578936890305
2026-06-26 20:05:09.554431,2309,0,3.0,0,881628,63129,56941,6188,9.802151150818165,6247,233,13,1313359629,234253176,1547612805,1148153,241295852,0.0
2026-06-26 20:05:09.559442,2310,0,3.0,0,881638,63145,56955,6190,9.802834745427191,6248,233,13,1313804674,234334132,1548138806,1148153,241344011,710.5088804629814
2026-06-26 20:05:09.564426,2311,0,3.0,0,881648,63145,56955,6190,9.802834745427191,6248,233,13,1313804674,234334132,1548138806,1148153,241344011,0.0
2026-06-26 20:05:09.569441,2312,0,3.0,0,881658,63161,56971,6190,9.800351482718767,6250,233,13,1314389628,234334132,1548723760,1148153,241424967,933.1270189431705
2026-06-26 20:05:09.574424,2313,0,3.0,0,881668,63161,56971,6190,9.800351482718767,6250,233,13,1314389628,234334132,1548723760,1148153,241424967,0.0
2026-06-26 20:05:09.579441,2314,0,3.0,0,881678,63176,56985,6191,9.799607445865519,6251,233,13,1314862319,234371029,1549233348,1148153,241461864,753.7428742276261
2026-06-26 20:05:09.584420,2315,0,3.0,0,881688,63176,56985,6191,9.799607445865519,6251,233,13,1314862319,234371029,1549233348,1148153,241461864,0.0
2026-06-26 20:05:09.589446,2316,0,3.0,0,881698,63190,56997,6193,9.800601360974838,6252,233,13,1315308538,234477589,1549786127,1148153,241508976,710.2570632709909
2026-06-26 20:05:09.594422,2317,0,3.0,0,881708,63190,56997,6193,9.800601360974838,6252,233,13,1315308538,234477589,1549786127,1148153,241508976,0.0
2026-06-26 20:05:09.599439,2318,0,3.0,0,881718,63204,57010,6194,9.800012657426745,6253,233,13,1315778139,234525748,1550303887,1148153,241568424,748.8156268686466
2026-06-26 20:05:09.604425,2319,0,3.0,0,881728,63204,57010,6194,9.800012657426745,6253,233,13,1315778139,234525748,1550303887,1148153,241568424,0.0
2026-06-26 20:05:09.609443,2320,0,3.0,0,881738,63220,57026,6194,9.797532426447326,6254,233,13,1316455921,234525748,1550981669,1148153,241616583,1080.5611797528895
2026-06-26 20:05:09.614429,2321,0,3.0,0,881748,63220,57026,6194,9.797532426447326,6254,233,13,1316455921,234525748,1550981669,1148153,241616583,0.0
2026-06-26 20:05:09.619439,2322,0,3.0,0,881758,63235,57039,6196,9.798371155214676,6254,233,13,1316931357,234629228,1551560585,1148153,241616583,759.179241516966
2026-06-26 20:05:09.624426,2323,0,3.0,0,881768,63235,57039,6196,9.798371155214676,6254,233,13,1316931357,234629228,1551560585,1148153,241616583,0.0
2026-06-26 20:05:09.629435,2324,0,3.0,0,881778,63242,57046,6196,9.797286613326586,6256,233,13,1317075667,234629228,1551704895,1148153,241720063,230.48113395887404
2026-06-26 20:05:09.634424,2325,0,3.0,0,881788,63242,57046,6196,9.797286613326586,6256,233,13,1317075667,234629228,1551704895,1148153,241720063,0.0
2026-06-26 20:05:09.639437,2326,0,3.0,0,881798,63248,57052,6196,9.79635719706552,6256,233,13,1317100791,234629228,1551730019,1148154,241720063,40.094155196489126
2026-06-26 20:05:09.644420,2327,0,3.0,0,881808,63248,57052,6196,9.79635719706552,6256,233,13,1317100791,234629228,1551730019,1148154,241720063,0.0
2026-06-26 20:05:09.649437,2328,0,3.0,0,881818,63255,57058,6197,9.796854003636076,6257,233,13,1317184954,234665100,1551850054,1148154,241755935,134.20450468407415
2026-06-26 20:05:09.654421,2329,0,3.0,0,881828,63255,57058,6197,9.796854003636076,6257,233,13,1317184954,234665100,1551850054,1148154,241755935,0.0
2026-06-26 20:05:09.659440,2330,0,3.0,0,881838,63268,57071,6197,9.794840993867359,6257,233,13,1317644789,234665100,1552309889,1148154,241755935,732.9507870093644
2026-06-26 20:05:09.664423,2331,0,3.0,0,881848,63268,57071,6197,9.794840993867359,6257,233,13,1317644789,234665100,1552309889,1148154,241755935,0.0
2026-06-26 20:05:09.669439,2332,0,3.0,0,881858,63284,57087,6197,9.79236457872448,6257,233,13,1318304717,234665100,1552969817,1148154,241755935,1052.5167464114832
2026-06-26 20:05:09.674424,2333,0,3.0,0,881868,63284,57087,6197,9.79236457872448,6257,233,13,1318304717,234665100,1552969817,1148154,241755935,0.0
2026-06-26 20:05:09.679441,2334,0,3.0,0,881878,63300,57098,6202,9.797788309636651,6257,233,13,1318769038,234938623,1553707661,1148154,241755935,740.3962527406817
2026-06-26 20:05:09.684423,2335,0,3.0,0,881888,63300,57098,6202,9.797788309636651,6257,233,13,1318769038,234938623,1553707661,1148154,241755935,0.0
2026-06-26 20:05:09.689445,2336,0,3.0,0,881898,63316,57114,6202,9.795312401288774,6262,233,13,1319530371,234938623,1554468994,1148154,242029458,1212.7964954201514
2026-06-26 20:05:09.694425,2337,0,3.0,0,881908,63316,57114,6202,9.795312401288774,6262,233,13,1319530371,234938623,1554468994,1148154,242029458,0.0
2026-06-26 20:05:09.699436,2338,0,3.0,0,881918,63332,57127,6205,9.797574685782859,6262,233,13,1320038123,235106698,1555144821,1148154,242029458,810.619836360008
2026-06-26 20:05:09.704422,2339,0,3.0,0,881928,63332,57127,6205,9.797574685782859,6262,233,13,1320038123,235106698,1555144821,1148154,242029458,0.0
2026-06-26 20:05:09.709440,2340,0,3.0,0,881938,63347,57137,6210,9.803147741803086,6265,233,13,1320399039,235369009,1555768048,1148154,242197533,575.3941809485851
2026-06-26 20:05:09.714425,2341,0,3.0,0,881948,63347,57137,6210,9.803147741803086,6265,233,13,1320399039,235369009,1555768048,1148154,242197533,0.0
2026-06-26 20:05:09.719441,2342,0,3.0,0,881958,63363,57153,6210,9.800672316651674,6270,233,13,1321020238,235369009,1556389247,1148154,242459844,990.7480063795854
2026-06-26 20:05:09.724422,2343,0,3.0,0,881968,63363,57153,6210,9.800672316651674,6270,233,13,1321020238,235369009,1556389247,1148154,242459844,0.0
2026-06-26 20:05:09.729441,2344,0,3.0,0,881978,63379,57169,6210,9.798198141340192,6270,233,13,1321689670,235369009,1557058679,1148154,242459844,1067.0364614465034
2026-06-26 20:05:09.734426,2345,0,3.0,0,881988,63379,57169,6210,9.798198141340192,6270,233,13,1321689670,235369009,1557058679,1148154,242459844,0.0
2026-06-26 20:05:09.739438,2346,0,3.0,0,881998,63395,57182,6213,9.800457449325657,6270,233,13,1322224808,235543206,1557768014,1148154,242459844,854.170790103751
2026-06-26 20:05:09.744424,2347,0,3.0,0,882008,63395,57182,6213,9.800457449325657,6270,233,13,1322224808,235543206,1557768014,1148154,242459844,0.0
2026-06-26 20:05:09.749443,2348,0,3.0,0,882018,63408,57194,6214,9.800025233409034,6273,233,13,1322782763,235605723,1558388486,1148154,242634041,889.3484757919904
2026-06-26 20:05:09.754422,2349,0,3.0,0,882028,63408,57194,6214,9.800025233409034,6273,233,13,1322782763,235605723,1558388486,1148154,242634041,0.0
2026-06-26 20:05:09.759441,2350,0,3.0,0,882038,63424,57208,6216,9.800706357214935,6274,233,13,1323373813,235698975,1559072788,1148154,242696558,942.1000199242877
2026-06-26 20:05:09.764424,2351,0,3.0,0,882048,63424,57208,6216,9.800706357214935,6274,233,13,1323373813,235698975,1559072788,1148154,242696558,0.0
2026-06-26 20:05:09.769442,2352,0,3.0,0,882058,63440,57224,6216,9.798234552332913,6276,233,13,1324026051,235698975,1559725026,1148155,242789810,1039.837385412515
2026-06-26 20:05:09.774426,2353,0,3.0,0,882068,63440,57224,6216,9.798234552332913,6276,233,13,1324026051,235698975,1559725026,1148155,242789810,0.0
2026-06-26 20:05:09.779442,2354,0,3.0,0,882078,63456,57240,6216,9.795763993948563,6276,233,13,1324748366,235698975,1560447341,1148155,242789810,1152.017543859649
2026-06-26 20:05:09.784424,2355,0,3.0,0,882088,63456,57240,6216,9.795763993948563,6276,233,13,1324748366,235698975,1560447341,1148155,242789810,0.0
2026-06-26 20:05:09.789438,2356,0,3.0,0,882098,63472,57256,6216,9.793294681119233,6276,233,13,1325425605,235698975,1561124580,1148155,242789810,1080.5568408456322
2026-06-26 20:05:09.794422,2357,0,3.0,0,882108,63472,57256,6216,9.793294681119233,6276,233,13,1325425605,235698975,1561124580,1148155,242789810,0.0
2026-06-26 20:05:09.799439,2358,0,3.0,0,882118,63484,57268,6216,9.791443513326193,6277,234,13,1325891978,235698975,1561590953,1148155,242834871,743.668327685868
2026-06-26 20:05:09.804419,2359,0,3.0,0,882128,63484,57268,6216,9.791443513326193,6277,234,13,1325891978,235698975,1561590953,1148155,242834871,0.0
2026-06-26 20:05:09.809441,2360,0,3.0,0,882138,63500,57282,6218,9.79212598425197,6280,236,13,1326565115,235812678,1562377793,1148155,242990595,1072.3010752688172
2026-06-26 20:05:09.814424,2361,0,3.0,0,882148,63500,57282,6218,9.79212598425197,6280,236,13,1326565115,235812678,1562377793,1148155,242990595,0.0
2026-06-26 20:05:09.819439,2362,0,3.0,0,882158,63516,57298,6218,9.789659298444487,6281,236,13,1327297153,235812678,1563109831,1148155,243040800,1167.7575274177468
2026-06-26 20:05:09.824421,2363,0,3.0,0,882168,63516,57298,6218,9.789659298444487,6281,236,13,1327297153,235812678,1563109831,1148155,243040800,0.0
2026-06-26 20:05:09.829436,2364,0,3.0,0,882178,63532,57312,6220,9.79034187496065,6282,236,13,1327982312,235944849,1563927161,1148155,243099205,1092.9754735792621
2026-06-26 20:05:09.834420,2365,0,3.0,0,882188,63532,57312,6220,9.79034187496065,6282,236,13,1327982312,235944849,1563927161,1148155,243099205,0.0
2026-06-26 20:05:09.839441,2366,0,3.0,0,882198,63548,57327,6221,9.789450494114686,6283,236,13,1328653121,236014526,1564667647,1148155,243172971,1068.8054172475602
2026-06-26 20:05:09.844423,2367,0,3.0,0,882208,63548,57327,6221,9.789450494114686,6283,236,13,1328653121,236014526,1564667647,1148155,243172971,0.0
2026-06-26 20:05:09.849441,2368,0,3.0,0,882218,63564,57343,6221,9.786986344471714,6284,236,13,1329411294,236014526,1565425820,1148155,243242648,1208.7253886010362
2026-06-26 20:05:09.854429,2369,0,3.0,0,882228,63564,57343,6221,9.786986344471714,6284,236,13,1329411294,236014526,1565425820,1148155,243242648,0.0
2026-06-26 20:05:09.859440,2370,0,3.0,0,882238,63579,57357,6222,9.786250176945217,6285,236,13,1330011193,236090339,1566101532,1148155,243318461,957.7313909399321
2026-06-26 20:05:09.864423,2371,0,3.0,0,882248,63579,57357,6222,9.786250176945217,6285,236,13,1330011193,236090339,1566101532,1148155,243318461,0.0
2026-06-26 20:05:09.869443,2372,0,3.0,0,882258,63595,57370,6225,9.788505385643525,6286,236,13,1330636728,236202039,1566838767,1148155,243359447,996.8685258964143
2026-06-26 20:05:09.874422,2373,0,3.0,0,882268,63595,57370,6225,9.788505385643525,6286,236,13,1330636728,236202039,1566838767,1148155,243359447,0.0
2026-06-26 20:05:09.879438,2374,0,3.0,0,882278,63611,57385,6226,9.787615349546462,6288,236,13,1331207684,236250198,1567457882,1148155,243430161,910.615629984051
2026-06-26 20:05:09.884424,2375,0,3.0,0,882288,63611,57385,6226,9.787615349546462,6288,236,13,1331207684,236250198,1567457882,1148155,243430161,0.0
2026-06-26 20:05:09.889438,2376,0,3.0,0,882298,63627,57395,6232,9.794584060226006,6289,236,13,1331630093,236663065,1568293158,1148155,243478320,673.9672915835661
2026-06-26 20:05:09.894427,2377,0,3.0,0,882308,63627,57395,6232,9.794584060226006,6289,236,13,1331630093,236663065,1568293158,1148155,243478320,0.0
2026-06-26 20:05:09.899436,2378,0,3.0,0,882318,63639,57405,6234,9.795879884976195,6295,236,13,1332096248,236793204,1568889452,1148155,243891187,744.50788580555
2026-06-26 20:05:09.904427,2379,0,3.0,0,882328,63639,57405,6234,9.795879884976195,6295,236,13,1332096248,236793204,1568889452,1148155,243891187,0.0
2026-06-26 20:05:09.909438,2380,0,3.0,0,882338,63649,57415,6234,9.794340838033591,6299,238,13,1332522766,236793204,1569315970,1148155,244162689,680.9307523448414
2026-06-26 20:05:09.914419,2381,0,3.0,0,882348,63649,57415,6234,9.794340838033591,6299,238,13,1332522766,236793204,1569315970,1148155,244162689,0.0
2026-06-26 20:05:09.919441,2382,0,3.0,0,882358,63664,57427,6237,9.796745413420457,6300,238,13,1333030378,236917210,1569947588,1148155,244205736,808.6212664277181
2026-06-26 20:05:09.924422,2383,0,3.0,0,882368,63664,57427,6237,9.796745413420457,6300,238,13,1333030378,236917210,1569947588,1148155,244205736,0.0
2026-06-26 20:05:09.929436,2384,0,3.0,0,882378,63678,57441,6237,9.79459153867898,6302,238,13,1333591631,236917210,1570508841,1148155,244286695,895.497407259673
2026-06-26 20:05:09.934422,2385,0,3.0,0,882388,63678,57441,6237,9.79459153867898,6302,238,13,1333591631,236917210,1570508841,1148155,244286695,0.0
2026-06-26 20:05:09.939438,2386,0,3.0,0,882398,63691,57454,6237,9.792592359988067,6302,238,13,1334032107,236917210,1570949317,1148155,244286695,702.5135566188197
2026-06-26 20:05:09.944425,2387,0,3.0,0,882408,63691,57454,6237,9.792592359988067,6302,238,13,1334032107,236917210,1570949317,1148155,244286695,0.0
2026-06-26 20:05:09.949439,2388,0,3.0,0,882418,63707,57469,6238,9.791702638642535,6302,238,13,1334464759,236960257,1571425016,1148155,244286695,690.3103310729956
2026-06-26 20:05:09.954422,2389,0,3.0,0,882428,63707,57469,6238,9.791702638642535,6302,238,13,1334464759,236960257,1571425016,1148155,244286695,0.0
2026-06-26 20:05:09.959438,2390,0,3.0,0,882438,63722,57482,6240,9.792536329682058,6303,238,13,1334881080,236981124,1571862204,1148155,244329742,663.9888357256779
2026-06-26 20:05:09.964423,2391,0,3.0,0,882448,63722,57482,6240,9.792536329682058,6303,238,13,1334881080,236981124,1571862204,1148155,244329742,0.0
2026-06-26 20:05:09.969438,2392,0,3.0,0,882458,63738,57498,6240,9.790078132354326,6305,238,13,1335361226,236981124,1572342350,1148155,244350609,765.9357926221336
2026-06-26 20:05:09.974433,2393,0,3.0,0,882468,63738,57498,6240,9.790078132354326,6305,238,13,1335361226,236981124,1572342350,1148155,244350609,0.0
2026-06-26 20:05:09.979440,2394,0,3.0,0,882478,63753,57512,6241,9.789343246592317,6305,238,13,1335779572,236990085,1572769657,1148155,244350609,668.4178150589175
2026-06-26 20:05:09.984423,2395,0,3.0,0,882488,63753,57512,6241,9.789343246592317,6305,238,13,1335779572,236990085,1572769657,1148155,244350609,0.0
2026-06-26 20:05:09.989445,2396,0,3.0,0,882498,63766,57522,6244,9.792052190822695,6306,238,13,1336097736,237118166,1573215902,1148155,244359570,506.83233771405816
2026-06-26 20:05:09.994424,2397,0,3.0,0,882508,63766,57522,6244,9.792052190822695,6306,238,13,1336097736,237118166,1573215902,1148155,244359570,0.0
2026-06-26 20:05:09.999442,2398,0,3.0,0,882518,63778,57532,6246,9.793345667785129,6309,238,13,1336410980,237184785,1573595765,1148155,244487651,499.3925866879235
2026-06-26 20:05:10.004423,2399,0,3.0,0,882528,63778,57532,6246,9.793345667785129,6309,238,13,1336410980,237184785,1573595765,1148155,244487651,0.0
2026-06-26 20:05:10.009442,2400,0,3.0,0,882538,63792,57545,6247,9.792763982944571,6311,238,13,1336885555,237195032,1574080587,1148155,244554270,756.4455070731221
2026-06-26 20:05:10.014425,2401,0,3.0,0,882548,63792,57545,6247,9.792763982944571,6311,238,13,1336885555,237195032,1574080587,1148155,244554270,0.0
2026-06-26 20:05:10.019447,2402,0,3.0,0,882558,63805,57555,6250,9.795470574406394,6313,238,13,1337262825,237306177,1574569002,1148155,244628015,600.9876543209876
2026-06-26 20:05:10.024421,2403,0,3.0,0,882568,63805,57555,6250,9.795470574406394,6313,238,13,1337262825,237306177,1574569002,1148155,244628015,0.0
2026-06-26 20:05:10.029440,2404,0,3.0,0,882578,63821,57567,6254,9.799282367872644,6316,238,13,1337539458,237447704,1574987162,1148155,244716648,440.93723849372384
2026-06-26 20:05:10.034424,2405,0,3.0,0,882588,63821,57567,6254,9.799282367872644,6316,238,13,1337539458,237447704,1574987162,1148155,244716648,0.0
2026-06-26 20:05:10.039447,2406,0,3.0,0,882598,63837,57582,6255,9.798392781615679,6319,238,13,1338003031,237483576,1575486607,1148155,244817189,738.3205255823214
2026-06-26 20:05:10.044424,2407,0,3.0,0,882608,63837,57582,6255,9.798392781615679,6319,238,13,1338003031,237483576,1575486607,1148155,244817189,0.0
2026-06-26 20:05:10.049455,2408,0,3.0,0,882618,63853,57598,6255,9.795937544046481,6320,238,13,1338504609,237483576,1575988185,1148155,244853061,797.5798052077122
2026-06-26 20:05:10.054428,2409,0,3.0,0,882628,63853,57598,6255,9.795937544046481,6320,238,13,1338504609,237483576,1575988185,1148155,244853061,0.0
2026-06-26 20:05:10.059441,2410,0,3.0,0,882638,63869,57611,6258,9.798180651020056,6320,238,13,1338973618,237583223,1576556841,1148155,244853061,748.4683822062638
2026-06-26 20:05:10.064423,2411,0,3.0,0,882648,63869,57611,6258,9.798180651020056,6320,238,13,1338973618,237583223,1576556841,1148155,244853061,0.0
2026-06-26 20:05:10.069443,2412,0,3.0,0,882658,63885,57625,6260,9.798857321750019,6323,238,13,1339487530,237689765,1577177295,1148155,244952708,818.9832669322709
2026-06-26 20:05:10.074425,2413,0,3.0,0,882668,63885,57625,6260,9.798857321750019,6323,238,13,1339487530,237689765,1577177295,1148155,244952708,0.0
2026-06-26 20:05:10.079438,2414,0,3.0,0,882678,63901,57637,6264,9.802663495093974,6325,238,13,1340018329,237792746,1577811075,1148155,245059250,847.0760023937762
2026-06-26 20:05:10.084424,2415,0,3.0,0,882688,63901,57637,6264,9.802663495093974,6325,238,13,1340018329,237792746,1577811075,1148155,245059250,0.0
2026-06-26 20:05:10.089445,2416,0,3.0,0,882698,63915,57651,6264,9.800516310725182,6329,238,13,1340285913,237792746,1578078659,1148155,245162231,426.34375622385977
2026-06-26 20:05:10.094426,2417,0,3.0,0,882708,63915,57651,6264,9.800516310725182,6329,238,13,1340285913,237792746,1578078659,1148155,245162231,0.0
2026-06-26 20:05:10.099450,2418,0,3.0,0,882718,63931,57659,6272,9.810577028358699,6329,238,13,1340626589,238096940,1578723529,1148155,245162231,542.4777070063694
2026-06-26 20:05:10.104425,2419,0,3.0,0,882728,63931,57659,6272,9.810577028358699,6329,238,13,1340626589,238096940,1578723529,1148155,245162231,0.0
2026-06-26 20:05:10.109448,2420,0,3.0,0,882738,63947,57675,6272,9.808122351322188,6337,238,13,1341144657,238096940,1579241597,1148155,245466425,825.1132789169819
2026-06-26 20:05:10.114437,2421,0,3.0,0,882748,63947,57675,6272,9.808122351322188,6337,238,13,1341144657,238096940,1579241597,1148155,245466425,0.0
2026-06-26 20:05:10.119442,2422,0,3.0,0,882758,63962,57690,6272,9.805822206935368,6341,242,13,1341635017,238096940,1579731957,1148155,245651892,783.7922077922078
2026-06-26 20:05:10.124423,2423,0,3.0,0,882768,63962,57690,6272,9.805822206935368,6341,242,13,1341635017,238096940,1579731957,1148155,245651892,0.0
2026-06-26 20:05:10.129445,2424,0,3.0,0,882778,63975,57703,6272,9.803829620945683,6341,242,13,1341955487,238096940,1580052427,1148155,245651892,510.50577459179607
2026-06-26 20:05:10.134423,2425,0,3.0,0,882788,63975,57703,6272,9.803829620945683,6341,242,13,1341955487,238096940,1580052427,1148155,245651892,0.0
2026-06-26 20:05:10.139443,2426,0,3.0,0,882798,63991,57718,6273,9.802941038583551,6341,242,13,1342452321,238151225,1580603546,1148155,245651892,791.7673306772908
2026-06-26 20:05:10.144420,2427,0,3.0,0,882808,63991,57718,6273,9.802941038583551,6341,242,13,1342452321,238151225,1580603546,1148155,245651892,0.0
2026-06-26 20:05:10.149442,2428,0,3.0,0,882818,64007,57733,6274,9.802052900464012,6342,242,13,1343031420,238213742,1581245162,1148155,245706177,922.4994026284348
2026-06-26 20:05:10.154425,2429,0,3.0,0,882828,64007,57733,6274,9.802052900464012,6342,242,13,1343031420,238213742,1581245162,1148155,245706177,0.0
2026-06-26 20:05:10.159436,2430,0,3.0,0,882838,64023,57749,6274,9.799603267575716,6343,242,13,1343613799,238213742,1581827541,1148155,245768694,929.7609259628816
2026-06-26 20:05:10.164420,2431,0,3.0,0,882848,64023,57749,6274,9.799603267575716,6343,242,13,1343613799,238213742,1581827541,1148155,245768694,0.0
2026-06-26 20:05:10.169440,2432,0,3.0,0,882858,64039,57756,6283,9.811208794640766,6343,242,13,1343837441,238704577,1582542018,1148155,245768694,356.401593625498
2026-06-26 20:05:10.174422,2433,0,3.0,0,882868,64039,57756,6283,9.811208794640766,6343,242,13,1343837441,238704577,1582542018,1148155,245768694,0.0
2026-06-26 20:05:10.179439,2434,0,3.0,0,882878,64055,57772,6283,9.808758098509093,6352,242,13,1344578763,238704577,1583283340,1148155,246259529,1182.0960733506079
2026-06-26 20:05:10.184422,2435,0,3.0,0,882888,64055,57772,6283,9.808758098509093,6352,242,13,1344578763,238704577,1583283340,1148155,246259529,0.0
2026-06-26 20:05:10.189447,2436,0,3.0,0,882898,64071,57788,6283,9.806308626367622,6352,242,13,1345210634,238704577,1583915211,1148155,246259529,1005.9637810945273
2026-06-26 20:05:10.194424,2437,0,3.0,0,882908,64071,57788,6283,9.806308626367622,6352,242,13,1345210634,238704577,1583915211,1148155,246259529,0.0
2026-06-26 20:05:10.199438,2438,0,3.0,0,882918,64087,57803,6284,9.805420756159595,6352,242,13,1345684446,238760950,1584445396,1148155,246259529,755.9824491424013
2026-06-26 20:05:10.204423,2439,0,3.0,0,882928,64087,57803,6284,9.805420756159595,6352,242,13,1345684446,238760950,1584445396,1148155,246259529,0.0
2026-06-26 20:05:10.214424,2440,0,3.0,0,882948,64103,57819,6284,9.80297333978129,6353,242,13,1346330764,238760950,1585091714,1148155,246315902,517.002699730027
2026-06-26 20:05:10.219438,2441,0,3.0,0,882958,64119,57835,6284,9.800527144840062,6353,242,13,1347014684,238760950,1585775634,1148155,246315902,1091.2165935380933
2026-06-26 20:05:10.234431,2442,0,3.0,0,882988,64135,57851,6284,9.798082170421766,6353,242,13,1347809100,238760950,1586570050,1148155,246315902,423.88634696191554
2026-06-26 20:05:10.239444,2443,0,3.0,0,882998,64150,57866,6284,9.795791114575215,6353,242,13,1348545775,238760950,1587306725,1148155,246315902,1175.6233792140436
2026-06-26 20:05:10.244425,2444,0,3.0,0,883008,64150,57866,6284,9.795791114575215,6353,242,13,1348545775,238760950,1587306725,1148155,246315902,0.0
2026-06-26 20:05:10.249444,2445,0,3.0,0,883018,64166,57880,6286,9.796465417822523,6354,242,13,1349196013,238885956,1588081969,1148155,246371231,1036.442319187089
2026-06-26 20:05:10.254427,2446,0,3.0,0,883028,64166,57880,6286,9.796465417822523,6354,242,13,1349196013,238885956,1588081969,1148155,246371231,0.0
2026-06-26 20:05:10.259449,2447,0,3.0,0,883038,64182,57890,6292,9.803371661836652,6355,242,13,1349707832,239187711,1588895543,1148155,246440908,815.3229788928713
2026-06-26 20:05:10.264427,2448,0,3.0,0,883048,64182,57890,6292,9.803371661836652,6355,242,13,1349707832,239187711,1588895543,1148155,246440908,0.0
2026-06-26 20:05:10.269450,2449,0,3.0,0,883058,64194,57900,6294,9.804654640620619,6361,242,13,1350101039,239287057,1589388096,1148155,246742663,626.2504479394784
2026-06-26 20:05:10.274427,2450,0,3.0,0,883068,64194,57900,6294,9.804654640620619,6361,242,13,1350101039,239287057,1589388096,1148155,246742663,0.0
2026-06-26 20:05:10.279451,2451,0,3.0,0,883078,64209,57915,6294,9.802364154557772,6363,242,13,1350635035,239287057,1589922092,1148155,246842009,850.312101910828
2026-06-26 20:05:10.284420,2452,0,3.0,0,883088,64209,57915,6294,9.802364154557772,6363,242,13,1350635035,239287057,1589922092,1148155,246842009,0.0
2026-06-26 20:05:10.289459,2453,0,3.0,0,883098,64225,57931,6294,9.79992214869599,6363,242,13,1351197919,239287057,1590484976,1148155,246842009,893.6439769795594
2026-06-26 20:05:10.294437,2454,0,3.0,0,883108,64225,57931,6294,9.79992214869599,6363,242,13,1351197919,239287057,1590484976,1148155,246842009,0.0
2026-06-26 20:05:10.299442,2455,0,3.0,0,883118,64241,57945,6296,9.800594635824474,6363,242,13,1351713869,239366473,1591080342,1148155,246842009,824.6953046953047
2026-06-26 20:05:10.304420,2456,0,3.0,0,883128,64241,57945,6296,9.800594635824474,6363,242,13,1351713869,239366473,1591080342,1148155,246842009,0.0
2026-06-26 20:05:10.309438,2457,0,3.0,0,883138,64257,57958,6299,9.80282303873508,6365,242,13,1352155349,239533494,1591688843,1148155,246921425,703.8341968911917
2026-06-26 20:05:10.314433,2458,0,3.0,0,883148,64257,57958,6299,9.80282303873508,6365,242,13,1352155349,239533494,1591688843,1148155,246921425,0.0
2026-06-26 20:05:10.319447,2459,0,3.0,0,883158,64273,57972,6301,9.803494468906072,6372,246,13,1352648143,239614446,1592262589,1148155,247268471,786.2688472277623
2026-06-26 20:05:10.324423,2460,0,3.0,0,883168,64273,57972,6301,9.803494468906072,6372,246,13,1352648143,239614446,1592262589,1148155,247268471,0.0
2026-06-26 20:05:10.329441,2461,0,3.0,0,883178,64289,57987,6302,9.802610088817683,6374,246,13,1353131013,239680026,1592811039,1148155,247349423,769.8206456755679
2026-06-26 20:05:10.334426,2462,0,3.0,0,883188,64289,57987,6302,9.802610088817683,6374,246,13,1353131013,239680026,1592811039,1148155,247349423,0.0
2026-06-26 20:05:10.339443,2463,0,3.0,0,883198,64302,58000,6302,9.80062828527884,6375,246,13,1353608910,239680026,1593288936,1148155,247415003,762.0442495515248
2026-06-26 20:05:10.344423,2464,0,3.0,0,883208,64302,58000,6302,9.80062828527884,6375,246,13,1353608910,239680026,1593288936,1148155,247415003,0.0
2026-06-26 20:05:10.349448,2465,0,3.0,0,883218,64316,58014,6302,9.79849493127682,6375,246,13,1354231391,239680026,1593911417,1148155,247415003,991.0145273631841
2026-06-26 20:05:10.354427,2466,0,3.0,0,883228,64316,58014,6302,9.79849493127682,6375,246,13,1354231391,239680026,1593911417,1148155,247415003,0.0
2026-06-26 20:05:10.359442,2467,0,3.0,0,883238,64331,58024,6307,9.803982527863706,6376,246,13,1354537496,239989463,1594526959,1148160,247467250,488.30309072781654
2026-06-26 20:05:10.364422,2468,0,3.0,0,883248,64331,58024,6307,9.803982527863706,6376,246,13,1354537496,239989463,1594526959,1148160,247467250,0.0
2026-06-26 20:05:10.369443,2469,0,3.0,0,883258,64347,58037,6310,9.806206971575987,6380,246,13,1355045103,240189259,1595234362,1148160,247724440,808.7743477394941
2026-06-26 20:05:10.374429,2470,0,3.0,0,883268,64347,58037,6310,9.806206971575987,6380,246,13,1355045103,240189259,1595234362,1148160,247724440,0.0
2026-06-26 20:05:10.379448,2471,0,3.0,0,883278,64363,58053,6310,9.803769246306107,6383,246,13,1355743341,240189259,1595932600,1148160,247924236,1112.9515839808728
2026-06-26 20:05:10.384428,2472,0,3.0,0,883288,64363,58053,6310,9.803769246306107,6383,246,13,1355743341,240189259,1595932600,1148160,247924236,0.0
2026-06-26 20:05:10.389452,2473,0,3.0,0,883298,64378,58065,6313,9.806144956351549,6383,246,13,1356241077,240267361,1596508438,1148160,247924236,792.5732484076433
2026-06-26 20:05:10.394438,2474,0,3.0,0,883308,64378,58065,6313,9.806144956351549,6383,246,13,1356241077,240267361,1596508438,1148160,247924236,0.0
2026-06-26 20:05:10.399443,2475,0,3.0,0,883318,64393,58079,6314,9.805413631916512,6386,246,13,1356658885,240290933,1596949818,1148160,248002338,667.8249750249751
2026-06-26 20:05:10.404424,2476,0,3.0,0,883328,64393,58079,6314,9.805413631916512,6386,246,13,1356658885,240290933,1596949818,1148160,248002338,0.0
2026-06-26 20:05:10.409448,2477,0,3.0,0,883338,64409,58095,6314,9.802977844711142,6387,246,13,1357164403,240290933,1597455336,1148161,248025910,804.9649681528663
2026-06-26 20:05:10.414429,2478,0,3.0,0,883348,64409,58095,6314,9.802977844711142,6387,246,13,1357164403,240290933,1597455336,1148161,248025910,0.0
2026-06-26 20:05:10.419436,2479,0,3.0,0,883358,64425,58111,6314,9.800543267365153,6387,246,13,1357715387,240290933,1598006320,1148161,248025910,880.3419213101657
2026-06-26 20:05:10.424422,2480,0,3.0,0,883368,64425,58111,6314,9.800543267365153,6387,246,13,1357715387,240290933,1598006320,1148161,248025910,0.0
2026-06-26 20:05:10.429441,2481,0,3.0,0,883378,64437,58122,6315,9.800270031193259,6387,246,13,1358113473,240344225,1598457698,1148161,248025910,634.5263996812114
2026-06-26 20:05:10.434419,2482,0,3.0,0,883388,64437,58122,6315,9.800270031193259,6387,246,13,1358113473,240344225,1598457698,1148161,248025910,0.0
2026-06-26 20:05:10.439443,2483,0,3.0,0,883398,64447,58132,6315,9.798749359939176,6388,246,13,1358346729,240344225,1598690954,1148161,248079202,371.4267515923567
2026-06-26 20:05:10.444418,2484,0,3.0,0,883408,64447,58132,6315,9.798749359939176,6388,246,13,1358346729,240344225,1598690954,1148161,248079202,0.0
2026-06-26 20:05:10.449438,2485,0,3.0,0,883418,64453,58136,6317,9.800940220005275,6389,246,13,1358368007,240347190,1598715197,1148161,248081698,33.909163346613546
2026-06-26 20:05:10.454422,2486,0,3.0,0,883428,64453,58136,6317,9.800940220005275,6389,246,13,1358368007,240347190,1598715197,1148161,248081698,0.0
2026-06-26 20:05:10.459455,2487,0,3.0,0,883438,64467,58150,6317,9.798811795182031,6390,246,13,1358811451,240347190,1599158641,1148161,248082167,704.8583349890721
2026-06-26 20:05:10.464427,2488,0,3.0,0,883448,64467,58150,6317,9.798811795182031,6390,246,13,1358811451,240347190,1599158641,1148161,248082167,0.0
2026-06-26 20:05:10.469464,2489,0,3.0,0,883458,64482,58162,6320,9.801184826773362,6392,246,13,1359250166,240452227,1599702393,1148161,248154407,696.7877704983125
2026-06-26 20:05:10.474441,2490,0,3.0,0,883468,64482,58162,6320,9.801184826773362,6392,246,13,1359250166,240452227,1599702393,1148161,248154407,0.0
2026-06-26 20:05:10.479442,2491,0,3.0,0,883478,64496,58176,6320,9.799057305879435,6393,246,13,1359653800,240452227,1600106027,1148161,248187204,645.6852629474105
2026-06-26 20:05:10.484424,2492,0,3.0,0,883488,64496,58176,6320,9.799057305879435,6393,246,13,1359653800,240452227,1600106027,1148161,248187204,0.0
2026-06-26 20:05:10.489442,2493,0,3.0,0,883498,64506,58185,6321,9.799088456887732,6393,246,13,1360000694,240516766,1600517460,1148162,248187204,553.0394579513751
2026-06-26 20:05:10.494424,2494,0,3.0,0,883508,64506,58185,6321,9.799088456887732,6393,246,13,1360000694,240516766,1600517460,1148162,248187204,0.0
2026-06-26 20:05:10.499441,2495,0,3.0,0,883518,64521,58199,6322,9.798360223803103,6395,246,13,1360583447,240590532,1601173979,1148162,248325509,929.2453657564281
2026-06-26 20:05:10.504423,2496,0,3.0,0,883528,64521,58199,6322,9.798360223803103,6395,246,13,1360583447,240590532,1601173979,1148162,248325509,0.0
2026-06-26 20:05:10.509447,2497,0,3.0,0,883538,64537,58212,6325,9.800579512527698,6395,246,13,1361138003,240719632,1601857635,1148162,248325509,883.0509554140127
2026-06-26 20:05:10.514422,2498,0,3.0,0,883548,64537,58212,6325,9.800579512527698,6395,246,13,1361138003,240719632,1601857635,1148162,248325509,0.0
2026-06-26 20:05:10.519450,2499,0,3.0,0,883558,64553,58226,6327,9.801248586432854,6398,246,13,1361527991,240737438,1602265429,1148162,248454609,620.5059665871122
2026-06-26 20:05:10.524420,2500,0,3.0,0,883568,64553,58226,6327,9.801248586432854,6398,246,13,1361527991,240737438,1602265429,1148162,248454609,0.0
2026-06-26 20:05:10.529439,2501,0,3.0,0,883578,64569,58237,6332,9.80656352119438,6401,246,13,1361778365,240989515,1602767880,1148167,248512388,399.0818888224746
2026-06-26 20:05:10.534427,2502,0,3.0,0,883588,64569,58237,6332,9.80656352119438,6401,246,13,1361778365,240989515,1602767880,1148167,248512388,0.0
2026-06-26 20:05:10.539442,2503,0,3.0,0,883598,64585,58249,6336,9.810327475419989,6405,246,13,1362311942,241139378,1603451320,1148167,248724492,851.1696909272183
2026-06-26 20:05:10.544422,2504,0,3.0,0,883608,64585,58249,6336,9.810327475419989,6405,246,13,1362311942,241139378,1603451320,1148167,248724492,0.0
2026-06-26 20:05:10.549447,2505,0,3.0,0,883618,64601,58264,6337,9.809445674215569,6409,246,13,1362827630,241180364,1604007994,1148167,248874355,820.9958208955223
2026-06-26 20:05:10.554426,2506,0,3.0,0,883628,64601,58264,6337,9.809445674215569,6409,246,13,1362827630,241180364,1604007994,1148167,248874355,0.0
2026-06-26 20:05:10.559443,2507,0,3.0,0,883638,64617,58280,6337,9.80701672934367,6410,246,13,1363412612,241180364,1604592976,1148172,248915341,932.7996810843133
2026-06-26 20:05:10.564423,2508,0,3.0,0,883648,64617,58280,6337,9.80701672934367,6410,246,13,1363412612,241180364,1604592976,1148172,248915341,0.0
2026-06-26 20:05:10.569439,2509,0,3.0,0,883658,64633,58291,6342,9.812324973310847,6410,246,13,1363692530,241376989,1605069519,1148172,248915341,446.4401913875598
2026-06-26 20:05:10.574423,2510,0,3.0,0,883668,64633,58291,6342,9.812324973310847,6410,246,13,1363692530,241376989,1605069519,1148172,248915341,0.0
2026-06-26 20:05:10.579442,2511,0,3.0,0,883678,64649,58305,6344,9.81299014679268,6415,246,13,1364096004,241486654,1605582658,1148172,249111966,643.1145646543137
2026-06-26 20:05:10.584422,2512,0,3.0,0,883688,64649,58305,6344,9.81299014679268,6415,246,13,1364096004,241486654,1605582658,1148172,249111966,0.0
2026-06-26 20:05:10.589446,2513,0,3.0,0,883698,64664,58320,6344,9.81071384386985,6417,246,13,1364441189,241486654,1605927843,1148172,249221631,549.6576433121019
2026-06-26 20:05:10.594426,2514,0,3.0,0,883708,64664,58320,6344,9.81071384386985,6417,246,13,1364441189,241486654,1605927843,1148172,249221631,0.0
2026-06-26 20:05:10.599442,2515,0,3.0,0,883718,64680,58336,6344,9.808286951144094,6417,246,13,1364679848,241486654,1606166502,1148172,249221631,380.6363636363636
2026-06-26 20:05:10.604418,2516,0,3.0,0,883728,64680,58336,6344,9.808286951144094,6417,246,13,1364679848,241486654,1606166502,1148172,249221631,0.0
2026-06-26 20:05:10.609441,2517,0,3.0,0,883738,64696,58351,6345,9.807406949425003,6417,246,13,1364926835,241529701,1606456536,1148172,249221631,393.3696993828389
2026-06-26 20:05:10.614429,2518,0,3.0,0,883748,64696,58351,6345,9.807406949425003,6417,246,13,1364926835,241529701,1606456536,1148172,249221631,0.0
2026-06-26 20:05:10.619442,2519,0,3.0,0,883758,64711,58366,6345,9.805133593979386,6418,246,13,1365436570,241529701,1606966271,1148172,249264678,813.4610013963694
2026-06-26 20:05:10.624419,2520,0,3.0,0,883768,64711,58366,6345,9.805133593979386,6418,246,13,1365436570,241529701,1606966271,1148172,249264678,0.0
2026-06-26 20:05:10.629437,2521,0,3.0,0,883778,64727,58379,6348,9.807344693868092,6419,246,13,1365828864,241643435,1607472299,1148172,249304651,625.4188919888402
2026-06-26 20:05:10.634423,2522,0,3.0,0,883788,64727,58379,6348,9.807344693868092,6419,246,13,1365828864,241643435,1607472299,1148172,249304651,0.0
2026-06-26 20:05:10.639441,2523,0,3.0,0,883798,64742,58390,6352,9.811250810911,6421,246,13,1366075153,241843203,1607918356,1148172,249378412,392.6488640892786
2026-06-26 20:05:10.644421,2524,0,3.0,0,883808,64742,58390,6352,9.811250810911,6421,246,13,1366075153,241843203,1607918356,1148172,249378412,0.0
2026-06-26 20:05:10.649444,2525,0,3.0,0,883818,64758,58406,6352,9.8088267086692,6425,246,13,1366597786,241843203,1608440989,1148172,249578180,832.3838343619351
2026-06-26 20:05:10.654423,2526,0,3.0,0,883828,64758,58406,6352,9.8088267086692,6425,246,13,1366597786,241843203,1608440989,1148172,249578180,0.0
2026-06-26 20:05:10.659441,2527,0,3.0,0,883838,64772,58420,6352,9.806706601617982,6425,246,13,1366907204,241843203,1608750407,1148172,249578180,493.29294539657235
2026-06-26 20:05:10.664418,2528,0,3.0,0,883848,64772,58420,6352,9.806706601617982,6425,246,13,1366907204,241843203,1608750407,1148172,249578180,0.0
2026-06-26 20:05:10.669442,2529,0,3.0,0,883858,64781,58429,6352,9.805344159552956,6425,246,13,1366983801,241843203,1608827004,1148172,249578180,121.96974522292993
2026-06-26 20:05:10.674423,2530,0,3.0,0,883868,64781,58429,6352,9.805344159552956,6425,246,13,1366983801,241843203,1608827004,1148172,249578180,0.0
2026-06-26 20:05:10.679440,2531,0,3.0,0,883878,64788,58434,6354,9.807371735506576,6425,246,13,1367019339,241853832,1608873171,1148172,249578180,56.66812836356388
2026-06-26 20:05:10.684422,2532,0,3.0,0,883888,64788,58434,6354,9.807371735506576,6425,246,13,1367019339,241853832,1608873171,1148172,249578180,0.0
2026-06-26 20:05:10.689438,2533,0,3.0,0,883898,64798,58444,6354,9.80585820550017,6427,246,13,1367231205,241853832,1609085037,1148174,249588809,337.9043062200957
2026-06-26 20:05:10.694421,2534,0,3.0,0,883908,64798,58444,6354,9.80585820550017,6427,246,13,1367231205,241853832,1609085037,1148174,249588809,0.0
2026-06-26 20:05:10.699440,2535,0,3.0,0,883918,64809,58451,6358,9.810365844250027,6427,246,13,1367289809,241864045,1609153854,1148174,249588809,93.41143654114366
2026-06-26 20:05:10.704420,2536,0,3.0,0,883928,64809,58451,6358,9.810365844250027,6427,246,13,1367289809,241864045,1609153854,1148174,249588809,0.0
2026-06-26 20:05:10.709445,2537,0,3.0,0,883938,64822,58464,6358,9.80839838326494,6431,246,13,1367389630,241864045,1609253675,1148174,249599022,158.91900497512438
2026-06-26 20:05:10.714421,2538,0,3.0,0,883948,64822,58464,6358,9.80839838326494,6431,246,13,1367389630,241864045,1609253675,1148174,249599022,0.0
2026-06-26 20:05:10.719436,2539,0,3.0,0,883958,64832,58474,6358,9.806885488647582,6431,246,13,1367477934,241864045,1609341979,1148174,249599022,140.86380857427716
2026-06-26 20:05:10.724421,2540,0,3.0,0,883968,64832,58474,6358,9.806885488647582,6431,246,13,1367477934,241864045,1609341979,1148174,249599022,0.0
2026-06-26 20:05:10.729437,2541,0,3.0,0,883978,64843,58484,6359,9.806764030041794,6432,246,13,1367643613,241867886,1609511499,1148174,249602863,264.2408293460925
2026-06-26 20:05:10.734422,2542,0,3.0,0,883988,64843,58484,6359,9.806764030041794,6432,246,13,1367643613,241867886,1609511499,1148174,249602863,0.0
2026-06-26 20:05:10.739444,2543,0,3.0,0,883998,64854,58493,6361,9.808184537576711,6432,246,13,1367766630,241912465,1609679095,1148178,249602863,195.96495420151334
2026-06-26 20:05:10.744418,2544,0,3.0,0,884008,64854,58493,6361,9.808184537576711,6432,246,13,1367766630,241912465,1609679095,1148178,249602863,0.0
2026-06-26 20:05:10.749437,2545,0,3.0,0,884018,64865,58502,6363,9.809604563323827,6434,246,13,1367944029,241996479,1609940508,1148178,249647442,282.76389719067544
2026-06-26 20:05:10.754421,2546,0,3.0,0,884028,64865,58502,6363,9.809604563323827,6434,246,13,1367944029,241996479,1609940508,1148178,249647442,0.0
2026-06-26 20:05:10.759441,2547,0,3.0,0,884038,64878,58513,6365,9.81072166219674,6436,246,13,1368226070,242048492,1610274562,1148178,249731456,449.46772908366535
2026-06-26 20:05:10.764421,2548,0,3.0,0,884048,64878,58513,6365,9.81072166219674,6436,246,13,1368226070,242048492,1610274562,1148178,249731456,0.0
2026-06-26 20:05:10.769439,2549,0,3.0,0,884058,64894,58527,6367,9.811384719696736,6438,246,13,1368549643,242073206,1610622849,1148178,249783469,515.8597050617776
2026-06-26 20:05:10.774428,2550,0,3.0,0,884068,64894,58527,6367,9.811384719696736,6438,246,13,1368549643,242073206,1610622849,1148178,249783469,0.0
2026-06-26 20:05:10.779443,2551,0,3.0,0,884078,64908,58540,6368,9.81080914525174,6444,250,13,1368772262,242076535,1610848797,1148178,249870048,355.12502492522435
2026-06-26 20:05:10.784420,2552,0,3.0,0,884088,64908,58540,6368,9.81080914525174,6444,250,13,1368772262,242076535,1610848797,1148178,249870048,0.0
2026-06-26 20:05:10.789438,2553,0,3.0,0,884098,64923,58552,6371,9.81316328573849,6447,250,13,1369153365,242227151,1611380516,1148178,249987096,607.5775209246711
2026-06-26 20:05:10.794424,2554,0,3.0,0,884108,64923,58552,6371,9.81316328573849,6447,250,13,1369153365,242227151,1611380516,1148178,249987096,0.0
2026-06-26 20:05:10.799446,2555,0,3.0,0,884118,64939,58564,6375,9.81690509555121,6449,250,13,1369387148,242445480,1611832628,1148178,250091590,372.4141776184787
2026-06-26 20:05:10.804420,2556,0,3.0,0,884128,64939,58564,6375,9.81690509555121,6449,250,13,1369387148,242445480,1611832628,1148178,250091590,0.0
2026-06-26 20:05:10.809440,2557,0,3.0,0,884138,64950,58575,6375,9.815242494226329,6452,250,13,1369787134,242445480,1612232614,1148178,250242322,637.4278884462151
2026-06-26 20:05:10.814419,2558,0,3.0,0,884148,64950,58575,6375,9.815242494226329,6452,250,13,1369787134,242445480,1612232614,1148178,250242322,0.0
2026-06-26 20:05:10.819440,2559,0,3.0,0,884158,64966,58590,6376,9.814364436782316,6453,250,13,1370065734,242503885,1612569619,1148180,250300727,443.89563831905997
2026-06-26 20:05:10.824432,2560,0,3.0,0,884168,64966,58590,6376,9.814364436782316,6453,250,13,1370065734,242503885,1612569619,1148180,250300727,0.0
2026-06-26 20:05:10.829443,2561,0,3.0,0,884178,64982,58606,6376,9.811947924040505,6453,250,13,1370522772,242503885,1613026657,1148181,250300727,729.6555577728997
2026-06-26 20:05:10.834420,2562,0,3.0,0,884188,64982,58606,6376,9.811947924040505,6453,250,13,1370522772,242503885,1613026657,1148181,250300727,0.0
2026-06-26 20:05:10.839441,2563,0,3.0,0,884198,64998,58620,6378,9.8126096187575,6453,250,13,1370882315,242563549,1613445864,1148181,250300727,572.8627763393746
2026-06-26 20:05:10.844422,2564,0,3.0,0,884208,64998,58620,6378,9.8126096187575,6453,250,13,1370882315,242563549,1613445864,1148181,250300727,0.0
2026-06-26 20:05:10.849440,2565,0,3.0,0,884218,65014,58635,6379,9.811732857538376,6455,250,13,1371339531,242643422,1613982953,1148181,250360391,728.9214826624153
2026-06-26 20:05:10.854423,2566,0,3.0,0,884228,65014,58635,6379,9.811732857538376,6455,250,13,1371339531,242643422,1613982953,1148181,250360391,0.0
2026-06-26 20:05:10.859436,2567,0,3.0,0,884238,65030,58646,6384,9.817007534983855,6456,250,13,1371730880,243012146,1614743026,1148181,250440264,624.5346100139637
2026-06-26 20:05:10.864418,2568,0,3.0,0,884248,65030,58646,6384,9.817007534983855,6456,250,13,1371730880,243012146,1614743026,1148181,250440264,0.0
2026-06-26 20:05:10.869437,2569,0,3.0,0,884258,65044,58659,6385,9.816431953754382,6461,250,13,1372364430,243016051,1615380481,1148181,250808988,1009.842598127117
2026-06-26 20:05:10.874424,2570,0,3.0,0,884268,65044,58659,6385,9.816431953754382,6461,250,13,1372364430,243016051,1615380481,1148181,250808988,0.0
2026-06-26 20:05:10.879441,2571,0,3.0,0,884278,65060,58675,6385,9.814017829695667,6462,250,13,1372774885,243016051,1615790936,1148181,250812893,654.5026908511062
2026-06-26 20:05:10.884423,2572,0,3.0,0,884288,65060,58675,6385,9.814017829695667,6462,250,13,1372774885,243016051,1615790936,1148181,250812893,0.0
2026-06-26 20:05:10.889437,2573,0,3.0,0,884298,65076,58690,6386,9.813141557563464,6462,250,13,1373322610,243063163,1616385773,1148181,250812893,873.9130434782609
2026-06-26 20:05:10.894422,2574,0,3.0,0,884308,65076,58690,6386,9.813141557563464,6462,250,13,1373322610,243063163,1616385773,1148181,250812893,0.0
2026-06-26 20:05:10.899436,2575,0,3.0,0,884318,65091,58705,6386,9.81088015240202,6463,250,13,1373718042,243063163,1616781205,1148181,250860005,630.9246110889509
2026-06-26 20:05:10.904416,2576,0,3.0,0,884328,65091,58705,6386,9.81088015240202,6463,250,13,1373718042,243063163,1616781205,1148181,250860005,0.0
2026-06-26 20:05:10.909432,2577,0,3.0,0,884338,65102,58715,6387,9.810758502042948,6463,250,13,1373899336,243120525,1617019861,1148181,250860005,289.1451355661882
2026-06-26 20:05:10.914421,2578,0,3.0,0,884348,65102,58715,6387,9.810758502042948,6463,250,13,1373899336,243120525,1617019861,1148181,250860005,0.0
2026-06-26 20:05:10.919441,2579,0,3.0,0,884358,65117,58720,6397,9.823855521599583,6465,250,13,1374091916,243591812,1617683728,1148181,250974729,306.9003984063745
2026-06-26 20:05:10.924419,2580,0,3.0,0,884368,65117,58720,6397,9.823855521599583,6465,250,13,1374091916,243591812,1617683728,1148181,250974729,0.0
2026-06-26 20:05:10.929434,2581,0,3.0,0,884378,65133,58736,6397,9.821442279643191,6474,250,13,1374691950,243591812,1618283762,1148181,251388654,957.182851445663
2026-06-26 20:05:10.934420,2582,0,3.0,0,884388,65133,58736,6397,9.821442279643191,6474,250,13,1374691950,243591812,1618283762,1148181,251388654,0.0
2026-06-26 20:05:10.939441,2583,0,3.0,0,884398,65149,58751,6398,9.820565166004084,6474,250,13,1375140254,243646097,1618786351,1148181,251388654,714.2863971320454
2026-06-26 20:05:10.944419,2584,0,3.0,0,884408,65149,58751,6398,9.820565166004084,6474,250,13,1375140254,243646097,1618786351,1148181,251388654,0.0
2026-06-26 20:05:10.949436,2585,0,3.0,0,884418,65164,58766,6398,9.818304585353877,6475,250,13,1375837681,243646097,1619483778,1148181,251442939,1112.102053019733
2026-06-26 20:05:10.954421,2586,0,3.0,0,884428,65164,58766,6398,9.818304585353877,6475,250,13,1375837681,243646097,1619483778,1148181,251442939,0.0
2026-06-26 20:05:10.959441,2587,0,3.0,0,884438,65180,58778,6402,9.822031297944154,6475,250,13,1376282403,243793112,1620075515,1148181,251442939,708.7203187250996
2026-06-26 20:05:10.964421,2588,0,3.0,0,884448,65180,58778,6402,9.822031297944154,6475,250,13,1376282403,243793112,1620075515,1148181,251442939,0.0
2026-06-26 20:05:10.969434,2589,0,3.0,0,884458,65196,58792,6404,9.822688508497453,6480,250,13,1376756045,243882257,1620638302,1148182,251630940,755.8619589068422
2026-06-26 20:05:10.974419,2590,0,3.0,0,884468,65196,58792,6404,9.822688508497453,6480,250,13,1376756045,243882257,1620638302,1148182,251630940,0.0
2026-06-26 20:05:10.979440,2591,0,3.0,0,884478,65212,58808,6404,9.820278476354046,6481,250,13,1377252770,243882257,1621135027,1148182,251679099,791.435968930492
2026-06-26 20:05:10.984419,2592,0,3.0,0,884488,65212,58808,6404,9.820278476354046,6481,250,13,1377252770,243882257,1621135027,1148182,251679099,0.0
2026-06-26 20:05:10.989438,2593,0,3.0,0,884498,65227,58822,6405,9.819553252487466,6481,250,13,1377744150,243951934,1621696084,1148182,251679099,783.2317194660291
2026-06-26 20:05:10.999443,2594,0,3.0,0,884518,65243,58836,6407,9.820210597305458,6482,250,13,1378088709,244011378,1622100087,1148182,251748776,275.5094452773613
2026-06-26 20:05:11.004415,2595,0,3.0,0,884528,65243,58836,6407,9.820210597305458,6482,250,13,1378088709,244011378,1622100087,1148182,251748776,0.0
2026-06-26 20:05:11.009436,2596,0,3.0,0,884538,65256,58846,6410,9.822851538555842,6486,250,13,1378378378,244180409,1622558787,1148182,251907574,461.53196574387573
2026-06-26 20:05:11.024420,2597,0,3.0,0,884568,65271,58860,6411,9.822126212253528,6487,250,13,1378969845,244250086,1623219931,1148182,251977251,315.7859049652963
2026-06-26 20:05:11.029435,2598,0,3.0,0,884578,65287,58876,6411,9.819719086495015,6488,250,13,1379551809,244250086,1623801895,1148182,252046928,928.3573280159521
2026-06-26 20:05:11.034420,2599,0,3.0,0,884588,65287,58876,6411,9.819719086495015,6488,250,13,1379551809,244250086,1623801895,1148182,252046928,0.0
2026-06-26 20:05:11.044423,2600,0,3.0,0,884608,65303,58889,6414,9.821907109933694,6489,250,13,1380108696,244404822,1624513518,1148182,252112508,445.37598720383886
2026-06-26 20:05:11.049440,2601,0,3.0,0,884618,65319,58904,6415,9.82103216521992,6492,250,13,1380752481,244462184,1625214665,1148182,252259026,1026.5656766992226
2026-06-26 20:05:11.054423,2602,0,3.0,0,884628,65319,58904,6415,9.82103216521992,6492,250,13,1380752481,244462184,1625214665,1148182,252259026,0.0
2026-06-26 20:05:11.059445,2603,0,3.0,0,884638,65335,58920,6415,9.8186270758399,6492,250,13,1381367296,244462184,1625829480,1148182,252259026,979.394663480685
2026-06-26 20:05:11.064429,2604,0,3.0,0,884648,65335,58920,6415,9.8186270758399,6492,250,13,1381367296,244462184,1625829480,1148182,252259026,0.0
2026-06-26 20:05:11.069443,2605,0,3.0,0,884658,65351,58933,6418,9.820813759544613,6492,250,13,1381780287,244596893,1626377180,1148182,252259026,658.9405664140406
2026-06-26 20:05:11.074436,2606,0,3.0,0,884668,65351,58933,6418,9.820813759544613,6492,250,13,1381780287,244596893,1626377180,1148182,252259026,0.0
2026-06-26 20:05:11.079447,2607,0,3.0,0,884678,65367,58948,6419,9.81993972493766,6495,250,13,1382355581,244647098,1627002679,1148182,252393735,918.4498104170824
2026-06-26 20:05:11.084423,2608,0,3.0,0,884688,65367,58948,6419,9.81993972493766,6495,250,13,1382355581,244647098,1627002679,1148182,252393735,0.0
2026-06-26 20:05:11.089438,2609,0,3.0,0,884698,65383,58958,6425,9.826713365859627,6497,250,13,1382836105,244887401,1627723506,1148182,252517706,766.5387836490528
2026-06-26 20:05:11.094423,2610,0,3.0,0,884708,65383,58958,6425,9.826713365859627,6497,250,13,1382836105,244887401,1627723506,1148182,252517706,0.0
2026-06-26 20:05:11.099445,2611,0,3.0,0,884718,65399,58974,6425,9.82430924020245,6502,250,13,1383380455,244887401,1628267856,1148182,252684243,867.1445639187575
2026-06-26 20:05:11.104423,2612,0,3.0,0,884728,65399,58974,6425,9.82430924020245,6502,250,13,1383380455,244887401,1628267856,1148182,252684243,0.0
2026-06-26 20:05:11.109442,2613,0,3.0,0,884738,65415,58989,6426,9.823434991974318,6502,250,13,1384048239,244946849,1628995088,1148182,252684243,1064.40964335525
2026-06-26 20:05:11.114432,2614,0,3.0,0,884748,65415,58989,6426,9.823434991974318,6502,250,13,1384048239,244946849,1628995088,1148182,252684243,0.0
2026-06-26 20:05:11.119436,2615,0,3.0,0,884758,65431,59004,6427,9.822561171310234,6503,250,13,1384659218,245012429,1629671647,1148182,252743691,976.7849720223821
2026-06-26 20:05:11.124419,2616,0,3.0,0,884768,65431,59004,6427,9.822561171310234,6503,250,13,1384659218,245012429,1629671647,1148182,252743691,0.0
2026-06-26 20:05:11.129441,2617,0,3.0,0,884778,65447,59020,6427,9.820159823979708,6504,250,13,1385249742,245012429,1630262171,1148182,252809271,940.6993229788928
2026-06-26 20:05:11.134421,2618,0,3.0,0,884788,65447,59020,6427,9.820159823979708,6504,250,13,1385249742,245012429,1630262171,1148182,252809271,0.0
2026-06-26 20:05:11.139443,2619,0,3.0,0,884798,65463,59035,6428,9.81928723095489,6505,250,13,1385870164,245058538,1630928702,1148182,252855380,988.3265631222621
2026-06-26 20:05:11.144420,2620,0,3.0,0,884808,65463,59035,6428,9.81928723095489,6505,250,13,1385870164,245058538,1630928702,1148182,252855380,0.0
2026-06-26 20:05:11.149449,2621,0,3.0,0,884818,65479,59050,6429,9.818415064371782,6506,250,13,1386504998,245132304,1631637302,1148182,252929146,1009.8771127460727
2026-06-26 20:05:11.154422,2622,0,3.0,0,884828,65479,59050,6429,9.818415064371782,6506,250,13,1386504998,245132304,1631637302,1148182,252929146,0.0
2026-06-26 20:05:11.159437,2623,0,3.0,0,884838,65495,59064,6431,9.81907015802733,6506,250,13,1387073405,245251131,1632324536,1148182,252929146,906.7310069790628
2026-06-26 20:05:11.164423,2624,0,3.0,0,884848,65495,59064,6431,9.81907015802733,6506,250,13,1387073405,245251131,1632324536,1148182,252929146,0.0
2026-06-26 20:05:11.169448,2625,0,3.0,0,884858,65511,59072,6439,9.82888369892079,6508,250,13,1387429182,245765440,1633194622,1148182,253047973,566.4111442786069
2026-06-26 20:05:11.174422,2626,0,3.0,0,884868,65511,59072,6439,9.82888369892079,6508,250,13,1387429182,245765440,1633194622,1148182,253047973,0.0
2026-06-26 20:05:11.179440,2627,0,3.0,0,884878,65527,59088,6439,9.826483739527218,6516,250,13,1388211721,245765440,1633977161,1148182,253562282,1247.5711438820247
2026-06-26 20:05:11.184420,2628,0,3.0,0,884888,65527,59088,6439,9.826483739527218,6516,250,13,1388211721,245765440,1633977161,1148182,253562282,0.0
2026-06-26 20:05:11.189445,2629,0,3.0,0,884898,65543,59104,6439,9.824084951863663,6516,250,13,1388738885,245765440,1634504325,1148182,253562282,839.2660696517413
2026-06-26 20:05:11.194424,2630,0,3.0,0,884908,65543,59104,6439,9.824084951863663,6516,250,13,1388738885,245765440,1634504325,1148182,253562282,0.0
2026-06-26 20:05:11.199441,2631,0,3.0,0,884918,65558,59119,6439,9.821837151835016,6516,250,13,1389337707,245765440,1635103147,1148182,253562282,954.8686466015547
2026-06-26 20:05:11.204420,2632,0,3.0,0,884928,65558,59119,6439,9.821837151835016,6516,250,13,1389337707,245765440,1635103147,1148182,253562282,0.0
2026-06-26 20:05:11.209447,2633,0,3.0,0,884938,65574,59134,6440,9.820965626620307,6516,250,13,1389956420,245803345,1635759765,1148182,253562282,984.623831310921
2026-06-26 20:05:11.214424,2634,0,3.0,0,884948,65574,59134,6440,9.820965626620307,6516,250,13,1389956420,245803345,1635759765,1148182,253562282,0.0
2026-06-26 20:05:11.219439,2635,0,3.0,0,884958,65590,59148,6442,9.821619149260558,6518,250,13,1390503017,245899663,1636402680,1148182,253648346,871.9393818544366
2026-06-26 20:05:11.224418,2636,0,3.0,0,884968,65590,59148,6442,9.821619149260558,6518,250,13,1390503017,245899663,1636402680,1148182,253648346,0.0
2026-06-26 20:05:11.229442,2637,0,3.0,0,884978,65606,59160,6446,9.825320854799866,6519,250,13,1390954868,246056433,1637011301,1148182,253696505,719.5079617834394
2026-06-26 20:05:11.234419,2638,0,3.0,0,884988,65606,59160,6446,9.825320854799866,6519,250,13,1390954868,246056433,1637011301,1148182,253696505,0.0
2026-06-26 20:05:11.239439,2639,0,3.0,0,884998,65621,59173,6448,9.826122735100045,6525,250,13,1391253544,246133793,1637387337,1148182,253930635,475.9776892430279
2026-06-26 20:05:11.244420,2640,0,3.0,0,885008,65621,59173,6448,9.826122735100045,6525,250,13,1391253544,246133793,1637387337,1148182,253930635,0.0
2026-06-26 20:05:11.249436,2641,0,3.0,0,885018,65637,59189,6448,9.823727470786295,6529,254,13,1391527744,246133793,1637661537,1148182,254058197,437.3205741626794
2026-06-26 20:05:11.254421,2642,0,3.0,0,885028,65637,59189,6448,9.823727470786295,6529,254,13,1391527744,246133793,1637661537,1148182,254058197,0.0
2026-06-26 20:05:11.259439,2643,0,3.0,0,885038,65653,59201,6452,9.827426012520373,6530,254,13,1391843920,246251908,1638095828,1148182,254093044,504.06695894778795
2026-06-26 20:05:11.264418,2644,0,3.0,0,885048,65653,59201,6452,9.827426012520373,6530,254,13,1391843920,246251908,1638095828,1148182,254093044,0.0
2026-06-26 20:05:11.269438,2645,0,3.0,0,885058,65669,59217,6452,9.825031597862004,6533,254,13,1392204479,246251908,1638456387,1148186,254176312,574.596015936255
2026-06-26 20:05:11.274418,2646,0,3.0,0,885068,65669,59217,6452,9.825031597862004,6533,254,13,1392204479,246251908,1638456387,1148186,254176312,0.0
2026-06-26 20:05:11.279438,2647,0,3.0,0,885078,65684,59231,6453,9.824310334327995,6533,254,13,1392518104,246281630,1638799734,1148186,254176312,499.800796812749
2026-06-26 20:05:11.284419,2648,0,3.0,0,885088,65684,59231,6453,9.824310334327995,6533,254,13,1392518104,246281630,1638799734,1148186,254176312,0.0
2026-06-26 20:05:11.289437,2649,0,3.0,0,885098,65700,59247,6453,9.821917808219178,6534,254,13,1392885340,246281630,1639166970,1148190,254206034,585.469908330012
2026-06-26 20:05:11.294429,2650,0,3.0,0,885108,65700,59247,6453,9.821917808219178,6534,254,13,1392885340,246281630,1639166970,1148190,254206034,0.0
2026-06-26 20:05:11.299439,2651,0,3.0,0,885118,65716,59262,6454,9.82104814657009,6535,254,13,1393285522,246303152,1639588674,1148190,254227556,639.0131736526946
2026-06-26 20:05:11.304416,2652,0,3.0,0,885128,65716,59262,6454,9.82104814657009,6535,254,13,1393285522,246303152,1639588674,1148190,254227556,0.0
2026-06-26 20:05:11.309440,2653,0,3.0,0,885138,65732,59272,6460,9.827785553459503,6535,254,13,1393560693,246542906,1640103599,1148190,254227556,438.1703821656051
2026-06-26 20:05:11.314424,2654,0,3.0,0,885148,65732,59272,6460,9.827785553459503,6535,254,13,1393560693,246542906,1640103599,1148190,254227556,0.0
2026-06-26 20:05:11.319438,2655,0,3.0,0,885158,65748,59288,6460,9.82539392833242,6541,254,13,1394042126,246542906,1640585032,1148190,254467310,768.1420023932988
2026-06-26 20:05:11.324418,2656,0,3.0,0,885168,65748,59288,6460,9.82539392833242,6541,254,13,1394042126,246542906,1640585032,1148190,254467310,0.0
2026-06-26 20:05:11.329432,2657,0,3.0,0,885178,65764,59303,6461,9.824524055714374,6542,254,13,1394384516,246601311,1640985827,1148190,254525715,546.2943757479059
2026-06-26 20:05:11.334423,2658,0,3.0,0,885188,65764,59303,6461,9.824524055714374,6542,254,13,1394384516,246601311,1640985827,1148190,254525715,0.0
2026-06-26 20:05:11.339433,2659,0,3.0,0,885198,65780,59318,6462,9.823654606263302,6542,254,13,1394837952,246666891,1641504843,1148190,254525715,724.049500998004
2026-06-26 20:05:11.344415,2660,0,3.0,0,885208,65780,59318,6462,9.823654606263302,6542,254,13,1394837952,246666891,1641504843,1148190,254525715,0.0
2026-06-26 20:05:11.349432,2661,0,3.0,0,885218,65796,59332,6464,9.824305428901454,6543,254,13,1395172670,246696990,1641869660,1148190,254591295,533.7341040462428
2026-06-26 20:05:11.354425,2662,0,3.0,0,885228,65796,59332,6464,9.824305428901454,6543,254,13,1395172670,246696990,1641869660,1148190,254591295,0.0
2026-06-26 20:05:11.359440,2663,0,3.0,0,885238,65812,59345,6467,9.826475414817965,6545,254,13,1395444733,246809697,1642254430,1148191,254621394,433.9988035892323
2026-06-26 20:05:11.364416,2664,0,3.0,0,885248,65812,59345,6467,9.826475414817965,6545,254,13,1395444733,246809697,1642254430,1148191,254621394,0.0
2026-06-26 20:05:11.369433,2665,0,3.0,0,885258,65828,59360,6468,9.825606125053168,6548,254,13,1395803365,246837369,1642640734,1148191,254734101,571.8668527008173
2026-06-26 20:05:11.374423,2666,0,3.0,0,885268,65828,59360,6468,9.825606125053168,6548,254,13,1395803365,246837369,1642640734,1148191,254734101,0.0
2026-06-26 20:05:11.379431,2667,0,3.0,0,885278,65844,59375,6469,9.824737257760768,6549,254,13,1396100554,246873241,1642973795,1148192,254761773,474.74281150159743
2026-06-26 20:05:11.384420,2668,0,3.0,0,885288,65844,59375,6469,9.824737257760768,6549,254,13,1396100554,246873241,1642973795,1148192,254761773,0.0
2026-06-26 20:05:11.389441,2669,0,3.0,0,885298,65859,59389,6470,9.82401797780106,6551,254,13,1396403946,246935758,1643339704,1148192,254860162,483.396932881896
2026-06-26 20:05:11.394426,2670,0,3.0,0,885308,65859,59389,6470,9.82401797780106,6551,254,13,1396403946,246935758,1643339704,1148192,254860162,0.0
2026-06-26 20:05:11.399433,2671,0,3.0,0,885318,65876,59405,6471,9.823000789361831,6556,258,13,1396728014,246956255,1643684269,1148192,255008246,517.783902536449
2026-06-26 20:05:11.404417,2672,0,3.0,0,885328,65876,59405,6471,9.823000789361831,6556,258,13,1396728014,246956255,1643684269,1148192,255008246,0.0
2026-06-26 20:05:11.409433,2673,0,3.0,0,885338,65892,59418,6474,9.825168457475868,6557,258,13,1397050751,247064333,1644115084,1148192,255040514,514.7320574162679
2026-06-26 20:05:11.414418,2674,0,3.0,0,885348,65892,59418,6474,9.825168457475868,6557,258,13,1397050751,247064333,1644115084,1148192,255040514,0.0
2026-06-26 20:05:11.419434,2675,0,3.0,0,885358,65908,59432,6476,9.82581780663956,6559,258,13,1397381092,247120171,1644501263,1148192,255116324,526.859649122807
2026-06-26 20:05:11.424416,2676,0,3.0,0,885368,65908,59432,6476,9.82581780663956,6559,258,13,1397381092,247120171,1644501263,1148192,255116324,0.0
2026-06-26 20:05:11.429433,2677,0,3.0,0,885378,65924,59447,6477,9.824949942357867,6561,258,13,1397734363,247126573,1644860936,1148192,255172162,563.3183177197528
2026-06-26 20:05:11.434422,2678,0,3.0,0,885388,65924,59447,6477,9.824949942357867,6561,258,13,1397734363,247126573,1644860936,1148192,255172162,0.0
2026-06-26 20:05:11.439442,2679,0,3.0,0,885398,65940,59458,6482,9.830148619957537,6562,258,13,1397976802,247317203,1645294005,1148192,255178564,386.3569721115538
2026-06-26 20:05:11.444417,2680,0,3.0,0,885408,65940,59458,6482,9.830148619957537,6562,258,13,1397976802,247317203,1645294005,1148192,255178564,0.0
2026-06-26 20:05:11.449436,2681,0,3.0,0,885418,65956,59473,6483,9.829280126144702,6567,258,13,1398421933,247361258,1645783191,1148192,255369194,709.513448894202
2026-06-26 20:05:11.454422,2682,0,3.0,0,885428,65956,59473,6483,9.829280126144702,6567,258,13,1398421933,247361258,1645783191,1148192,255369194,0.0
2026-06-26 20:05:11.459448,2683,0,3.0,0,885438,65972,59488,6484,9.828412053598496,6569,258,13,1398863036,247378680,1646241716,1148192,255430671,702.1138081973736
2026-06-26 20:05:11.464423,2684,0,3.0,0,885448,65972,59488,6484,9.828412053598496,6569,258,13,1398863036,247378680,1646241716,1148192,255430671,0.0
2026-06-26 20:05:11.469449,2685,0,3.0,0,885458,65983,59499,6484,9.82677356288741,6569,258,13,1399187583,247378680,1646566263,1148192,255430671,516.5889375248706
2026-06-26 20:05:11.474428,2686,0,3.0,0,885468,65983,59499,6484,9.82677356288741,6569,258,13,1399187583,247378680,1646566263,1148192,255430671,0.0
2026-06-26 20:05:11.479441,2687,0,3.0,0,885478,65993,59505,6488,9.831345748791538,6570,258,13,1399283621,247478075,1646761696,1148192,255451668,153.2623179732695
2026-06-26 20:05:11.484419,2688,0,3.0,0,885488,65993,59505,6488,9.831345748791538,6570,258,13,1399283621,247478075,1646761696,1148192,255451668,0.0
2026-06-26 20:05:11.489437,2689,0,3.0,0,885498,66009,59519,6490,9.831992607068733,6573,258,13,1399585934,247554944,1647140878,1148192,255530066,481.9657233957752
2026-06-26 20:05:11.494421,2690,0,3.0,0,885508,66009,59519,6490,9.831992607068733,6573,258,13,1399585934,247554944,1647140878,1148192,255530066,0.0
2026-06-26 20:05:11.499441,2691,0,3.0,0,885518,66022,59530,6492,9.833085941049953,6575,258,13,1399804858,247588845,1647393703,1148192,255606935,348.8828685258964
2026-06-26 20:05:11.504419,2692,0,3.0,0,885528,66022,59530,6492,9.833085941049953,6575,258,13,1399804858,247588845,1647393703,1148192,255606935,0.0
2026-06-26 20:05:11.509436,2693,0,3.0,0,885538,66034,59542,6492,9.831299027773571,6577,258,13,1400068681,247588845,1647657526,1148192,255640836,420.6864660155471
2026-06-26 20:05:11.514421,2694,0,3.0,0,885548,66034,59542,6492,9.831299027773571,6577,258,13,1400068681,247588845,1647657526,1148192,255640836,0.0
2026-06-26 20:05:11.519442,2695,0,3.0,0,885558,66046,59553,6493,9.831026860067226,6577,258,13,1400387996,247638004,1648026000,1148192,255640836,508.7671778530173
2026-06-26 20:05:11.524420,2696,0,3.0,0,885568,66046,59553,6493,9.831026860067226,6577,258,13,1400387996,247638004,1648026000,1148192,255640836,0.0
2026-06-26 20:05:11.529443,2697,0,3.0,0,885578,66059,59565,6494,9.830605973447978,6578,258,13,1400776176,247684113,1648460289,1148192,255689995,618.2440772446745
2026-06-26 20:05:11.534420,2698,0,3.0,0,885588,66059,59565,6494,9.830605973447978,6578,258,13,1400776176,247684113,1648460289,1148192,255689995,0.0
2026-06-26 20:05:11.539442,2699,0,3.0,0,885598,66072,59575,6497,9.83321225329943,6579,258,13,1401060120,247733559,1648793679,1148192,255736104,452.32019115890085
2026-06-26 20:05:11.544418,2700,0,3.0,0,885608,66072,59575,6497,9.83321225329943,6579,258,13,1401060120,247733559,1648793679,1148192,255736104,0.0
2026-06-26 20:05:11.549443,2701,0,3.0,0,885618,66087,59588,6499,9.834006688153494,6582,258,13,1401349864,247776832,1649126696,1148197,255785550,461.2839800995025
2026-06-26 20:05:11.554419,2702,0,3.0,0,885628,66087,59588,6499,9.834006688153494,6582,258,13,1401349864,247776832,1649126696,1148197,255785550,0.0
2026-06-26 20:05:11.559443,2703,0,3.0,0,885638,66103,59604,6499,9.831626401222335,6584,258,13,1401661541,247776832,1649438373,1148197,255828823,496.3009554140127
2026-06-26 20:05:11.564420,2704,0,3.0,0,885648,66103,59604,6499,9.831626401222335,6584,258,13,1401661541,247776832,1649438373,1148197,255828823,0.0
2026-06-26 20:05:11.569448,2705,0,3.0,0,885658,66116,59616,6500,9.831205759574082,6585,258,13,1401897024,247828034,1649725058,1148197,255880025,374.6746221161496
2026-06-26 20:05:11.574418,2706,0,3.0,0,885668,66116,59616,6500,9.831205759574082,6585,258,13,1401897024,247828034,1649725058,1148197,255880025,0.0
2026-06-26 20:05:11.579437,2707,0,3.0,0,885678,66126,59623,6503,9.834255814656867,6585,258,13,1402014828,247874973,1649889801,1148197,255880025,187.77286312014346
2026-06-26 20:05:11.584418,2708,0,3.0,0,885688,66126,59623,6503,9.834255814656867,6585,258,13,1402014828,247874973,1649889801,1148197,255880025,0.0
2026-06-26 20:05:11.589436,2709,0,3.0,0,885698,66140,59635,6505,9.83519806471122,6588,258,13,1402182239,247982558,1650164797,1148197,255926964,266.8967716221602
2026-06-26 20:05:11.594415,2710,0,3.0,0,885708,66140,59635,6505,9.83519806471122,6588,258,13,1402182239,247982558,1650164797,1148197,255926964,0.0
2026-06-26 20:05:11.599437,2711,0,3.0,0,885718,66151,59643,6508,9.838097685598102,6590,258,13,1402442131,248077857,1650519988,1148197,256034549,414.00557546794107
2026-06-26 20:05:11.604420,2712,0,3.0,0,885728,66151,59643,6508,9.838097685598102,6590,258,13,1402442131,248077857,1650519988,1148197,256034549,0.0
2026-06-26 20:05:11.609441,2713,0,3.0,0,885738,66163,59655,6508,9.836313347339146,6593,258,13,1402803433,248077857,1650881290,1148197,256129848,575.6654052977494
2026-06-26 20:05:11.614422,2714,0,3.0,0,885748,66163,59655,6508,9.836313347339146,6593,258,13,1402803433,248077857,1650881290,1148197,256129848,0.0
2026-06-26 20:05:11.619441,2715,0,3.0,0,885758,66178,59670,6508,9.834083834506936,6593,258,13,1403290211,248077857,1651368068,1148197,256129848,775.8963937039251
2026-06-26 20:05:11.624415,2716,0,3.0,0,885768,66178,59670,6508,9.834083834506936,6593,258,13,1403290211,248077857,1651368068,1148197,256129848,0.0
2026-06-26 20:05:11.629449,2717,0,3.0,0,885778,66191,59681,6510,9.835173966249187,6594,258,13,1403633330,248201828,1651835158,1148197,256180053,545.2824791418356
2026-06-26 20:05:11.634419,2718,0,3.0,0,885788,66191,59681,6510,9.835173966249187,6594,258,13,1403633330,248201828,1651835158,1148197,256180053,0.0
2026-06-26 20:05:11.639439,2719,0,3.0,0,885798,66196,59686,6510,9.83443108344915,6595,258,13,1403844391,248201828,1652046219,1148197,256253819,336.35219123505976
2026-06-26 20:05:11.644417,2720,0,3.0,0,885808,66196,59686,6510,9.83443108344915,6595,258,13,1403844391,248201828,1652046219,1148197,256253819,0.0
2026-06-26 20:05:11.649440,2721,0,3.0,0,885818,66208,59696,6512,9.83566940550991,6597,258,13,1404019818,248206949,1652226767,1148197,256258940,279.3979693410312
2026-06-26 20:05:11.654420,2722,0,3.0,0,885828,66208,59696,6512,9.83566940550991,6597,258,13,1404019818,248206949,1652226767,1148197,256258940,0.0
2026-06-26 20:05:11.659437,2723,0,3.0,0,885838,66223,59710,6513,9.834951602917414,6597,258,13,1404301705,248274546,1652576251,1148197,256258940,449.49093083516044
2026-06-26 20:05:11.664419,2724,0,3.0,0,885848,66223,59710,6513,9.834951602917414,6597,258,13,1404301705,248274546,1652576251,1148197,256258940,0.0
2026-06-26 20:05:11.669441,2725,0,3.0,0,885858,66232,59717,6515,9.836634859282523,6598,258,13,1404552211,248368814,1652921025,1148197,256326537,399.0537634408602
2026-06-26 20:05:11.674421,2726,0,3.0,0,885868,66232,59717,6515,9.836634859282523,6598,258,13,1404552211,248368814,1652921025,1148197,256326537,0.0
2026-06-26 20:05:11.679439,2727,0,3.0,0,885878,66248,59729,6519,9.84029706557179,6601,258,13,1404911804,248554258,1653466062,1148197,256449502,573.2849740932643
2026-06-26 20:05:11.684417,2728,0,3.0,0,885888,66248,59729,6519,9.84029706557179,6601,258,13,1404911804,248554258,1653466062,1148197,256449502,0.0
2026-06-26 20:05:11.689438,2729,0,3.0,0,885898,66264,59745,6519,9.837921043100325,6604,258,13,1405370525,248554258,1653924783,1148201,256606249,730.8838876717786
2026-06-26 20:05:11.694418,2730,0,3.0,0,885908,66264,59745,6519,9.837921043100325,6604,258,13,1405370525,248554258,1653924783,1148201,256606249,0.0
2026-06-26 20:05:11.699441,2731,0,3.0,0,885918,66275,59754,6521,9.839305922293475,6604,258,13,1405567025,248639792,1654206817,1148201,256606249,312.96038224168825
2026-06-26 20:05:11.704416,2732,0,3.0,0,885928,66275,59754,6521,9.839305922293475,6604,258,13,1405567025,248639792,1654206817,1148201,256606249,0.0
2026-06-26 20:05:11.709436,2733,0,3.0,0,885938,66285,59763,6522,9.839330165195745,6609,261,13,1405760215,248656704,1654416919,1148201,256768118,307.87250996015933
2026-06-26 20:05:11.714416,2734,0,3.0,0,885948,66285,59763,6522,9.839330165195745,6609,261,13,1405760215,248656704,1654416919,1148201,256768118,0.0
2026-06-26 20:05:11.719441,2735,0,3.0,0,885958,66297,59773,6524,9.840565938126913,6611,261,13,1405966365,248691541,1654657906,1148201,256801942,328.19900497512435
2026-06-26 20:05:11.724419,2736,0,3.0,0,885968,66297,59773,6524,9.840565938126913,6611,261,13,1405966365,248691541,1654657906,1148201,256801942,0.0
2026-06-26 20:05:11.729439,2737,0,3.0,0,885978,66312,59787,6525,9.839847991313789,6613,261,13,1406269129,248732527,1655001656,1148201,256860853,482.49243027888446
2026-06-26 20:05:11.734417,2738,0,3.0,0,885988,66312,59787,6525,9.839847991313789,6613,261,13,1406269129,248732527,1655001656,1148201,256860853,0.0
2026-06-26 20:05:11.739436,2739,0,3.0,0,885998,66323,59798,6525,9.838216003498031,6613,261,13,1406577521,248732527,1655310048,1148201,256860853,491.5592747559275
2026-06-26 20:05:11.744421,2740,0,3.0,0,886008,66323,59798,6525,9.838216003498031,6613,261,13,1406577521,248732527,1655310048,1148201,256860853,0.0
2026-06-26 20:05:11.749433,2741,0,3.0,0,886018,66338,59811,6527,9.839006301064247,6614,261,13,1406757706,248838022,1655595728,1148201,256924351,287.6057462090982
2026-06-26 20:05:11.754421,2742,0,3.0,0,886028,66338,59811,6527,9.839006301064247,6614,261,13,1406757706,248838022,1655595728,1148201,256924351,0.0
2026-06-26 20:05:11.759434,2743,0,3.0,0,886038,66350,59821,6529,9.840241145440844,6615,261,13,1406904088,248954828,1655858916,1148202,256966348,233.6038300418911
2026-06-26 20:05:11.764417,2744,0,3.0,0,886048,66350,59821,6529,9.840241145440844,6615,261,13,1406904088,248954828,1655858916,1148202,256966348,0.0
2026-06-26 20:05:11.769439,2745,0,3.0,0,886058,66359,59830,6529,9.838906553745536,6617,261,13,1407128286,248954828,1656083114,1148202,257083154,357.1453604141776
2026-06-26 20:05:11.774419,2746,0,3.0,0,886068,66359,59830,6529,9.838906553745536,6617,261,13,1407128286,248954828,1656083114,1148202,257083154,0.0
2026-06-26 20:05:11.779435,2747,0,3.0,0,886078,66369,59840,6529,9.83742409860025,6617,261,13,1407285870,248954828,1656240698,1148202,257083154,251.33014354066987
2026-06-26 20:05:11.794420,2748,0,3.0,0,886108,66382,59853,6529,9.835497574643728,6617,261,13,1407516686,248954828,1656471514,1148202,257083154,123.2250917584251
2026-06-26 20:05:11.799437,2749,0,3.0,0,886118,66396,59866,6530,9.8349298150491,6617,261,13,1407803250,248965836,1656769086,1148202,257083154,456.94877416782936
2026-06-26 20:05:11.804418,2750,0,3.0,0,886128,66396,59866,6530,9.8349298150491,6617,261,13,1407803250,248965836,1656769086,1148202,257083154,0.0
2026-06-26 20:05:11.809443,2751,0,3.0,0,886138,66412,59874,6538,9.84460639643438,6621,261,13,1408016781,249300873,1657317654,1148202,257192021,339.9498507462687
2026-06-26 20:05:11.814422,2752,0,3.0,0,886148,66412,59874,6538,9.84460639643438,6621,261,13,1408016781,249300873,1657317654,1148202,257192021,0.0
2026-06-26 20:05:11.819437,2753,0,3.0,0,886158,66426,59887,6539,9.844036973474243,6628,264,13,1408444789,249343920,1657788709,1148202,257464546,682.7645064805583
2026-06-26 20:05:11.829442,2754,0,3.0,0,886178,66437,59898,6539,9.842407092433433,6630,264,13,1408718756,249343920,1658062676,1148205,257583406,219.06406796601698
2026-06-26 20:05:11.834417,2755,0,3.0,0,886188,66437,59898,6539,9.842407092433433,6630,264,13,1408718756,249343920,1658062676,1148205,257583406,0.0
2026-06-26 20:05:11.839436,2756,0,3.0,0,886198,66449,59910,6539,9.840629655826273,6630,264,13,1408862265,249343920,1658206185,1148205,257583406,228.74516836023113
2026-06-26 20:05:11.849442,2757,0,3.0,0,886218,66461,59922,6539,9.83885286107642,6630,264,13,1409017283,249343920,1658361203,1148205,257583406,123.94003597841295
2026-06-26 20:05:11.854420,2758,0,3.0,0,886228,66461,59922,6539,9.83885286107642,6630,264,13,1409017283,249343920,1658361203,1148205,257583406,0.0
2026-06-26 20:05:11.859440,2759,0,3.0,0,886238,66471,59932,6539,9.83737268884175,6630,264,13,1409069551,249343920,1658413471,1148205,257583406,83.29561752988047
2026-06-26 20:05:11.864419,2760,0,3.0,0,886248,66471,59932,6539,9.83737268884175,6630,264,13,1409069551,249343920,1658413471,1148205,257583406,0.0
2026-06-26 20:05:11.874423,2761,0,3.0,0,886268,66486,59947,6539,9.835153265349096,6630,264,13,1409414987,249343920,1658758907,1148205,257583406,276.23830467812877
2026-06-26 20:05:11.879441,2762,0,3.0,0,886278,66502,59961,6541,9.83579441219813,6634,268,13,1409716024,249361779,1659077803,1148205,257706394,479.9314467915504
2026-06-26 20:05:11.894418,2763,0,3.0,0,886308,66518,59976,6542,9.834931898132835,6636,268,13,1409881987,249364467,1659246454,1148205,257724253,88.64952927822661
2026-06-26 20:05:11.899433,2764,0,3.0,0,886318,66534,59989,6545,9.8370757808038,6638,268,13,1410051324,249505841,1659557165,1148205,257794538,270.12881355932205
2026-06-26 20:05:11.914425,2765,0,3.0,0,886348,66544,59997,6547,9.838603029574417,6641,268,13,1410310284,249582199,1659892483,1148206,257924688,138.18569903948773
2026-06-26 20:05:11.919438,2766,0,3.0,0,886358,66557,60009,6548,9.838183812371351,6643,268,13,1410554925,249619096,1660174021,1148206,257981570,390.41053261520045
2026-06-26 20:05:11.924419,2767,0,3.0,0,886368,66557,60009,6548,9.838183812371351,6643,268,13,1410554925,249619096,1660174021,1148206,257981570,0.0
2026-06-26 20:05:11.934420,2768,0,3.0,0,886388,66571,60017,6554,9.845127758333208,6644,268,13,1410725453,249820819,1660546272,1148206,257984516,136.4087591240876
2026-06-26 20:05:11.939438,2769,0,3.0,0,886398,66586,60029,6557,9.847415372600848,6650,268,13,1411092243,249853854,1660946097,1148206,258197122,584.7588680749302
2026-06-26 20:05:11.944417,2770,0,3.0,0,886408,66586,60029,6557,9.847415372600848,6650,268,13,1411092243,249853854,1660946097,1148206,258197122,0.0
2026-06-26 20:05:11.959438,2771,0,3.0,0,886438,66614,60055,6559,9.84627856006245,6653,268,13,1411808878,249979904,1661788782,1148206,258272701,381.6709939418148
2026-06-26 20:05:11.964417,2772,0,3.0,0,886448,66614,60055,6559,9.84627856006245,6653,268,13,1411808878,249979904,1661788782,1148206,258272701,0.0
2026-06-26 20:05:11.969439,2773,0,3.0,0,886458,66630,60069,6561,9.84691580369203,6654,268,13,1412284329,250074153,1662358482,1148206,258342378,757.389088012744
2026-06-26 20:05:11.974420,2774,0,3.0,0,886468,66630,60069,6561,9.84691580369203,6654,268,13,1412284329,250074153,1662358482,1148206,258342378,0.0
2026-06-26 20:05:11.979440,2775,0,3.0,0,886478,66646,60083,6563,9.84755274134982,6656,268,13,1412762758,250191980,1662954738,1148206,258436627,762.4366533864542
2026-06-26 20:05:11.989438,2776,0,3.0,0,886498,66657,60093,6564,9.847427877042172,6658,268,13,1413210801,250232966,1663443767,1148206,258554454,358.50610122024403
2026-06-26 20:05:11.994415,2777,0,3.0,0,886508,66657,60093,6564,9.847427877042172,6658,268,13,1413210801,250232966,1663443767,1148206,258554454,0.0
2026-06-26 20:05:11.999438,2778,0,3.0,0,886518,66672,60107,6565,9.846712263018958,6659,268,13,1413674528,250302643,1663977171,1148206,258595440,738.5657973322716
2026-06-26 20:05:12.004416,2779,0,3.0,0,886528,66672,60107,6565,9.846712263018958,6659,268,13,1413674528,250302643,1663977171,1148206,258595440,0.0
2026-06-26 20:05:12.009437,2780,0,3.0,0,886538,66688,60122,6566,9.845849328214971,6660,268,13,1414250641,250367182,1664617823,1148207,258665117,917.9255128460466
2026-06-26 20:05:12.014426,2781,0,3.0,0,886548,66688,60122,6566,9.845849328214971,6660,268,13,1414250641,250367182,1664617823,1148207,258665117,0.0
2026-06-26 20:05:12.019439,2782,0,3.0,0,886558,66702,60136,6566,9.843782795118587,6661,268,13,1414940002,250367182,1665307184,1148208,258729656,1100.1172950329144
2026-06-26 20:05:12.024419,2783,0,3.0,0,886568,66702,60136,6566,9.843782795118587,6661,268,13,1414940002,250367182,1665307184,1148208,258729656,0.0
2026-06-26 20:05:12.084418,2784,0,3.0,0,886688,66791,60213,6578,9.848632300759084,6671,268,13,1417904109,250986091,1668890200,1148212,259239944,395.22085368089466
2026-06-26 20:05:12.089433,2785,0,3.0,0,886698,66807,60229,6578,9.846273594084453,6673,268,13,1418674413,250986091,1669660504,1148212,259348565,1228.8
2026-06-26 20:05:12.099437,2786,0,3.0,0,886718,66823,60245,6578,9.843916016940275,6673,268,13,1419445678,250986091,1670431769,1148212,259348565,616.765293882447
2026-06-26 20:05:12.104418,2787,0,3.0,0,886728,66823,60245,6578,9.843916016940275,6673,268,13,1419445678,250986091,1670431769,1148212,259348565,0.0
2026-06-26 20:05:12.109441,2788,0,3.0,0,886738,66839,60259,6580,9.844551833510376,6673,268,13,1420091978,251096741,1671188719,1148212,259348565,1029.345012940474
2026-06-26 20:05:12.114420,2789,0,3.0,0,886748,66839,60259,6580,9.844551833510376,6673,268,13,1420091978,251096741,1671188719,1148212,259348565,0.0
2026-06-26 20:05:12.119435,2790,0,3.0,0,886758,66855,60274,6581,9.843691571311046,6675,268,13,1420745734,251160239,1671905973,1148212,259459215,1042.8809571286142
2026-06-26 20:05:12.124418,2791,0,3.0,0,886768,66855,60274,6581,9.843691571311046,6675,268,13,1420745734,251160239,1671905973,1148212,259459215,0.0
2026-06-26 20:05:12.129439,2792,0,3.0,0,886778,66871,60288,6583,9.844327137324102,6677,268,13,1421328398,251234143,1672562541,1148212,259526940,928.3632742481577
2026-06-26 20:05:12.134424,2793,0,3.0,0,886788,66871,60288,6583,9.844327137324102,6677,268,13,1421328398,251234143,1672562541,1148212,259526940,0.0
2026-06-26 20:05:12.139442,2794,0,3.0,0,886798,66887,60304,6583,9.841972281609282,6678,268,13,1422122895,251234143,1673357038,1148212,259596617,1266.6353128736548
2026-06-26 20:05:12.144417,2795,0,3.0,0,886808,66887,60304,6583,9.841972281609282,6678,268,13,1422122895,251234143,1673357038,1148212,259596617,0.0
2026-06-26 20:05:12.149439,2796,0,3.0,0,886818,66903,60319,6584,9.841113253516284,6679,268,13,1422822428,251292548,1674114976,1148212,259655022,1114.3496614894464
2026-06-26 20:05:12.154419,2797,0,3.0,0,886828,66903,60319,6584,9.841113253516284,6679,268,13,1422822428,251292548,1674114976,1148212,259655022,0.0
2026-06-26 20:05:12.159429,2798,0,3.0,0,886838,66919,60333,6586,9.841748980110282,6679,268,13,1423477566,251427789,1674905355,1148212,259655022,1046.1285429141717
2026-06-26 20:05:12.164416,2799,0,3.0,0,886848,66919,60333,6586,9.841748980110282,6679,268,13,1423477566,251427789,1674905355,1148212,259655022,0.0
2026-06-26 20:05:12.169433,2800,0,3.0,0,886858,66933,60347,6586,9.83969043670536,6681,268,13,1424118724,251427789,1675546513,1148220,259790263,1022.3767191548734
2026-06-26 20:05:12.174416,2801,0,3.0,0,886868,66933,60347,6586,9.83969043670536,6681,268,13,1424118724,251427789,1675546513,1148220,259790263,0.0
2026-06-26 20:05:12.179434,2802,0,3.0,0,886878,66949,60360,6589,9.841819892754186,6682,268,13,1424733967,251596867,1676330834,1148220,259859940,980.8577122359505
2026-06-26 20:05:12.184417,2803,0,3.0,0,886888,66949,60360,6589,9.841819892754186,6682,268,13,1424733967,251596867,1676330834,1148220,259859940,0.0
2026-06-26 20:05:12.189436,2804,0,3.0,0,886898,66965,60373,6592,9.843948331217799,6684,268,13,1425314182,251748523,1677062705,1148220,259959341,924.8296473401076
2026-06-26 20:05:12.194419,2805,0,3.0,0,886908,66965,60373,6592,9.843948331217799,6684,268,13,1425314182,251748523,1677062705,1148220,259959341,0.0
2026-06-26 20:05:12.199433,2806,0,3.0,0,886918,66981,60387,6594,9.844582792135084,6687,268,13,1425886729,251835625,1677722354,1148220,260110997,913.5173514160351
2026-06-26 20:05:12.204418,2807,0,3.0,0,886928,66981,60387,6594,9.844582792135084,6687,268,13,1425886729,251835625,1677722354,1148220,260110997,0.0
2026-06-26 20:05:12.209442,2808,0,3.0,0,886938,66996,60402,6594,9.84237864947161,6689,268,13,1426477408,251835625,1678313033,1148220,260198099,940.5716560509554
2026-06-26 20:05:12.214419,2809,0,3.0,0,886948,66996,60402,6594,9.84237864947161,6689,268,13,1426477408,251835625,1678313033,1148220,260198099,0.0
2026-06-26 20:05:12.219431,2810,0,3.0,0,886958,67012,60417,6595,9.841520921625978,6689,268,13,1427052497,251905302,1678957799,1148220,260198099,917.9393455706305
2026-06-26 20:05:12.224418,2811,0,3.0,0,886968,67012,60417,6595,9.841520921625978,6689,268,13,1427052497,251905302,1678957799,1148220,260198099,0.0
2026-06-26 20:05:12.229434,2812,0,3.0,0,886978,67026,60429,6597,9.842449198818368,6690,268,13,1427499981,252043607,1679543588,1148220,260267776,713.6905901116428
2026-06-26 20:05:12.234417,2813,0,3.0,0,886988,67026,60429,6597,9.842449198818368,6690,268,13,1427499981,252043607,1679543588,1148220,260267776,0.0
2026-06-26 20:05:12.239435,2814,0,3.0,0,886998,67037,60438,6599,9.843817593269389,6692,268,13,1427915943,252176782,1680092725,1148220,260406081,663.1518533280191
2026-06-26 20:05:12.244416,2815,0,3.0,0,887008,67037,60438,6599,9.843817593269389,6692,268,13,1427915943,252176782,1680092725,1148220,260406081,0.0
2026-06-26 20:05:12.249434,2816,0,3.0,0,887018,67053,60453,6600,9.842960046530356,6694,268,13,1428429750,252242362,1680672112,1148220,260539256,819.1422877640495
2026-06-26 20:05:12.254419,2817,0,3.0,0,887028,67053,60453,6600,9.842960046530356,6694,268,13,1428429750,252242362,1680672112,1148220,260539256,0.0
2026-06-26 20:05:12.259431,2818,0,3.0,0,887038,67069,60468,6601,9.84210290894452,6695,268,13,1428880064,252312039,1681192103,1148220,260604836,718.7773343974461
2026-06-26 20:05:12.264413,2819,0,3.0,0,887048,67069,60468,6601,9.84210290894452,6695,268,13,1428880064,252312039,1681192103,1148220,260604836,0.0
2026-06-26 20:05:12.269434,2820,0,3.0,0,887058,67085,60483,6602,9.841246180219125,6696,268,13,1429408713,252322794,1681731507,1148220,260674513,842.300736904999
2026-06-26 20:05:12.274417,2821,0,3.0,0,887068,67085,60483,6602,9.841246180219125,6696,268,13,1429408713,252322794,1681731507,1148220,260674513,0.0
2026-06-26 20:05:12.279432,2822,0,3.0,0,887078,67099,60496,6603,9.840683169644853,6697,268,13,1429717123,252396560,1682113683,1148220,260685268,491.9800598205384
2026-06-26 20:05:12.284416,2823,0,3.0,0,887088,67099,60496,6603,9.840683169644853,6697,268,13,1429717123,252396560,1682113683,1148220,260685268,0.0
2026-06-26 20:05:12.289437,2824,0,3.0,0,887098,67113,60508,6605,9.841610418249818,6698,268,13,1430039312,252512301,1682551613,1148220,260759034,513.3463453495319
2026-06-26 20:05:12.294424,2825,0,3.0,0,887108,67113,60508,6605,9.841610418249818,6698,268,13,1430039312,252512301,1682551613,1148220,260759034,0.0
2026-06-26 20:05:12.299438,2826,0,3.0,0,887118,67129,60523,6606,9.840754368454768,6700,268,13,1430523803,252588114,1683111917,1148220,260874775,773.0211408057439
2026-06-26 20:05:12.304417,2827,0,3.0,0,887128,67129,60523,6606,9.840754368454768,6700,268,13,1430523803,252588114,1683111917,1148220,260874775,0.0
2026-06-26 20:05:12.309437,2828,0,3.0,0,887138,67145,60537,6608,9.841388040807209,6701,268,13,1431147776,252680839,1683828615,1148220,260950588,994.3792828685259
2026-06-26 20:05:12.314417,2829,0,3.0,0,887148,67145,60537,6608,9.841388040807209,6701,268,13,1431147776,252680839,1683828615,1148220,260950588,0.0
2026-06-26 20:05:12.319430,2830,0,3.0,0,887158,67161,60551,6610,9.842021411235688,6705,268,13,1431749220,252765348,1684514568,1148220,261127822,959.8148813085976
2026-06-26 20:05:12.324415,2831,0,3.0,0,887168,67161,60551,6610,9.842021411235688,6705,268,13,1431749220,252765348,1684514568,1148220,261127822,0.0
2026-06-26 20:05:12.329440,2832,0,3.0,0,887178,67177,60567,6610,9.839677270494365,6705,268,13,1432458207,252765348,1685223555,1148220,261127822,1128.7355223880597
2026-06-26 20:05:12.334418,2833,0,3.0,0,887188,67177,60567,6610,9.839677270494365,6705,268,13,1432458207,252765348,1685223555,1148220,261127822,0.0
2026-06-26 20:05:12.339428,2834,0,3.0,0,887198,67192,60578,6614,9.843433742112156,6707,268,13,1433017862,253019404,1686037266,1148220,261245632,893.6606786427145
2026-06-26 20:05:12.344415,2835,0,3.0,0,887208,67192,60578,6614,9.843433742112156,6707,268,13,1433017862,253019404,1686037266,1148220,261245632,0.0
2026-06-26 20:05:12.349438,2836,0,3.0,0,887218,67207,60591,6616,9.844212656419717,6709,268,13,1433606177,253088566,1686694743,1148220,261381878,936.9938283894087
2026-06-26 20:05:12.354418,2837,0,3.0,0,887228,67207,60591,6616,9.844212656419717,6709,268,13,1433606177,253088566,1686694743,1148220,261381878,0.0
2026-06-26 20:05:12.359436,2838,0,3.0,0,887238,67222,60605,6617,9.843503614887982,6714,270,13,1434168185,253123413,1687291598,1148220,261620086,895.987245914707
2026-06-26 20:05:12.364415,2839,0,3.0,0,887248,67222,60605,6617,9.843503614887982,6714,270,13,1434168185,253123413,1687291598,1148220,261620086,0.0
2026-06-26 20:05:12.369431,2840,0,3.0,0,887258,67238,60620,6618,9.842648502334988,6714,270,13,1434694809,253176705,1687871514,1148220,261620086,839.9106858054226
2026-06-26 20:05:12.374420,2841,0,3.0,0,887268,67238,60620,6618,9.842648502334988,6714,270,13,1434694809,253176705,1687871514,1148220,261620086,0.0
2026-06-26 20:05:12.379432,2842,0,3.0,0,887278,67252,60633,6619,9.842086480699459,6715,270,13,1435279832,253215626,1688495458,1148225,261673378,933.7956903431764
2026-06-26 20:05:12.384416,2843,0,3.0,0,887288,67252,60633,6619,9.842086480699459,6715,270,13,1435279832,253215626,1688495458,1148225,261673378,0.0
2026-06-26 20:05:12.389440,2844,0,3.0,0,887298,67267,60645,6622,9.844351613718464,6717,270,13,1435866407,253396962,1689263369,1148225,261752272,934.0366242038217
2026-06-26 20:05:12.394429,2845,0,3.0,0,887308,67267,60645,6622,9.844351613718464,6717,270,13,1435866407,253396962,1689263369,1148225,261752272,0.0
2026-06-26 20:05:12.399436,2846,0,3.0,0,887318,67282,60659,6623,9.843643173508516,6719,270,13,1436501264,253431809,1689933073,1148225,261893635,1014.3511084481726
2026-06-26 20:05:12.404416,2847,0,3.0,0,887328,67282,60659,6623,9.843643173508516,6719,270,13,1436501264,253431809,1689933073,1148225,261893635,0.0
2026-06-26 20:05:12.409437,2848,0,3.0,0,887338,67297,60672,6625,9.844420999450199,6720,270,13,1437066378,253549645,1690616023,1148225,261928482,900.4007169886477
2026-06-26 20:05:12.414422,2849,0,3.0,0,887348,67297,60672,6625,9.844420999450199,6720,270,13,1437066378,253549645,1690616023,1148225,261928482,0.0
2026-06-26 20:05:12.419433,2850,0,3.0,0,887358,67313,60687,6626,9.843566621603554,6722,270,13,1437704816,253597804,1691302620,1148225,262046318,1019.2584314508082
2026-06-26 20:05:12.424415,2851,0,3.0,0,887368,67313,60687,6626,9.843566621603554,6722,270,13,1437704816,253597804,1691302620,1148225,262046318,0.0
2026-06-26 20:05:12.429437,2852,0,3.0,0,887378,67327,60700,6627,9.843005035127067,6723,270,13,1438155779,253651096,1691806875,1148225,262094477,718.3799283154121
2026-06-26 20:05:12.434419,2853,0,3.0,0,887388,67327,60700,6627,9.843005035127067,6723,270,13,1438155779,253651096,1691806875,1148225,262094477,0.0
2026-06-26 20:05:12.439437,2854,0,3.0,0,887398,67343,60716,6627,9.840666438976582,6724,270,13,1438819937,253651096,1692471033,1148225,262147769,1058.8409724990036
2026-06-26 20:05:12.444411,2855,0,3.0,0,887408,67343,60716,6627,9.840666438976582,6724,270,13,1438819937,253651096,1692471033,1148225,262147769,0.0
2026-06-26 20:05:12.449435,2856,0,3.0,0,887418,67358,60730,6628,9.839959618753525,6724,270,13,1439504787,253704388,1693209175,1148225,262147769,1090.5254777070063
2026-06-26 20:05:12.454417,2857,0,3.0,0,887428,67358,60730,6628,9.839959618753525,6724,270,13,1439504787,253704388,1693209175,1148225,262147769,0.0
2026-06-26 20:05:12.459423,2858,0,3.0,0,887438,67374,60745,6629,9.839107073945438,6726,270,13,1440052286,253776076,1693828362,1148225,262272749,874.948461845785
2026-06-26 20:05:12.464417,2859,0,3.0,0,887448,67374,60745,6629,9.839107073945438,6726,270,13,1440052286,253776076,1693828362,1148225,262272749,0.0
2026-06-26 20:05:12.469448,2860,0,3.0,0,887458,67390,60753,6637,9.848642231785131,6726,270,13,1440316175,254178635,1694494810,1148225,262272749,419.62075134168157
2026-06-26 20:05:12.474422,2861,0,3.0,0,887468,67390,60753,6637,9.848642231785131,6726,270,13,1440316175,254178635,1694494810,1148225,262272749,0.0
2026-06-26 20:05:12.479437,2862,0,3.0,0,887478,67406,60767,6639,9.849271578197786,6734,270,13,1440920136,254244216,1695164352,1148225,262675308,963.447258225324
2026-06-26 20:05:12.484416,2863,0,3.0,0,887488,67406,60767,6639,9.849271578197786,6734,270,13,1440920136,254244216,1695164352,1148225,262675308,0.0
2026-06-26 20:05:12.489439,2864,0,3.0,0,887498,67422,60783,6639,9.846934235116134,6736,270,13,1441535798,254244216,1695780014,1148225,262740889,980.5486760899861
2026-06-26 20:05:12.494418,2865,0,3.0,0,887508,67422,60783,6639,9.846934235116134,6736,270,13,1441535798,254244216,1695780014,1148225,262740889,0.0
2026-06-26 20:05:12.499431,2866,0,3.0,0,887518,67438,60798,6640,9.846080844627657,6736,270,13,1442097908,254286213,1696384121,1148225,262740889,897.0436864153202
2026-06-26 20:05:12.504424,2867,0,3.0,0,887528,67438,60798,6640,9.846080844627657,6736,270,13,1442097908,254286213,1696384121,1148225,262740889,0.0
2026-06-26 20:05:12.509441,2868,0,3.0,0,887538,67452,60805,6647,9.854414991401294,6737,270,13,1442286392,254579730,1696866122,1148225,262782886,300.5525214271477
2026-06-26 20:05:12.514416,2869,0,3.0,0,887548,67452,60805,6647,9.854414991401294,6737,270,13,1442286392,254579730,1696866122,1148225,262782886,0.0
2026-06-26 20:05:12.519430,2870,0,3.0,0,887558,67467,60816,6651,9.858152874738762,6744,270,13,1442640687,254726258,1697366945,1148233,263076403,565.2891902672517
2026-06-26 20:05:12.524418,2871,0,3.0,0,887568,67467,60816,6651,9.858152874738762,6744,270,13,1442640687,254726258,1697366945,1148233,263076403,0.0
2026-06-26 20:05:12.529433,2872,0,3.0,0,887578,67483,60832,6651,9.855815538728272,6748,270,13,1443205587,254726258,1697931845,1148233,263222931,901.1365902293121
2026-06-26 20:05:12.534416,2873,0,3.0,0,887588,67483,60832,6651,9.855815538728272,6748,270,13,1443205587,254726258,1697931845,1148233,263222931,0.0
2026-06-26 20:05:12.539431,2874,0,3.0,0,887598,67497,60846,6651,9.853771278723498,6748,270,13,1443652837,254726258,1698379095,1148233,263222931,713.4596211365903
2026-06-26 20:05:12.544414,2875,0,3.0,0,887608,67497,60846,6651,9.853771278723498,6748,270,13,1443652837,254726258,1698379095,1148233,263222931,0.0
2026-06-26 20:05:12.549432,2876,0,3.0,0,887618,67513,60862,6651,9.851436019729535,6748,270,13,1444197897,254726258,1698924155,1148234,263222931,868.9677162216022
2026-06-26 20:05:12.554416,2877,0,3.0,0,887628,67513,60862,6651,9.851436019729535,6748,270,13,1444197897,254726258,1698924155,1148234,263222931,0.0
2026-06-26 20:05:12.559435,2878,0,3.0,0,887638,67529,60877,6652,9.85058271261236,6748,270,13,1444737476,254769305,1699506781,1148234,263222931,860.0581789201036
2026-06-26 20:05:12.564411,2879,0,3.0,0,887648,67529,60877,6652,9.85058271261236,6748,270,13,1444737476,254769305,1699506781,1148234,263222931,0.0
2026-06-26 20:05:12.569438,2880,0,3.0,0,887658,67544,60892,6652,9.848395120217932,6749,270,13,1445296710,254769305,1700066015,1148234,263265978,889.9685697234931
2026-06-26 20:05:12.574419,2881,0,3.0,0,887668,67544,60892,6652,9.848395120217932,6749,270,13,1445296710,254769305,1700066015,1148234,263265978,0.0
2026-06-26 20:05:12.579430,2882,0,3.0,0,887678,67560,60907,6653,9.847542924807579,6749,270,13,1446136935,254833844,1700970779,1148234,263265978,1341.408900419078
2026-06-26 20:05:12.584416,2883,0,3.0,0,887688,67560,60907,6653,9.847542924807579,6749,270,13,1446136935,254833844,1700970779,1148234,263265978,0.0
2026-06-26 20:05:12.589439,2884,0,3.0,0,887698,67576,60922,6654,9.846691132946608,6750,270,13,1446807307,254898383,1701705690,1148235,263330517,1067.6838542703563
2026-06-26 20:05:12.594417,2885,0,3.0,0,887708,67576,60922,6654,9.846691132946608,6750,270,13,1446807307,254898383,1701705690,1148235,263330517,0.0
2026-06-26 20:05:12.599434,2886,0,3.0,0,887718,67592,60936,6656,9.847319209373891,6751,270,13,1447352133,254915284,1702267417,1148235,263395056,868.7677895156468
2026-06-26 20:05:12.604414,2887,0,3.0,0,887728,67592,60936,6656,9.847319209373891,6751,270,13,1447352133,254915284,1702267417,1148235,263395056,0.0
2026-06-26 20:05:12.609428,2888,0,3.0,0,887738,67607,60950,6657,9.846613516351857,6753,270,13,1447812725,254966486,1702779211,1148235,263411957,734.8895093737535
2026-06-26 20:05:12.614416,2889,0,3.0,0,887748,67607,60950,6657,9.846613516351857,6753,270,13,1447812725,254966486,1702779211,1148235,263411957,0.0
2026-06-26 20:05:12.619430,2890,0,3.0,0,887758,67623,60964,6659,9.847241323218432,6754,270,13,1448303762,255044369,1703348131,1148235,263463159,783.4654966094935
2026-06-26 20:05:12.624414,2891,0,3.0,0,887768,67623,60964,6659,9.847241323218432,6754,270,13,1448303762,255044369,1703348131,1148235,263463159,0.0
2026-06-26 20:05:12.629435,2892,0,3.0,0,887778,67639,60980,6659,9.844911959076864,6756,270,13,1448886048,255044369,1703930417,1148235,263541042,927.7610037841067
2026-06-26 20:05:12.634416,2893,0,3.0,0,887788,67639,60980,6659,9.844911959076864,6756,270,13,1448886048,255044369,1703930417,1148235,263541042,0.0
2026-06-26 20:05:12.639432,2894,0,3.0,0,887798,67655,60994,6661,9.8455398714064,6756,270,13,1449453637,255157079,1704610716,1148235,263541042,905.2456140350877
2026-06-26 20:05:12.644416,2895,0,3.0,0,887808,67655,60994,6661,9.8455398714064,6756,270,13,1449453637,255157079,1704610716,1148235,263541042,0.0
2026-06-26 20:05:12.649429,2896,0,3.0,0,887818,67671,61010,6661,9.84321201105348,6758,270,13,1450203369,255157079,1705360448,1148237,263653752,1196.4604029523239
2026-06-26 20:05:12.654415,2897,0,3.0,0,887828,67671,61010,6661,9.84321201105348,6758,270,13,1450203369,255157079,1705360448,1148237,263653752,0.0
2026-06-26 20:05:12.659426,2898,0,3.0,0,887838,67673,61012,6661,9.842921105906344,6758,270,13,1450288433,255157079,1705445512,1148237,263653752,135.80363200957893
2026-06-26 20:05:12.664413,2899,0,3.0,0,887848,67673,61012,6661,9.842921105906344,6758,270,13,1450288433,255157079,1705445512,1148237,263653752,0.0
2026-06-26 20:05:12.669434,2900,0,3.0,0,887858,67685,61017,6668,9.851518061608925,6759,270,13,1450300838,255209534,1705510372,1148237,263656314,19.764987054371637
2026-06-26 20:05:12.674421,2901,0,3.0,0,887868,67685,61017,6668,9.851518061608925,6759,270,13,1450300838,255209534,1705510372,1148237,263656314,0.0
2026-06-26 20:05:12.679431,2902,0,3.0,0,887878,67693,61025,6668,9.850353803199742,6765,270,13,1450428609,255209534,1705638143,1148237,263706207,204.0255489021956
2026-06-26 20:05:12.684412,2903,0,3.0,0,887888,67693,61025,6668,9.850353803199742,6765,270,13,1450428609,255209534,1705638143,1148237,263706207,0.0
2026-06-26 20:05:12.689424,2904,0,3.0,0,887898,67702,61034,6668,9.849044341378393,6765,270,13,1450543725,255209534,1705753259,1148237,263706207,183.74461292897047
2026-06-26 20:05:12.694414,2905,0,3.0,0,887908,67702,61034,6668,9.849044341378393,6765,270,13,1450543725,255209534,1705753259,1148237,263706207,0.0
2026-06-26 20:05:12.699430,2906,0,3.0,0,887918,67704,61036,6668,9.848753397140495,6765,270,13,1450618544,255209534,1705828078,1148237,263706207,119.32854864433811
2026-06-26 20:05:12.704410,2907,0,3.0,0,887928,67704,61036,6668,9.848753397140495,6765,270,13,1450618544,255209534,1705828078,1148237,263706207,0.0
2026-06-26 20:05:12.709431,2908,0,3.0,0,887938,67711,61043,6668,9.847735227658726,6765,270,13,1450753325,255209534,1705962859,1148237,263706207,214.74765982871938
2026-06-26 20:05:12.714419,2909,0,3.0,0,887948,67711,61043,6668,9.847735227658726,6765,270,13,1450753325,255209534,1705962859,1148237,263706207,0.0
2026-06-26 20:05:12.719434,2910,0,3.0,0,887958,67721,61053,6668,9.846281064957694,6765,270,13,1451016928,255209534,1706226462,1148237,263706207,420.5032901296112
2026-06-26 20:05:12.724416,2911,0,3.0,0,887968,67721,61053,6668,9.846281064957694,6765,270,13,1451016928,255209534,1706226462,1148237,263706207,0.0
2026-06-26 20:05:12.729434,2912,0,3.0,0,887978,67737,61066,6671,9.84838419180064,6767,270,13,1451345101,255318164,1706663265,1148237,263782040,523.1933041052212
2026-06-26 20:05:12.734418,2913,0,3.0,0,887988,67737,61066,6671,9.84838419180064,6767,270,13,1451345101,255318164,1706663265,1148237,263782040,0.0
2026-06-26 20:05:12.739431,2914,0,3.0,0,887998,67751,61080,6671,9.846349131378135,6768,270,13,1451705042,255318164,1707023206,1148237,263814837,574.4121284659884
2026-06-26 20:05:12.744410,2915,0,3.0,0,888008,67751,61080,6671,9.846349131378135,6768,270,13,1451705042,255318164,1707023206,1148237,263814837,0.0
2026-06-26 20:05:12.749436,2916,0,3.0,0,888018,67761,61090,6671,9.84489603164062,6768,270,13,1451973921,255318164,1707292085,1148237,263814837,427.9808993235177
2026-06-26 20:05:12.754417,2917,0,3.0,0,888028,67761,61090,6671,9.84489603164062,6768,270,13,1451973921,255318164,1707292085,1148237,263814837,0.0
2026-06-26 20:05:12.759436,2918,0,3.0,0,888038,67777,61102,6675,9.848473671009339,6768,270,13,1452256238,255454972,1707711210,1148237,263814837,449.9972105997211
2026-06-26 20:05:12.764416,2919,0,3.0,0,888048,67777,61102,6675,9.848473671009339,6768,270,13,1452256238,255454972,1707711210,1148237,263814837,0.0
2026-06-26 20:05:12.769433,2920,0,3.0,0,888058,67793,61116,6677,9.849099464546487,6772,270,13,1452633833,255522087,1708155920,1148237,263951645,602.1048435319913
2026-06-26 20:05:12.774419,2921,0,3.0,0,888068,67793,61116,6677,9.849099464546487,6772,270,13,1452633833,255522087,1708155920,1148237,263951645,0.0
2026-06-26 20:05:12.779433,2922,0,3.0,0,888078,67809,61122,6687,9.861522806707073,6775,270,13,1452747354,255799150,1708546504,1148237,264021577,181.12644595133625
2026-06-26 20:05:12.784414,2923,0,3.0,0,888088,67809,61122,6687,9.861522806707073,6775,270,13,1452747354,255799150,1708546504,1148237,264021577,0.0
2026-06-26 20:05:12.789436,2924,0,3.0,0,888098,67825,61137,6688,9.860670844084039,6784,270,13,1453142278,255831947,1708974225,1148237,264295823,629.110314615691
2026-06-26 20:05:12.794417,2925,0,3.0,0,888108,67825,61137,6688,9.860670844084039,6784,270,13,1453142278,255831947,1708974225,1148237,264295823,0.0
2026-06-26 20:05:12.799441,2926,0,3.0,0,888118,67839,61151,6688,9.858635887911085,6785,270,13,1453423678,255831947,1709255625,1148237,264328620,448.0891719745223
2026-06-26 20:05:12.804417,2927,0,3.0,0,888128,67839,61151,6688,9.858635887911085,6785,270,13,1453423678,255831947,1709255625,1148237,264328620,0.0
2026-06-26 20:05:12.809438,2928,0,3.0,0,888138,67854,61166,6688,9.856456509564653,6785,270,13,1453762879,255831947,1709594826,1148237,264328620,540.4517028480383
2026-06-26 20:05:12.814418,2929,0,3.0,0,888148,67854,61166,6688,9.856456509564653,6785,270,13,1453762879,255831947,1709594826,1148237,264328620,0.0
2026-06-26 20:05:12.819430,2930,0,3.0,0,888158,67869,61179,6690,9.857224948061708,6785,270,13,1454217895,255946711,1710164606,1148237,264328620,726.2825219473265
2026-06-26 20:05:12.824426,2931,0,3.0,0,888168,67869,61179,6690,9.857224948061708,6785,270,13,1454217895,255946711,1710164606,1148237,264328620,0.0
2026-06-26 20:05:12.829438,2932,0,3.0,0,888178,67885,61193,6692,9.857847830890476,6788,270,13,1454682261,256049134,1710731395,1148237,264500746,741.2067039106146
2026-06-26 20:05:12.834419,2933,0,3.0,0,888188,67885,61193,6692,9.857847830890476,6788,270,13,1454682261,256049134,1710731395,1148237,264500746,0.0
2026-06-26 20:05:12.839436,2934,0,3.0,0,888198,67901,61209,6692,9.855524955449846,6789,270,13,1455089827,256049134,1711138961,1148237,264545807,649.8959537572255
2026-06-26 20:05:12.844418,2935,0,3.0,0,888208,67901,61209,6692,9.855524955449846,6789,270,13,1455089827,256049134,1711138961,1148237,264545807,0.0
2026-06-26 20:05:12.849433,2936,0,3.0,0,888218,67917,61225,6692,9.853203174462948,6792,273,13,1455555538,256049134,1711604672,1148237,264642131,742.9088733798604
2026-06-26 20:05:12.854419,2937,0,3.0,0,888228,67917,61225,6692,9.853203174462948,6792,273,13,1455555538,256049134,1711604672,1148237,264642131,0.0
2026-06-26 20:05:12.859442,2938,0,3.0,0,888238,67932,61240,6692,9.851027498086323,6793,274,13,1455980585,256049134,1712029719,1148237,264674928,676.9611785785387
2026-06-26 20:05:12.864415,2939,0,3.0,0,888248,67932,61240,6692,9.851027498086323,6793,274,13,1455980585,256049134,1712029719,1148237,264674928,0.0
2026-06-26 20:05:12.869434,2940,0,3.0,0,888258,67948,61256,6692,9.848707835403545,6793,274,13,1456459030,256049134,1712508164,1148237,264674928,762.614066547121
2026-06-26 20:05:12.874416,2941,0,3.0,0,888268,67948,61256,6692,9.848707835403545,6793,274,13,1456459030,256049134,1712508164,1148237,264674928,0.0
2026-06-26 20:05:12.879437,2942,0,3.0,0,888278,67962,61268,6694,9.849621847503016,6793,274,13,1456827797,256127028,1712954825,1148237,264674928,587.5594503087034
2026-06-26 20:05:12.884414,2943,0,3.0,0,888288,67962,61268,6694,9.849621847503016,6793,274,13,1456827797,256127028,1712954825,1148237,264674928,0.0
2026-06-26 20:05:12.889435,2944,0,3.0,0,888298,67978,61279,6699,9.854658860219482,6795,274,13,1457168125,256282255,1713450380,1148237,264752822,542.2473610834495
2026-06-26 20:05:12.894417,2945,0,3.0,0,888308,67978,61279,6699,9.854658860219482,6795,274,13,1457168125,256282255,1713450380,1148237,264752822,0.0
2026-06-26 20:05:12.899437,2946,0,3.0,0,888318,67991,61292,6699,9.85277463193658,6800,274,13,1457350054,256282255,1713632309,1148238,264908049,289.9266932270916
2026-06-26 20:05:12.904415,2947,0,3.0,0,888328,67991,61292,6699,9.85277463193658,6800,274,13,1457350054,256282255,1713632309,1148238,264908049,0.0
2026-06-26 20:05:12.909438,2948,0,3.0,0,888338,68007,61305,6702,9.854867881247518,6800,274,13,1457588633,256385206,1713973839,1148238,264908049,379.9784989050368
2026-06-26 20:05:12.914418,2949,0,3.0,0,888348,68007,61305,6702,9.854867881247518,6800,274,13,1457588633,256385206,1713973839,1148238,264908049,0.0
2026-06-26 20:05:12.919434,2950,0,3.0,0,888358,68020,61318,6702,9.852984416348134,6803,274,13,1457818750,256385206,1714203956,1148238,265011000,367.0127591706539
2026-06-26 20:05:12.924417,2951,0,3.0,0,888368,68020,61318,6702,9.852984416348134,6803,274,13,1457818750,256385206,1714203956,1148238,265011000,0.0
2026-06-26 20:05:12.929434,2952,0,3.0,0,888378,68034,61332,6702,9.850956874503925,6803,274,13,1457943081,256385206,1714328287,1148238,265011000,198.2555311939406
2026-06-26 20:05:12.934419,2953,0,3.0,0,888388,68034,61332,6702,9.850956874503925,6803,274,13,1457943081,256385206,1714328287,1148238,265011000,0.0
2026-06-26 20:05:12.939437,2954,0,3.0,0,888398,68049,61345,6704,9.851724492645006,6805,274,13,1458181508,256415804,1714597312,1148241,265041598,380.11478676763653
2026-06-26 20:05:12.944414,2955,0,3.0,0,888408,68049,61345,6704,9.851724492645006,6805,274,13,1458181508,256415804,1714597312,1148241,265041598,0.0
2026-06-26 20:05:12.949434,2956,0,3.0,0,888418,68063,61356,6707,9.854105754962314,6807,274,13,1458307318,256487131,1714794449,1148241,265076028,200.49402390438246
2026-06-26 20:05:12.954417,2957,0,3.0,0,888428,68063,61356,6707,9.854105754962314,6807,274,13,1458307318,256487131,1714794449,1148241,265076028,0.0
2026-06-26 20:05:12.959435,2958,0,3.0,0,888438,68073,61364,6709,9.855596198198992,6809,274,13,1458485882,256515818,1715001700,1148241,265134951,284.6775607811877
2026-06-26 20:05:12.964409,2959,0,3.0,0,888448,68073,61364,6709,9.855596198198992,6809,274,13,1458485882,256515818,1715001700,1148241,265134951,0.0
2026-06-26 20:05:12.969433,2960,0,3.0,0,888458,68085,61376,6709,9.853859146654917,6810,274,13,1458615329,256515818,1715131147,1148242,265141612,206.12579617834396
2026-06-26 20:05:12.974414,2961,0,3.0,0,888468,68085,61376,6709,9.853859146654917,6810,274,13,1458615329,256515818,1715131147,1148242,265141612,0.0
2026-06-26 20:05:12.979433,2962,0,3.0,0,888478,68096,61386,6710,9.85373590225564,6810,274,13,1458705484,256537844,1715243328,1148247,265141612,143.70193265590754
2026-06-26 20:05:12.984412,2963,0,3.0,0,888488,68096,61386,6710,9.85373590225564,6810,274,13,1458705484,256537844,1715243328,1148247,265141612,0.0
2026-06-26 20:05:12.989428,2964,0,3.0,0,888498,68109,61398,6711,9.853323349337092,6811,274,13,1458852293,256539669,1715391962,1148247,265163638,234.1451355661882
2026-06-26 20:05:12.994416,2965,0,3.0,0,888508,68109,61398,6711,9.853323349337092,6811,274,13,1458852293,256539669,1715391962,1148247,265163638,0.0
2026-06-26 20:05:12.999429,2966,0,3.0,0,888518,68120,61409,6711,9.85173223722842,6816,278,13,1458938971,256539669,1715478640,1148247,265186648,138.3251545980451
2026-06-26 20:05:13.004414,2967,0,3.0,0,888528,68120,61409,6711,9.85173223722842,6816,278,13,1458938971,256539669,1715478640,1148247,265186648,0.0
2026-06-26 20:05:13.009428,2968,0,3.0,0,888538,68134,61423,6711,9.849707928493851,6816,278,13,1459044702,256539669,1715584371,1148247,265186648,168.69724770642202
2026-06-26 20:05:13.014413,2969,0,3.0,0,888548,68134,61423,6711,9.849707928493851,6816,278,13,1459044702,256539669,1715584371,1148247,265186648,0.0
2026-06-26 20:05:13.019431,2970,0,3.0,0,888558,68150,61435,6715,9.853264856933237,6816,278,13,1459353893,256815221,1716169114,1148247,265186648,492.93104822638503
2026-06-26 20:05:13.024415,2971,0,3.0,0,888568,68150,61435,6715,9.853264856933237,6816,278,13,1459353893,256815221,1716169114,1148247,265186648,0.0
2026-06-26 20:05:13.029430,2972,0,3.0,0,888578,68166,61448,6718,9.85535310858786,6820,278,13,1459824421,257009846,1716834267,1148247,265462200,750.5930209371884
2026-06-26 20:05:13.034418,2973,0,3.0,0,888588,68166,61448,6718,9.85535310858786,6820,278,13,1459824421,257009846,1716834267,1148247,265462200,0.0
2026-06-26 20:05:13.039434,2974,0,3.0,0,888598,68182,61463,6719,9.854507054647854,6823,278,13,1460450829,257083612,1717534441,1148247,265656825,999.0558213716108
2026-06-26 20:05:13.044412,2975,0,3.0,0,888608,68182,61463,6719,9.854507054647854,6823,278,13,1460450829,257083612,1717534441,1148247,265656825,0.0
2026-06-26 20:05:13.049430,2976,0,3.0,0,888618,68198,61479,6719,9.852195079034576,6824,278,13,1460741585,257083612,1717825197,1148248,265730591,463.540852929454
2026-06-26 20:05:13.054414,2977,0,3.0,0,888628,68198,61479,6719,9.852195079034576,6824,278,13,1460741585,257083612,1717825197,1148248,265730591,0.0
2026-06-26 20:05:13.059430,2978,0,3.0,0,888638,68214,61492,6722,9.854282112176387,6824,278,13,1460961021,257256706,1718217727,1148248,265730591,349.97767145135566
2026-06-26 20:05:13.064415,2979,0,3.0,0,888648,68214,61492,6722,9.854282112176387,6824,278,13,1460961021,257256706,1718217727,1148248,265730591,0.0
2026-06-26 20:05:13.069426,2980,0,3.0,0,888658,68228,61505,6723,9.853725743096676,6827,278,13,1461360038,257336579,1718696617,1148248,265903685,637.0257433645979
2026-06-26 20:05:13.074415,2981,0,3.0,0,888668,68228,61505,6723,9.853725743096676,6827,278,13,1461360038,257336579,1718696617,1148248,265903685,0.0
2026-06-26 20:05:13.079424,2982,0,3.0,0,888678,68233,61510,6723,9.853003678571952,6828,279,13,1461478126,257336579,1718814705,1148248,265949794,188.60131762826913
2026-06-26 20:05:13.084415,2983,0,3.0,0,888688,68233,61510,6723,9.853003678571952,6828,279,13,1461478126,257336579,1718814705,1148248,265949794,0.0
2026-06-26 20:05:13.089432,2984,0,3.0,0,888698,68244,61519,6725,9.854346169626634,6829,279,13,1461661222,257394463,1719055685,1148248,266029667,291.9609328283835
2026-06-26 20:05:13.094413,2985,0,3.0,0,888708,68244,61519,6725,9.854346169626634,6829,279,13,1461661222,257394463,1719055685,1148248,266029667,0.0
2026-06-26 20:05:13.099429,2986,0,3.0,0,888718,68258,61533,6725,9.852325002197544,6831,279,13,1461817712,257394463,1719212175,1148248,266087551,249.585326953748
2026-06-26 20:05:13.104420,2987,0,3.0,0,888728,68258,61533,6725,9.852325002197544,6831,279,13,1461817712,257394463,1719212175,1148248,266087551,0.0
2026-06-26 20:05:13.109425,2988,0,3.0,0,888738,68272,61545,6727,9.853234122334193,6831,279,13,1462041381,257528621,1719570002,1148248,266087551,357.5128871128871
2026-06-26 20:05:13.114412,2989,0,3.0,0,888748,68272,61545,6727,9.853234122334193,6831,279,13,1462041381,257528621,1719570002,1148248,266087551,0.0
2026-06-26 20:05:13.119430,2990,0,3.0,0,888758,68283,61556,6727,9.851646822781658,6833,279,13,1462366790,257528621,1719895411,1148248,266221709,518.7867676365086
2026-06-26 20:05:13.124411,2991,0,3.0,0,888768,68283,61556,6727,9.851646822781658,6833,279,13,1462366790,257528621,1719895411,1148248,266221709,0.0
2026-06-26 20:05:13.129429,2992,0,3.0,0,888778,68299,61570,6729,9.852267236709174,6834,279,13,1462710851,257575112,1720285963,1148248,266227214,548.5229174970108
2026-06-26 20:05:13.134417,2993,0,3.0,0,888788,68299,61570,6729,9.852267236709174,6834,279,13,1462710851,257575112,1720285963,1148248,266227214,0.0
2026-06-26 20:05:13.139428,2994,0,3.0,0,888798,68315,61584,6731,9.852887360023422,6835,279,13,1463163303,257710314,1720873617,1148248,266268200,722.3340650568749
2026-06-26 20:05:13.144417,2995,0,3.0,0,888808,68315,61584,6731,9.852887360023422,6835,279,13,1463163303,257710314,1720873617,1148248,266268200,0.0
2026-06-26 20:05:13.149429,2996,0,3.0,0,888818,68329,61594,6735,9.85672262143453,6839,279,13,1463671691,257900912,1721572603,1148248,266494599,811.4732641660016
2026-06-26 20:05:13.154419,2997,0,3.0,0,888828,68329,61594,6735,9.85672262143453,6839,279,13,1463671691,257900912,1721572603,1148248,266494599,0.0
2026-06-26 20:05:13.159428,2998,0,3.0,0,888838,68344,61605,6739,9.860412033243591,6841,279,13,1463993306,258140655,1722133961,1148248,266594000,513.6594130564984
2026-06-26 20:05:13.164412,2999,0,3.0,0,888848,68344,61605,6739,9.860412033243591,6841,279,13,1463993306,258140655,1722133961,1148248,266594000,0.0
2026-06-26 20:05:13.169433,3000,0,3.0,0,888858,68355,61616,6739,9.85882525053032,6845,279,13,1464424134,258140655,1722564789,1148248,266833743,686.441744672376
2026-06-26 20:05:13.174418,3001,0,3.0,0,888868,68355,61616,6739,9.85882525053032,6845,279,13,1464424134,258140655,1722564789,1148248,266833743,0.0
2026-06-26 20:05:13.179437,3002,0,3.0,0,888878,68371,61630,6741,9.859443331236928,6845,279,13,1464986143,258151864,1723138007,1148248,266833743,895.810320781032
2026-06-26 20:05:13.184413,3003,0,3.0,0,888888,68371,61630,6741,9.859443331236928,6845,279,13,1464986143,258151864,1723138007,1148248,266833743,0.0
2026-06-26 20:05:13.189433,3004,0,3.0,0,888898,68387,61646,6741,9.857136590287627,6847,279,13,1465427051,258151864,1723578915,1148249,266844952,702.6422310756972
2026-06-26 20:05:13.194415,3005,0,3.0,0,888908,68387,61646,6741,9.857136590287627,6847,279,13,1465427051,258151864,1723578915,1148249,266844952,0.0
2026-06-26 20:05:13.199434,3006,0,3.0,0,888918,68403,61661,6742,9.856292852652661,6847,279,13,1465895333,258216403,1724111736,1148249,266844952,746.4148236700538
2026-06-26 20:05:13.204414,3007,0,3.0,0,888928,68403,61661,6742,9.856292852652661,6847,279,13,1465895333,258216403,1724111736,1148249,266844952,0.0
2026-06-26 20:05:13.209435,3008,0,3.0,0,888938,68419,61677,6742,9.853987927330127,6848,279,13,1466456504,258216403,1724672907,1148249,266909491,894.1183031268672
2026-06-26 20:05:13.214419,3009,0,3.0,0,888948,68419,61677,6742,9.853987927330127,6848,279,13,1466456504,258216403,1724672907,1148249,266909491,0.0
2026-06-26 20:05:13.219433,3010,0,3.0,0,888958,68435,61688,6747,9.858990282750055,6848,279,13,1466856573,258422369,1725278942,1148249,266909491,638.3230953330674
2026-06-26 20:05:13.224414,3011,0,3.0,0,888968,68435,61688,6747,9.858990282750055,6848,279,13,1466856573,258422369,1725278942,1148249,266909491,0.0
2026-06-26 20:05:13.229435,3012,0,3.0,0,888978,68451,61702,6749,9.85960760251859,6854,279,13,1467366778,258538190,1725904968,1148249,267171830,812.9137621987652
2026-06-26 20:05:13.234419,3013,0,3.0,0,888988,68451,61702,6749,9.85960760251859,6854,279,13,1467366778,258538190,1725904968,1148249,267171830,0.0
2026-06-26 20:05:13.239437,3014,0,3.0,0,888998,68467,61714,6753,9.863145749046986,6855,279,13,1467724946,258762566,1726487512,1148249,267231278,571.0131526504583
2026-06-26 20:05:13.244411,3015,0,3.0,0,889008,68467,61714,6753,9.863145749046986,6855,279,13,1467724946,258762566,1726487512,1148249,267231278,0.0
2026-06-26 20:05:13.249429,3016,0,3.0,0,889018,68483,61729,6754,9.862301593096097,6859,279,13,1468211902,258810725,1727022627,1148249,267455654,776.3347947389398
2026-06-26 20:05:13.254422,3017,0,3.0,0,889028,68483,61729,6754,9.862301593096097,6859,279,13,1468211902,258810725,1727022627,1148249,267455654,0.0
2026-06-26 20:05:13.259434,3018,0,3.0,0,889038,68498,61744,6754,9.860141901953341,6860,279,13,1468631786,258810725,1727442511,1148250,267503813,670.2059058260176
2026-06-26 20:05:13.264412,3019,0,3.0,0,889048,68498,61744,6754,9.860141901953341,6860,279,13,1468631786,258810725,1727442511,1148250,267503813,0.0
2026-06-26 20:05:13.269430,3020,0,3.0,0,889058,68514,61757,6757,9.862217940858804,6860,279,13,1469175301,259008478,1728183779,1148250,267503813,866.5045834994022
2026-06-26 20:05:13.279445,3021,0,3.0,0,889078,68530,61770,6760,9.864293010360427,6864,279,13,1469825144,259167791,1728992935,1148250,267775332,519.0957563654518
2026-06-26 20:05:13.284412,3022,0,3.0,0,889088,68530,61770,6760,9.864293010360427,6864,279,13,1469825144,259167791,1728992935,1148250,267775332,0.0
2026-06-26 20:05:13.289427,3023,0,3.0,0,889098,68546,61785,6761,9.863449362471917,6866,279,13,1470327558,259202638,1729530196,1148250,267860879,801.4580259222333
2026-06-26 20:05:13.299444,3024,0,3.0,0,889118,68562,61798,6764,9.865523176103382,6867,279,13,1470765872,259332767,1730098639,1148250,267895726,350.05610462214236
2026-06-26 20:05:13.304415,3025,0,3.0,0,889128,68562,61798,6764,9.865523176103382,6867,279,13,1470765872,259332767,1730098639,1148250,267895726,0.0
2026-06-26 20:05:13.309434,3026,0,3.0,0,889138,68578,61813,6765,9.864679634868326,6871,279,13,1471394869,259388096,1730782965,1148250,268081184,1002.5853755728233
2026-06-26 20:05:13.319437,3027,0,3.0,0,889158,68583,61818,6765,9.863960456672936,6871,279,13,1471554955,259388096,1730943051,1148250,268081184,128.0303908827352
2026-06-26 20:05:13.324411,3028,0,3.0,0,889168,68583,61818,6765,9.863960456672936,6871,279,13,1471554955,259388096,1730943051,1148250,268081184,0.0
2026-06-26 20:05:13.329427,3029,0,3.0,0,889178,68592,61825,6767,9.865581992069046,6872,279,13,1471654388,259410000,1731064388,1148250,268098606,158.585326953748
2026-06-26 20:05:13.339438,3030,0,3.0,0,889198,68601,61833,6768,9.865745397297415,6873,279,13,1471826143,259449973,1731276116,1148250,268103088,137.25302167615624
2026-06-26 20:05:13.344409,3031,0,3.0,0,889208,68601,61833,6768,9.865745397297415,6873,279,13,1471826143,259449973,1731276116,1148250,268103088,0.0
2026-06-26 20:05:13.349428,3032,0,3.0,0,889218,68608,61840,6768,9.86473880597015,6874,279,13,1471965737,259449973,1731415710,1148250,268143061,222.50488145048814
2026-06-26 20:05:13.354419,3033,0,3.0,0,889228,68608,61840,6768,9.86473880597015,6874,279,13,1471965737,259449973,1731415710,1148250,268143061,0.0
2026-06-26 20:05:13.364409,3034,0,3.0,0,889248,68616,61844,6772,9.86941821149586,6874,279,13,1472004803,259530346,1731535149,1148250,268143061,31.284084084084085
2026-06-26 20:05:13.369427,3035,0,3.0,0,889258,68628,61856,6772,9.867692487031531,6878,279,13,1472409508,259530346,1731939854,1148250,268223434,645.2052610601834
2026-06-26 20:05:13.374417,3036,0,3.0,0,889268,68628,61856,6772,9.867692487031531,6878,279,13,1472409508,259530346,1731939854,1148250,268223434,0.0
2026-06-26 20:05:13.379426,3037,0,3.0,0,889278,68638,61859,6779,9.876453276610624,6879,279,13,1472590833,259721930,1732312763,1148250,268286932,289.59872229986024
2026-06-26 20:05:13.384415,3038,0,3.0,0,889288,68638,61859,6779,9.876453276610624,6879,279,13,1472590833,259721930,1732312763,1148250,268286932,0.0
2026-06-26 20:05:13.394413,3039,0,3.0,0,889308,68651,61872,6779,9.874583035935384,6885,279,13,1472861719,259721930,1732583649,1148250,268415018,216.752150430086
2026-06-26 20:05:13.399429,3040,0,3.0,0,889318,68653,61874,6779,9.874295369466738,6885,279,13,1472895019,259721930,1732616949,1148250,268415018,53.110047846889955
2026-06-26 20:05:13.404414,3041,0,3.0,0,889328,68653,61874,6779,9.874295369466738,6885,279,13,1472895019,259721930,1732616949,1148250,268415018,0.0
2026-06-26 20:05:13.414419,3042,0,3.0,0,889348,68665,61886,6779,9.87256972256608,6885,279,13,1473186849,259721930,1732908779,1148250,268415018,233.34732633683157
2026-06-26 20:05:13.419431,3043,0,3.0,0,889358,68681,61902,6779,9.870269798051863,6885,279,13,1473746945,259721930,1733468875,1148250,268415018,894.0079808459697
2026-06-26 20:05:13.434417,3044,0,3.0,0,889388,68697,61918,6779,9.867970944873866,6885,279,13,1474255099,259721930,1733977029,1148250,268415018,271.2686507406913
2026-06-26 20:05:13.439429,3045,0,3.0,0,889398,68713,61934,6779,9.865673162283702,6885,279,13,1474855552,259721930,1734577482,1148250,268415018,958.4245810055866
2026-06-26 20:05:13.449433,3046,0,3.0,0,889418,68729,61945,6784,9.870651398972777,6885,279,13,1475276390,260031315,1735307705,1148250,268415018,336.5357856857257
2026-06-26 20:05:13.454419,3047,0,3.0,0,889428,68729,61945,6784,9.870651398972777,6885,279,13,1475276390,260031315,1735307705,1148250,268415018,0.0
2026-06-26 20:05:13.459439,3048,0,3.0,0,889438,68745,61959,6786,9.871263364608335,6890,279,13,1475950570,260125593,1736076163,1148250,268724403,1074.3904382470118
2026-06-26 20:05:13.464421,3049,0,3.0,0,889448,68745,61959,6786,9.871263364608335,6890,279,13,1475950570,260125593,1736076163,1148250,268724403,0.0
2026-06-26 20:05:13.469446,3050,0,3.0,0,889458,68761,61975,6786,9.868966419918268,6892,279,13,1476496733,260125593,1736622326,1148250,268818681,869.5132338308458
2026-06-26 20:05:13.474422,3051,0,3.0,0,889468,68761,61975,6786,9.868966419918268,6892,279,13,1476496733,260125593,1736622326,1148250,268818681,0.0
2026-06-26 20:05:13.479433,3052,0,3.0,0,889478,68777,61991,6786,9.866670543931837,6892,279,13,1476923496,260125593,1737049089,1148250,268818681,681.3218918379565
2026-06-26 20:05:13.504413,3053,0,3.0,0,889528,68809,62016,6793,9.872255082910666,6898,279,13,1477722954,260489301,1738212255,1148250,269139342,256.03138510808645
2026-06-26 20:05:13.509429,3054,0,3.0,0,889538,68822,62029,6793,9.87039028217721,6899,279,13,1478130031,260489301,1738619332,1148250,269182389,649.2456140350877
2026-06-26 20:05:13.514415,3055,0,3.0,0,889548,68822,62029,6793,9.87039028217721,6899,279,13,1478130031,260489301,1738619332,1148250,269182389,0.0
2026-06-26 20:05:13.519436,3056,0,3.0,0,889558,68838,62041,6797,9.873906853772626,6899,279,13,1478585522,260674267,1739259789,1148253,269182389,725.7375024895439
2026-06-26 20:05:13.524413,3057,0,3.0,0,889568,68838,62041,6797,9.873906853772626,6899,279,13,1478585522,260674267,1739259789,1148253,269182389,0.0
2026-06-26 20:05:13.529434,3058,0,3.0,0,889578,68854,62057,6797,9.871612397246347,6903,279,13,1479305329,260674267,1739979596,1148257,269367355,1146.8743278231427
2026-06-26 20:05:13.534417,3059,0,3.0,0,889588,68854,62057,6797,9.871612397246347,6903,279,13,1479305329,260674267,1739979596,1148257,269367355,0.0
2026-06-26 20:05:13.539433,3060,0,3.0,0,889598,68870,62073,6797,9.869319006824453,6903,279,13,1479998832,260674267,1740673099,1148257,269367355,1106.0653907496012
2026-06-26 20:05:13.544415,3061,0,3.0,0,889608,68870,62073,6797,9.869319006824453,6903,279,13,1479998832,260674267,1740673099,1148257,269367355,0.0
2026-06-26 20:05:13.549444,3062,0,3.0,0,889618,68886,62086,6800,9.871381703103678,6903,279,13,1480651443,260875078,1741526521,1148257,269367355,1038.1562934977132
2026-06-26 20:05:13.554421,3063,0,3.0,0,889628,68886,62086,6800,9.871381703103678,6903,279,13,1480651443,260875078,1741526521,1148257,269367355,0.0
2026-06-26 20:05:13.559438,3064,0,3.0,0,889638,68902,62102,6800,9.86908943136629,6906,279,13,1481371711,260875078,1742246789,1148257,269568166,1148.5238190153477
2026-06-26 20:05:13.564412,3065,0,3.0,0,889648,68902,62102,6800,9.86908943136629,6906,279,13,1481371711,260875078,1742246789,1148257,269568166,0.0
2026-06-26 20:05:13.569431,3066,0,3.0,0,889658,68918,62117,6801,9.86824922371514,6906,279,13,1482063142,260937595,1743000737,1148257,269568166,1102.1016138673042
2026-06-26 20:05:13.574416,3067,0,3.0,0,889668,68918,62117,6801,9.86824922371514,6906,279,13,1482063142,260937595,1743000737,1148257,269568166,0.0
2026-06-26 20:05:13.579430,3068,0,3.0,0,889678,68934,62133,6801,9.865958743145617,6907,279,13,1482801595,260937595,1743739190,1148257,269630683,1178.22576785002
2026-06-26 20:05:13.584410,3069,0,3.0,0,889688,68934,62133,6801,9.865958743145617,6907,279,13,1482801595,260937595,1743739190,1148257,269630683,0.0
2026-06-26 20:05:13.589439,3070,0,3.0,0,889698,68950,62148,6802,9.865119651921681,6907,279,13,1483472479,260985754,1744458233,1148257,269630683,1067.2244979121097
2026-06-26 20:05:13.594419,3071,0,3.0,0,889708,68950,62148,6802,9.865119651921681,6907,279,13,1483472479,260985754,1744458233,1148257,269630683,0.0
2026-06-26 20:05:13.599438,3072,0,3.0,0,889718,68966,62159,6807,9.870080909433634,6909,279,13,1483971448,261250118,1745221566,1148257,269748519,795.3281530185296
2026-06-26 20:05:13.604416,3073,0,3.0,0,889728,68966,62159,6807,9.870080909433634,6909,279,13,1483971448,261250118,1745221566,1148257,269748519,0.0
2026-06-26 20:05:13.609435,3074,0,3.0,0,889738,68982,62166,6816,9.880838479603375,6913,279,13,1484240430,261766539,1746006969,1148257,269943206,428.74198047419804
2026-06-26 20:05:13.614424,3075,0,3.0,0,889748,68982,62166,6816,9.880838479603375,6913,279,13,1484240430,261766539,1746006969,1148257,269943206,0.0
2026-06-26 20:05:13.619437,3076,0,3.0,0,889758,68998,62181,6817,9.879996521638308,6922,279,13,1485017640,261781138,1746798778,1148257,270459627,1240.3111909036504
2026-06-26 20:05:13.624414,3077,0,3.0,0,889768,68998,62181,6817,9.879996521638308,6922,279,13,1485017640,261781138,1746798778,1148257,270459627,0.0
2026-06-26 20:05:13.629432,3078,0,3.0,0,889778,69014,62197,6817,9.877705972701191,6923,279,13,1485507125,261781138,1747288263,1148257,270474226,780.3666799521721
2026-06-26 20:05:13.634419,3079,0,3.0,0,889788,69014,62197,6817,9.877705972701191,6923,279,13,1485507125,261781138,1747288263,1148257,270474226,0.0
2026-06-26 20:05:13.639435,3080,0,3.0,0,889798,69030,62212,6818,9.87686513110242,6923,279,13,1485910720,261822124,1747732844,1148257,270474226,643.6921850079744
2026-06-26 20:05:13.644415,3081,0,3.0,0,889808,69030,62212,6818,9.87686513110242,6923,279,13,1485910720,261822124,1747732844,1148257,270474226,0.0
2026-06-26 20:05:13.649435,3082,0,3.0,0,889818,69046,62227,6819,9.876024679199375,6924,279,13,1486473502,261876409,1748349911,1148257,270515212,896.8637450199203
2026-06-26 20:05:13.654414,3083,0,3.0,0,889828,69046,62227,6819,9.876024679199375,6924,279,13,1486473502,261876409,1748349911,1148257,270515212,0.0
2026-06-26 20:05:13.659435,3084,0,3.0,0,889838,69062,62243,6819,9.873736642437231,6925,279,13,1487052749,261876409,1748929158,1148259,270569497,922.9189404501095
2026-06-26 20:05:13.664414,3085,0,3.0,0,889848,69062,62243,6819,9.873736642437231,6925,279,13,1487052749,261876409,1748929158,1148259,270569497,0.0
2026-06-26 20:05:13.669433,3086,0,3.0,0,889858,69077,62257,6820,9.87304023046745,6925,279,13,1487690286,261937884,1749628170,1148259,270569497,1016.1976489340506
2026-06-26 20:05:13.674413,3087,0,3.0,0,889868,69077,62257,6820,9.87304023046745,6925,279,13,1487690286,261937884,1749628170,1148259,270569497,0.0
2026-06-26 20:05:13.679438,3088,0,3.0,0,889878,69092,62268,6824,9.876686157586985,6929,279,13,1488191895,262137180,1750329075,1148259,270798000,798.5814925373135
2026-06-26 20:05:13.684412,3089,0,3.0,0,889888,69092,62268,6824,9.876686157586985,6929,279,13,1488191895,262137180,1750329075,1148259,270798000,0.0
2026-06-26 20:05:13.689437,3090,0,3.0,0,889898,69107,62281,6826,9.877436439145095,6930,279,13,1488778223,262234512,1751012735,1148259,270830268,933.4575124378109
2026-06-26 20:05:13.694415,3091,0,3.0,0,889908,69107,62281,6826,9.877436439145095,6930,279,13,1488778223,262234512,1751012735,1148259,270830268,0.0
2026-06-26 20:05:13.699431,3092,0,3.0,0,889918,69120,62294,6826,9.875578703703704,6932,279,13,1489300617,262234512,1751535129,1148259,270927600,833.164274322169
2026-06-26 20:05:13.704414,3093,0,3.0,0,889928,69120,62294,6826,9.875578703703704,6932,279,13,1489300617,262234512,1751535129,1148259,270927600,0.0
2026-06-26 20:05:13.709427,3094,0,3.0,0,889938,69132,62305,6827,9.875310999247816,6932,279,13,1489731027,262288797,1752019824,1148259,270927600,686.8701376421304
2026-06-26 20:05:13.714413,3095,0,3.0,0,889948,69132,62305,6827,9.875310999247816,6932,279,13,1489731027,262288797,1752019824,1148259,270927600,0.0
2026-06-26 20:05:13.719436,3096,0,3.0,0,889958,69146,62318,6828,9.874757758944842,6933,279,13,1490032179,262329783,1752361962,1148259,270981885,479.6368703961776
2026-06-26 20:05:13.724409,3097,0,3.0,0,889968,69146,62318,6828,9.874757758944842,6933,279,13,1490032179,262329783,1752361962,1148259,270981885,0.0
2026-06-26 20:05:13.729436,3098,0,3.0,0,889978,69156,62327,6829,9.874775869049685,6934,279,13,1490341614,262395363,1752736977,1148259,271022871,492.43684105828527
2026-06-26 20:05:13.734413,3099,0,3.0,0,889988,69156,62327,6829,9.874775869049685,6934,279,13,1490341614,262395363,1752736977,1148259,271022871,0.0
2026-06-26 20:05:13.739437,3100,0,3.0,0,889998,69167,62338,6829,9.873205430335275,6935,279,13,1490546197,262395363,1752941560,1148259,271088451,325.7691082802548
2026-06-26 20:05:13.744413,3101,0,3.0,0,890008,69167,62338,6829,9.873205430335275,6935,279,13,1490546197,262395363,1752941560,1148259,271088451,0.0
2026-06-26 20:05:13.749439,3102,0,3.0,0,890018,69183,62352,6831,9.873812930922336,6936,279,13,1491107588,262495769,1753603357,1148259,271140698,893.5789892558695
2026-06-26 20:05:13.754415,3103,0,3.0,0,890028,69183,62352,6831,9.873812930922336,6936,279,13,1491107588,262495769,1753603357,1148259,271140698,0.0
2026-06-26 20:05:13.759433,3104,0,3.0,0,890038,69199,62366,6833,9.874420150580212,6938,279,13,1491639487,262606423,1754245910,1148259,271246219,847.9856516540455
2026-06-26 20:05:13.764406,3105,0,3.0,0,890048,69199,62366,6833,9.874420150580212,6938,279,13,1491639487,262606423,1754245910,1148259,271246219,0.0
2026-06-26 20:05:13.769423,3106,0,3.0,0,890058,69207,62374,6833,9.873278714580895,6939,279,13,1491934327,262606423,1754540750,1148259,271299511,470.1455052820411
2026-06-26 20:05:13.774407,3107,0,3.0,0,890068,69207,62374,6833,9.873278714580895,6939,279,13,1491934327,262606423,1754540750,1148259,271299511,0.0
2026-06-26 20:05:13.779425,3108,0,3.0,0,890078,69209,62376,6833,9.872993396812554,6939,279,13,1491937497,262606423,1754543920,1148259,271299511,5.053806297329613
2026-06-26 20:05:13.784405,3109,0,3.0,0,890088,69209,62376,6833,9.872993396812554,6939,279,13,1491937497,262606423,1754543920,1148259,271299511,0.0
2026-06-26 20:05:13.789436,3110,0,3.0,0,890098,69209,62376,6833,9.872993396812554,6939,279,13,1491937497,262606423,1754543920,1148259,271299511,0.0
2026-06-26 20:05:13.794415,3111,0,3.0,0,890108,69209,62376,6833,9.872993396812554,6939,279,13,1491937497,262606423,1754543920,1148259,271299511,0.0
2026-06-26 20:05:13.799428,3112,0,3.0,0,890118,69216,62383,6833,9.871994914470642,6939,279,13,1491993687,262606423,1754600110,1148259,271299511,89.67085577498504
2026-06-26 20:05:13.804412,3113,0,3.0,0,890128,69216,62383,6833,9.871994914470642,6939,279,13,1491993687,262606423,1754600110,1148259,271299511,0.0
2026-06-26 20:05:13.809425,3114,0,3.0,0,890138,69218,62384,6834,9.873154381808199,6940,279,13,1491995672,262608408,1754604080,1148259,271301496,3.1677638140833833
2026-06-26 20:05:13.814409,3115,0,3.0,0,890148,69218,62384,6834,9.873154381808199,6940,279,13,1491995672,262608408,1754604080,1148259,271301496,0.0
2026-06-26 20:05:13.819435,3116,0,3.0,0,890158,69221,62387,6834,9.87272648473729,6940,279,13,1492061769,262608408,1754670177,1148259,271301496,105.20811778750497
2026-06-26 20:05:13.824413,3117,0,3.0,0,890168,69221,62387,6834,9.87272648473729,6940,279,13,1492061769,262608408,1754670177,1148259,271301496,0.0
2026-06-26 20:05:13.829424,3118,0,3.0,0,890178,69237,62402,6835,9.871889307740082,6940,279,13,1492473559,262662693,1755136252,1148259,271301496,657.4176811015765
2026-06-26 20:05:13.834412,3119,0,3.0,0,890188,69237,62402,6835,9.871889307740082,6940,279,13,1492473559,262662693,1755136252,1148259,271301496,0.0
2026-06-26 20:05:13.839432,3120,0,3.0,0,890198,69252,62416,6836,9.871195055738463,6942,279,13,1492913571,262671402,1755584973,1148259,271364490,701.2143426294821
2026-06-26 20:05:13.844409,3121,0,3.0,0,890208,69252,62416,6836,9.871195055738463,6942,279,13,1492913571,262671402,1755584973,1148259,271364490,0.0
2026-06-26 20:05:13.849425,3122,0,3.0,0,890218,69262,62426,6836,9.869769859374548,6942,279,13,1493066619,262671402,1755738021,1148259,271364490,244.0956937799043
2026-06-26 20:05:13.854414,3123,0,3.0,0,890228,69262,62426,6836,9.869769859374548,6942,279,13,1493066619,262671402,1755738021,1148259,271364490,0.0
2026-06-26 20:05:13.859426,3124,0,3.0,0,890238,69277,62438,6839,9.871963277855565,6942,279,13,1493320822,262810765,1756131587,1148259,271364490,405.7509976057462
2026-06-26 20:05:13.864410,3125,0,3.0,0,890248,69277,62438,6839,9.871963277855565,6942,279,13,1493320822,262810765,1756131587,1148259,271364490,0.0
2026-06-26 20:05:13.869429,3126,0,3.0,0,890258,69293,62449,6844,9.876899542522333,6947,279,13,1493680703,263000358,1756681061,1148259,271560222,573.6298067344093
2026-06-26 20:05:13.874411,3127,0,3.0,0,890268,69293,62449,6844,9.876899542522333,6947,279,13,1493680703,263000358,1756681061,1148259,271560222,0.0
2026-06-26 20:05:13.879426,3128,0,3.0,0,890278,69308,62463,6845,9.876204767126449,6950,279,13,1494131440,263013927,1757145367,1148259,271693446,719.0221335992024
2026-06-26 20:05:13.884411,3129,0,3.0,0,890288,69308,62463,6845,9.876204767126449,6950,279,13,1494131440,263013927,1757145367,1148259,271693446,0.0
2026-06-26 20:05:13.889429,3130,0,3.0,0,890298,69322,62475,6847,9.877095294423127,6956,283,13,1494401722,263084383,1757486105,1148259,271864799,430.89996014348344
2026-06-26 20:05:13.894412,3131,0,3.0,0,890308,69322,62475,6847,9.877095294423127,6956,283,13,1494401722,263084383,1757486105,1148259,271864799,0.0
2026-06-26 20:05:13.899424,3132,0,3.0,0,890318,69338,62487,6851,9.880584960627651,6958,283,13,1494832584,263265755,1758098339,1148259,271976494,687.7286512370312
2026-06-26 20:05:13.904409,3133,0,3.0,0,890328,69338,62487,6851,9.880584960627651,6958,283,13,1494832584,263265755,1758098339,1148259,271976494,0.0
2026-06-26 20:05:13.909436,3134,0,3.0,0,890338,69352,62501,6851,9.878590379513208,6961,283,13,1495334048,263265755,1758599803,1148259,272105619,798.0330216829122
2026-06-26 20:05:13.914414,3135,0,3.0,0,890348,69352,62501,6851,9.878590379513208,6961,283,13,1495334048,263265755,1758599803,1148259,272105619,0.0
2026-06-26 20:05:13.919426,3136,0,3.0,0,890358,69368,62514,6854,9.880636604774535,6961,283,13,1495827036,263396874,1759223910,1148259,272105619,786.8922585794094
2026-06-26 20:05:13.924410,3137,0,3.0,0,890368,69368,62514,6854,9.880636604774535,6961,283,13,1495827036,263396874,1759223910,1148259,272105619,0.0
2026-06-26 20:05:13.929433,3138,0,3.0,0,890378,69384,62529,6855,9.879799377378069,6964,283,13,1496237856,263436847,1759674703,1148259,272236738,654.3022098347601
2026-06-26 20:05:13.934412,3139,0,3.0,0,890388,69384,62529,6855,9.879799377378069,6964,283,13,1496237856,263436847,1759674703,1148259,272236738,0.0
2026-06-26 20:05:13.939426,3140,0,3.0,0,890398,69400,62545,6855,9.877521613832853,6965,283,13,1496829480,263436847,1760266327,1148259,272276711,943.9553250897487
2026-06-26 20:05:13.944412,3141,0,3.0,0,890408,69400,62545,6855,9.877521613832853,6965,283,13,1496829480,263436847,1760266327,1148259,272276711,0.0
2026-06-26 20:05:13.949424,3142,0,3.0,0,890418,69414,62559,6855,9.875529432103033,6965,283,13,1497181396,263436847,1760618243,1148259,272276711,561.7174780526735
2026-06-26 20:05:13.954420,3143,0,3.0,0,890428,69414,62559,6855,9.875529432103033,6965,283,13,1497181396,263436847,1760618243,1148259,272276711,0.0
2026-06-26 20:05:13.959427,3144,0,3.0,0,890438,69425,62569,6856,9.87540511343176,6965,283,13,1497394884,263460925,1760855809,1148259,272276711,341.10325544238066
2026-06-26 20:05:13.964412,3145,0,3.0,0,890448,69425,62569,6856,9.87540511343176,6965,283,13,1497394884,263460925,1760855809,1148259,272276711,0.0
2026-06-26 20:05:13.969425,3146,0,3.0,0,890458,69441,62584,6857,9.874569778661021,6966,283,13,1498012465,263525464,1761537929,1148259,272300789,985.5671254737682
2026-06-26 20:05:13.974416,3147,0,3.0,0,890468,69441,62584,6857,9.874569778661021,6966,283,13,1498012465,263525464,1761537929,1148259,272300789,0.0
2026-06-26 20:05:13.979428,3148,0,3.0,0,890478,69457,62600,6857,9.872295089047899,6967,283,13,1498655962,263525464,1762181426,1148259,272365328,1027.1300877893057
2026-06-26 20:05:13.984412,3149,0,3.0,0,890488,69457,62600,6857,9.872295089047899,6967,283,13,1498655962,263525464,1762181426,1148259,272365328,0.0
2026-06-26 20:05:13.989435,3150,0,3.0,0,890498,69473,62616,6857,9.87002144718092,6967,283,13,1499098370,263525464,1762623834,1148259,272365328,704.6115867011746
2026-06-26 20:05:13.994414,3151,0,3.0,0,890508,69473,62616,6857,9.87002144718092,6967,283,13,1499098370,263525464,1762623834,1148259,272365328,0.0
2026-06-26 20:05:13.999424,3152,0,3.0,0,890518,69489,62627,6862,9.874944235778324,6967,283,13,1499419118,263736551,1763155669,1148259,272365328,512.1724550898203
2026-06-26 20:05:14.004411,3153,0,3.0,0,890528,69489,62627,6862,9.874944235778324,6967,283,13,1499419118,263736551,1763155669,1148259,272365328,0.0
2026-06-26 20:05:14.009427,3154,0,3.0,0,890538,69505,62639,6866,9.878426012517085,6972,283,13,1499816205,263971195,1763787400,1148259,272576415,633.3125996810207
2026-06-26 20:05:14.014412,3155,0,3.0,0,890548,69505,62639,6866,9.878426012517085,6972,283,13,1499816205,263971195,1763787400,1148259,272576415,0.0
2026-06-26 20:05:14.019425,3156,0,3.0,0,890558,69521,62655,6866,9.876152529451533,6976,283,13,1500412848,263971195,1764384043,1148259,272811059,952.1532016756433
2026-06-26 20:05:14.024412,3157,0,3.0,0,890568,69521,62655,6866,9.876152529451533,6976,283,13,1500412848,263971195,1764384043,1148259,272811059,0.0
2026-06-26 20:05:14.029433,3158,0,3.0,0,890578,69537,62670,6867,9.875318175935114,6976,283,13,1500831036,264003992,1764835028,1148259,272811059,666.3023302131049
2026-06-26 20:05:14.034412,3159,0,3.0,0,890588,69537,62670,6867,9.875318175935114,6976,283,13,1500831036,264003992,1764835028,1148259,272811059,0.0
2026-06-26 20:05:14.039428,3160,0,3.0,0,890598,69553,62686,6867,9.873046453783447,6977,283,13,1501242816,264003992,1765246808,1148259,272843856,656.7464114832536
2026-06-26 20:05:14.044412,3161,0,3.0,0,890608,69553,62686,6867,9.873046453783447,6977,283,13,1501242816,264003992,1765246808,1148259,272843856,0.0
2026-06-26 20:05:14.049438,3162,0,3.0,0,890618,69569,62700,6869,9.873650620247524,6977,283,13,1501736719,264093148,1765829867,1148259,272843856,786.1567847194589
2026-06-26 20:05:14.054416,3163,0,3.0,0,890628,69569,62700,6869,9.873650620247524,6977,283,13,1501736719,264093148,1765829867,1148259,272843856,0.0
2026-06-26 20:05:14.059428,3164,0,3.0,0,890638,69585,62710,6875,9.880002874182654,6980,283,13,1502187027,264392344,1766579371,1148259,273008825,718.7677573822825
2026-06-26 20:05:14.064413,3165,0,3.0,0,890648,69585,62710,6875,9.880002874182654,6980,283,13,1502187027,264392344,1766579371,1148259,273008825,0.0
2026-06-26 20:05:14.069438,3166,0,3.0,0,890658,69601,62723,6878,9.88204192468499,6985,283,13,1502798257,264542977,1767341234,1148259,273232208,973.102487562189
2026-06-26 20:05:14.074414,3167,0,3.0,0,890668,69601,62723,6878,9.88204192468499,6985,283,13,1502798257,264542977,1767341234,1148259,273232208,0.0
2026-06-26 20:05:14.079429,3168,0,3.0,0,890678,69617,62739,6878,9.879770745651207,6988,283,13,1503532845,264542977,1768075822,1148259,273382841,1171.8253240279162
2026-06-26 20:05:14.084412,3169,0,3.0,0,890688,69617,62739,6878,9.879770745651207,6988,283,13,1503532845,264542977,1768075822,1148259,273382841,0.0
2026-06-26 20:05:14.089434,3170,0,3.0,0,890698,69633,62753,6880,9.88037281174156,6988,283,13,1504105953,264665927,1768771880,1148259,273382841,912.9557945041817
2026-06-26 20:05:14.094414,3171,0,3.0,0,890708,69633,62753,6880,9.88037281174156,6988,283,13,1504105953,264665927,1768771880,1148259,273382841,0.0
2026-06-26 20:05:14.099440,3172,0,3.0,0,890718,69649,62769,6880,9.878103059627561,6990,283,13,1504843110,264665927,1769509037,1148259,273505791,1173.3497811380819
2026-06-26 20:05:14.104411,3173,0,3.0,0,890728,69649,62769,6880,9.878103059627561,6990,283,13,1504843110,264665927,1769509037,1148259,273505791,0.0
2026-06-26 20:05:14.109437,3174,0,3.0,0,890738,69665,62782,6883,9.880140673221847,6992,283,13,1505406129,264805259,1770211388,1148259,273598011,896.1703143653004
2026-06-26 20:05:14.114420,3175,0,3.0,0,890748,69665,62782,6883,9.880140673221847,6992,283,13,1505406129,264805259,1770211388,1148259,273598011,0.0
2026-06-26 20:05:14.119436,3176,0,3.0,0,890758,69679,62795,6884,9.879590694470357,6993,283,13,1505853735,264861632,1770715367,1148259,273645123,713.8851674641148
2026-06-26 20:05:14.124409,3177,0,3.0,0,890768,69679,62795,6884,9.879590694470357,6993,283,13,1505853735,264861632,1770715367,1148259,273645123,0.0
2026-06-26 20:05:14.129444,3178,0,3.0,0,890778,69693,62809,6884,9.87760607234586,6994,283,13,1506185495,264861632,1771047127,1148259,273701496,527.1261171797418
2026-06-26 20:05:14.134416,3179,0,3.0,0,890788,69693,62809,6884,9.87760607234586,6994,283,13,1506185495,264861632,1771047127,1148259,273701496,0.0
2026-06-26 20:05:14.139430,3180,0,3.0,0,890798,69709,62825,6884,9.875338908892681,6994,283,13,1506793846,264861632,1771655478,1148259,273701496,970.6437973673713
2026-06-26 20:05:14.144414,3181,0,3.0,0,890808,69709,62825,6884,9.875338908892681,6994,283,13,1506793846,264861632,1771655478,1148259,273701496,0.0
2026-06-26 20:05:14.149436,3182,0,3.0,0,890818,69725,62840,6885,9.874506991753316,6994,283,13,1507458554,264931309,1772389863,1148259,273701496,1058.873755475906
2026-06-26 20:05:14.154413,3183,0,3.0,0,890828,69725,62840,6885,9.874506991753316,6994,283,13,1507458554,264931309,1772389863,1148259,273701496,0.0
2026-06-26 20:05:14.159437,3184,0,3.0,0,890838,69741,62853,6888,9.876543209876543,6995,283,13,1507995878,265121888,1773117766,1148259,273771173,855.6114649681529
2026-06-26 20:05:14.164415,3185,0,3.0,0,890848,69741,62853,6888,9.876543209876543,6995,283,13,1507995878,265121888,1773117766,1148259,273771173,0.0
2026-06-26 20:05:14.169431,3186,0,3.0,0,890858,69757,62867,6890,9.877144946026922,6998,283,13,1508734364,265211539,1773945903,1148259,273961752,1177.8086124401914
2026-06-26 20:05:14.174415,3187,0,3.0,0,890868,69757,62867,6890,9.877144946026922,6998,283,13,1508734364,265211539,1773945903,1148259,273961752,0.0
2026-06-26 20:05:14.179431,3188,0,3.0,0,890878,69773,62879,6894,9.880612844510054,7000,283,13,1509376327,265354998,1774731325,1148259,274051403,1023.8644338118022
2026-06-26 20:05:14.184411,3189,0,3.0,0,890888,69773,62879,6894,9.880612844510054,7000,283,13,1509376327,265354998,1774731325,1148259,274051403,0.0
2026-06-26 20:05:14.189435,3190,0,3.0,0,890898,69789,62895,6894,9.878347590594506,7004,283,13,1510036638,265354998,1775391636,1148260,274194862,1051.4506369426751
2026-06-26 20:05:14.194413,3191,0,3.0,0,890908,69789,62895,6894,9.878347590594506,7004,283,13,1510036638,265354998,1775391636,1148260,274194862,0.0
2026-06-26 20:05:14.199432,3192,0,3.0,0,890918,69805,62910,6895,9.877515937253778,7004,283,13,1510581518,265370115,1775951633,1148260,274194862,868.5076708507671
2026-06-26 20:05:14.204410,3193,0,3.0,0,890928,69805,62910,6895,9.877515937253778,7004,283,13,1510581518,265370115,1775951633,1148260,274194862,0.0
2026-06-26 20:05:14.209435,3194,0,3.0,0,890938,69820,62924,6896,9.87682612431968,7006,283,13,1511008898,265419274,1776428172,1148260,274259138,680.4059701492537
2026-06-26 20:05:14.214415,3195,0,3.0,0,890948,69820,62924,6896,9.87682612431968,7006,283,13,1511008898,265419274,1776428172,1148260,274259138,0.0
2026-06-26 20:05:14.219436,3196,0,3.0,0,890958,69835,62933,6902,9.8832963413761,7006,283,13,1511276074,265721603,1776997677,1148260,274259138,425.6936865166302
2026-06-26 20:05:14.224412,3197,0,3.0,0,890968,69835,62933,6902,9.8832963413761,7006,283,13,1511276074,265721603,1776997677,1148260,274259138,0.0
2026-06-26 20:05:14.229438,3198,0,3.0,0,890978,69851,62948,6903,9.882464102160313,7012,283,13,1511912579,265738000,1777650579,1148260,274561467,1013.1396736967768
2026-06-26 20:05:14.234413,3199,0,3.0,0,890988,69851,62948,6903,9.882464102160313,7012,283,13,1511912579,265738000,1777650579,1148260,274561467,0.0
2026-06-26 20:05:14.239448,3200,0,3.0,0,890998,69866,62962,6904,9.881773681046575,7013,283,13,1512156304,265752599,1777908903,1148260,274577864,387.2492552135055
2026-06-26 20:05:14.244411,3201,0,3.0,0,891008,69866,62962,6904,9.881773681046575,7013,283,13,1512156304,265752599,1777908903,1148260,274577864,0.0
2026-06-26 20:05:14.249435,3202,0,3.0,0,891018,69881,62977,6904,9.879652552195877,7014,283,13,1512494986,265752599,1778247585,1148260,274592463,539.3025477707006
2026-06-26 20:05:14.254412,3203,0,3.0,0,891028,69881,62977,6904,9.879652552195877,7014,283,13,1512494986,265752599,1778247585,1148260,274592463,0.0
2026-06-26 20:05:14.259430,3204,0,3.0,0,891038,69897,62993,6904,9.877391018212514,7014,283,13,1512724846,265752599,1778477445,1148260,274592463,366.4567556795536
2026-06-26 20:05:14.264410,3205,0,3.0,0,891048,69897,62993,6904,9.877391018212514,7014,283,13,1512724846,265752599,1778477445,1148260,274592463,0.0
2026-06-26 20:05:14.269428,3206,0,3.0,0,891058,69913,63007,6906,9.87799121765623,7014,283,13,1512938317,265830475,1778768792,1148260,274592463,340.32841769629334
2026-06-26 20:05:14.274412,3207,0,3.0,0,891068,69913,63007,6906,9.87799121765623,7014,283,13,1512938317,265830475,1778768792,1148260,274592463,0.0
2026-06-26 20:05:14.279425,3208,0,3.0,0,891078,69928,63020,6908,9.87873241047935,7016,283,13,1513033319,265937006,1778970325,1148260,274670339,151.60901655695193
2026-06-26 20:05:14.284410,3209,0,3.0,0,891088,69928,63020,6908,9.87873241047935,7016,283,13,1513033319,265937006,1778970325,1148260,274670339,0.0
2026-06-26 20:05:14.289433,3210,0,3.0,0,891098,69943,63034,6909,9.878043549747652,7018,283,13,1513489428,266001545,1779490973,1148260,274776870,726.4328090782401
2026-06-26 20:05:14.294415,3211,0,3.0,0,891108,69943,63034,6909,9.878043549747652,7018,283,13,1513489428,266001545,1779490973,1148260,274776870,0.0
2026-06-26 20:05:14.299421,3212,0,3.0,0,891118,69958,63046,6912,9.88021384259127,7021,283,13,1513791541,266194168,1779985709,1148260,274974584,482.80143827407113
2026-06-26 20:05:14.304411,3213,0,3.0,0,891128,69958,63046,6912,9.88021384259127,7021,283,13,1513791541,266194168,1779985709,1148260,274974584,0.0
2026-06-26 20:05:14.309429,3214,0,3.0,0,891138,69972,63058,6914,9.88109529526096,7023,283,13,1514090402,266212807,1780303209,1148260,275037809,476.46233559186925
2026-06-26 20:05:14.314413,3215,0,3.0,0,891148,69972,63058,6914,9.88109529526096,7023,283,13,1514090402,266212807,1780303209,1148260,275037809,0.0
2026-06-26 20:05:14.319429,3216,0,3.0,0,891158,69985,63070,6915,9.880688719011218,7029,287,13,1514321970,266268136,1780590106,1148260,275226551,369.32695374800636
2026-06-26 20:05:14.324412,3217,0,3.0,0,891168,69985,63070,6915,9.880688719011218,7029,287,13,1514321970,266268136,1780590106,1148260,275226551,0.0
2026-06-26 20:05:14.329434,3218,0,3.0,0,891178,70000,63082,6918,9.882857142857143,7029,287,13,1514490657,266442351,1780933008,1148260,275226551,268.7168458781362
2026-06-26 20:05:14.334421,3219,0,3.0,0,891188,70000,63082,6918,9.882857142857143,7029,287,13,1514490657,266442351,1780933008,1148260,275226551,0.0
2026-06-26 20:05:14.339432,3220,0,3.0,0,891198,70016,63098,6918,9.880598720292506,7032,287,13,1514853612,266442351,1781295963,1148260,275400766,579.4532029535023
2026-06-26 20:05:14.344412,3221,0,3.0,0,891208,70016,63098,6918,9.880598720292506,7032,287,13,1514853612,266442351,1781295963,1148260,275400766,0.0
2026-06-26 20:05:14.349433,3222,0,3.0,0,891218,70032,63111,6921,9.88262508567512,7033,287,13,1515192459,266607363,1781799822,1148260,275463283,539.8876717785301
2026-06-26 20:05:14.354416,3223,0,3.0,0,891228,70032,63111,6921,9.88262508567512,7033,287,13,1515192459,266607363,1781799822,1148260,275463283,0.0
2026-06-26 20:05:14.359434,3224,0,3.0,0,891238,70048,63126,6922,9.881795340338053,7035,287,13,1515725617,266650410,1782376027,1148260,275565778,849.9928258270227
2026-06-26 20:05:14.364412,3225,0,3.0,0,891248,70048,63126,6922,9.881795340338053,7035,287,13,1515725617,266650410,1782376027,1148260,275565778,0.0
2026-06-26 20:05:14.369431,3226,0,3.0,0,891258,70064,63142,6922,9.879538707467459,7036,287,13,1516210409,266650410,1782860819,1148260,275608825,772.7308228730823
2026-06-26 20:05:14.374414,3227,0,3.0,0,891268,70064,63142,6922,9.879538707467459,7036,287,13,1516210409,266650410,1782860819,1148260,275608825,0.0
2026-06-26 20:05:14.379425,3228,0,3.0,0,891278,70080,63151,6929,9.887271689497718,7036,287,13,1516369756,266949461,1783319217,1148260,275608825,254.3955298343644
2026-06-26 20:05:14.384418,3229,0,3.0,0,891288,70080,63151,6929,9.887271689497718,7036,287,13,1516369756,266949461,1783319217,1148260,275608825,0.0
2026-06-26 20:05:14.389431,3230,0,3.0,0,891298,70096,63165,6931,9.88786806665145,7044,287,13,1516902466,267065247,1783967713,1148263,275977553,850.1256732495511
2026-06-26 20:05:14.394429,3231,0,3.0,0,891308,70096,63165,6931,9.88786806665145,7044,287,13,1516902466,267065247,1783967713,1148263,275977553,0.0
2026-06-26 20:05:14.399432,3232,0,3.0,0,891318,70112,63181,6931,9.885611592879963,7045,287,13,1517301538,267065247,1784366785,1148263,276023662,638.1323206076354
2026-06-26 20:05:14.404406,3233,0,3.0,0,891328,70112,63181,6931,9.885611592879963,7045,287,13,1517301538,267065247,1784366785,1148263,276023662,0.0
2026-06-26 20:05:14.409436,3234,0,3.0,0,891338,70127,63196,6931,9.883497083862135,7045,287,13,1517680594,267065247,1784745841,1148263,276023662,602.872365805169
2026-06-26 20:05:14.414424,3235,0,3.0,0,891348,70127,63196,6931,9.883497083862135,7045,287,13,1517680594,267065247,1784745841,1148263,276023662,0.0
2026-06-26 20:05:14.419436,3236,0,3.0,0,891358,70143,63212,6931,9.881242604393881,7045,287,13,1518096013,267065247,1785161260,1148263,276023662,663.0790103750998
2026-06-26 20:05:14.424410,3237,0,3.0,0,891368,70143,63212,6931,9.881242604393881,7045,287,13,1518096013,267065247,1785161260,1148263,276023662,0.0
2026-06-26 20:05:14.429434,3238,0,3.0,0,891378,70157,63225,6932,9.880696152914178,7045,287,13,1518400554,267116449,1785517003,1148263,276023662,484.937898089172
2026-06-26 20:05:14.434419,3239,0,3.0,0,891388,70157,63225,6932,9.880696152914178,7045,287,13,1518400554,267116449,1785517003,1148263,276023662,0.0
2026-06-26 20:05:14.439434,3240,0,3.0,0,891398,70171,63235,6936,9.88442518989326,7047,287,13,1518633401,267283947,1785917348,1148263,276115850,371.4408773678963
2026-06-26 20:05:14.444408,3241,0,3.0,0,891408,70171,63235,6936,9.88442518989326,7047,287,13,1518633401,267283947,1785917348,1148263,276115850,0.0
2026-06-26 20:05:14.449433,3242,0,3.0,0,891418,70186,63245,6941,9.889436639785712,7051,287,13,1518884770,267585154,1786469924,1148263,276320207,400.1894527363184
2026-06-26 20:05:14.454411,3243,0,3.0,0,891428,70186,63245,6941,9.889436639785712,7051,287,13,1518884770,267585154,1786469924,1148263,276320207,0.0
2026-06-26 20:05:14.459430,3244,0,3.0,0,891438,70203,63256,6947,9.895588507613635,7055,287,13,1519291040,267790866,1787081906,1148263,276543569,647.5712293285515
2026-06-26 20:05:14.464410,3245,0,3.0,0,891448,70203,63256,6947,9.895588507613635,7055,287,13,1519291040,267790866,1787081906,1148263,276543569,0.0
2026-06-26 20:05:14.469442,3246,0,3.0,0,891458,70219,63272,6947,9.893333713097595,7061,287,13,1519631940,267790866,1787422806,1148263,276749281,541.9713831478538
2026-06-26 20:05:14.474426,3247,0,3.0,0,891468,70219,63272,6947,9.893333713097595,7061,287,13,1519631940,267790866,1787422806,1148263,276749281,0.0
2026-06-26 20:05:14.479438,3248,0,3.0,0,891478,70234,63283,6951,9.896916023578324,7061,287,13,1519915641,267955816,1787871457,1148263,276749281,452.8347964884278
2026-06-26 20:05:14.484409,3249,0,3.0,0,891488,70234,63283,6951,9.896916023578324,7061,287,13,1519915641,267955816,1787871457,1148263,276749281,0.0
2026-06-26 20:05:14.489423,3250,0,3.0,0,891498,70249,63296,6953,9.89764978860909,7065,287,13,1520240833,268041910,1788282743,1148263,276914231,518.854407658556
2026-06-26 20:05:14.494408,3251,0,3.0,0,891508,70249,63296,6953,9.89764978860909,7065,287,13,1520240833,268041910,1788282743,1148263,276914231,0.0
2026-06-26 20:05:14.499429,3252,0,3.0,0,891518,70263,63310,6953,9.895677668189515,7067,287,13,1520583376,268041910,1788625286,1148263,277000325,545.7765385381398
2026-06-26 20:05:14.504407,3253,0,3.0,0,891528,70263,63310,6953,9.895677668189515,7067,287,13,1520583376,268041910,1788625286,1148263,277000325,0.0
2026-06-26 20:05:14.509424,3254,0,3.0,0,891538,70278,63320,6958,9.900680155952076,7068,287,13,1520808951,268272446,1789081397,1148263,277043372,359.69703009766795
2026-06-26 20:05:14.514410,3255,0,3.0,0,891548,70278,63320,6958,9.900680155952076,7068,287,13,1520808951,268272446,1789081397,1148263,277043372,0.0
2026-06-26 20:05:14.519423,3256,0,3.0,0,891558,70294,63335,6959,9.899849204768543,7073,287,13,1521291021,268317507,1789608528,1148263,277275922,769.3117893476959
2026-06-26 20:05:14.524407,3257,0,3.0,0,891568,70294,63335,6959,9.899849204768543,7073,287,13,1521291021,268317507,1789608528,1148263,277275922,0.0
2026-06-26 20:05:14.529424,3258,0,3.0,0,891578,70302,63343,6959,9.898722653694064,7073,287,13,1521488477,268317507,1789805984,1148263,277275922,314.85907913095474
2026-06-26 20:05:14.534409,3259,0,3.0,0,891588,70302,63343,6959,9.898722653694064,7073,287,13,1521488477,268317507,1789805984,1148263,277275922,0.0
2026-06-26 20:05:14.539423,3260,0,3.0,0,891598,70315,63356,6959,9.89689255493138,7073,287,13,1521775799,268317507,1790093306,1148263,277275922,458.4315915436777
2026-06-26 20:05:14.544408,3261,0,3.0,0,891608,70315,63356,6959,9.89689255493138,7073,287,13,1521775799,268317507,1790093306,1148263,277275922,0.0
2026-06-26 20:05:14.549432,3262,0,3.0,0,891618,70328,63368,6960,9.896485041519735,7073,287,13,1522154017,268370799,1790524816,1148267,277275922,602.2579617834394
2026-06-26 20:05:14.554408,3263,0,3.0,0,891628,70328,63368,6960,9.896485041519735,7073,287,13,1522154017,268370799,1790524816,1148267,277275922,0.0
2026-06-26 20:05:14.559427,3264,0,3.0,0,891638,70342,63382,6960,9.894515367774586,7074,287,13,1522659712,268370799,1791030511,1148268,277329214,806.0490137477585
2026-06-26 20:05:14.564408,3265,0,3.0,0,891648,70342,63382,6960,9.894515367774586,7074,287,13,1522659712,268370799,1791030511,1148268,277329214,0.0
2026-06-26 20:05:14.569428,3266,0,3.0,0,891658,70352,63390,6962,9.895951785308164,7075,287,13,1522938908,268472205,1791411113,1148268,277378373,444.9338645418327
2026-06-26 20:05:14.574412,3267,0,3.0,0,891668,70352,63390,6962,9.895951785308164,7075,287,13,1522938908,268472205,1791411113,1148268,277378373,0.0
2026-06-26 20:05:14.579430,3268,0,3.0,0,891678,70364,63402,6962,9.894264112330168,7076,287,13,1523428952,268472205,1791901157,1148268,277430620,781.2578716620168
2026-06-26 20:05:14.584408,3269,0,3.0,0,891688,70364,63402,6962,9.894264112330168,7076,287,13,1523428952,268472205,1791901157,1148268,277430620,0.0
2026-06-26 20:05:14.589428,3270,0,3.0,0,891698,70380,63414,6966,9.89769820971867,7078,287,13,1523904895,268674051,1792578946,1148268,277538198,758.4749003984064
2026-06-26 20:05:14.594414,3271,0,3.0,0,891708,70380,63414,6966,9.89769820971867,7078,287,13,1523904895,268674051,1792578946,1148268,277538198,0.0
2026-06-26 20:05:14.599430,3272,0,3.0,0,891718,70396,63428,6968,9.898289675549748,7080,287,13,1524334370,268751411,1793085781,1148268,277632466,684.9681020733652
2026-06-26 20:05:14.604413,3273,0,3.0,0,891728,70396,63428,6968,9.898289675549748,7080,287,13,1524334370,268751411,1793085781,1148268,277632466,0.0
2026-06-26 20:05:14.609425,3274,0,3.0,0,891738,70413,63439,6974,9.904421058611335,7085,287,13,1524758796,269038266,1793797062,1148272,277871662,677.4557063048683
2026-06-26 20:05:14.614414,3275,0,3.0,0,891748,70413,63439,6974,9.904421058611335,7085,287,13,1524758796,269038266,1793797062,1148272,277871662,0.0
2026-06-26 20:05:14.619426,3276,0,3.0,0,891758,70428,63453,6975,9.903731470437895,7089,287,13,1525122557,269082321,1794204878,1148272,278040736,580.6241021548284
2026-06-26 20:05:14.624410,3277,0,3.0,0,891768,70428,63453,6975,9.903731470437895,7089,287,13,1525122557,269082321,1794204878,1148272,278040736,0.0
2026-06-26 20:05:14.629424,3278,0,3.0,0,891778,70440,63465,6975,9.902044293015331,7089,287,13,1525416351,269082321,1794498672,1148272,278040736,468.75787794176307
2026-06-26 20:05:14.634408,3279,0,3.0,0,891788,70440,63465,6975,9.902044293015331,7089,287,13,1525416351,269082321,1794498672,1148272,278040736,0.0
2026-06-26 20:05:14.639426,3280,0,3.0,0,891798,70449,63474,6975,9.900779287143893,7089,287,13,1525705664,269082321,1794787985,1148272,278040736,461.24033479473894
2026-06-26 20:05:14.644406,3281,0,3.0,0,891808,70449,63474,6975,9.900779287143893,7089,287,13,1525705664,269082321,1794787985,1148272,278040736,0.0
2026-06-26 20:05:14.649426,3282,0,3.0,0,891818,70461,63486,6975,9.899093115340401,7089,287,13,1526053849,269082321,1795136170,1148272,278040736,554.8764940239043
2026-06-26 20:05:14.654410,3283,0,3.0,0,891828,70461,63486,6975,9.899093115340401,7089,287,13,1526053849,269082321,1795136170,1148272,278040736,0.0
2026-06-26 20:05:14.659430,3284,0,3.0,0,891838,70476,63498,6978,9.901242976332368,7091,287,13,1526391774,269201201,1795592975,1148273,278118630,538.5258964143426
2026-06-26 20:05:14.664410,3285,0,3.0,0,891848,70476,63498,6978,9.901242976332368,7091,287,13,1526391774,269201201,1795592975,1148273,278118630,0.0
2026-06-26 20:05:14.669429,3286,0,3.0,0,891858,70488,63507,6981,9.90381341504937,7092,287,13,1526633380,269312900,1795946280,1148273,278159616,385.1061964534768
2026-06-26 20:05:14.674410,3287,0,3.0,0,891868,70488,63507,6981,9.90381341504937,7092,287,13,1526633380,269312900,1795946280,1148273,278159616,0.0
2026-06-26 20:05:14.679429,3288,0,3.0,0,891878,70502,63521,6981,9.901846756120394,7095,287,13,1527033274,269312900,1796346174,1148273,278271315,637.4082486551106
2026-06-26 20:05:14.684409,3289,0,3.0,0,891888,70502,63521,6981,9.901846756120394,7095,287,13,1527033274,269312900,1796346174,1148273,278271315,0.0
2026-06-26 20:05:14.689427,3290,0,3.0,0,891898,70514,63533,6981,9.900161670022973,7095,287,13,1527307832,269312900,1796620732,1148273,278271315,437.7170187325628
2026-06-26 20:05:14.694411,3291,0,3.0,0,891908,70514,63533,6981,9.900161670022973,7095,287,13,1527307832,269312900,1796620732,1148273,278271315,0.0
2026-06-26 20:05:14.699426,3292,0,3.0,0,891918,70528,63546,6982,9.899614337568059,7095,287,13,1527643440,269314053,1796957493,1148273,278271315,535.3666999002991
2026-06-26 20:05:14.704408,3293,0,3.0,0,891928,70528,63546,6982,9.899614337568059,7095,287,13,1527643440,269314053,1796957493,1148273,278271315,0.0
2026-06-26 20:05:14.709431,3294,0,3.0,0,891938,70544,63557,6987,9.904456792923567,7098,287,13,1527976273,269531265,1797507538,1148273,278351362,530.0943659167827
2026-06-26 20:05:14.714412,3295,0,3.0,0,891948,70544,63557,6987,9.904456792923567,7098,287,13,1527976273,269531265,1797507538,1148273,278351362,0.0
2026-06-26 20:05:14.719431,3296,0,3.0,0,891958,70557,63570,6987,9.902631914622221,7101,287,13,1528431762,269531265,1797963027,1148273,278489680,726.0235106594939
2026-06-26 20:05:14.724407,3297,0,3.0,0,891968,70557,63570,6987,9.902631914622221,7101,287,13,1528431762,269531265,1797963027,1148273,278489680,0.0
2026-06-26 20:05:14.729434,3298,0,3.0,0,891978,70570,63576,6994,9.910726937792264,7103,287,13,1528517552,269796151,1798313703,1148273,278549154,136.52675552019096
2026-06-26 20:05:14.734414,3299,0,3.0,0,891988,70570,63576,6994,9.910726937792264,7103,287,13,1528517552,269796151,1798313703,1148273,278549154,0.0
2026-06-26 20:05:14.739432,3300,0,3.0,0,891998,70583,63588,6995,9.910318348610856,7108,287,13,1528885653,269849443,1798735096,1148273,278754566,586.8489438023116
2026-06-26 20:05:14.744408,3301,0,3.0,0,892008,70583,63588,6995,9.910318348610856,7108,287,13,1528885653,269849443,1798735096,1148273,278754566,0.0
2026-06-26 20:05:14.749430,3302,0,3.0,0,892018,70595,63599,6996,9.910050286847511,7112,290,13,1529125918,269887348,1799013266,1148273,278914650,382.7399442453206
2026-06-26 20:05:14.754414,3303,0,3.0,0,892028,70595,63599,6996,9.910050286847511,7112,290,13,1529125918,269887348,1799013266,1148273,278914650,0.0
2026-06-26 20:05:14.759433,3304,0,3.0,0,892038,70611,63615,6996,9.907804732973617,7115,292,13,1529515296,269887348,1799402644,1148273,279035018,620.6463438932058
2026-06-26 20:05:14.764406,3305,0,3.0,0,892048,70611,63615,6996,9.907804732973617,7115,292,13,1529515296,269887348,1799402644,1148273,279035018,0.0
2026-06-26 20:05:14.769425,3306,0,3.0,0,892058,70625,63628,6997,9.907256637168143,7115,292,13,1529890273,269927321,1799817594,1148273,279035018,597.6919705120542
2026-06-26 20:05:14.774410,3307,0,3.0,0,892068,70625,63628,6997,9.907256637168143,7115,292,13,1529890273,269927321,1799817594,1148273,279035018,0.0
2026-06-26 20:05:14.779428,3308,0,3.0,0,892078,70640,63643,6997,9.90515288788222,7116,292,13,1530252148,269927321,1800179469,1148273,279074991,576.9230769230769
2026-06-26 20:05:14.784408,3309,0,3.0,0,892088,70640,63643,6997,9.90515288788222,7116,292,13,1530252148,269927321,1800179469,1148273,279074991,0.0
2026-06-26 20:05:14.789426,3310,0,3.0,0,892098,70657,63656,7001,9.908430870260554,7117,292,13,1530594777,270108692,1800703469,1148273,279124150,546.2399362295736
2026-06-26 20:05:14.794408,3311,0,3.0,0,892108,70657,63656,7001,9.908430870260554,7117,292,13,1530594777,270108692,1800703469,1148273,279124150,0.0
2026-06-26 20:05:14.799425,3312,0,3.0,0,892118,70673,63666,7007,9.914677458152335,7122,292,13,1530927071,270380258,1801307329,1148273,279369108,529.8688459238589
2026-06-26 20:05:14.804410,3313,0,3.0,0,892128,70673,63666,7007,9.914677458152335,7122,292,13,1530927071,270380258,1801307329,1148273,279369108,0.0
2026-06-26 20:05:14.809424,3314,0,3.0,0,892138,70688,63681,7007,9.912573562698054,7126,292,13,1531333851,270380258,1801714109,1148273,279527928,649.0307140007977
2026-06-26 20:05:14.814411,3315,0,3.0,0,892148,70688,63681,7007,9.912573562698054,7126,292,13,1531333851,270380258,1801714109,1148273,279527928,0.0
2026-06-26 20:05:14.819423,3316,0,3.0,0,892158,70705,63696,7009,9.913018881267236,7126,292,13,1531817175,270481665,1802298840,1148273,279527928,771.4668794892259
2026-06-26 20:05:14.824417,3317,0,3.0,0,892168,70705,63696,7009,9.913018881267236,7126,292,13,1531817175,270481665,1802298840,1148273,279527928,0.0
2026-06-26 20:05:14.829425,3318,0,3.0,0,892178,70720,63710,7010,9.91233031674208,7128,292,13,1532311054,270522651,1802833705,1148273,279629335,788.944089456869
2026-06-26 20:05:14.834404,3319,0,3.0,0,892188,70720,63710,7010,9.91233031674208,7128,292,13,1532311054,270522651,1802833705,1148273,279629335,0.0
2026-06-26 20:05:14.839425,3320,0,3.0,0,892198,70731,63721,7010,9.910788763060044,7129,292,13,1532579025,270522651,1803101676,1148273,279670321,426.96036646086435
2026-06-26 20:05:14.844409,3321,0,3.0,0,892208,70731,63721,7010,9.910788763060044,7129,292,13,1532579025,270522651,1803101676,1148273,279670321,0.0
2026-06-26 20:05:14.849422,3322,0,3.0,0,892218,70744,63733,7011,9.91038109238946,7129,292,13,1532858681,270575943,1803434624,1148273,279670321,446.28924795531617
2026-06-26 20:05:14.854410,3323,0,3.0,0,892228,70744,63733,7011,9.91038109238946,7129,292,13,1532858681,270575943,1803434624,1148273,279670321,0.0
2026-06-26 20:05:14.859424,3324,0,3.0,0,892238,70758,63745,7013,9.911246784815852,7130,292,13,1533252188,270655874,1803908062,1148273,279723613,627.8532110091743
2026-06-26 20:05:14.864407,3325,0,3.0,0,892248,70758,63745,7013,9.911246784815852,7130,292,13,1533252188,270655874,1803908062,1148273,279723613,0.0
2026-06-26 20:05:14.869423,3326,0,3.0,0,892258,70771,63758,7013,9.909426177389044,7132,292,13,1533561701,270655874,1804217575,1148273,279803544,493.64114832535887
2026-06-26 20:05:14.874414,3327,0,3.0,0,892268,70771,63758,7013,9.909426177389044,7132,292,13,1533561701,270655874,1804217575,1148273,279803544,0.0
2026-06-26 20:05:14.879422,3328,0,3.0,0,892278,70786,63772,7014,9.908739016189642,7132,292,13,1533934469,270701983,1804636452,1148273,279803544,595.4760383386581
2026-06-26 20:05:14.884407,3329,0,3.0,0,892288,70786,63772,7014,9.908739016189642,7132,292,13,1533934469,270701983,1804636452,1148273,279803544,0.0
2026-06-26 20:05:14.889417,3330,0,3.0,0,892298,70793,63777,7016,9.910584379811564,7133,292,13,1534065190,270799294,1804864484,1148273,279849653,208.73612774451098
2026-06-26 20:05:14.894415,3331,0,3.0,0,892308,70793,63777,7016,9.910584379811564,7133,292,13,1534065190,270799294,1804864484,1148273,279849653,0.0
2026-06-26 20:05:14.899423,3332,0,3.0,0,892318,70805,63789,7016,9.908904738365933,7135,292,13,1534248217,270799294,1805047511,1148273,279946964,292.37539936102235
2026-06-26 20:05:14.904408,3333,0,3.0,0,892328,70805,63789,7016,9.908904738365933,7135,292,13,1534248217,270799294,1805047511,1148273,279946964,0.0
2026-06-26 20:05:14.914411,3334,0,3.0,0,892348,70819,63802,7017,9.908357926545136,7135,292,13,1534539939,270806340,1805346279,1148273,279946964,233.3076077176847
2026-06-26 20:05:14.919423,3335,0,3.0,0,892358,70832,63815,7017,9.90653941721256,7136,292,13,1534921211,270806340,1805727551,1148273,279954010,608.5746209098164
2026-06-26 20:05:14.934410,3336,0,3.0,0,892388,70841,63823,7018,9.906692452111066,7137,292,13,1535095399,270832462,1805927861,1148275,279980132,92.98085007006073
2026-06-26 20:05:14.939427,3337,0,3.0,0,892398,70850,63831,7019,9.906845448129852,7137,292,13,1535356604,270840019,1806196623,1148275,279980132,416.51185967709785
2026-06-26 20:05:14.944404,3338,0,3.0,0,892408,70850,63831,7019,9.906845448129852,7137,292,13,1535356604,270840019,1806196623,1148275,279980132,0.0
2026-06-26 20:05:14.959427,3339,0,3.0,0,892438,70865,63845,7020,9.906159599237988,7139,292,13,1535750839,270859491,1806610330,1148275,280007161,209.93676362910205
2026-06-26 20:05:14.964407,3340,0,3.0,0,892448,70865,63845,7020,9.906159599237988,7139,292,13,1535750839,270859491,1806610330,1148275,280007161,0.0
2026-06-26 20:05:14.969430,3341,0,3.0,0,892458,70878,63856,7022,9.907164423375377,7139,292,13,1536014672,271002867,1807017539,1148275,280007161,420.1998805494724
2026-06-26 20:05:14.974409,3342,0,3.0,0,892468,70878,63856,7022,9.907164423375377,7139,292,13,1536014672,271002867,1807017539,1148275,280007161,0.0
2026-06-26 20:05:14.979423,3343,0,3.0,0,892478,70894,63871,7023,9.906339041385731,7142,292,13,1536570148,271062315,1807632463,1148275,280209985,886.2800159553251
2026-06-26 20:05:14.989430,3344,0,3.0,0,892498,70906,63880,7026,9.908893464586917,7144,292,13,1536847848,271265145,1808112993,1148275,280337002,222.00459678225243
2026-06-26 20:05:14.994406,3345,0,3.0,0,892508,70906,63880,7026,9.908893464586917,7144,292,13,1536847848,271265145,1808112993,1148275,280337002,0.0
2026-06-26 20:05:14.999428,3346,0,3.0,0,892518,70916,63890,7026,9.907496192678662,7145,292,13,1537241243,271265145,1808506388,1148275,280412815,626.6746316208681
2026-06-26 20:05:15.009431,3347,0,3.0,0,892538,70931,63902,7029,9.909630485965232,7147,292,13,1537701838,271387855,1809089693,1148275,280524517,368.36549035289414
2026-06-26 20:05:15.014414,3348,0,3.0,0,892548,70931,63902,7029,9.909630485965232,7147,292,13,1537701838,271387855,1809089693,1148275,280524517,0.0
2026-06-26 20:05:15.019429,3349,0,3.0,0,892558,70948,63913,7035,9.915712916502226,7148,292,13,1537966214,271624004,1809590218,1148275,280535525,421.7363908275174
2026-06-26 20:05:15.029429,3350,0,3.0,0,892578,70962,63925,7037,9.91657506834644,7154,292,13,1538287298,271733597,1810020895,1148275,280771674,256.8672
2026-06-26 20:05:15.034409,3351,0,3.0,0,892588,70962,63925,7037,9.91657506834644,7154,292,13,1538287298,271733597,1810020895,1148275,280771674,0.0
2026-06-26 20:05:15.054412,3352,0,3.0,0,892628,70993,63948,7045,9.923513585846491,7164,295,13,1539129825,272069911,1811199736,1148275,281214470,336.96025596160575
2026-06-26 20:05:15.059428,3353,0,3.0,0,892638,71009,63961,7048,9.925502401104087,7167,295,13,1539472154,272190814,1811662968,1148275,281373283,545.9792663476874
2026-06-26 20:05:15.069429,3354,0,3.0,0,892658,71021,63973,7048,9.92382534743245,7170,295,13,1539768518,272190814,1811959332,1148275,281494186,237.06749325067494
2026-06-26 20:05:15.074409,3355,0,3.0,0,892668,71021,63973,7048,9.92382534743245,7170,295,13,1539768518,272190814,1811959332,1148275,281494186,0.0
2026-06-26 20:05:15.079435,3356,0,3.0,0,892678,71031,63981,7050,9.925243907589644,7171,296,13,1539931723,272278946,1812210669,1148275,281528008,259.7771587743733
2026-06-26 20:05:15.084408,3357,0,3.0,0,892688,71031,63981,7050,9.925243907589644,7171,296,13,1539931723,272278946,1812210669,1148275,281528008,0.0
2026-06-26 20:05:15.089424,3358,0,3.0,0,892698,71041,63990,7051,9.925254430540111,7175,298,13,1540128097,272310718,1812438815,1148299,281652009,313.1961722488038
2026-06-26 20:05:15.094418,3359,0,3.0,0,892708,71041,63990,7051,9.925254430540111,7175,298,13,1540128097,272310718,1812438815,1148299,281652009,0.0
2026-06-26 20:05:15.099424,3360,0,3.0,0,892718,71055,64003,7052,9.924706213496586,7177,298,13,1540376974,272355779,1812732753,1148299,281728842,397.72592888533757
2026-06-26 20:05:15.104407,3361,0,3.0,0,892728,71055,64003,7052,9.924706213496586,7177,298,13,1540376974,272355779,1812732753,1148299,281728842,0.0
2026-06-26 20:05:15.109433,3362,0,3.0,0,892738,71068,64016,7052,9.922890752518715,7177,298,13,1540697370,272355779,1813053149,1148299,281728842,509.9816951850378
2026-06-26 20:05:15.114408,3363,0,3.0,0,892748,71068,64016,7052,9.922890752518715,7177,298,13,1540697370,272355779,1813053149,1148299,281728842,0.0
2026-06-26 20:05:15.119425,3364,0,3.0,0,892758,71085,64032,7053,9.921924456636422,7178,298,13,1541076254,272365766,1813442020,1148299,281738829,604.1602551325493
2026-06-26 20:05:15.124403,3365,0,3.0,0,892768,71085,64032,7053,9.921924456636422,7178,298,13,1541076254,272365766,1813442020,1148299,281738829,0.0
2026-06-26 20:05:15.129424,3366,0,3.0,0,892778,71098,64045,7053,9.920110270331092,7182,302,13,1541384875,272365766,1813750641,1148299,281799727,491.7283409679347
2026-06-26 20:05:15.134410,3367,0,3.0,0,892788,71098,64045,7053,9.920110270331092,7182,302,13,1541384875,272365766,1813750641,1148299,281799727,0.0
2026-06-26 20:05:15.139425,3368,0,3.0,0,892798,71106,64053,7053,9.918994177706523,7182,302,13,1541600923,272365766,1813966689,1148299,281799727,344.64287138584245
2026-06-26 20:05:15.144409,3369,0,3.0,0,892808,71106,64053,7053,9.918994177706523,7182,302,13,1541600923,272365766,1813966689,1148299,281799727,0.0
2026-06-26 20:05:15.149426,3370,0,3.0,0,892818,71120,64065,7055,9.919853768278966,7182,302,13,1541980544,272452846,1814433390,1148299,281799727,605.3354594379111
2026-06-26 20:05:15.154413,3371,0,3.0,0,892828,71120,64065,7055,9.919853768278966,7182,302,13,1541980544,272452846,1814433390,1148299,281799727,0.0
2026-06-26 20:05:15.159428,3372,0,3.0,0,892838,71132,64074,7058,9.922397795647528,7184,302,13,1542238294,272554277,1814792571,1148299,281886807,411.1665004985045
2026-06-26 20:05:15.164407,3373,0,3.0,0,892848,71132,64074,7058,9.922397795647528,7184,302,13,1542238294,272554277,1814792571,1148299,281886807,0.0
2026-06-26 20:05:15.169429,3374,0,3.0,0,892858,71144,64086,7058,9.920724165073654,7187,302,13,1542515675,272554277,1815069952,1148299,281988238,441.8653922739944
2026-06-26 20:05:15.174412,3375,0,3.0,0,892868,71144,64086,7058,9.920724165073654,7187,302,13,1542515675,272554277,1815069952,1148299,281988238,0.0
2026-06-26 20:05:15.179429,3376,0,3.0,0,892878,71156,64098,7058,9.91905109899376,7187,302,13,1542782331,272554277,1815336608,1148299,281988238,425.20390671716166
2026-06-26 20:05:15.184406,3377,0,3.0,0,892888,71156,64098,7058,9.91905109899376,7187,302,13,1542782331,272554277,1815336608,1148299,281988238,0.0
2026-06-26 20:05:15.189429,3378,0,3.0,0,892898,71171,64109,7062,9.922580826460216,7188,302,13,1543020277,272741716,1815761993,1148299,282037397,378.9703364523193
2026-06-26 20:05:15.199422,3379,0,3.0,0,892918,71184,64121,7063,9.922173522139808,7191,302,13,1543396545,272795008,1816191553,1148299,282175677,301.2252576803763
2026-06-26 20:05:15.204408,3380,0,3.0,0,892928,71184,64121,7063,9.922173522139808,7191,302,13,1543396545,272795008,1816191553,1148299,282175677,0.0
2026-06-26 20:05:15.209426,3381,0,3.0,0,892938,71197,64133,7064,9.921766366560389,7192,302,13,1543773871,272835994,1816609865,1148299,282228969,601.5559984057394
2026-06-26 20:05:15.219432,3382,0,3.0,0,892958,71211,64144,7067,9.924028591088456,7193,302,13,1544110717,272915918,1817026635,1148299,282269955,269.3152108734759
2026-06-26 20:05:15.224408,3383,0,3.0,0,892968,71211,64144,7067,9.924028591088456,7193,302,13,1544110717,272915918,1817026635,1148299,282269955,0.0
2026-06-26 20:05:15.229435,3384,0,3.0,0,892978,71228,64160,7068,9.923063963609817,7196,302,13,1544570920,272957915,1817528835,1148299,282349879,732.370001989258
2026-06-26 20:05:15.244410,3385,0,3.0,0,893008,71239,64171,7068,9.9215317452519,7197,302,13,1544814241,272957915,1817772156,1148299,282391876,129.98784641068448
2026-06-26 20:05:15.249419,3386,0,3.0,0,893018,71256,64182,7074,9.927585045469856,7199,302,13,1545114161,273211462,1818325623,1148299,282463065,479.00978239169496
2026-06-26 20:05:15.254404,3387,0,3.0,0,893028,71256,64182,7074,9.927585045469856,7199,302,13,1545114161,273211462,1818325623,1148299,282463065,0.0
2026-06-26 20:05:15.264407,3388,0,3.0,0,893048,71270,64196,7074,9.925634909499088,7203,302,13,1545555812,273211462,1818767274,1148299,282645423,353.2148355493352
2026-06-26 20:05:15.269425,3389,0,3.0,0,893058,71283,64207,7076,9.926630472903778,7204,302,13,1545812333,273278546,1819090879,1148299,282663348,408.96133917895577
2026-06-26 20:05:15.274409,3390,0,3.0,0,893068,71283,64207,7076,9.926630472903778,7204,302,13,1545812333,273278546,1819090879,1148299,282663348,0.0
2026-06-26 20:05:15.279433,3391,0,3.0,0,893078,71291,64214,7077,9.9269192464687,7205,302,13,1545979071,273316451,1819295522,1148299,282712507,265.5063694267516
2026-06-26 20:05:15.284404,3392,0,3.0,0,893088,71291,64214,7077,9.9269192464687,7205,302,13,1545979071,273316451,1819295522,1148299,282712507,0.0
2026-06-26 20:05:15.289423,3393,0,3.0,0,893098,71304,64227,7077,9.925109390777516,7206,302,13,1546276017,273316451,1819592468,1148299,282750412,473.31500298864313
2026-06-26 20:05:15.304410,3394,0,3.0,0,893128,71318,64241,7077,9.923161053310526,7206,302,13,1546611363,273316451,1819927814,1148299,282750412,179.00633882698338
2026-06-26 20:05:15.309431,3395,0,3.0,0,893138,71334,64257,7077,9.920935318361511,7206,302,13,1547063749,273316451,1820380200,1148299,282750412,720.7902808205537
2026-06-26 20:05:15.314419,3396,0,3.0,0,893148,71334,64257,7077,9.920935318361511,7206,302,13,1547063749,273316451,1820380200,1148299,282750412,0.0
2026-06-26 20:05:15.319427,3397,0,3.0,0,893158,71349,64272,7077,9.918849598452677,7206,302,13,1547440267,273316451,1820756718,1148299,282750412,601.4664536741215
2026-06-26 20:05:15.324414,3398,0,3.0,0,893168,71349,64272,7077,9.918849598452677,7206,302,13,1547440267,273316451,1820756718,1148299,282750412,0.0
2026-06-26 20:05:15.329423,3399,0,3.0,0,893178,71366,64288,7078,9.917888069949274,7207,302,13,1547959370,273378968,1821338338,1148299,282812929,829.0724695548014
2026-06-26 20:05:15.334414,3400,0,3.0,0,893188,71366,64288,7078,9.917888069949274,7207,302,13,1547959370,273378968,1821338338,1148299,282812929,0.0
2026-06-26 20:05:15.339429,3401,0,3.0,0,893198,71379,64295,7084,9.924487594390508,7208,302,13,1548175286,273678649,1821853935,1148299,282872377,344.4323030907278
2026-06-26 20:05:15.349427,3402,0,3.0,0,893218,71396,64312,7084,9.922124488766878,7213,302,13,1548729607,273678649,1822408256,1148299,283112610,443.54550910182036
2026-06-26 20:05:15.354413,3403,0,3.0,0,893228,71396,64312,7084,9.922124488766878,7213,302,13,1548729607,273678649,1822408256,1148299,283112610,0.0
2026-06-26 20:05:15.359429,3404,0,3.0,0,893238,71410,64323,7087,9.924380338888112,7213,302,13,1549049590,273782540,1822832130,1148299,283112610,510.33971291866027
2026-06-26 20:05:15.369425,3405,0,3.0,0,893258,71426,64332,7094,9.931957550471816,7217,302,13,1549343274,274098170,1823441444,1148299,283279018,235.04121648659464
2026-06-26 20:05:15.374411,3406,0,3.0,0,893268,71426,64332,7094,9.931957550471816,7217,302,13,1549343274,274098170,1823441444,1148299,283279018,0.0
2026-06-26 20:05:15.379424,3407,0,3.0,0,893278,71441,64346,7095,9.93127195867919,7224,302,13,1549875865,274151462,1824027327,1148299,283585423,849.935767005785
2026-06-26 20:05:15.394436,3408,0,3.0,0,893308,71457,64358,7099,9.934646010887667,7225,302,13,1550147668,274290812,1824438480,1148299,283597720,144.845723421263
2026-06-26 20:05:15.399433,3409,0,3.0,0,893318,71473,64374,7099,9.932422033495165,7228,302,13,1550521236,274290812,1824812048,1148299,283724773,598.0676405843506
2026-06-26 20:05:15.419425,3410,0,3.0,0,893358,71504,64403,7101,9.93091295591855,7229,302,13,1551012849,274331034,1825343883,1148299,283753470,196.72388955582232
2026-06-26 20:05:15.424408,3411,0,3.0,0,893368,71504,64403,7101,9.93091295591855,7229,302,13,1551012849,274331034,1825343883,1148299,283753470,0.0
2026-06-26 20:05:15.434410,3412,0,3.0,0,893388,71519,64418,7101,9.928830101092018,7230,302,13,1551301531,274331034,1825632565,1148299,283764995,230.8994201159768
2026-06-26 20:05:15.439424,3413,0,3.0,0,893398,71535,64431,7104,9.93080310337597,7231,302,13,1551663195,274477541,1826140736,1148299,283813154,577.0466693258875
2026-06-26 20:05:15.444405,3414,0,3.0,0,893408,71535,64431,7104,9.93080310337597,7231,302,13,1551663195,274477541,1826140736,1148299,283813154,0.0
2026-06-26 20:05:15.454410,3415,0,3.0,0,893428,71548,64443,7105,9.930396377257226,7234,302,13,1551929318,274519538,1826448856,1148299,283953499,212.792003998001
2026-06-26 20:05:15.459423,3416,0,3.0,0,893438,71563,64458,7105,9.928314911336864,7234,302,13,1552215321,274519538,1826734859,1148299,283953499,456.41811290644324
2026-06-26 20:05:15.474415,3417,0,3.0,0,893468,71571,64466,7105,9.927205152925067,7234,302,13,1552365960,274519538,1826885498,1148299,283953499,80.38367129135538
2026-06-26 20:05:15.479424,3418,0,3.0,0,893478,71580,64473,7107,9.928751047778709,7234,302,13,1552418011,274523872,1826941883,1148299,283953499,83.1319624675584
2026-06-26 20:05:15.484406,3419,0,3.0,0,893488,71580,64473,7107,9.928751047778709,7234,302,13,1552418011,274523872,1826941883,1148299,283953499,0.0
2026-06-26 20:05:15.489420,3420,0,3.0,0,893498,71587,64479,7108,9.929177085224971,7237,302,13,1552440173,274526689,1826966862,1148299,283960650,35.360191463901074
2026-06-26 20:05:15.494406,3421,0,3.0,0,893508,71587,64479,7108,9.929177085224971,7237,302,13,1552440173,274526689,1826966862,1148299,283960650,0.0
2026-06-26 20:05:15.499426,3422,0,3.0,0,893518,71593,64485,7108,9.928344949925272,7237,302,13,1552454806,274526689,1826981495,1148299,283960650,23.3195219123506
2026-06-26 20:05:15.504402,3423,0,3.0,0,893528,71593,64485,7108,9.928344949925272,7237,302,13,1552454806,274526689,1826981495,1148299,283960650,0.0
2026-06-26 20:05:15.509428,3424,0,3.0,0,893538,71599,64491,7108,9.927512954091537,7237,302,13,1552524833,274526689,1827051522,1148299,283960650,111.46358933545564
2026-06-26 20:05:15.514402,3425,0,3.0,0,893548,71599,64491,7108,9.927512954091537,7237,302,13,1552524833,274526689,1827051522,1148299,283960650,0.0
2026-06-26 20:05:15.519423,3426,0,3.0,0,893558,71605,64496,7109,9.928077648208925,7237,302,13,1552557291,274539751,1827097042,1148299,283960650,51.71559450308703
2026-06-26 20:05:15.524408,3427,0,3.0,0,893568,71605,64496,7109,9.928077648208925,7237,302,13,1552557291,274539751,1827097042,1148299,283960650,0.0
2026-06-26 20:05:15.529427,3428,0,3.0,0,893578,71617,64501,7116,9.936188335171817,7238,302,13,1552674291,274885040,1827559331,1148299,283973712,186.49133293484758
2026-06-26 20:05:15.534408,3429,0,3.0,0,893588,71617,64501,7116,9.936188335171817,7238,302,13,1552674291,274885040,1827559331,1148299,283973712,0.0
2026-06-26 20:05:15.539424,3430,0,3.0,0,893598,71630,64513,7117,9.935781097305599,7246,302,13,1553166996,274947557,1828114553,1148299,284381518,785.8133971291866
2026-06-26 20:05:15.544404,3431,0,3.0,0,893608,71630,64513,7117,9.935781097305599,7246,302,13,1553166996,274947557,1828114553,1148299,284381518,0.0
2026-06-26 20:05:15.559431,3432,0,3.0,0,893638,71656,64536,7120,9.93636262141342,7246,302,13,1553576780,275001172,1828577952,1148299,284381518,218.15878086111667
2026-06-26 20:05:15.564404,3433,0,3.0,0,893648,71656,64536,7120,9.93636262141342,7246,302,13,1553576780,275001172,1828577952,1148299,284381518,0.0
2026-06-26 20:05:15.579427,3434,0,3.0,0,893678,71689,64566,7123,9.935973440834717,7251,302,13,1554216353,275126200,1829342553,1148299,284517114,340.5833721626839
2026-06-26 20:05:15.584406,3435,0,3.0,0,893688,71689,64566,7123,9.935973440834717,7251,302,13,1554216353,275126200,1829342553,1148299,284517114,0.0
2026-06-26 20:05:15.599425,3436,0,3.0,0,893718,71716,64592,7124,9.933627084611524,7253,302,13,1554711194,275166173,1829877367,1148299,284600134,263.5813303149344
2026-06-26 20:05:15.604404,3437,0,3.0,0,893728,71716,64592,7124,9.933627084611524,7253,302,13,1554711194,275166173,1829877367,1148299,284600134,0.0
2026-06-26 20:05:15.609425,3438,0,3.0,0,893738,71729,64603,7126,9.934615009271006,7253,302,13,1554841960,275200091,1830042051,1148299,284600134,208.3505277833101
2026-06-26 20:05:15.619433,3439,0,3.0,0,893758,71745,64614,7131,9.93936859711478,7256,302,13,1555193032,275436797,1830629829,1148299,284682211,280.63309352517985
2026-06-26 20:05:15.624408,3440,0,3.0,0,893768,71745,64614,7131,9.93936859711478,7256,302,13,1555193032,275436797,1830629829,1148299,284682211,0.0
2026-06-26 20:05:15.629427,3441,0,3.0,0,893778,71759,64626,7133,9.940216558201758,7260,302,13,1555516055,275540300,1831056355,1148299,284870758,514.8802550308826
2026-06-26 20:05:15.644408,3442,0,3.0,0,893808,71767,64633,7134,9.940501901988378,7263,302,13,1555703639,275555162,1831258801,1148299,284989123,100.17168413323543
2026-06-26 20:05:15.649422,3443,0,3.0,0,893818,71776,64640,7136,9.942041908158716,7264,302,13,1555778640,275610055,1831388695,1148299,284990724,119.66653370562425
2026-06-26 20:05:15.654411,3444,0,3.0,0,893828,71776,64640,7136,9.942041908158716,7264,302,13,1555778640,275610055,1831388695,1148299,284990724,0.0
2026-06-26 20:05:15.664405,3445,0,3.0,0,893848,71784,64645,7139,9.945113117129166,7265,302,13,1555852016,275714522,1831566538,1148299,285044016,58.73604162497499
2026-06-26 20:05:15.669416,3446,0,3.0,0,893858,71796,64657,7139,9.943450888628893,7268,302,13,1556050545,275714522,1831765067,1148299,285148483,316.94911195370184
2026-06-26 20:05:15.674405,3447,0,3.0,0,893868,71796,64657,7139,9.943450888628893,7268,302,13,1556050545,275714522,1831765067,1148299,285148483,0.0
2026-06-26 20:05:15.679422,3448,0,3.0,0,893878,71804,64661,7143,9.947913765249847,7268,302,13,1556085013,275808756,1831893769,1148299,285148483,54.961929439904324
2026-06-26 20:05:15.684406,3449,0,3.0,0,893888,71804,64661,7143,9.947913765249847,7268,302,13,1556085013,275808756,1831893769,1148299,285148483,0.0
2026-06-26 20:05:15.689423,3450,0,3.0,0,893898,71813,64669,7144,9.948059543536687,7272,302,13,1556253028,275848729,1832101757,1148299,285242717,267.91309547538367
2026-06-26 20:05:15.694407,3451,0,3.0,0,893908,71813,64669,7144,9.948059543536687,7272,302,13,1556253028,275848729,1832101757,1148299,285242717,0.0
2026-06-26 20:05:15.699426,3452,0,3.0,0,893918,71818,64674,7144,9.947366955359382,7273,302,13,1556372408,275848729,1832221137,1148299,285282690,190.284917314206
2026-06-26 20:05:15.704407,3453,0,3.0,0,893928,71818,64674,7144,9.947366955359382,7273,302,13,1556372408,275848729,1832221137,1148299,285282690,0.0
2026-06-26 20:05:15.709422,3454,0,3.0,0,893938,71830,64686,7144,9.945705137129334,7273,302,13,1556411492,275848729,1832260221,1148301,285282690,62.347357926221335
2026-06-26 20:05:15.714408,3455,0,3.0,0,893948,71830,64686,7144,9.945705137129334,7273,302,13,1556411492,275848729,1832260221,1148301,285282690,0.0
2026-06-26 20:05:15.719420,3456,0,3.0,0,893958,71844,64698,7146,9.946550860197094,7277,305,13,1556539600,275905594,1832445194,1148301,285314394,204.48204309656825
2026-06-26 20:05:15.724406,3457,0,3.0,0,893968,71844,64698,7146,9.946550860197094,7277,305,13,1556539600,275905594,1832445194,1148301,285314394,0.0
2026-06-26 20:05:15.729419,3458,0,3.0,0,893978,71860,64712,7148,9.94711939883106,7278,305,13,1556714198,275989603,1832703801,1148301,285346662,278.6323558747257
2026-06-26 20:05:15.734406,3459,0,3.0,0,893988,71860,64712,7148,9.94711939883106,7278,305,13,1556714198,275989603,1832703801,1148301,285346662,0.0
2026-06-26 20:05:15.739423,3460,0,3.0,0,893998,71876,64727,7149,9.946296399354445,7280,305,13,1557053927,276034664,1833088591,1148301,285430671,541.7245365756428
2026-06-26 20:05:15.744407,3461,0,3.0,0,894008,71876,64727,7149,9.946296399354445,7280,305,13,1557053927,276034664,1833088591,1148301,285430671,0.0
2026-06-26 20:05:15.749423,3462,0,3.0,0,894018,71891,64740,7151,9.947003101918183,7281,305,13,1557322475,276074633,1833397108,1148301,285475732,428.3062200956938
2026-06-26 20:05:15.754407,3463,0,3.0,0,894028,71891,64740,7151,9.947003101918183,7281,305,13,1557322475,276074633,1833397108,1148301,285475732,0.0
2026-06-26 20:05:15.759423,3464,0,3.0,0,894038,71908,64755,7153,9.947432830839405,7283,305,13,1557538596,276166847,1833705443,1148301,285515701,344.69059011164273
2026-06-26 20:05:15.764406,3465,0,3.0,0,894048,71908,64755,7153,9.947432830839405,7283,305,13,1557538596,276166847,1833705443,1148301,285515701,0.0
2026-06-26 20:05:15.769423,3466,0,3.0,0,894058,71921,64768,7153,9.945634793732012,7285,305,13,1557781833,276166847,1833948680,1148301,285607915,387.8604743870839
2026-06-26 20:05:15.774410,3467,0,3.0,0,894068,71921,64768,7153,9.945634793732012,7285,305,13,1557781833,276166847,1833948680,1148301,285607915,0.0
2026-06-26 20:05:15.779427,3468,0,3.0,0,894078,71935,64780,7155,9.946479460624175,7285,305,13,1557996203,276215399,1834211602,1148301,285607915,341.82977875224236
2026-06-26 20:05:15.784406,3469,0,3.0,0,894088,71935,64780,7155,9.946479460624175,7285,305,13,1557996203,276215399,1834211602,1148301,285607915,0.0
2026-06-26 20:05:15.789422,3470,0,3.0,0,894098,71951,64790,7161,9.95260663507109,7288,305,13,1558313978,276476459,1834790437,1148301,285702576,506.8181818181818
2026-06-26 20:05:15.794409,3471,0,3.0,0,894108,71951,64790,7161,9.95260663507109,7288,305,13,1558313978,276476459,1834790437,1148301,285702576,0.0
2026-06-26 20:05:15.799424,3472,0,3.0,0,894118,71967,64806,7161,9.950393930551503,7293,305,13,1558682023,276476459,1835158482,1148301,285917527,587.110667996012
2026-06-26 20:05:15.804410,3473,0,3.0,0,894128,71967,64806,7161,9.950393930551503,7293,305,13,1558682023,276476459,1835158482,1148301,285917527,0.0
2026-06-26 20:05:15.809428,3474,0,3.0,0,894138,71983,64822,7161,9.9481822096884,7293,305,13,1559060052,276476459,1835536511,1148301,285917527,602.676763650857
2026-06-26 20:05:15.814413,3475,0,3.0,0,894148,71983,64822,7161,9.9481822096884,7293,305,13,1559060052,276476459,1835536511,1148301,285917527,0.0
2026-06-26 20:05:15.819425,3476,0,3.0,0,894158,71999,64837,7162,9.947360380005279,7293,305,13,1559517012,276525618,1836042630,1148301,285917527,729.3854748603352
2026-06-26 20:05:15.824404,3477,0,3.0,0,894168,71999,64837,7162,9.947360380005279,7293,305,13,1559517012,276525618,1836042630,1148301,285917527,0.0
2026-06-26 20:05:15.829429,3478,0,3.0,0,894178,72009,64847,7162,9.945978974850366,7294,305,13,1559730983,276525618,1836256601,1148301,285966686,340.65034825870646
2026-06-26 20:05:15.834404,3479,0,3.0,0,894188,72009,64847,7162,9.945978974850366,7294,305,13,1559730983,276525618,1836256601,1148301,285966686,0.0
2026-06-26 20:05:15.839420,3480,0,3.0,0,894198,72020,64856,7164,9.947236878644821,7296,305,13,1559921876,276594274,1836516150,1148301,286035342,304.45454545454544
2026-06-26 20:05:15.844406,3481,0,3.0,0,894208,72020,64856,7164,9.947236878644821,7296,305,13,1559921876,276594274,1836516150,1148301,286035342,0.0
2026-06-26 20:05:15.849420,3482,0,3.0,0,894218,72028,64864,7164,9.94613205975454,7296,305,13,1560018136,276594274,1836612410,1148301,286035342,153.58595931392102
2026-06-26 20:05:15.854407,3483,0,3.0,0,894228,72028,64864,7164,9.94613205975454,7296,305,13,1560018136,276594274,1836612410,1148301,286035342,0.0
2026-06-26 20:05:15.859424,3484,0,3.0,0,894238,72036,64871,7165,9.946415681048364,7297,305,13,1560069693,276594802,1836664495,1148301,286035870,82.21168028702412
2026-06-26 20:05:15.864406,3485,0,3.0,0,894248,72036,64871,7165,9.946415681048364,7297,305,13,1560069693,276594802,1836664495,1148301,286035870,0.0
2026-06-26 20:05:15.869425,3486,0,3.0,0,894258,72048,64880,7168,9.948922940262047,7297,305,13,1560266094,276728997,1836995091,1148301,286035870,313.05200239091454
2026-06-26 20:05:15.874400,3487,0,3.0,0,894268,72048,64880,7168,9.948922940262047,7297,305,13,1560266094,276728997,1836995091,1148301,286035870,0.0
2026-06-26 20:05:15.894408,3488,0,3.0,0,894308,72064,64895,7169,9.948101687388988,7301,305,13,1560629375,276746922,1837376297,1148301,286187990,145.25429828068772
2026-06-26 20:05:15.899418,3489,0,3.0,0,894318,72080,64911,7169,9.94589345172031,7301,305,13,1561061945,276746922,1837808867,1148301,286187990,690.7305389221557
2026-06-26 20:05:15.904403,3490,0,3.0,0,894328,72080,64911,7169,9.94589345172031,7301,305,13,1561061945,276746922,1837808867,1148301,286187990,0.0
2026-06-26 20:05:15.919420,3491,0,3.0,0,894358,72112,64931,7181,9.958120701131573,7309,305,13,1561622853,277203661,1838826514,1148301,286481796,298.8122794166611
2026-06-26 20:05:15.924405,3492,0,3.0,0,894368,72112,64931,7181,9.958120701131573,7309,305,13,1561622853,277203661,1838826514,1148301,286481796,0.0
2026-06-26 20:05:15.929420,3493,0,3.0,0,894378,72129,64948,7181,9.955773683261933,7313,305,13,1562010344,277203661,1839214005,1148301,286644729,618.1312063808574
2026-06-26 20:05:15.934407,3494,0,3.0,0,894388,72129,64948,7181,9.955773683261933,7313,305,13,1562010344,277203661,1839214005,1148301,286644729,0.0
2026-06-26 20:05:15.939421,3495,0,3.0,0,894398,72144,64963,7181,9.953703703703704,7313,305,13,1562181057,277203661,1839384718,1148301,286644729,272.37814120462707
2026-06-26 20:05:15.949421,3496,0,3.0,0,894418,72160,64979,7181,9.95149667405765,7313,305,13,1562392595,277203661,1839596256,1148301,286644729,169.2304
2026-06-26 20:05:15.954405,3497,0,3.0,0,894428,72160,64979,7181,9.95149667405765,7313,305,13,1562392595,277203661,1839596256,1148301,286644729,0.0
2026-06-26 20:05:15.959418,3498,0,3.0,0,894438,72171,64990,7181,9.949979908827645,7313,305,13,1562528207,277203661,1839731868,1148301,286644729,216.4165170556553
2026-06-26 20:05:15.969426,3499,0,3.0,0,894458,72185,65004,7181,9.948050148922906,7313,305,13,1562806101,277203661,1840009762,1148301,286644729,222.1374900079936
2026-06-26 20:05:15.974407,3500,0,3.0,0,894468,72185,65004,7181,9.948050148922906,7313,305,13,1562806101,277203661,1840009762,1148301,286644729,0.0
2026-06-26 20:05:15.979417,3501,0,3.0,0,894478,72202,65018,7184,9.949862884684634,7314,305,13,1563138521,277336897,1840475418,1148301,286687776,530.810379241517
2026-06-26 20:05:15.989425,3502,0,3.0,0,894498,72218,65033,7185,9.94904317483176,7316,305,13,1563621794,277377883,1840999677,1148301,286777965,386.3093525179856
2026-06-26 20:05:15.994406,3503,0,3.0,0,894508,72218,65033,7185,9.94904317483176,7316,305,13,1563621794,277377883,1840999677,1148301,286777965,0.0
2026-06-26 20:05:15.999429,3504,0,3.0,0,894518,72233,65047,7186,9.948361552199133,7317,305,13,1564022606,277418869,1841441475,1148302,286818951,638.3627314353972
2026-06-26 20:05:16.004409,3505,0,3.0,0,894528,72233,65047,7186,9.948361552199133,7317,305,13,1564022606,277418869,1841441475,1148302,286818951,0.0
2026-06-26 20:05:16.009423,3506,0,3.0,0,894538,72249,65062,7187,9.94754252654016,7318,305,13,1564577372,277464978,1842042350,1148302,286859937,885.1471878739529
2026-06-26 20:05:16.014406,3507,0,3.0,0,894548,72249,65062,7187,9.94754252654016,7318,305,13,1564577372,277464978,1842042350,1148302,286859937,0.0
2026-06-26 20:05:16.019426,3508,0,3.0,0,894558,72266,65078,7188,9.94658622312014,7319,305,13,1564957265,277505964,1842463229,1148302,286906046,605.407171314741
2026-06-26 20:05:16.024405,3509,0,3.0,0,894568,72266,65078,7188,9.94658622312014,7319,305,13,1564957265,277505964,1842463229,1148302,286906046,0.0
2026-06-26 20:05:16.029432,3510,0,3.0,0,894578,72282,65092,7190,9.947151434658698,7321,305,13,1565370986,277592041,1842963027,1148302,286982904,658.398249452954
2026-06-26 20:05:16.034410,3511,0,3.0,0,894588,72282,65092,7190,9.947151434658698,7321,305,13,1565370986,277592041,1842963027,1148302,286982904,0.0
2026-06-26 20:05:16.039424,3512,0,3.0,0,894598,72298,65100,7198,9.956015380785084,7322,305,13,1565613284,277905319,1843518603,1148302,287033109,386.5943358595931
2026-06-26 20:05:16.044407,3513,0,3.0,0,894608,72298,65100,7198,9.956015380785084,7322,305,13,1565613284,277905319,1843518603,1148302,287033109,0.0
2026-06-26 20:05:16.049424,3514,0,3.0,0,894618,72314,65116,7198,9.95381253975717,7330,305,13,1566089210,277905319,1843994529,1148302,287346387,758.9013354594379
2026-06-26 20:05:16.054416,3515,0,3.0,0,894628,72314,65116,7198,9.95381253975717,7330,305,13,1566089210,277905319,1843994529,1148302,287346387,0.0
2026-06-26 20:05:16.059434,3516,0,3.0,0,894638,72329,65129,7200,9.954513404028813,7330,305,13,1566373664,277988325,1844361989,1148302,287346387,453.4938222399362
2026-06-26 20:05:16.064402,3517,0,3.0,0,894648,72329,65129,7200,9.954513404028813,7330,305,13,1566373664,277988325,1844361989,1148302,287346387,0.0
2026-06-26 20:05:16.069424,3518,0,3.0,0,894658,72346,65142,7204,9.957703259337075,7332,305,13,1566691701,278137952,1844829653,1148302,287429393,506.6300278773397
2026-06-26 20:05:16.084402,3519,0,3.0,0,894688,72361,65157,7204,9.955639087353685,7336,305,13,1567007729,278137952,1845145681,1148302,287579020,168.7958338897049
2026-06-26 20:05:16.089421,3520,0,3.0,0,894698,72377,65173,7204,9.953438246956907,7336,305,13,1567332865,278137952,1845470817,1148302,287579020,518.2482566248257
2026-06-26 20:05:16.094404,3521,0,3.0,0,894708,72377,65173,7204,9.953438246956907,7336,305,13,1567332865,278137952,1845470817,1148302,287579020,0.0
2026-06-26 20:05:16.109429,3522,0,3.0,0,894738,72403,65196,7207,9.954007430631327,7339,305,13,1567799188,278258359,1846057547,1148302,287699427,248.29178036605657
2026-06-26 20:05:16.114409,3523,0,3.0,0,894748,72403,65196,7207,9.954007430631327,7339,305,13,1567799188,278258359,1846057547,1148302,287699427,0.0
2026-06-26 20:05:16.119423,3524,0,3.0,0,894758,72417,65209,7208,9.953463965643426,7339,305,13,1568054759,278297280,1846352039,1148302,287699427,407.7718388512166
2026-06-26 20:05:16.124402,3525,0,3.0,0,894768,72417,65209,7208,9.953463965643426,7339,305,13,1568054759,278297280,1846352039,1148302,287699427,0.0
2026-06-26 20:05:16.129425,3526,0,3.0,0,894778,72431,65220,7211,9.955681959382034,7340,305,13,1568314289,278397202,1846711491,1148302,287738348,413.3466056141748
2026-06-26 20:05:16.134408,3527,0,3.0,0,894788,72431,65220,7211,9.955681959382034,7340,305,13,1568314289,278397202,1846711491,1148302,287738348,0.0
2026-06-26 20:05:16.139426,3528,0,3.0,0,894798,72446,65232,7214,9.957761643154901,7343,305,13,1568644251,278520681,1847164932,1148302,287838270,526.0454364288561
2026-06-26 20:05:16.144406,3529,0,3.0,0,894808,72446,65232,7214,9.957761643154901,7343,305,13,1568644251,278520681,1847164932,1148302,287838270,0.0
2026-06-26 20:05:16.149432,3530,0,3.0,0,894818,72462,65247,7215,9.956942949407965,7347,305,13,1569162108,278570886,1847732994,1148302,288011954,824.2849184241942
2026-06-26 20:05:16.154408,3531,0,3.0,0,894828,72462,65247,7215,9.956942949407965,7347,305,13,1569162108,278570886,1847732994,1148302,288011954,0.0
2026-06-26 20:05:16.159433,3532,0,3.0,0,894838,72477,65261,7216,9.956261986561255,7347,305,13,1569593728,278614941,1848208669,1148302,288011954,687.1562189054727
2026-06-26 20:05:16.164409,3533,0,3.0,0,894848,72477,65261,7216,9.956261986561255,7347,305,13,1569593728,278614941,1848208669,1148302,288011954,0.0
2026-06-26 20:05:16.169432,3534,0,3.0,0,894858,72493,65275,7218,9.956823417433409,7349,305,13,1570089559,278686142,1848775701,1148302,288086224,789.6969938283894
2026-06-26 20:05:16.174410,3535,0,3.0,0,894868,72493,65275,7218,9.956823417433409,7349,305,13,1570089559,278686142,1848775701,1148302,288086224,0.0
2026-06-26 20:05:16.179430,3536,0,3.0,0,894878,72510,65289,7221,9.958626396359122,7350,305,13,1570527939,278805011,1849332950,1148302,288127210,698.6135458167331
2026-06-26 20:05:16.184404,3537,0,3.0,0,894888,72510,65289,7221,9.958626396359122,7350,305,13,1570527939,278805011,1849332950,1148302,288127210,0.0
2026-06-26 20:05:16.189427,3538,0,3.0,0,894898,72525,65302,7223,9.959324370906584,7354,305,13,1570885892,278858555,1849744447,1148302,288289126,570.1023292852876
2026-06-26 20:05:16.194410,3539,0,3.0,0,894908,72525,65302,7223,9.959324370906584,7354,305,13,1570885892,278858555,1849744447,1148302,288289126,0.0
2026-06-26 20:05:16.199423,3540,0,3.0,0,894918,72540,65317,7223,9.957264957264957,7355,305,13,1571125534,278858555,1849984089,1148302,288299623,382.4328745262318
2026-06-26 20:05:16.204406,3541,0,3.0,0,894928,72540,65317,7223,9.957264957264957,7355,305,13,1571125534,278858555,1849984089,1148302,288299623,0.0
2026-06-26 20:05:16.209426,3542,0,3.0,0,894938,72555,65331,7224,9.956584659913169,7356,305,13,1571440138,278898528,1850338666,1148302,288339596,501.3609561752988
2026-06-26 20:05:16.214406,3543,0,3.0,0,894948,72555,65331,7224,9.956584659913169,7356,305,13,1571440138,278898528,1850338666,1148302,288339596,0.0
2026-06-26 20:05:16.219424,3544,0,3.0,0,894958,72572,65343,7229,9.961142038251667,7356,305,13,1571864835,279074002,1850938837,1148302,288339596,677.0777202072538
2026-06-26 20:05:16.224409,3545,0,3.0,0,894968,72572,65343,7229,9.961142038251667,7356,305,13,1571864835,279074002,1850938837,1148302,288339596,0.0
2026-06-26 20:05:16.229423,3546,0,3.0,0,894978,72588,65358,7230,9.960324020499256,7361,305,13,1572302234,279114988,1851417222,1148302,288515070,697.8843238930993
2026-06-26 20:05:16.234406,3547,0,3.0,0,894988,72588,65358,7230,9.960324020499256,7361,305,13,1572302234,279114988,1851417222,1148302,288515070,0.0
2026-06-26 20:05:16.239425,3548,0,3.0,0,894998,72604,65374,7230,9.958129028703652,7362,305,13,1572652285,279114988,1851767273,1148302,288556056,557.961346881849
2026-06-26 20:05:16.244405,3549,0,3.0,0,895008,72604,65374,7230,9.958129028703652,7362,305,13,1572652285,279114988,1851767273,1148302,288556056,0.0
2026-06-26 20:05:16.249421,3550,0,3.0,0,895018,72620,65389,7231,9.957312035251997,7363,305,13,1573065723,279153909,1852219632,1148302,288594977,659.390749601276
2026-06-26 20:05:16.254408,3551,0,3.0,0,895028,72620,65389,7231,9.957312035251997,7363,305,13,1573065723,279153909,1852219632,1148302,288594977,0.0
2026-06-26 20:05:16.259425,3552,0,3.0,0,895038,72636,65404,7232,9.956495401729171,7363,305,13,1573518069,279197964,1852716033,1148303,288594977,721.3011760015946
2026-06-26 20:05:16.264408,3553,0,3.0,0,895048,72636,65404,7232,9.956495401729171,7363,305,13,1573518069,279197964,1852716033,1148303,288594977,0.0
2026-06-26 20:05:16.269430,3554,0,3.0,0,895058,72651,65419,7232,9.954439718654939,7364,305,13,1574002700,279197964,1853200664,1148303,288639032,772.0127439267225
2026-06-26 20:05:16.274407,3555,0,3.0,0,895068,72651,65419,7232,9.954439718654939,7364,305,13,1574002700,279197964,1853200664,1148303,288639032,0.0
2026-06-26 20:05:16.279424,3556,0,3.0,0,895078,72668,65435,7233,9.953487091979964,7364,305,13,1574351882,279247123,1853599005,1148303,288639032,556.7980865058801
2026-06-26 20:05:16.284405,3557,0,3.0,0,895088,72668,65435,7233,9.953487091979964,7364,305,13,1574351882,279247123,1853599005,1148303,288639032,0.0
2026-06-26 20:05:16.289427,3558,0,3.0,0,895098,72684,65450,7234,9.952671839744648,7365,305,13,1574724047,279291178,1854015225,1148303,288688191,592.8554360812425
2026-06-26 20:05:16.294417,3559,0,3.0,0,895108,72684,65450,7234,9.952671839744648,7365,305,13,1574724047,279291178,1854015225,1148303,288688191,0.0
2026-06-26 20:05:16.299420,3560,0,3.0,0,895118,72700,65463,7237,9.954607977991747,7366,305,13,1575029365,279411571,1854440936,1148303,288732246,488.2158704777134
2026-06-26 20:05:16.304406,3561,0,3.0,0,895128,72700,65463,7237,9.954607977991747,7366,305,13,1575029365,279411571,1854440936,1148303,288732246,0.0
2026-06-26 20:05:16.309423,3562,0,3.0,0,895138,72716,65478,7238,9.953792837889873,7369,305,13,1575475720,279441293,1854917013,1148303,288852639,711.7480566075344
2026-06-26 20:05:16.314408,3563,0,3.0,0,895148,72716,65478,7238,9.953792837889873,7369,305,13,1575475720,279441293,1854917013,1148303,288852639,0.0
2026-06-26 20:05:16.319425,3564,0,3.0,0,895158,72732,65494,7238,9.951603145795524,7370,305,13,1575818714,279441293,1855260007,1148303,288882361,546.9308351604544
2026-06-26 20:05:16.324404,3565,0,3.0,0,895168,72732,65494,7238,9.951603145795524,7370,305,13,1575818714,279441293,1855260007,1148303,288882361,0.0
2026-06-26 20:05:16.329420,3566,0,3.0,0,895178,72748,65506,7242,9.954912849837797,7371,305,13,1576200139,279653410,1855853549,1148303,288934608,608.3333333333334
2026-06-26 20:05:16.334411,3567,0,3.0,0,895188,72748,65506,7242,9.954912849837797,7371,305,13,1576200139,279653410,1855853549,1148303,288934608,0.0
2026-06-26 20:05:16.339424,3568,0,3.0,0,895198,72764,65520,7244,9.95547248639437,7374,305,13,1576532423,279741516,1856273939,1148303,289094478,530.2756832236186
2026-06-26 20:05:16.344405,3569,0,3.0,0,895208,72764,65520,7244,9.95547248639437,7374,305,13,1576532423,279741516,1856273939,1148303,289094478,0.0
2026-06-26 20:05:16.349427,3570,0,3.0,0,895218,72780,65533,7247,9.957405880736465,7377,305,13,1576871049,279855265,1856726314,1148303,289219481,539.4281162883314
2026-06-26 20:05:16.354410,3571,0,3.0,0,895228,72780,65533,7247,9.957405880736465,7377,305,13,1576871049,279855265,1856726314,1148303,289219481,0.0
2026-06-26 20:05:16.359425,3572,0,3.0,0,895238,72795,65542,7253,9.963596400851706,7379,305,13,1577042943,280082733,1857125676,1148303,289296333,274.20777666999004
2026-06-26 20:05:16.364404,3573,0,3.0,0,895248,72795,65542,7253,9.963596400851706,7379,305,13,1577042943,280082733,1857125676,1148303,289296333,0.0
2026-06-26 20:05:16.369422,3574,0,3.0,0,895258,72812,65556,7256,9.965390320276878,7386,305,13,1577448949,280224128,1857673077,1148303,289581163,647.2793941809485
2026-06-26 20:05:16.374412,3575,0,3.0,0,895268,72812,65556,7256,9.965390320276878,7386,305,13,1577448949,280224128,1857673077,1148303,289581163,0.0
2026-06-26 20:05:16.379423,3576,0,3.0,0,895278,72828,65571,7257,9.964574064920086,7389,305,13,1577779793,280270237,1858050030,1148303,289711305,528.188385551786
2026-06-26 20:05:16.384419,3577,0,3.0,0,895288,72828,65571,7257,9.964574064920086,7389,305,13,1577779793,280270237,1858050030,1148303,289711305,0.0
2026-06-26 20:05:16.389435,3578,0,3.0,0,895298,72843,65586,7257,9.962522136650055,7389,305,13,1578121420,280270237,1858391657,1148303,289711305,544.859649122807
2026-06-26 20:05:16.394423,3579,0,3.0,0,895308,72843,65586,7257,9.962522136650055,7389,305,13,1578121420,280270237,1858391657,1148303,289711305,0.0
2026-06-26 20:05:16.399424,3580,0,3.0,0,895318,72859,65602,7257,9.960334344418671,7389,305,13,1578544721,280270237,1858814958,1148303,289711305,677.1461707658468
2026-06-26 20:05:16.404402,3581,0,3.0,0,895328,72859,65602,7257,9.960334344418671,7389,305,13,1578544721,280270237,1858814958,1148303,289711305,0.0
2026-06-26 20:05:16.409428,3582,0,3.0,0,895338,72874,65616,7258,9.959656393226664,7390,305,13,1578812306,280305084,1859117390,1148303,289746152,425.92120970951055
2026-06-26 20:05:16.414406,3583,0,3.0,0,895348,72874,65616,7258,9.959656393226664,7390,305,13,1578812306,280305084,1859117390,1148303,289746152,0.0
2026-06-26 20:05:16.419420,3584,0,3.0,0,895358,72890,65632,7258,9.957470160515845,7390,305,13,1579034968,280305084,1859340052,1148303,289746152,355.26445951336257
2026-06-26 20:05:16.424407,3585,0,3.0,0,895368,72890,65632,7258,9.957470160515845,7390,305,13,1579034968,280305084,1859340052,1148303,289746152,0.0
2026-06-26 20:05:16.429418,3586,0,3.0,0,895378,72904,65645,7259,9.956929660923954,7390,305,13,1579265649,280329681,1859595330,1148303,289746152,368.2793853522251
2026-06-26 20:05:16.434406,3587,0,3.0,0,895388,72904,65645,7259,9.956929660923954,7390,305,13,1579265649,280329681,1859595330,1148303,289746152,0.0
2026-06-26 20:05:16.439421,3588,0,3.0,0,895398,72919,65657,7262,9.958995597855154,7391,305,13,1579513565,280401375,1859914940,1148303,289770749,395.4791625124626
2026-06-26 20:05:16.444407,3589,0,3.0,0,895408,72919,65657,7262,9.958995597855154,7391,305,13,1579513565,280401375,1859914940,1148303,289770749,0.0
2026-06-26 20:05:16.449422,3590,0,3.0,0,895418,72933,65668,7265,9.961197263241605,7394,305,13,1579708583,280517922,1860226505,1148303,289842443,311.09551345962115
2026-06-26 20:05:16.454406,3591,0,3.0,0,895428,72933,65668,7265,9.961197263241605,7394,305,13,1579708583,280517922,1860226505,1148303,289842443,0.0
2026-06-26 20:05:16.459424,3592,0,3.0,0,895438,72948,65682,7266,9.9605198223392,7397,305,13,1580048252,280518498,1860566750,1148303,289958990,541.5209246711837
2026-06-26 20:05:16.464419,3593,0,3.0,0,895448,72948,65682,7266,9.9605198223392,7397,305,13,1580048252,280518498,1860566750,1148303,289958990,0.0
2026-06-26 20:05:16.469426,3594,0,3.0,0,895458,72962,65695,7267,9.959979167237739,7399,305,13,1580231604,280531300,1860762904,1148303,289972368,292.9530657080088
2026-06-26 20:05:16.474415,3595,0,3.0,0,895468,72962,65695,7267,9.959979167237739,7399,305,13,1580231604,280531300,1860762904,1148303,289972368,0.0
2026-06-26 20:05:16.479426,3596,0,3.0,0,895478,72976,65709,7267,9.958068406051304,7399,305,13,1580447215,280531300,1860978515,1148303,289972368,344.2203153063261
2026-06-26 20:05:16.484404,3597,0,3.0,0,895488,72976,65709,7267,9.958068406051304,7399,305,13,1580447215,280531300,1860978515,1148303,289972368,0.0
2026-06-26 20:05:16.489419,3598,0,3.0,0,895498,72990,65719,7271,9.961638580627483,7400,305,13,1580615162,280646467,1861261629,1148303,289975248,267.91146560319044
2026-06-26 20:05:16.494405,3599,0,3.0,0,895508,72990,65719,7271,9.961638580627483,7400,305,13,1580615162,280646467,1861261629,1148303,289975248,0.0
2026-06-26 20:05:16.499417,3600,0,3.0,0,895518,73004,65732,7272,9.96109802202619,7403,305,13,1580924802,280666964,1861591766,1148303,290087535,494.23782920989623
2026-06-26 20:05:16.504403,3601,0,3.0,0,895528,73004,65732,7272,9.96109802202619,7403,305,13,1580924802,280666964,1861591766,1148303,290087535,0.0
2026-06-26 20:05:16.509427,3602,0,3.0,0,895538,73020,65743,7277,9.965762804711039,7405,305,13,1581198115,280928207,1862126322,1148303,290159234,435.21178343949043
2026-06-26 20:05:16.514413,3603,0,3.0,0,895548,73020,65743,7277,9.965762804711039,7405,305,13,1581198115,280928207,1862126322,1148303,290159234,0.0
2026-06-26 20:05:16.519424,3604,0,3.0,0,895558,73031,65754,7277,9.9642617518588,7409,305,13,1581493922,280928207,1862422129,1148303,290369275,472.2522450608661
2026-06-26 20:05:16.524405,3605,0,3.0,0,895568,73031,65754,7277,9.9642617518588,7409,305,13,1581493922,280928207,1862422129,1148303,290369275,0.0
2026-06-26 20:05:16.529419,3606,0,3.0,0,895578,73045,65768,7277,9.96235197481005,7409,305,13,1581797833,280928207,1862726040,1148303,290369275,484.8998803350618
2026-06-26 20:05:16.534405,3607,0,3.0,0,895588,73045,65768,7277,9.96235197481005,7409,305,13,1581797833,280928207,1862726040,1148303,290369275,0.0
2026-06-26 20:05:16.539423,3608,0,3.0,0,895598,73058,65779,7279,9.963316816775713,7409,305,13,1581973493,281013248,1862986741,1148303,290369275,280.0478278198485
2026-06-26 20:05:16.544403,3609,0,3.0,0,895608,73058,65779,7279,9.963316816775713,7409,305,13,1581973493,281013248,1862986741,1148303,290369275,0.0
2026-06-26 20:05:16.549421,3610,0,3.0,0,895618,73073,65792,7281,9.96400859414558,7411,305,13,1582320993,281092131,1863413124,1148304,290454316,554.0055799123156
2026-06-26 20:05:16.554414,3611,0,3.0,0,895628,73073,65792,7281,9.96400859414558,7411,305,13,1582320993,281092131,1863413124,1148304,290454316,0.0
2026-06-26 20:05:16.559428,3612,0,3.0,0,895638,73090,65806,7284,9.965795594472567,7413,305,13,1582712923,281225362,1863938285,1148304,290533199,625.3370562425209
2026-06-26 20:05:16.564403,3613,0,3.0,0,895648,73090,65806,7284,9.965795594472567,7413,305,13,1582712923,281225362,1863938285,1148304,290533199,0.0
2026-06-26 20:05:16.579426,3614,0,3.0,0,895678,73121,65837,7284,9.96157054744875,7416,305,13,1583456074,281225362,1864681436,1148304,290666430,395.74039805631367
2026-06-26 20:05:16.584403,3615,0,3.0,0,895688,73121,65837,7284,9.96157054744875,7416,305,13,1583456074,281225362,1864681436,1148304,290666430,0.0
2026-06-26 20:05:16.589420,3616,0,3.0,0,895698,73136,65851,7285,9.960894771384817,7416,305,13,1583818030,281268409,1865086439,1148304,290666430,577.1672314131952
2026-06-26 20:05:16.644404,3617,0,3.0,0,895808,73207,65910,7297,9.967626046689524,7426,305,13,1585377677,281788196,1867165873,1148304,291056089,226.92375963916777
2026-06-26 20:05:16.649416,3618,0,3.0,0,895818,73220,65922,7298,9.967222070472548,7429,305,13,1585831267,281832251,1867663518,1148304,291229264,724.0063846767757
2026-06-26 20:05:16.659421,3619,0,3.0,0,895838,73235,65937,7298,9.96518058305455,7430,305,13,1586162603,281832251,1867994854,1148305,291273319,264.936331834083
2026-06-26 20:05:16.664402,3620,0,3.0,0,895848,73235,65937,7298,9.96518058305455,7430,305,13,1586162603,281832251,1867994854,1148305,291273319,0.0
2026-06-26 20:05:16.669417,3621,0,3.0,0,895858,73250,65950,7300,9.965870307167235,7430,305,13,1586508543,281910134,1868418677,1148305,291273319,551.8484546360917
2026-06-26 20:05:16.684404,3622,0,3.0,0,895888,73266,65964,7302,9.96642371632135,7432,305,13,1586873633,281961101,1868834734,1148305,291351202,194.88356575698938
2026-06-26 20:05:16.689416,3623,0,3.0,0,895898,73282,65980,7302,9.964247700663192,7434,305,13,1587293212,281961101,1869254313,1148306,291402169,669.7190742218676
2026-06-26 20:05:16.694404,3624,0,3.0,0,895908,73282,65980,7302,9.964247700663192,7434,305,13,1587293212,281961101,1869254313,1148306,291402169,0.0
2026-06-26 20:05:16.704404,3625,0,3.0,0,895928,73297,65994,7303,9.963572861099362,7434,305,13,1587626624,282009260,1869635884,1148306,291402169,266.7296
2026-06-26 20:05:16.709415,3626,0,3.0,0,895938,73313,66007,7306,9.965490431437809,7437,305,13,1588007652,282177244,1870184896,1148306,291567110,608.3065256435841
2026-06-26 20:05:16.714403,3627,0,3.0,0,895948,73313,66007,7306,9.965490431437809,7437,305,13,1588007652,282177244,1870184896,1148306,291567110,0.0
2026-06-26 20:05:16.719426,3628,0,3.0,0,895958,73330,66019,7311,9.96999863630165,7439,305,13,1588399029,282356289,1870755318,1148306,291667471,623.3358550666932
2026-06-26 20:05:16.724403,3629,0,3.0,0,895968,73330,66019,7311,9.96999863630165,7439,305,13,1588399029,282356289,1870755318,1148306,291667471,0.0
2026-06-26 20:05:16.729414,3630,0,3.0,0,895978,73345,66031,7314,9.97204990115209,7443,305,13,1588706048,282501831,1871207879,1148306,291797357,490.1520654559968
2026-06-26 20:05:16.744405,3631,0,3.0,0,896008,73361,66045,7316,9.972601245893594,7448,305,13,1589143096,282626859,1871769955,1148306,292067927,233.23220599026084
2026-06-26 20:05:16.749417,3632,0,3.0,0,896018,73377,66061,7316,9.970426700464722,7448,305,13,1589526389,282626859,1872153248,1148306,292067927,611.8004788507582
2026-06-26 20:05:16.754405,3633,0,3.0,0,896028,73377,66061,7316,9.970426700464722,7448,305,13,1589526389,282626859,1872153248,1148306,292067927,0.0
2026-06-26 20:05:16.769425,3634,0,3.0,0,896058,73408,66086,7322,9.974389712292938,7450,305,13,1590229707,282861557,1873091264,1148306,292161197,374.6034620505992
2026-06-26 20:05:16.774404,3635,0,3.0,0,896068,73408,66086,7322,9.974389712292938,7450,305,13,1590229707,282861557,1873091264,1148306,292161197,0.0
2026-06-26 20:05:16.779422,3636,0,3.0,0,896078,73422,66098,7324,9.97521178938193,7455,305,13,1590588870,282930786,1873519656,1148306,292306274,572.5994420087684
2026-06-26 20:05:16.794403,3637,0,3.0,0,896108,73437,66113,7324,9.973174285441944,7456,305,13,1591028208,282930786,1873958994,1148306,292371854,234.61077364661904
2026-06-26 20:05:16.799421,3638,0,3.0,0,896118,73447,66123,7324,9.971816411834384,7456,305,13,1591246822,282930786,1874177608,1148306,292371854,348.5277002789956
2026-06-26 20:05:16.804399,3639,0,3.0,0,896128,73447,66123,7324,9.971816411834384,7456,305,13,1591246822,282930786,1874177608,1148306,292371854,0.0
2026-06-26 20:05:16.814403,3640,0,3.0,0,896148,73463,66139,7324,9.969644582987353,7456,305,13,1591682536,282930786,1874613322,1148306,292371854,348.43182726909237
2026-06-26 20:05:16.819414,3641,0,3.0,0,896158,73464,66140,7324,9.969508875095284,7456,305,13,1591706614,282930786,1874637400,1148306,292371854,38.440231490720414
2026-06-26 20:05:16.824412,3642,0,3.0,0,896168,73464,66140,7324,9.969508875095284,7456,305,13,1591706614,282930786,1874637400,1148306,292371854,0.0
2026-06-26 20:05:16.829424,3643,0,3.0,0,896178,73472,66148,7324,9.968423344947736,7456,305,13,1591886902,282930786,1874817688,1148306,292371854,287.7701516360734
2026-06-26 20:05:16.834404,3644,0,3.0,0,896188,73472,66148,7324,9.968423344947736,7456,305,13,1591886902,282930786,1874817688,1148306,292371854,0.0
2026-06-26 20:05:16.854404,3645,0,3.0,0,896228,73498,66168,7330,9.973060491441945,7463,307,13,1592306835,283057858,1875364693,1148307,292540945,167.9732
2026-06-26 20:05:16.859419,3646,0,3.0,0,896238,73514,66184,7330,9.970889898522731,7464,307,13,1592687212,283057858,1875745070,1148307,292541198,606.782851445663
2026-06-26 20:05:16.869424,3647,0,3.0,0,896258,73527,66197,7330,9.969126987365186,7464,307,13,1593047070,283057858,1876104928,1148307,292541198,287.74252873563216
2026-06-26 20:05:16.874406,3648,0,3.0,0,896268,73527,66197,7330,9.969126987365186,7464,307,13,1593047070,283057858,1876104928,1148307,292541198,0.0
2026-06-26 20:05:16.879419,3649,0,3.0,0,896278,73538,66203,7335,9.974434985993636,7465,307,13,1593185414,283275128,1876460542,1148307,292597571,220.77638140833832
2026-06-26 20:05:16.889429,3650,0,3.0,0,896298,73551,66215,7336,9.974031624315101,7470,307,13,1593569071,283275269,1876844340,1148307,292758609,306.618981018981
2026-06-26 20:05:16.894406,3651,0,3.0,0,896308,73551,66215,7336,9.974031624315101,7470,307,13,1593569071,283275269,1876844340,1148307,292758609,0.0
2026-06-26 20:05:16.899417,3652,0,3.0,0,896318,73567,66227,7340,9.977299604442209,7470,307,13,1593965648,283475023,1877440671,1148307,292758609,633.1303133107165
2026-06-26 20:05:16.914406,3653,0,3.0,0,896348,73582,66241,7341,9.976624718001686,7474,307,13,1594455900,283550836,1878006736,1148307,292958363,261.65961705250515
2026-06-26 20:05:16.919419,3654,0,3.0,0,896358,73597,66253,7344,9.978667608734051,7478,307,13,1594857345,283718365,1878575710,1148307,293201705,640.6463195691202
2026-06-26 20:05:16.939421,3655,0,3.0,0,896398,73628,66282,7346,9.977182593578531,7478,307,13,1595687699,283837192,1879524891,1148307,293201705,332.1083891610839
2026-06-26 20:05:16.944405,3656,0,3.0,0,896408,73628,66282,7346,9.977182593578531,7478,307,13,1595687699,283837192,1879524891,1148307,293201705,0.0
2026-06-26 20:05:16.949415,3657,0,3.0,0,896418,73642,66292,7350,9.980717525325222,7481,307,13,1595968666,284058270,1880026936,1148307,293402507,448.6499001996008
2026-06-26 20:05:16.954401,3658,0,3.0,0,896428,73642,66292,7350,9.980717525325222,7481,307,13,1595968666,284058270,1880026936,1148307,293402507,0.0
2026-06-26 20:05:16.959425,3659,0,3.0,0,896438,73651,66299,7352,9.982213411902078,7484,307,14,1596080189,284065336,1880145525,1148307,293466296,177.5843949044586
2026-06-26 20:05:16.964401,3660,0,3.0,0,896448,73651,66299,7352,9.982213411902078,7484,307,14,1596080189,284065336,1880145525,1148307,293466296,0.0
2026-06-26 20:05:16.969419,3661,0,3.0,0,896458,73663,66308,7355,9.98465986994828,7485,307,14,1596255305,284181439,1880436744,1148307,293466701,279.18055001992826
2026-06-26 20:05:16.974411,3662,0,3.0,0,896468,73663,66308,7355,9.98465986994828,7485,307,14,1596255305,284181439,1880436744,1148307,293466701,0.0
2026-06-26 20:05:16.979424,3663,0,3.0,0,896478,73678,66322,7356,9.983984364396429,7489,307,14,1596618201,284253127,1880871328,1148307,293654492,579.1278675443846
2026-06-26 20:05:16.984408,3664,0,3.0,0,896488,73678,66322,7356,9.983984364396429,7489,307,14,1596618201,284253127,1880871328,1148307,293654492,0.0
2026-06-26 20:05:16.989417,3665,0,3.0,0,896498,73694,66338,7356,9.981816701495374,7489,307,14,1596943538,284253127,1881196665,1148307,293654492,519.603912956678
2026-06-26 20:05:16.994406,3666,0,3.0,0,896508,73694,66338,7356,9.981816701495374,7489,307,14,1596943538,284253127,1881196665,1148307,293654492,0.0
2026-06-26 20:05:16.999422,3667,0,3.0,0,896518,73707,66351,7356,9.98005616834222,7489,307,14,1597255195,284253127,1881508322,1148307,293654492,497.06060606060606
2026-06-26 20:05:17.004402,3668,0,3.0,0,896528,73707,66351,7356,9.98005616834222,7489,307,14,1597255195,284253127,1881508322,1148307,293654492,0.0
2026-06-26 20:05:17.009420,3669,0,3.0,0,896538,73718,66359,7359,9.982636533818063,7490,307,14,1597545681,284347293,1881892974,1148307,293710865,463.11040255081707
2026-06-26 20:05:17.019426,3670,0,3.0,0,896558,73734,66374,7360,9.98182656576342,7493,307,14,1598025009,284385198,1882410207,1148307,293786563,383.2324605236858
2026-06-26 20:05:17.024404,3671,0,3.0,0,896568,73734,66374,7360,9.98182656576342,7493,307,14,1598025009,284385198,1882410207,1148307,293786563,0.0
2026-06-26 20:05:17.029413,3672,0,3.0,0,896578,73748,66388,7360,9.979931659163638,7493,307,14,1598490395,284385198,1882875593,1148307,293786563,743.2796965462168
2026-06-26 20:05:17.034406,3673,0,3.0,0,896588,73748,66388,7360,9.979931659163638,7493,307,14,1598490395,284385198,1882875593,1148307,293786563,0.0
2026-06-26 20:05:17.039420,3674,0,3.0,0,896598,73755,66395,7360,9.97898447562877,7493,307,14,1598688169,284385198,1883073367,1148307,293786563,315.554846429996
2026-06-26 20:05:17.044402,3675,0,3.0,0,896608,73755,66395,7360,9.97898447562877,7493,307,14,1598688169,284385198,1883073367,1148307,293786563,0.0
2026-06-26 20:05:17.049424,3676,0,3.0,0,896618,73760,66399,7361,9.97966377440347,7494,307,14,1598791141,284389231,1883180372,1148307,293790596,164.03345280764637
2026-06-26 20:05:17.054405,3677,0,3.0,0,896628,73760,66399,7361,9.97966377440347,7494,307,14,1598791141,284389231,1883180372,1148307,293790596,0.0
2026-06-26 20:05:17.059426,3678,0,3.0,0,896638,73770,66404,7366,9.985088789480818,7494,307,14,1598977110,284604130,1883581240,1148307,293790596,296.30591515634336
2026-06-26 20:05:17.064404,3679,0,3.0,0,896648,73770,66404,7366,9.985088789480818,7494,307,14,1598977110,284604130,1883581240,1148307,293790596,0.0
2026-06-26 20:05:17.069418,3680,0,3.0,0,896658,73785,66414,7371,9.989835332384631,7501,307,14,1599352884,284849017,1884201901,1148307,294106947,599.559633027523
2026-06-26 20:05:17.074407,3681,0,3.0,0,896668,73785,66414,7371,9.989835332384631,7501,307,14,1599352884,284849017,1884201901,1148307,294106947,0.0
2026-06-26 20:05:17.079422,3682,0,3.0,0,896678,73802,66430,7372,9.98888918999485,7505,307,14,1599936869,284896129,1884832998,1148307,294297494,931.581256231306
2026-06-26 20:05:17.084404,3683,0,3.0,0,896688,73802,66430,7372,9.98888918999485,7505,307,14,1599936869,284896129,1884832998,1148307,294297494,0.0
2026-06-26 20:05:17.089416,3684,0,3.0,0,896698,73814,66442,7372,9.98726528842767,7505,307,14,1600373142,284896129,1885269271,1148307,294297494,696.365522745411
2026-06-26 20:05:17.094408,3685,0,3.0,0,896708,73814,66442,7372,9.98726528842767,7505,307,14,1600373142,284896129,1885269271,1148307,294297494,0.0
2026-06-26 20:05:17.099419,3686,0,3.0,0,896718,73826,66452,7374,9.988350987456993,7505,307,14,1600626750,284963518,1885590268,1148307,294297494,404.8820594691678
2026-06-26 20:05:17.104399,3687,0,3.0,0,896728,73826,66452,7374,9.988350987456993,7505,307,14,1600626750,284963518,1885590268,1148307,294297494,0.0
2026-06-26 20:05:17.109421,3688,0,3.0,0,896738,73839,66463,7376,9.98930104687225,7507,307,14,1601005860,285061871,1886067731,1148307,294364883,603.9187574671446
2026-06-26 20:05:17.114404,3689,0,3.0,0,896748,73839,66463,7376,9.98930104687225,7507,307,14,1601005860,285061871,1886067731,1148307,294364883,0.0
2026-06-26 20:05:17.119421,3690,0,3.0,0,896758,73855,66478,7377,9.988490962020174,7510,307,14,1601571065,285111030,1886682095,1148307,294512395,901.2637034084114
2026-06-26 20:05:17.124406,3691,0,3.0,0,896768,73855,66478,7377,9.988490962020174,7510,307,14,1601571065,285111030,1886682095,1148307,294512395,0.0
2026-06-26 20:05:17.129421,3692,0,3.0,0,896778,73872,66493,7379,9.988899718431881,7510,307,14,1601958756,285168388,1887127144,1148307,294512395,618.4502492522432
2026-06-26 20:05:17.134403,3693,0,3.0,0,896788,73872,66493,7379,9.988899718431881,7510,307,14,1601958756,285168388,1887127144,1148307,294512395,0.0
2026-06-26 20:05:17.139416,3694,0,3.0,0,896798,73884,66504,7380,9.988630826701316,7512,307,14,1602250003,285227836,1887477839,1148307,294569753,464.78675443846
2026-06-26 20:05:17.144397,3695,0,3.0,0,896808,73884,66504,7380,9.988630826701316,7512,307,14,1602250003,285227836,1887477839,1148307,294569753,0.0
2026-06-26 20:05:17.149415,3696,0,3.0,0,896818,73888,66507,7381,9.989443482026852,7513,307,14,1602277953,285287284,1887565237,1148311,294629201,44.55958549222798
2026-06-26 20:05:17.154399,3697,0,3.0,0,896828,73888,66507,7381,9.989443482026852,7513,307,14,1602277953,285287284,1887565237,1148311,294629201,0.0
2026-06-26 20:05:17.159417,3698,0,3.0,0,896838,73890,66509,7381,9.989173095141426,7513,307,14,1602299106,285287284,1887586390,1148311,294629201,33.72339577520925
2026-06-26 20:05:17.164400,3699,0,3.0,0,896848,73890,66509,7381,9.989173095141426,7513,307,14,1602299106,285287284,1887586390,1148311,294629201,0.0
2026-06-26 20:05:17.169420,3700,0,3.0,0,896858,73893,66512,7381,9.988767542257047,7513,307,14,1602351887,285287284,1887639171,1148311,294629201,84.11314741035856
2026-06-26 20:05:17.174398,3701,0,3.0,0,896868,73893,66512,7381,9.988767542257047,7513,307,14,1602351887,285287284,1887639171,1148311,294629201,0.0
2026-06-26 20:05:17.179420,3702,0,3.0,0,896878,73900,66519,7381,9.987821380243572,7513,307,15,1602464727,285287284,1887752011,1148311,294629201,179.7530864197531
2026-06-26 20:05:17.184403,3703,0,3.0,0,896888,73900,66519,7381,9.987821380243572,7513,307,15,1602464727,285287284,1887752011,1148311,294629201,0.0
2026-06-26 20:05:17.189416,3704,0,3.0,0,896898,73912,66531,7381,9.98619980517372,7513,307,15,1602682753,285287284,1887970037,1148311,294629201,347.93696389387594
2026-06-26 20:05:17.194397,3705,0,3.0,0,896908,73912,66531,7381,9.98619980517372,7513,307,15,1602682753,285287284,1887970037,1148311,294629201,0.0
2026-06-26 20:05:17.199422,3706,0,3.0,0,896918,73920,66539,7381,9.985119047619047,7513,307,15,1602877932,285287284,1888165216,1148311,294629201,310.73273631840794
2026-06-26 20:05:17.204401,3707,0,3.0,0,896928,73920,66539,7381,9.985119047619047,7513,307,15,1602877932,285287284,1888165216,1148311,294629201,0.0
2026-06-26 20:05:17.209417,3708,0,3.0,0,896938,73933,66549,7384,9.987421043377113,7514,307,15,1603093806,285323467,1888417273,1148311,294631571,344.29665071770336
2026-06-26 20:05:17.214405,3709,0,3.0,0,896948,73933,66549,7384,9.987421043377113,7514,307,15,1603093806,285323467,1888417273,1148311,294631571,0.0
2026-06-26 20:05:17.219418,3710,0,3.0,0,896958,73949,66564,7385,9.986612395029008,7517,307,15,1603418410,285338329,1888756739,1148311,294680246,518.0195491721524
2026-06-26 20:05:17.224399,3711,0,3.0,0,896968,73949,66564,7385,9.986612395029008,7517,307,15,1603418410,285338329,1888756739,1148311,294680246,0.0
2026-06-26 20:05:17.229415,3712,0,3.0,0,896978,73959,66573,7386,9.986614205167728,7518,307,15,1603524256,285339930,1888864186,1148311,294681847,168.8133971291866
2026-06-26 20:05:17.234396,3713,0,3.0,0,896988,73959,66573,7386,9.986614205167728,7518,307,15,1603524256,285339930,1888864186,1148311,294681847,0.0
2026-06-26 20:05:17.239418,3714,0,3.0,0,896998,73965,66579,7386,9.985804096532142,7518,307,15,1603648810,285339930,1888988740,1148311,294681847,198.41338112305854
2026-06-26 20:05:17.244401,3715,0,3.0,0,897008,73965,66579,7386,9.985804096532142,7518,307,15,1603648810,285339930,1888988740,1148311,294681847,0.0
2026-06-26 20:05:17.249411,3716,0,3.0,0,897018,73969,66583,7386,9.985264097121767,7518,307,15,1603703365,285339930,1889043295,1148311,294681847,87.11377245508982
2026-06-26 20:05:17.254398,3717,0,3.0,0,897028,73969,66583,7386,9.985264097121767,7518,307,15,1603703365,285339930,1889043295,1148311,294681847,0.0
2026-06-26 20:05:17.259411,3718,0,3.0,0,897038,73973,66584,7389,9.98877968988685,7518,307,15,1603746412,285358497,1889104909,1148311,294681847,68.69658886894075
2026-06-26 20:05:17.264402,3719,0,3.0,0,897048,73973,66584,7389,9.98877968988685,7518,307,15,1603746412,285358497,1889104909,1148311,294681847,0.0
2026-06-26 20:05:17.269417,3720,0,3.0,0,897058,73979,66588,7391,9.990673028832507,7523,307,15,1603771381,285375015,1889146396,1148311,294716932,39.830907278165505
2026-06-26 20:05:17.274396,3721,0,3.0,0,897068,73979,66588,7391,9.990673028832507,7523,307,15,1603771381,285375015,1889146396,1148311,294716932,0.0
2026-06-26 20:05:17.279413,3722,0,3.0,0,897078,73982,66591,7391,9.990267903003433,7523,307,15,1603850520,285375015,1889225535,1148311,294716932,126.19334263504086
2026-06-26 20:05:17.284398,3723,0,3.0,0,897088,73982,66591,7391,9.990267903003433,7523,307,15,1603850520,285375015,1889225535,1148311,294716932,0.0
2026-06-26 20:05:17.289416,3724,0,3.0,0,897098,73988,66595,7393,9.99216089095529,7524,307,15,1603907153,285381673,1889288826,1148311,294720261,90.28776404942208
2026-06-26 20:05:17.294407,3725,0,3.0,0,897108,73988,66595,7393,9.99216089095529,7524,307,15,1603907153,285381673,1889288826,1148311,294720261,0.0
2026-06-26 20:05:17.299417,3726,0,3.0,0,897118,74002,66608,7394,9.991621848058161,7525,307,15,1604239958,285413445,1889653403,1149586,294723590,531.4251497005988
2026-06-26 20:05:17.304397,3727,0,3.0,0,897128,74002,66608,7394,9.991621848058161,7525,307,15,1604239958,285413445,1889653403,1149586,294723590,0.0
2026-06-26 20:05:17.309417,3728,0,3.0,0,897138,74016,66617,7399,9.996487246000866,7526,307,15,1604527926,285678561,1890206487,1149586,294755362,458.9131474103586
2026-06-26 20:05:17.314406,3729,0,3.0,0,897148,74016,66617,7399,9.996487246000866,7526,307,15,1604527926,285678561,1890206487,1149586,294755362,0.0
2026-06-26 20:05:17.319415,3730,0,3.0,0,897158,74025,66624,7401,9.997973657548126,7532,307,15,1604818071,285783070,1890601141,1149586,295065539,463.39788380914354
2026-06-26 20:05:17.324397,3731,0,3.0,0,897168,74025,66624,7401,9.997973657548126,7532,307,15,1604818071,285783070,1890601141,1149586,295065539,0.0
2026-06-26 20:05:17.329409,3732,0,3.0,0,897178,74030,66629,7401,9.997298392543563,7533,307,15,1604990037,285783070,1890773107,1149586,295124987,274.48683160415004
2026-06-26 20:05:17.334402,3733,0,3.0,0,897188,74030,66629,7401,9.997298392543563,7533,307,15,1604990037,285783070,1890773107,1149586,295124987,0.0
2026-06-26 20:05:17.339414,3734,0,3.0,0,897198,74033,66631,7402,9.998244026312591,7533,307,15,1605041281,285810742,1890852023,1149586,295124987,81.79409417398244
2026-06-26 20:05:17.344402,3735,0,3.0,0,897208,74033,66631,7402,9.998244026312591,7533,307,15,1605041281,285810742,1890852023,1149586,295124987,0.0
2026-06-26 20:05:17.349415,3736,0,3.0,0,897218,74038,66636,7402,9.997568816013398,7534,307,15,1605165760,285810742,1890976502,1149586,295152659,198.64991023339317
2026-06-26 20:05:17.354409,3737,0,3.0,0,897228,74038,66636,7402,9.997568816013398,7534,307,15,1605165760,285810742,1890976502,1149586,295152659,0.0
2026-06-26 20:05:17.359415,3738,0,3.0,0,897238,74038,66636,7402,9.997568816013398,7534,307,15,1605165760,285810742,1890976502,1149586,295152659,0.0
2026-06-26 20:05:17.364400,3739,0,3.0,0,897248,74038,66636,7402,9.997568816013398,7534,307,15,1605165760,285810742,1890976502,1149586,295152659,0.0
2026-06-26 20:05:17.369413,3740,0,3.0,0,897258,74043,66639,7404,9.999594830031198,7535,307,15,1605205980,285814904,1891020884,1149586,295154196,64.18511869140235
2026-06-26 20:05:17.374404,3741,0,3.0,0,897268,74043,66639,7404,9.999594830031198,7535,307,15,1605205980,285814904,1891020884,1149586,295154196,0.0
2026-06-26 20:05:17.379418,3742,0,3.0,0,897278,74050,66644,7406,10.00135043889264,7537,307,15,1605375655,285904060,1891279715,1149586,295202930,270.7219784603111
2026-06-26 20:05:17.384397,3743,0,3.0,0,897288,74050,66644,7406,10.00135043889264,7537,307,15,1605375655,285904060,1891279715,1149586,295202930,0.0
2026-06-26 20:05:17.389416,3744,0,3.0,0,897298,74056,66648,7408,10.003240790752944,7540,307,15,1605429585,285911486,1891341071,1149586,295253403,85.96134688184897
2026-06-26 20:05:17.394393,3745,0,3.0,0,897308,74056,66648,7408,10.003240790752944,7540,307,15,1605429585,285911486,1891341071,1149586,295253403,0.0
2026-06-26 20:05:17.399418,3746,0,3.0,0,897318,74062,66653,7409,10.003780616240448,7540,307,15,1605573070,285947358,1891520428,1149586,295253403,228.43383084577115
2026-06-26 20:05:17.404402,3747,0,3.0,0,897328,74062,66653,7409,10.003780616240448,7540,307,15,1605573070,285947358,1891520428,1149586,295253403,0.0
2026-06-26 20:05:17.409411,3748,0,3.0,0,897338,74067,66658,7409,10.003105296555821,7541,307,15,1605667253,285947358,1891614611,1149586,295289275,150.42204032741066
2026-06-26 20:05:17.414402,3749,0,3.0,0,897348,74067,66658,7409,10.003105296555821,7541,307,15,1605667253,285947358,1891614611,1149586,295289275,0.0
2026-06-26 20:05:17.419419,3750,0,3.0,0,897358,74075,66666,7409,10.002024974687815,7541,307,15,1605839296,285947358,1891786654,1149586,295289275,274.3360574048236
2026-06-26 20:05:17.424397,3751,0,3.0,0,897368,74075,66666,7409,10.002024974687815,7541,307,15,1605839296,285947358,1891786654,1149586,295289275,0.0
2026-06-26 20:05:17.429409,3752,0,3.0,0,897378,74079,66670,7409,10.001484901254067,7541,307,15,1605871758,285947358,1891819116,1149586,295289275,51.81484437350359
2026-06-26 20:05:17.434401,3753,0,3.0,0,897388,74079,66670,7409,10.001484901254067,7541,307,15,1605871758,285947358,1891819116,1149586,295289275,0.0
2026-06-26 20:05:17.439415,3754,0,3.0,0,897398,74085,66674,7411,10.003374502260916,7541,307,15,1605972419,286057011,1892029430,1149586,295289275,160.6078978859194
2026-06-26 20:05:17.444400,3755,0,3.0,0,897408,74085,66674,7411,10.003374502260916,7541,307,15,1605972419,286057011,1892029430,1149586,295289275,0.0
2026-06-26 20:05:17.449414,3756,0,3.0,0,897418,74098,66682,7416,10.008367297362952,7543,307,15,1606267149,286258286,1892525435,1149586,295398928,470.2512963701635
2026-06-26 20:05:17.454399,3757,0,3.0,0,897428,74098,66682,7416,10.008367297362952,7543,307,15,1606267149,286258286,1892525435,1149586,295398928,0.0
2026-06-26 20:05:17.459415,3758,0,3.0,0,897438,74104,66688,7416,10.007556946993414,7548,307,15,1606477646,286258286,1892735932,1149586,295600203,335.7208931419458
2026-06-26 20:05:17.464414,3759,0,3.0,0,897448,74104,66688,7416,10.007556946993414,7548,307,15,1606477646,286258286,1892735932,1149586,295600203,0.0
2026-06-26 20:05:17.469430,3760,0,3.0,0,897458,74116,66698,7418,10.00863511252631,7548,307,15,1606743244,286337188,1893080432,1149586,295600203,423.6012759170654
2026-06-26 20:05:17.474411,3761,0,3.0,0,897468,74116,66698,7418,10.00863511252631,7548,307,15,1606743244,286337188,1893080432,1149586,295600203,0.0
2026-06-26 20:05:17.479429,3762,0,3.0,0,897478,74123,66704,7419,10.009039029720869,7551,307,15,1606958925,286386347,1893345272,1149586,295728264,343.8517337584695
2026-06-26 20:05:17.484401,3763,0,3.0,0,897488,74123,66704,7419,10.009039029720869,7551,307,15,1606958925,286386347,1893345272,1149586,295728264,0.0
2026-06-26 20:05:17.489419,3764,0,3.0,0,897498,74129,66709,7420,10.009577897988642,7551,307,15,1606969529,286387564,1893357093,1149586,295728264,16.905540055799122
2026-06-26 20:05:17.494397,3765,0,3.0,0,897508,74129,66709,7420,10.009577897988642,7551,307,15,1606969529,286387564,1893357093,1149586,295728264,0.0
2026-06-26 20:05:17.499411,3766,0,3.0,0,897518,74130,66710,7420,10.009442870632672,7552,307,15,1606970746,286387564,1893358310,1149586,295729481,1.9417630634224172
2026-06-26 20:05:17.504398,3767,0,3.0,0,897528,74130,66710,7420,10.009442870632672,7552,307,15,1606970746,286387564,1893358310,1149586,295729481,0.0
2026-06-26 20:05:17.509436,3768,0,3.0,0,897538,74142,66721,7421,10.00917158965229,7552,307,15,1607349719,286390060,1893739779,1149586,295729481,601.7832473203653
2026-06-26 20:05:17.514404,3769,0,3.0,0,897548,74142,66721,7421,10.00917158965229,7552,307,15,1607349719,286390060,1893739779,1149586,295729481,0.0
2026-06-26 20:05:17.519425,3770,0,3.0,0,897558,74158,66737,7421,10.007012055341297,7553,307,15,1607988286,286390060,1894378346,1149586,295731977,1017.4339772953595
2026-06-26 20:05:17.524408,3771,0,3.0,0,897568,74158,66737,7421,10.007012055341297,7553,307,15,1607988286,286390060,1894378346,1149586,295731977,0.0
2026-06-26 20:05:17.529424,3772,0,3.0,0,897578,74171,66750,7421,10.005258119750307,7553,307,15,1608614848,286390060,1895004908,1149586,295731977,999.3014354066986
2026-06-26 20:05:17.534407,3773,0,3.0,0,897588,74171,66750,7421,10.005258119750307,7553,307,15,1608614848,286390060,1895004908,1149586,295731977,0.0
2026-06-26 20:05:17.539425,3774,0,3.0,0,897598,74187,66765,7422,10.004448218690607,7553,307,15,1609120414,286459737,1895580151,1149586,295731977,806.003985651654
2026-06-26 20:05:17.544415,3775,0,3.0,0,897608,74187,66765,7422,10.004448218690607,7553,307,15,1609120414,286459737,1895580151,1149586,295731977,0.0
2026-06-26 20:05:17.549426,3776,0,3.0,0,897618,74201,66778,7423,10.0039083031226,7554,307,15,1609701619,286504798,1896206417,1149587,295801654,927.886649371383
2026-06-26 20:05:17.554402,3777,0,3.0,0,897628,74201,66778,7423,10.0039083031226,7554,307,15,1609701619,286504798,1896206417,1149587,295801654,0.0
2026-06-26 20:05:17.559424,3778,0,3.0,0,897638,74217,66791,7426,10.005793820822722,7555,307,15,1610053012,286708678,1896761690,1149587,295846715,559.7658303464755
2026-06-26 20:05:17.564402,3779,0,3.0,0,897648,74217,66791,7426,10.005793820822722,7555,307,15,1610053012,286708678,1896761690,1149587,295846715,0.0
2026-06-26 20:05:17.569427,3780,0,3.0,0,897658,74232,66805,7427,10.005119086108417,7559,307,15,1610721308,286782444,1897503752,1149587,296124361,1063.953830845771
2026-06-26 20:05:17.574404,3781,0,3.0,0,897668,74232,66805,7427,10.005119086108417,7559,307,15,1610721308,286782444,1897503752,1149587,296124361,0.0
2026-06-26 20:05:17.579428,3782,0,3.0,0,897678,74245,66817,7428,10.004714122163108,7559,307,15,1611252217,286848024,1898100241,1149587,296124361,845.3964968152866
2026-06-26 20:05:17.584401,3783,0,3.0,0,897688,74245,66817,7428,10.004714122163108,7559,307,15,1611252217,286848024,1898100241,1149587,296124361,0.0
2026-06-26 20:05:17.589432,3784,0,3.0,0,897698,74261,66831,7430,10.0052517472159,7560,307,15,1611863935,286958687,1898822622,1149587,296189941,972.7179487179487
2026-06-26 20:05:17.594404,3785,0,3.0,0,897708,74261,66831,7430,10.0052517472159,7560,307,15,1611863935,286958687,1898822622,1149587,296189941,0.0
2026-06-26 20:05:17.599424,3786,0,3.0,0,897718,74277,66846,7431,10.00444282887031,7562,307,15,1612437817,287028364,1899466181,1149587,296300604,914.5529880478088
2026-06-26 20:05:17.604401,3787,0,3.0,0,897728,74277,66846,7431,10.00444282887031,7562,307,15,1612437817,287028364,1899466181,1149587,296300604,0.0
2026-06-26 20:05:17.609421,3788,0,3.0,0,897738,74290,66859,7431,10.002692152375825,7563,307,15,1613006739,287028364,1900035103,1149587,296370281,906.6486055776893
2026-06-26 20:05:17.614405,3789,0,3.0,0,897748,74290,66859,7431,10.002692152375825,7563,307,15,1613006739,287028364,1900035103,1149587,296370281,0.0
2026-06-26 20:05:17.619435,3790,0,3.0,0,897758,74305,66868,7437,10.008747728954983,7564,307,15,1613300984,287372102,1900673086,1149587,296444047,467.98409542743536
2026-06-26 20:05:17.624401,3791,0,3.0,0,897768,74305,66868,7437,10.008747728954983,7564,307,15,1613300984,287372102,1900673086,1149587,296444047,0.0
2026-06-26 20:05:17.629436,3792,0,3.0,0,897778,74318,66880,7438,10.008342528055113,7569,307,15,1613741365,287439699,1901181064,1149587,296714019,699.7116186693148
2026-06-26 20:05:17.634413,3793,0,3.0,0,897788,74318,66880,7438,10.008342528055113,7569,307,15,1613741365,287439699,1901181064,1149587,296714019,0.0
2026-06-26 20:05:17.639429,3794,0,3.0,0,897798,74333,66895,7438,10.006322898308962,7570,307,15,1614056501,287439699,1901496200,1149595,296781616,502.6092503987241
2026-06-26 20:05:17.644405,3795,0,3.0,0,897808,74333,66895,7438,10.006322898308962,7570,307,15,1614056501,287439699,1901496200,1149595,296781616,0.0
2026-06-26 20:05:17.649424,3796,0,3.0,0,897818,74344,66906,7438,10.004842354460347,7570,307,15,1614324978,287439699,1901764677,1149595,296781616,427.9370392508468
2026-06-26 20:05:17.654406,3797,0,3.0,0,897828,74344,66906,7438,10.004842354460347,7570,307,15,1614324978,287439699,1901764677,1149595,296781616,0.0
2026-06-26 20:05:17.659422,3798,0,3.0,0,897838,74354,66916,7438,10.00349678564704,7570,307,15,1614546807,287439699,1901986506,1149595,296781616,353.79425837320576
2026-06-26 20:05:17.664400,3799,0,3.0,0,897848,74354,66916,7438,10.00349678564704,7570,307,15,1614546807,287439699,1901986506,1149595,296781616,0.0
2026-06-26 20:05:17.669419,3800,0,3.0,0,897858,74364,66926,7438,10.002151578720886,7570,307,15,1614816582,287439699,1902256281,1149595,296781616,430.00597728631203
2026-06-26 20:05:17.674406,3801,0,3.0,0,897868,74364,66926,7438,10.002151578720886,7570,307,15,1614816582,287439699,1902256281,1149595,296781616,0.0
2026-06-26 20:05:17.679431,3802,0,3.0,0,897878,74377,66938,7439,10.001747852158598,7570,307,15,1615202649,287476596,1902679245,1149595,296781616,614.6340298507463
2026-06-26 20:05:17.684402,3803,0,3.0,0,897888,74377,66938,7439,10.001747852158598,7570,307,15,1615202649,287476596,1902679245,1149595,296781616,0.0
2026-06-26 20:05:17.689424,3804,0,3.0,0,897898,74392,66951,7441,10.002419615012368,7571,307,15,1615559296,287552429,1903111725,1149595,296818513,568.1354042214257
2026-06-26 20:05:17.694409,3805,0,3.0,0,897908,74392,66951,7441,10.002419615012368,7571,307,15,1615559296,287552429,1903111725,1149595,296818513,0.0
2026-06-26 20:05:17.699421,3806,0,3.0,0,897918,74406,66964,7442,10.001881568690697,7573,307,15,1615913582,287589326,1903502908,1149595,296894346,565.5003990422985
2026-06-26 20:05:17.704400,3807,0,3.0,0,897928,74406,66964,7442,10.001881568690697,7573,307,15,1615913582,287589326,1903502908,1149595,296894346,0.0
2026-06-26 20:05:17.709421,3808,0,3.0,0,897938,74422,66976,7446,10.005106017037972,7574,307,15,1616253680,287739435,1903993115,1149595,296931243,541.8809002190799
2026-06-26 20:05:17.714404,3809,0,3.0,0,897948,74422,66976,7446,10.005106017037972,7574,307,15,1616253680,287739435,1903993115,1149595,296931243,0.0
2026-06-26 20:05:17.719423,3810,0,3.0,0,897958,74438,66992,7446,10.002955479728096,7578,307,15,1616713468,287739435,1904452903,1149595,297081352,732.8758716875872
2026-06-26 20:05:17.724396,3811,0,3.0,0,897968,74438,66992,7446,10.002955479728096,7578,307,15,1616713468,287739435,1904452903,1149595,297081352,0.0
2026-06-26 20:05:17.729425,3812,0,3.0,0,897978,74448,67002,7446,10.001611863313991,7578,307,15,1616953141,287739435,1904692576,1149595,297081352,381.2654603300855
2026-06-26 20:05:17.734405,3813,0,3.0,0,897988,74448,67002,7446,10.001611863313991,7578,307,15,1616953141,287739435,1904692576,1149595,297081352,0.0
2026-06-26 20:05:17.739427,3814,0,3.0,0,897998,74461,67014,7447,10.001208686426452,7578,307,15,1617224856,287768132,1904992988,1149595,297081352,432.8395061728395
2026-06-26 20:05:17.744401,3815,0,3.0,0,898008,74461,67014,7447,10.001208686426452,7578,307,15,1617224856,287768132,1904992988,1149595,297081352,0.0
2026-06-26 20:05:17.749425,3816,0,3.0,0,898018,74476,67023,7453,10.00725065793007,7579,307,15,1617444998,287952597,1905397595,1149595,297110049,350.54458598726114
2026-06-26 20:05:17.754404,3817,0,3.0,0,898028,74476,67023,7453,10.00725065793007,7579,307,15,1617444998,287952597,1905397595,1149595,297110049,0.0
2026-06-26 20:05:17.759423,3818,0,3.0,0,898038,74489,67034,7455,10.00818912859617,7585,307,15,1617757008,288016624,1905773632,1149595,297294514,497.3261605897589
2026-06-26 20:05:17.764400,3819,0,3.0,0,898048,74489,67034,7455,10.00818912859617,7585,307,15,1617757008,288016624,1905773632,1149595,297294514,0.0
2026-06-26 20:05:17.769424,3820,0,3.0,0,898058,74500,67045,7455,10.006711409395972,7587,307,15,1617932168,288016624,1905948792,1149595,297358541,278.9171974522293
2026-06-26 20:05:17.774403,3821,0,3.0,0,898068,74500,67045,7455,10.006711409395972,7587,307,15,1617932168,288016624,1905948792,1149595,297358541,0.0
2026-06-26 20:05:17.779427,3822,0,3.0,0,898078,74511,67054,7457,10.007918293943176,7587,307,15,1618166813,288132367,1906299180,1149595,297358541,373.63853503184714
2026-06-26 20:05:17.784400,3823,0,3.0,0,898088,74511,67054,7457,10.007918293943176,7587,307,15,1618166813,288132367,1906299180,1149595,297358541,0.0
2026-06-26 20:05:17.789422,3824,0,3.0,0,898098,74527,67067,7460,10.009795107813275,7589,307,15,1618566741,288242219,1906808960,1149595,297474284,637.0816407805655
2026-06-26 20:05:17.794408,3825,0,3.0,0,898108,74527,67067,7460,10.009795107813275,7589,307,15,1618566741,288242219,1906808960,1149595,297474284,0.0
2026-06-26 20:05:17.799423,3826,0,3.0,0,898118,74532,67072,7460,10.009123597917673,7592,307,15,1618740564,288242219,1906982783,1149595,297584136,277.2849451645065
2026-06-26 20:05:17.804397,3827,0,3.0,0,898128,74532,67072,7460,10.009123597917673,7592,307,15,1618740564,288242219,1906982783,1149595,297584136,0.0
2026-06-26 20:05:17.809424,3828,0,3.0,0,898138,74541,67079,7462,10.010598194282341,7592,307,15,1618888812,288318736,1907207548,1149595,297584136,235.9228167893376
2026-06-26 20:05:17.814409,3829,0,3.0,0,898148,74541,67079,7462,10.010598194282341,7592,307,15,1618888812,288318736,1907207548,1149595,297584136,0.0
2026-06-26 20:05:17.819429,3830,0,3.0,0,898158,74556,67094,7462,10.008584151510275,7594,307,15,1619362517,288318736,1907681253,1149598,297660653,754.9083665338645
2026-06-26 20:05:17.824401,3831,0,3.0,0,898168,74556,67094,7462,10.008584151510275,7594,307,15,1619362517,288318736,1907681253,1149598,297660653,0.0
2026-06-26 20:05:17.829417,3832,0,3.0,0,898178,74569,67104,7465,10.010862422722578,7596,307,15,1619656957,288330581,1907987538,1149598,297668465,469.6012759170654
2026-06-26 20:05:17.834400,3833,0,3.0,0,898188,74569,67104,7465,10.010862422722578,7596,307,15,1619656957,288330581,1907987538,1149598,297668465,0.0
2026-06-26 20:05:17.839426,3834,0,3.0,0,898198,74585,67117,7468,10.012737145538647,7597,307,15,1620070013,288533435,1908603448,1149598,297672498,657.4707520891365
2026-06-26 20:05:17.844408,3835,0,3.0,0,898208,74585,67117,7468,10.012737145538647,7597,307,15,1620070013,288533435,1908603448,1149598,297672498,0.0
2026-06-26 20:05:17.849422,3836,0,3.0,0,898218,74600,67132,7468,10.010723860589813,7600,307,15,1620686528,288533435,1909219963,1149598,297875352,983.6697247706422
2026-06-26 20:05:17.854402,3837,0,3.0,0,898228,74600,67132,7468,10.010723860589813,7600,307,15,1620686528,288533435,1909219963,1149598,297875352,0.0
2026-06-26 20:05:17.859426,3838,0,3.0,0,898238,74615,67144,7471,10.012732024391878,7600,307,15,1621177340,288670191,1909847531,1149598,297875352,781.547770700637
2026-06-26 20:05:17.864401,3839,0,3.0,0,898248,74615,67144,7471,10.012732024391878,7600,307,15,1621177340,288670191,1909847531,1149598,297875352,0.0
2026-06-26 20:05:17.869415,3840,0,3.0,0,898258,74625,67154,7471,10.011390284757118,7603,307,15,1621518016,288670191,1910188207,1150817,298012108,543.559633027523
2026-06-26 20:05:17.874394,3841,0,3.0,0,898268,74625,67154,7471,10.011390284757118,7603,307,15,1621518016,288670191,1910188207,1150817,298012108,0.0
2026-06-26 20:05:17.879422,3842,0,3.0,0,898278,74625,67154,7471,10.011390284757118,7603,307,15,1621518016,288670191,1910188207,1150817,298012108,0.0
2026-06-26 20:05:17.884401,3843,0,3.0,0,898288,74625,67154,7471,10.011390284757118,7603,307,15,1621518016,288670191,1910188207,1150817,298012108,0.0
2026-06-26 20:05:17.889425,3844,0,3.0,0,898298,74628,67157,7471,10.010987832984938,7603,307,15,1621518340,288670191,1910188531,1150896,298012108,0.5159235668789809
2026-06-26 20:05:17.894399,3845,0,3.0,0,898308,74628,67157,7471,10.010987832984938,7603,307,15,1621518340,288670191,1910188531,1150896,298012108,0.0
2026-06-26 20:05:17.899414,3846,0,3.0,0,898318,74630,67159,7471,10.01071954977891,7603,307,15,1621518521,288670191,1910188712,1150948,298012108,0.28873379860418746
2026-06-26 20:05:17.904393,3847,0,3.0,0,898328,74630,67159,7471,10.01071954977891,7603,307,15,1621518521,288670191,1910188712,1150948,298012108,0.0
2026-06-26 20:05:17.909415,3848,0,3.0,0,898338,74630,67159,7471,10.01071954977891,7603,307,15,1621518521,288670191,1910188712,1150948,298012108,0.0
2026-06-26 20:05:17.914397,3849,0,3.0,0,898348,74630,67159,7471,10.01071954977891,7603,307,15,1621518521,288670191,1910188712,1150948,298012108,0.0
2026-06-26 20:05:17.919414,3850,0,3.0,0,898358,74631,67160,7471,10.010585413568087,7603,307,15,1621518674,288670191,1910188865,1150972,298012108,0.24397050029898346
2026-06-26 20:05:17.924395,3851,0,3.0,0,898368,74631,67160,7471,10.010585413568087,7603,307,15,1621518674,288670191,1910188865,1150972,298012108,0.0
2026-06-26 20:05:17.929414,3852,0,3.0,0,898378,74634,67163,7471,10.010183026502666,7603,307,15,1621519040,288670191,1910189231,1151049,298012108,0.5833831440526002
2026-06-26 20:05:17.934395,3853,0,3.0,0,898388,74634,67163,7471,10.010183026502666,7603,307,15,1621519040,288670191,1910189231,1151049,298012108,0.0
2026-06-26 20:05:17.939412,3854,0,3.0,0,898398,74637,67166,7471,10.009780671784773,7603,307,15,1621519814,288670191,1910190005,1151140,298012108,1.2342037073948575
2026-06-26 20:05:17.944394,3855,0,3.0,0,898408,74637,67166,7471,10.009780671784773,7603,307,15,1621519814,288670191,1910190005,1151140,298012108,0.0
2026-06-26 20:05:17.949411,3856,0,3.0,0,898418,74641,67170,7471,10.009244249139213,7603,307,15,1621520264,288670191,1910190455,1151206,298012108,0.7175602949970101
2026-06-26 20:05:17.954405,3857,0,3.0,0,898428,74641,67170,7471,10.009244249139213,7603,307,15,1621520264,288670191,1910190455,1151206,298012108,0.0
2026-06-26 20:05:17.959413,3858,0,3.0,0,898438,74645,67173,7472,10.010047558443299,7603,307,15,1621520536,288670219,1910190755,1151244,298012108,0.43450479233226835
2026-06-26 20:05:17.964397,3859,0,3.0,0,898448,74645,67173,7472,10.010047558443299,7603,307,15,1621520536,288670219,1910190755,1151244,298012108,0.0
2026-06-26 20:05:17.969414,3860,0,3.0,0,898458,74652,67179,7473,10.010448480951615,7604,307,15,1621521431,288670560,1910191991,1151389,298012136,1.427147697827387
2026-06-26 20:05:17.974397,3861,0,3.0,0,898468,74652,67179,7473,10.010448480951615,7604,307,15,1621521431,288670560,1910191991,1151389,298012136,0.0
2026-06-26 20:05:17.979410,3862,0,3.0,0,898478,74655,67182,7473,10.010046212577858,7605,307,15,1621522469,288670560,1910193029,1151481,298012477,1.656493117893477
2026-06-26 20:05:17.984393,3863,0,3.0,0,898488,74655,67182,7473,10.010046212577858,7605,307,15,1621522469,288670560,1910193029,1151481,298012477,0.0
2026-06-26 20:05:17.989409,3864,0,3.0,0,898498,74656,67183,7473,10.009912130304329,7605,307,15,1621522497,288670560,1910193057,1151504,298012477,0.044657097288676235
2026-06-26 20:05:17.994400,3865,0,3.0,0,898508,74656,67183,7473,10.009912130304329,7605,307,15,1621522497,288670560,1910193057,1151504,298012477,0.0
2026-06-26 20:05:17.999411,3866,0,3.0,0,898518,74659,67186,7473,10.009509905034893,7605,307,15,1621523198,288670560,1910193758,1151604,298012477,1.1191378966274197
2026-06-26 20:05:18.004397,3867,0,3.0,0,898528,74659,67186,7473,10.009509905034893,7605,307,15,1621523198,288670560,1910193758,1151604,298012477,0.0
2026-06-26 20:05:18.009414,3868,0,3.0,0,898538,74663,67190,7473,10.00897365495627,7605,307,15,1621523653,288670560,1910194213,1151699,298012477,0.7255331871636436
2026-06-26 20:05:18.014401,3869,0,3.0,0,898548,74663,67190,7473,10.00897365495627,7605,307,15,1621523653,288670560,1910194213,1151699,298012477,0.0
2026-06-26 20:05:18.019411,3870,0,3.0,0,898558,74666,67193,7473,10.008571505102724,7605,307,15,1621523948,288670560,1910194508,1151748,298012477,0.47105788423153694
2026-06-26 20:05:18.024395,3871,0,3.0,0,898568,74666,67193,7473,10.008571505102724,7605,307,15,1621523948,288670560,1910194508,1151748,298012477,0.0
2026-06-26 20:05:18.029408,3872,0,3.0,0,898578,74672,67199,7473,10.007767302335548,7605,307,15,1621524682,288670560,1910195242,1151864,298012477,1.1713544783562737
2026-06-26 20:05:18.034400,3873,0,3.0,0,898588,74672,67199,7473,10.007767302335548,7605,307,15,1621524682,288670560,1910195242,1151864,298012477,0.0
2026-06-26 20:05:18.039411,3874,0,3.0,0,898598,74677,67204,7473,10.007097232079488,7605,307,15,1621525484,288670560,1910196044,1151982,298012477,1.2803831570544801
2026-06-26 20:05:18.044391,3875,0,3.0,0,898608,74677,67204,7473,10.007097232079488,7605,307,15,1621525484,288670560,1910196044,1151982,298012477,0.0
2026-06-26 20:05:18.049414,3876,0,3.0,0,898618,74678,67205,7473,10.006963228795628,7605,307,15,1621525669,288670560,1910196229,1152007,298012477,0.29464463468046986
2026-06-26 20:05:18.054395,3877,0,3.0,0,898628,74678,67205,7473,10.006963228795628,7605,307,15,1621525669,288670560,1910196229,1152007,298012477,0.0
2026-06-26 20:05:18.059410,3878,0,3.0,0,898638,74681,67208,7473,10.006561240476158,7605,307,15,1621526163,288670560,1910196723,1152059,298012477,0.788035892323031
2026-06-26 20:05:18.064419,3879,0,3.0,0,898648,74681,67208,7473,10.006561240476158,7605,307,15,1621526163,288670560,1910196723,1152059,298012477,0.0
2026-06-26 20:05:18.069412,3880,0,3.0,0,898658,74682,67209,7473,10.006427251546556,7605,307,15,1621526448,288670560,1910197008,1152104,298012477,0.4566392950130182
2026-06-26 20:05:18.074399,3881,0,3.0,0,898668,74682,67209,7473,10.006427251546556,7605,307,15,1621526448,288670560,1910197008,1152104,298012477,0.0
2026-06-26 20:05:18.079418,3882,0,3.0,0,898678,74686,67213,7473,10.005891331708753,7605,307,15,1621527105,288670560,1910197665,1152214,298012477,1.0472205618649133
2026-06-26 20:05:18.084399,3883,0,3.0,0,898688,74686,67213,7473,10.005891331708753,7605,307,15,1621527105,288670560,1910197665,1152214,298012477,0.0
2026-06-26 20:05:18.089416,3884,0,3.0,0,898698,74690,67217,7473,10.005355469272995,7605,307,15,1621527719,288670560,1910198279,1152298,298012477,0.9790711580625872
2026-06-26 20:05:18.094394,3885,0,3.0,0,898708,74690,67217,7473,10.005355469272995,7605,307,15,1621527719,288670560,1910198279,1152298,298012477,0.0
2026-06-26 20:05:18.099414,3886,0,3.0,0,898718,74692,67219,7473,10.005087559578001,7605,307,15,1621528015,288670560,1910198575,1152355,298012477,0.4717131474103586
2026-06-26 20:05:18.104398,3887,0,3.0,0,898728,74692,67219,7473,10.005087559578001,7605,307,15,1621528015,288670560,1910198575,1152355,298012477,0.0
2026-06-26 20:05:18.109408,3888,0,3.0,0,898738,74694,67221,7473,10.004819664230059,7605,307,15,1621528333,288670560,1910198893,1152390,298012477,0.5077844311377245
2026-06-26 20:05:18.114406,3889,0,3.0,0,898748,74694,67221,7473,10.004819664230059,7605,307,15,1621528333,288670560,1910198893,1152390,298012477,0.0
2026-06-26 20:05:18.119415,3890,0,3.0,0,898758,74695,67222,7473,10.004685721935873,7605,307,15,1621528550,288670560,1910199110,1152441,298012477,0.3465761629067678
2026-06-26 20:05:18.124397,3891,0,3.0,0,898768,74695,67222,7473,10.004685721935873,7605,307,15,1621528550,288670560,1910199110,1152441,298012477,0.0
2026-06-26 20:05:18.129409,3892,0,3.0,0,898778,74699,67226,7473,10.004149988620998,7605,307,15,1621529036,288670560,1910199596,1152478,298012477,0.7757382282521947
2026-06-26 20:05:18.134400,3893,0,3.0,0,898788,74699,67226,7473,10.004149988620998,7605,307,15,1621529036,288670560,1910199596,1152478,298012477,0.0
2026-06-26 20:05:18.139408,3894,0,3.0,0,898798,74703,67230,7473,10.003614312678206,7605,307,15,1621529429,288670560,1910199989,1152509,298012477,0.6277955271565495
2026-06-26 20:05:18.144403,3895,0,3.0,0,898808,74703,67230,7473,10.003614312678206,7605,307,15,1621529429,288670560,1910199989,1152509,298012477,0.0
2026-06-26 20:05:18.149415,3896,0,3.0,0,898818,74706,67233,7473,10.003212593365994,7605,307,15,1621529870,288670560,1910200430,1152550,298012477,0.7039106145251397
2026-06-26 20:05:18.154393,3897,0,3.0,0,898828,74706,67233,7473,10.003212593365994,7605,307,15,1621529870,288670560,1910200430,1152550,298012477,0.0
2026-06-26 20:05:18.159422,3898,0,3.0,0,898838,74708,67235,7473,10.002944798415163,7605,307,15,1621530356,288670560,1910200916,1152600,298012477,0.7731159276198051
2026-06-26 20:05:18.164386,3899,0,3.0,0,898848,74708,67235,7473,10.002944798415163,7605,307,15,1621530356,288670560,1910200916,1152600,298012477,0.0
2026-06-26 20:05:18.169397,3900,0,3.0,0,898858,74711,67238,7473,10.002543132872,7605,307,15,1621530677,288670560,1910201237,1152645,298012477,0.5124725603671921
2026-06-26 20:05:18.174381,3901,0,3.0,0,898868,74711,67238,7473,10.002543132872,7605,307,15,1621530677,288670560,1910201237,1152645,298012477,0.0
2026-06-26 20:05:18.179397,3902,0,3.0,0,898878,74714,67241,7473,10.002141499585084,7605,307,15,1621530941,288670560,1910201501,1152654,298012477,0.42105263157894735
2026-06-26 20:05:18.184381,3903,0,3.0,0,898888,74714,67241,7473,10.002141499585084,7605,307,15,1621530941,288670560,1910201501,1152654,298012477,0.0
2026-06-26 20:05:18.189400,3904,0,3.0,0,898898,74718,67245,7473,10.001606038705532,7605,307,15,1621531370,288670560,1910201930,1152716,298012477,0.6838015540944411
2026-06-26 20:05:18.194377,3905,0,3.0,0,898908,74718,67245,7473,10.001606038705532,7605,307,15,1621531370,288670560,1910201930,1152716,298012477,0.0
2026-06-26 20:05:18.199391,3906,0,3.0,0,898918,74720,67247,7473,10.001338329764454,7605,307,15,1621531603,288670560,1910202163,1152745,298012477,0.37175907459114477
2026-06-26 20:05:18.204378,3907,0,3.0,0,898928,74720,67247,7473,10.001338329764454,7605,307,15,1621531603,288670560,1910202163,1152745,298012477,0.0
2026-06-26 20:05:18.209392,3908,0,3.0,0,898938,74723,67250,7473,10.00093679322297,7605,307,15,1621531960,288670560,1910202520,1152783,298012477,0.5696051057040287
2026-06-26 20:05:18.214377,3909,0,3.0,0,898948,74723,67250,7473,10.00093679322297,7605,307,15,1621531960,288670560,1910202520,1152783,298012477,0.0
2026-06-26 20:05:18.219392,3910,0,3.0,0,898958,74725,67252,7473,10.000669120107059,7605,307,15,1621532189,288670560,1910202749,1152816,298012477,0.36530408773678963
2026-06-26 20:05:18.224376,3911,0,3.0,0,898968,74725,67252,7473,10.000669120107059,7605,307,15,1621532189,288670560,1910202749,1152816,298012477,0.0
2026-06-26 20:05:18.229395,3912,0,3.0,0,898978,74729,67256,7473,10.000133816858249,7605,307,15,1621532727,288670560,1910203287,1152859,298012477,0.8575413428969915
2026-06-26 20:05:18.234377,3913,0,3.0,0,898988,74729,67256,7473,10.000133816858249,7605,307,15,1621532727,288670560,1910203287,1152859,298012477,0.0
2026-06-26 20:05:18.239402,3914,0,3.0,0,898998,74733,67260,7473,9.999598570912447,7605,307,15,1621533140,288670560,1910203700,1152910,298012477,0.6575124378109453
2026-06-26 20:05:18.244375,3915,0,3.0,0,899008,74733,67260,7473,9.999598570912447,7605,307,15,1621533140,288670560,1910203700,1152910,298012477,0.0
2026-06-26 20:05:18.249390,3916,0,3.0,0,899018,74738,67265,7473,9.998929594048542,7605,307,15,1621533581,288670560,1910204141,1152976,298012477,0.7034895314057826
2026-06-26 20:05:18.254384,3917,0,3.0,0,899028,74738,67265,7473,9.998929594048542,7605,307,15,1621533581,288670560,1910204141,1152976,298012477,0.0
2026-06-26 20:05:18.259395,3918,0,3.0,0,899038,74741,67268,7473,9.998528250893084,7605,307,15,1621534026,288670560,1910204586,1153014,298012477,0.7104370385152664
2026-06-26 20:05:18.264374,3919,0,3.0,0,899048,74741,67268,7473,9.998528250893084,7605,307,15,1621534026,288670560,1910204586,1153014,298012477,0.0
2026-06-26 20:05:18.269397,3920,0,3.0,0,899058,74744,67271,7473,9.998126939955046,7605,307,15,1621534466,288670560,1910205026,1153052,298012477,0.7007764284292256
2026-06-26 20:05:18.274380,3921,0,3.0,0,899068,74744,67271,7473,9.998126939955046,7605,307,15,1621534466,288670560,1910205026,1153052,298012477,0.0
2026-06-26 20:05:18.279407,3922,0,3.0,0,899078,74750,67276,7474,9.99866220735786,7605,307,15,1621534866,288670737,1910205603,1153114,298012477,0.6365625621643127
2026-06-26 20:05:18.284379,3923,0,3.0,0,899088,74750,67276,7474,9.99866220735786,7605,307,15,1621534866,288670737,1910205603,1153114,298012477,0.0
2026-06-26 20:05:18.289392,3924,0,3.0,0,899098,74754,67278,7476,10.000802632635043,7607,307,15,1621535144,288671091,1910206235,1153144,298012831,0.44364651905046876
2026-06-26 20:05:18.294396,3925,0,3.0,0,899108,74754,67278,7476,10.000802632635043,7607,307,15,1621535144,288671091,1910206235,1153144,298012831,0.0
2026-06-26 20:05:18.299408,3926,0,3.0,0,899118,74759,67283,7476,10.000133763158951,7608,307,15,1621535959,288671091,1910207050,1153279,298013008,1.300877893056664
2026-06-26 20:05:18.304376,3927,0,3.0,0,899128,74759,67283,7476,10.000133763158951,7608,307,15,1621535959,288671091,1910207050,1153279,298013008,0.0
2026-06-26 20:05:18.309398,3928,0,3.0,0,899138,74760,67284,7476,10.0,7608,307,15,1621536136,288671091,1910207227,1153296,298013008,0.2819593787335723
2026-06-26 20:05:18.314378,3929,0,3.0,0,899148,74760,67284,7476,10.0,7608,307,15,1621536136,288671091,1910207227,1153296,298013008,0.0
2026-06-26 20:05:18.319395,3930,0,3.0,0,899158,74765,67289,7476,9.999331237878687,7608,307,15,1621536924,288671091,1910208015,1153401,298013008,1.256527805461431
2026-06-26 20:05:18.324374,3931,0,3.0,0,899168,74765,67289,7476,9.999331237878687,7608,307,15,1621536924,288671091,1910208015,1153401,298013008,0.0
2026-06-26 20:05:18.329395,3932,0,3.0,0,899178,74766,67290,7476,9.999197496188108,7608,307,15,1621537065,288671091,1910208156,1153418,298013008,0.22465644293965345
2026-06-26 20:05:18.334383,3933,0,3.0,0,899188,74766,67290,7476,9.999197496188108,7608,307,15,1621537065,288671091,1910208156,1153418,298013008,0.0
2026-06-26 20:05:18.339402,3934,0,3.0,0,899198,74769,67293,7476,9.998796292581149,7608,307,15,1621537638,288671091,1910208729,1153486,298013008,0.913329348475792
2026-06-26 20:05:18.344379,3935,0,3.0,0,899208,74769,67293,7476,9.998796292581149,7608,307,15,1621537638,288671091,1910208729,1153486,298013008,0.0
2026-06-26 20:05:18.349394,3936,0,3.0,0,899218,74772,67296,7476,9.998395121168352,7608,307,15,1621538523,288671091,1910209614,1153610,298013008,1.411764705882353
2026-06-26 20:05:18.354377,3937,0,3.0,0,899228,74772,67296,7476,9.998395121168352,7608,307,15,1621538523,288671091,1910209614,1153610,298013008,0.0
2026-06-26 20:05:18.359397,3938,0,3.0,0,899238,74776,67300,7476,9.997860276024392,7608,307,15,1621538823,288671091,1910209914,1153663,298013008,0.47808764940239046
2026-06-26 20:05:18.364379,3939,0,3.0,0,899248,74776,67300,7476,9.997860276024392,7608,307,15,1621538823,288671091,1910209914,1153663,298013008,0.0
2026-06-26 20:05:18.369395,3940,0,3.0,0,899258,74778,67302,7476,9.997592874909733,7608,307,15,1621539301,288671091,1910210392,1153705,298013008,0.7623604465709729
2026-06-26 20:05:18.374383,3941,0,3.0,0,899268,74778,67302,7476,9.997592874909733,7608,307,15,1621539301,288671091,1910210392,1153705,298013008,0.0
2026-06-26 20:05:18.379398,3942,0,3.0,0,899278,74781,67304,7477,9.998529038124657,7609,307,15,1621539795,288671268,1910211063,1153763,298013185,0.788035892323031
2026-06-26 20:05:18.384386,3943,0,3.0,0,899288,74781,67304,7477,9.998529038124657,7609,307,15,1621539795,288671268,1910211063,1153763,298013185,0.0
2026-06-26 20:05:18.389400,3944,0,3.0,0,899298,74783,67306,7477,9.998261637003063,7609,307,15,1621540108,288671268,1910211376,1153831,298013185,0.49940167530913443
2026-06-26 20:05:18.394385,3945,0,3.0,0,899308,74783,67306,7477,9.998261637003063,7609,307,15,1621540108,288671268,1910211376,1153831,298013185,0.0
2026-06-26 20:05:18.399400,3946,0,3.0,0,899318,74787,67307,7480,10.00173827002019,7609,307,15,1621540285,288671611,1910211896,1153848,298013185,0.2823529411764706
2026-06-26 20:05:18.404376,3947,0,3.0,0,899328,74787,67307,7480,10.00173827002019,7609,307,15,1621540285,288671611,1910211896,1153848,298013185,0.0
2026-06-26 20:05:18.409391,3948,0,3.0,0,899338,74792,67312,7480,10.001069633115842,7612,307,15,1621540954,288671611,1910212565,1153957,298013528,1.067198404785643
2026-06-26 20:05:18.414387,3949,0,3.0,0,899348,74792,67312,7480,10.001069633115842,7612,307,15,1621540954,288671611,1910212565,1153957,298013528,0.0
2026-06-26 20:05:18.419396,3950,0,3.0,0,899358,74794,67313,7481,10.002139209027462,7612,307,15,1621541046,288671788,1910212834,1153970,298013528,0.14693551607107208
2026-06-26 20:05:18.424378,3951,0,3.0,0,899368,74794,67313,7481,10.002139209027462,7612,307,15,1621541046,288671788,1910212834,1153970,298013528,0.0
2026-06-26 20:05:18.429395,3952,0,3.0,0,899378,74799,67318,7481,10.001470607895827,7613,307,15,1621541829,288671788,1910213617,1154058,298013705,1.2485549132947977
2026-06-26 20:05:18.434377,3953,0,3.0,0,899388,74799,67318,7481,10.001470607895827,7613,307,15,1621541829,288671788,1910213617,1154058,298013705,0.0
2026-06-26 20:05:18.439396,3954,0,3.0,0,899398,74802,67321,7481,10.001069490120585,7613,307,15,1621542199,288671788,1910213987,1154101,298013705,0.5897589161187488
2026-06-26 20:05:18.444377,3955,0,3.0,0,899408,74802,67321,7481,10.001069490120585,7613,307,15,1621542199,288671788,1910213987,1154101,298013705,0.0
2026-06-26 20:05:18.449391,3956,0,3.0,0,899418,74805,67324,7481,10.000668404518414,7613,307,15,1621542599,288671788,1910214387,1154138,298013705,0.6382130035899481
2026-06-26 20:05:18.454381,3957,0,3.0,0,899428,74805,67324,7481,10.000668404518414,7613,307,15,1621542599,288671788,1910214387,1154138,298013705,0.0
2026-06-26 20:05:18.459409,3958,0,3.0,0,899438,74807,67326,7481,10.000401031988986,7613,307,15,1621542913,288671788,1910214701,1154176,298013705,0.4996022275258552
2026-06-26 20:05:18.464378,3959,0,3.0,0,899448,74807,67326,7481,10.000401031988986,7613,307,15,1621542913,288671788,1910214701,1154176,298013705,0.0
2026-06-26 20:05:18.469416,3960,0,3.0,0,899458,74808,67327,7481,10.000267351085446,7613,307,15,1621543098,288671788,1910214886,1154201,298013705,0.2937673680031759
2026-06-26 20:05:18.474383,3961,0,3.0,0,899468,74808,67327,7481,10.000267351085446,7613,307,15,1621543098,288671788,1910214886,1154201,298013705,0.0
2026-06-26 20:05:18.479402,3962,0,3.0,0,899478,74811,67330,7481,9.999866329817808,7613,307,15,1621543596,288671788,1910215384,1154263,298013705,0.793783622235505
2026-06-26 20:05:18.484375,3963,0,3.0,0,899488,74811,67330,7481,9.999866329817808,7613,307,15,1621543596,288671788,1910215384,1154263,298013705,0.0
2026-06-26 20:05:18.489394,3964,0,3.0,0,899498,74813,67332,7481,9.999599000173767,7613,307,15,1621543882,288671788,1910215670,1154304,298013705,0.4558677027296274
2026-06-26 20:05:18.494375,3965,0,3.0,0,899508,74813,67332,7481,9.999599000173767,7613,307,15,1621543882,288671788,1910215670,1154304,298013705,0.0
2026-06-26 20:05:18.499397,3966,0,3.0,0,899518,74815,67334,7481,9.999331684822563,7613,307,15,1621544352,288671788,1910216140,1154338,298013705,0.748705694942254
2026-06-26 20:05:18.504376,3967,0,3.0,0,899528,74815,67334,7481,9.999331684822563,7613,307,15,1621544352,288671788,1910216140,1154338,298013705,0.0
2026-06-26 20:05:18.509399,3968,0,3.0,0,899538,74816,67335,7481,9.999198032506417,7613,307,15,1621544637,288671788,1910216425,1154347,298013705,0.4539120047780211
2026-06-26 20:05:18.514374,3969,0,3.0,0,899548,74816,67335,7481,9.999198032506417,7613,307,15,1621544637,288671788,1910216425,1154347,298013705,0.0
2026-06-26 20:05:18.519399,3970,0,3.0,0,899558,74818,67337,7481,9.998930738592318,7613,307,15,1621544806,288671788,1910216594,1154349,298013705,0.2690547263681592
2026-06-26 20:05:18.524379,3971,0,3.0,0,899568,74818,67337,7481,9.998930738592318,7613,307,15,1621544806,288671788,1910216594,1154349,298013705,0.0
2026-06-26 20:05:18.529391,3972,0,3.0,0,899578,74820,67339,7481,9.99866345896819,7613,307,15,1621545114,288671788,1910216902,1154374,298013705,0.49162011173184356
2026-06-26 20:05:18.534377,3973,0,3.0,0,899588,74820,67339,7481,9.99866345896819,7613,307,15,1621545114,288671788,1910216902,1154374,298013705,0.0
2026-06-26 20:05:18.539392,3974,0,3.0,0,899598,74824,67343,7481,9.998128942585268,7613,307,15,1621545624,288671788,1910217412,1154436,298013705,0.8135593220338984
2026-06-26 20:05:18.544374,3975,0,3.0,0,899608,74824,67343,7481,9.998128942585268,7613,307,15,1621545624,288671788,1910217412,1154436,298013705,0.0
2026-06-26 20:05:18.549399,3976,0,3.0,0,899618,74825,67344,7481,9.997995322418978,7613,307,15,1621545809,288671788,1910217597,1154461,298013705,0.2945273631840796
2026-06-26 20:05:18.554378,3977,0,3.0,0,899628,74825,67344,7481,9.997995322418978,7613,307,15,1621545809,288671788,1910217597,1154461,298013705,0.0
2026-06-26 20:05:18.559395,3978,0,3.0,0,899638,74830,67349,7481,9.997327275157023,7613,307,15,1621546408,288671788,1910218196,1154522,298013705,0.9551524815626868
2026-06-26 20:05:18.564376,3979,0,3.0,0,899648,74830,67349,7481,9.997327275157023,7613,307,15,1621546408,288671788,1910218196,1154522,298013705,0.0
2026-06-26 20:05:18.569393,3980,0,3.0,0,899658,74832,67351,7481,9.997060081248664,7613,307,15,1621546694,288671788,1910218482,1154569,298013705,0.4560494319314331
2026-06-26 20:05:18.574379,3981,0,3.0,0,899668,74832,67351,7481,9.997060081248664,7613,307,15,1621546694,288671788,1910218482,1154569,298013705,0.0
2026-06-26 20:05:18.579396,3982,0,3.0,0,899678,74835,67354,7481,9.99665931716443,7613,307,15,1621547212,288671788,1910219000,1154644,298013705,0.825991628463225
2026-06-26 20:05:18.584379,3983,0,3.0,0,899688,74835,67354,7481,9.99665931716443,7613,307,15,1621547212,288671788,1910219000,1154644,298013705,0.0
2026-06-26 20:05:18.589394,3984,0,3.0,0,899698,74837,67356,7481,9.996392158958804,7613,307,15,1621547445,288671788,1910219233,1154674,298013705,0.37168494516450645
2026-06-26 20:05:18.594379,3985,0,3.0,0,899708,74837,67356,7481,9.996392158958804,7613,307,15,1621547445,288671788,1910219233,1154674,298013705,0.0
2026-06-26 20:05:18.599403,3986,0,3.0,0,899718,74842,67361,7481,9.995724325913258,7613,307,15,1621548274,288671788,1910220062,1154764,298013705,1.320063694267516
2026-06-26 20:05:18.604373,3987,0,3.0,0,899728,74842,67361,7481,9.995724325913258,7613,307,15,1621548274,288671788,1910220062,1154764,298013705,0.0
2026-06-26 20:05:18.609396,3988,0,3.0,0,899738,74844,67363,7481,9.99545721767944,7613,307,15,1621548688,288671788,1910220476,1154822,298013705,0.6593669122038622
2026-06-26 20:05:18.614377,3989,0,3.0,0,899748,74844,67363,7481,9.99545721767944,7613,307,15,1621548688,288671788,1910220476,1154822,298013705,0.0
2026-06-26 20:05:18.619414,3990,0,3.0,0,899758,74847,67365,7482,9.996392640987613,7613,307,15,1621548930,288671889,1910220819,1154852,298013705,0.38435576732181853
2026-06-26 20:05:18.624375,3991,0,3.0,0,899768,74847,67365,7482,9.996392640987613,7613,307,15,1621548930,288671889,1910220819,1154852,298013705,0.0
2026-06-26 20:05:18.629390,3992,0,3.0,0,899778,74851,67368,7483,9.997194426260169,7614,307,15,1621549309,288672174,1910221483,1154913,298013806,0.6045862412761714
2026-06-26 20:05:18.634380,3993,0,3.0,0,899788,74851,67368,7483,9.997194426260169,7614,307,15,1621549309,288672174,1910221483,1154913,298013806,0.0
2026-06-26 20:05:18.639395,3994,0,3.0,0,899798,74855,67371,7484,9.997996125843297,7615,307,15,1621550004,288672275,1910222279,1155013,298014091,1.1086739780658026
2026-06-26 20:05:18.644373,3995,0,3.0,0,899808,74855,67371,7484,9.997996125843297,7615,307,15,1621550004,288672275,1910222279,1155013,298014091,0.0
2026-06-26 20:05:18.649391,3996,0,3.0,0,899818,74859,67375,7484,9.997461895029321,7617,308,15,1621550527,288672275,1910222802,1155066,298014409,0.8337983260263053
2026-06-26 20:05:18.654380,3997,0,3.0,0,899828,74859,67375,7484,9.997461895029321,7617,308,15,1621550527,288672275,1910222802,1155066,298014409,0.0
2026-06-26 20:05:18.659394,3998,0,3.0,0,899838,74862,67377,7485,9.998397050573054,7618,308,15,1621551076,288672647,1910223723,1155099,298014781,0.8759473474272038
2026-06-26 20:05:18.664378,3999,0,3.0,0,899848,74862,67377,7485,9.998397050573054,7618,308,15,1621551076,288672647,1910223723,1155099,298014781,0.0
2026-06-26 20:05:18.669395,4000,0,3.0,0,899858,74867,67381,7486,9.999065008615277,7619,308,15,1621551812,288672908,1910224720,1155154,298015042,1.1736097269284433
2026-06-26 20:05:18.674376,4001,0,3.0,0,899868,74867,67381,7486,9.999065008615277,7619,308,15,1621551812,288672908,1910224720,1155154,298015042,0.0
2026-06-26 20:05:18.679388,4002,0,3.0,0,899878,74870,67384,7486,9.998664351542674,7619,308,15,1621552045,288672908,1910224953,1155218,298015042,0.37190742218675177
2026-06-26 20:05:18.684375,4003,0,3.0,0,899888,74870,67384,7486,9.998664351542674,7619,308,15,1621552045,288672908,1910224953,1155218,298015042,0.0
2026-06-26 20:05:18.689391,4004,0,3.0,0,899898,74873,67387,7486,9.998263726577004,7619,308,15,1621552376,288672908,1910225284,1155258,298015042,0.5279106858054227
2026-06-26 20:05:18.694380,4005,0,3.0,0,899908,74873,67387,7486,9.998263726577004,7619,308,15,1621552376,288672908,1910225284,1155258,298015042,0.0
2026-06-26 20:05:18.699394,4006,0,3.0,0,899918,74877,67391,7486,9.99772960989356,7619,308,15,1621553140,288672908,1910226048,1155340,298015042,1.2189868368568009
2026-06-26 20:05:18.704376,4007,0,3.0,0,899928,74877,67391,7486,9.99772960989356,7619,308,15,1621553140,288672908,1910226048,1155340,298015042,0.0
2026-06-26 20:05:18.709395,4008,0,3.0,0,899938,74880,67394,7486,9.99732905982906,7619,308,15,1621553446,288672908,1910226354,1155393,298015042,0.4877465630603706
2026-06-26 20:05:18.714378,4009,0,3.0,0,899948,74880,67394,7486,9.99732905982906,7619,308,15,1621553446,288672908,1910226354,1155393,298015042,0.0
2026-06-26 20:05:18.719393,4010,0,3.0,0,899958,74882,67396,7486,9.997062044283005,7619,308,15,1621553679,288672908,1910226587,1155431,298015042,0.37168494516450645
2026-06-26 20:05:18.724374,4011,0,3.0,0,899968,74882,67396,7486,9.997062044283005,7619,308,15,1621553679,288672908,1910226587,1155431,298015042,0.0
2026-06-26 20:05:18.729397,4012,0,3.0,0,899978,74885,67399,7486,9.996661547706482,7619,308,15,1621554210,288672908,1910227118,1155482,298015042,0.8457097352179972
2026-06-26 20:05:18.734374,4013,0,3.0,0,899988,74885,67399,7486,9.996661547706482,7619,308,15,1621554210,288672908,1910227118,1155482,298015042,0.0
2026-06-26 20:05:18.739393,4014,0,3.0,0,899998,74886,67400,7486,9.996528055978422,7619,308,15,1621554339,288672908,1910227247,1155495,298015042,0.20561864913329347
2026-06-26 20:05:18.744376,4015,0,3.0,0,900008,74886,67400,7486,9.996528055978422,7619,308,15,1621554339,288672908,1910227247,1155495,298015042,0.0
2026-06-26 20:05:18.749395,4016,0,3.0,0,900018,74889,67402,7487,9.997462911776095,7619,308,15,1621554992,288673169,1910228161,1155552,298015042,1.0408447897987647
2026-06-26 20:05:18.754384,4017,0,3.0,0,900028,74889,67402,7487,9.997462911776095,7619,308,15,1621554992,288673169,1910228161,1155552,298015042,0.0
2026-06-26 20:05:18.759398,4018,0,3.0,0,900038,74894,67406,7488,9.998130691377147,7620,308,15,1621555567,288673270,1910228837,1155628,298015303,0.9174311926605505
2026-06-26 20:05:18.764374,4019,0,3.0,0,900048,74894,67406,7488,9.998130691377147,7620,308,15,1621555567,288673270,1910228837,1155628,298015303,0.0
2026-06-26 20:05:18.769388,4020,0,3.0,0,900058,74897,67408,7489,9.99906538312616,7621,308,15,1621555845,288673399,1910229244,1155667,298015404,0.44355803749501393
2026-06-26 20:05:18.774380,4021,0,3.0,0,900068,74897,67408,7489,9.99906538312616,7621,308,15,1621555845,288673399,1910229244,1155667,298015404,0.0
2026-06-26 20:05:18.779410,4022,0,3.0,0,900078,74900,67410,7490,10.0,7622,308,15,1621556630,288673576,1910230206,1155761,298015533,1.2485089463220675
2026-06-26 20:05:18.784374,4023,0,3.0,0,900088,74900,67410,7490,10.0,7622,308,15,1621556630,288673576,1910230206,1155761,298015533,0.0
2026-06-26 20:05:18.789391,4024,0,3.0,0,900098,74902,67412,7490,9.999732984432992,7623,308,15,1621557179,288673576,1910230755,1155786,298015710,0.8754235598963525
2026-06-26 20:05:18.794380,4025,0,3.0,0,900108,74902,67412,7490,9.999732984432992,7623,308,15,1621557179,288673576,1910230755,1155786,298015710,0.0
2026-06-26 20:05:18.799394,4026,0,3.0,0,900118,74907,67417,7490,9.999065507896459,7623,308,15,1621558099,288673576,1910231675,1155937,298015710,1.4678899082568808
2026-06-26 20:05:18.804375,4027,0,3.0,0,900128,74907,67417,7490,9.999065507896459,7623,308,15,1621558099,288673576,1910231675,1155937,298015710,0.0
2026-06-26 20:05:18.809392,4028,0,3.0,0,900138,74909,67418,7491,10.00013349530764,7623,308,15,1621558200,288673687,1910231887,1155950,298015710,0.1610524217659956
2026-06-26 20:05:18.814377,4029,0,3.0,0,900148,74909,67418,7491,10.00013349530764,7623,308,15,1621558200,288673687,1910231887,1155950,298015710,0.0
2026-06-26 20:05:18.819396,4030,0,3.0,0,900158,74913,67422,7491,9.999599535461135,7624,308,15,1621558902,288673687,1910232589,1156052,298015821,1.1189479976090855
2026-06-26 20:05:18.824386,4031,0,3.0,0,900168,74913,67422,7491,9.999599535461135,7624,308,15,1621558902,288673687,1910232589,1156052,298015821,0.0
2026-06-26 20:05:18.829396,4032,0,3.0,0,900178,74916,67425,7491,9.999199102995354,7624,308,15,1621559420,288673687,1910233107,1156090,298015821,0.8271457085828343
2026-06-26 20:05:18.834376,4033,0,3.0,0,900188,74916,67425,7491,9.999199102995354,7624,308,15,1621559420,288673687,1910233107,1156090,298015821,0.0
2026-06-26 20:05:18.839395,4034,0,3.0,0,900198,74920,67428,7492,10.0,7624,308,15,1621559545,288673864,1910233409,1156128,298015821,0.19924287706714486
2026-06-26 20:05:18.844375,4035,0,3.0,0,900208,74920,67428,7492,10.0,7624,308,15,1621559545,288673864,1910233409,1156128,298015821,0.0
2026-06-26 20:05:18.849393,4036,0,3.0,0,900218,74922,67430,7492,9.999733055711273,7625,308,15,1621559983,288673864,1910233847,1156166,298015998,0.6982861697887605
2026-06-26 20:05:18.854378,4037,0,3.0,0,900228,74922,67430,7492,9.999733055711273,7625,308,15,1621559983,288673864,1910233847,1156166,298015998,0.0
2026-06-26 20:05:18.859399,4038,0,3.0,0,900238,74925,67433,7492,9.999332665999333,7625,308,15,1621560397,288673864,1910234261,1156247,298015998,0.6596295558653654
2026-06-26 20:05:18.869399,4039,0,3.0,0,900258,74927,67435,7492,9.999065757337142,7625,308,15,1621560675,288673864,1910234539,1156286,298015998,0.2224
2026-06-26 20:05:18.874378,4040,0,3.0,0,900268,74927,67435,7492,9.999065757337142,7625,308,15,1621560675,288673864,1910234539,1156286,298015998,0.0
2026-06-26 20:05:18.879395,4041,0,3.0,0,900278,74931,67439,7492,9.99853198275747,7625,308,15,1621561563,288673864,1910235427,1156380,298015998,1.4159856487941
2026-06-26 20:05:18.884376,4042,0,3.0,0,900288,74931,67439,7492,9.99853198275747,7625,308,15,1621561563,288673864,1910235427,1156380,298015998,0.0
2026-06-26 20:05:18.909391,4043,0,3.0,0,900338,74942,67449,7493,9.998398761709055,7626,308,15,1621563439,288674041,1910237480,1156570,298016175,0.5999600239856087
2026-06-26 20:05:18.914384,4044,0,3.0,0,900348,74942,67449,7493,9.998398761709055,7626,308,15,1621563439,288674041,1910237480,1156570,298016175,0.0
2026-06-26 20:05:18.939410,4045,0,3.0,0,900398,74950,67457,7493,9.99733155436958,7626,308,15,1621564850,288674041,1910238891,1156737,298016175,0.45105090705666107
2026-06-26 20:05:18.944375,4046,0,3.0,0,900408,74950,67457,7493,9.99733155436958,7626,308,15,1621564850,288674041,1910238891,1156737,298016175,0.0
2026-06-26 20:05:18.949392,4047,0,3.0,0,900418,74952,67459,7493,9.99706478813107,7626,308,15,1621565360,288674041,1910239401,1156809,298016175,0.8132350009966115
2026-06-26 20:05:18.954379,4048,0,3.0,0,900428,74952,67459,7493,9.99706478813107,7626,308,15,1621565360,288674041,1910239401,1156809,298016175,0.0
2026-06-26 20:05:18.964381,4049,0,3.0,0,900448,74956,67463,7493,9.996531298361704,7626,308,15,1621566052,288674041,1910240093,1156890,298016175,0.553489302139572
2026-06-26 20:05:18.969396,4050,0,3.0,0,900458,74959,67466,7493,9.996131218399391,7626,308,15,1621566346,288674041,1910240387,1156938,298016175,0.4689930209371884
2026-06-26 20:05:18.974379,4051,0,3.0,0,900468,74959,67466,7493,9.996131218399391,7626,308,15,1621566346,288674041,1910240387,1156938,298016175,0.0
2026-06-26 20:05:18.979390,4052,0,3.0,0,900478,74962,67469,7493,9.9957311704597,7626,308,15,1621566957,288674041,1910240998,1157024,298016175,0.9754540011973658
2026-06-26 20:05:18.984373,4053,0,3.0,0,900488,74962,67469,7493,9.9957311704597,7626,308,15,1621566957,288674041,1910240998,1157024,298016175,0.0
2026-06-26 20:05:18.989399,4054,0,3.0,0,900498,74964,67471,7493,9.995464489621684,7626,308,15,1621567167,288674041,1910241208,1157047,298016175,0.3342618384401114
2026-06-26 20:05:18.994379,4055,0,3.0,0,900508,74964,67471,7493,9.995464489621684,7626,308,15,1621567167,288674041,1910241208,1157047,298016175,0.0
2026-06-26 20:05:18.999393,4056,0,3.0,0,900518,74968,67475,7493,9.994931170632803,7626,308,15,1621567543,288674041,1910241584,1157071,298016175,0.5999202233745513
2026-06-26 20:05:19.004374,4057,0,3.0,0,900528,74968,67475,7493,9.994931170632803,7626,308,15,1621567543,288674041,1910241584,1157071,298016175,0.0
2026-06-26 20:05:19.009392,4058,0,3.0,0,900538,74971,67478,7493,9.994531218737912,7626,308,15,1621568070,288674041,1910242111,1157152,298016175,0.840175368672778
2026-06-26 20:05:19.014376,4059,0,3.0,0,900548,74971,67478,7493,9.994531218737912,7626,308,15,1621568070,288674041,1910242111,1157152,298016175,0.0
2026-06-26 20:05:19.019398,4060,0,3.0,0,900558,74976,67483,7493,9.993864703371745,7626,308,15,1621568560,288674041,1910242601,1157231,298016175,0.7805655117483075
2026-06-26 20:05:19.024377,4061,0,3.0,0,900568,74976,67483,7493,9.993864703371745,7626,308,15,1621568560,288674041,1910242601,1157231,298016175,0.0
2026-06-26 20:05:19.029398,4062,0,3.0,0,900578,74979,67485,7494,9.994798543592205,7627,308,15,1621569038,288674342,1910243380,1157271,298016476,0.7616012746464847
2026-06-26 20:05:19.034383,4063,0,3.0,0,900588,74979,67485,7494,9.994798543592205,7627,308,15,1621569038,288674342,1910243380,1157271,298016476,0.0
2026-06-26 20:05:19.039393,4064,0,3.0,0,900598,74982,67488,7494,9.994398655677363,7627,308,15,1621569533,288674342,1910243875,1157328,298016476,0.7904191616766467
2026-06-26 20:05:19.044373,4065,0,3.0,0,900608,74982,67488,7494,9.994398655677363,7627,308,15,1621569533,288674342,1910243875,1157328,298016476,0.0
2026-06-26 20:05:19.049401,4066,0,3.0,0,900618,74984,67490,7494,9.994132081510722,7627,308,15,1621569819,288674342,1910244161,1157374,298016476,0.45505171042163883
2026-06-26 20:05:19.054377,4067,0,3.0,0,900628,74984,67490,7494,9.994132081510722,7627,308,15,1621569819,288674342,1910244161,1157374,298016476,0.0
2026-06-26 20:05:19.059393,4068,0,3.0,0,900638,74987,67493,7494,9.9937322469228,7627,308,15,1621570253,288674342,1910244595,1157443,298016476,0.6921850079744817
2026-06-26 20:05:19.064377,4069,0,3.0,0,900648,74987,67493,7494,9.9937322469228,7627,308,15,1621570253,288674342,1910244595,1157443,298016476,0.0
2026-06-26 20:05:19.069400,4070,0,3.0,0,900658,74990,67496,7494,9.99333244432591,7627,308,15,1621570892,288674342,1910245234,1157533,298016476,1.0177184949233526
2026-06-26 20:05:19.074387,4071,0,3.0,0,900668,74990,67496,7494,9.99333244432591,7627,308,15,1621570892,288674342,1910245234,1157533,298016476,0.0
2026-06-26 20:05:19.079395,4072,0,3.0,0,900678,74996,67502,7494,9.992532935089873,7627,308,15,1621571672,288674342,1910246014,1157598,298016476,1.2460063897763578
2026-06-26 20:05:19.084370,4073,0,3.0,0,900688,74996,67502,7494,9.992532935089873,7627,308,15,1621571672,288674342,1910246014,1157598,298016476,0.0
2026-06-26 20:05:19.089393,4074,0,3.0,0,900698,74997,67503,7494,9.99239969598784,7627,308,15,1621572060,288674342,1910246402,1157628,298016476,0.6179573959784989
2026-06-26 20:05:19.094376,4075,0,3.0,0,900708,74997,67503,7494,9.99239969598784,7627,308,15,1621572060,288674342,1910246402,1157628,298016476,0.0
2026-06-26 20:05:19.109404,4076,0,3.0,0,900738,75003,67509,7494,9.99160033598656,7627,308,15,1621573017,288674342,1910247359,1157732,298016476,0.5094490284801704
2026-06-26 20:05:19.114377,4077,0,3.0,0,900748,75003,67509,7494,9.99160033598656,7627,308,15,1621573017,288674342,1910247359,1157732,298016476,0.0
2026-06-26 20:05:19.119394,4078,0,3.0,0,900758,75008,67512,7496,9.993600682593856,7628,308,15,1621573396,288674588,1910247984,1157785,298016577,0.6043452262308152
2026-06-26 20:05:19.124377,4079,0,3.0,0,900768,75008,67512,7496,9.993600682593856,7628,308,15,1621573396,288674588,1910247984,1157785,298016577,0.0
2026-06-26 20:05:19.139403,4080,0,3.0,0,900798,75017,67518,7499,9.996400815815083,7629,308,15,1621574366,288675091,1910249457,1157905,298016722,0.5164381738320245
2026-06-26 20:05:19.144377,4081,0,3.0,0,900808,75017,67518,7499,9.996400815815083,7629,308,15,1621574366,288675091,1910249457,1157905,298016722,0.0
2026-06-26 20:05:19.149399,4082,0,3.0,0,900818,75024,67524,7500,9.996801023672425,7633,308,15,1621575364,288675352,1910250716,1157997,298017486,1.589804858622063
2026-06-26 20:05:19.154377,4083,0,3.0,0,900828,75024,67524,7500,9.996801023672425,7633,308,15,1621575364,288675352,1910250716,1157997,298017486,0.0
2026-06-26 20:05:19.169399,4084,0,3.0,0,900858,75033,67530,7503,9.999600175922595,7635,308,15,1621576083,288676079,1910252162,1158070,298017912,0.382905072560245
2026-06-26 20:05:19.174379,4085,0,3.0,0,900868,75033,67530,7503,9.999600175922595,7635,308,15,1621576083,288676079,1910252162,1158070,298017912,0.0
2026-06-26 20:05:19.179391,4086,0,3.0,0,900878,75037,67533,7504,10.000399802763969,7637,308,15,1621576854,288676380,1910253234,1158159,298018514,1.2306464485235435
2026-06-26 20:05:19.184375,4087,0,3.0,0,900888,75037,67533,7504,10.000399802763969,7637,308,15,1621576854,288676380,1910253234,1158159,298018514,0.0
2026-06-26 20:05:19.194376,4088,0,3.0,0,900908,75041,67537,7504,9.999866739515731,7637,308,15,1621578040,288676380,1910254420,1158249,298018514,0.9487051294870513
2026-06-26 20:05:19.199407,4089,0,3.0,0,900918,75043,67539,7504,9.999600229201924,7637,308,15,1621578626,288676380,1910255006,1158309,298018514,0.9318226992645597
2026-06-26 20:05:19.204373,4090,0,3.0,0,900928,75043,67539,7504,9.999600229201924,7637,308,15,1621578626,288676380,1910255006,1158309,298018514,0.0
2026-06-26 20:05:19.209394,4091,0,3.0,0,900938,75046,67542,7504,9.999200490365908,7637,308,15,1621579088,288676380,1910255468,1158372,298018514,0.7361083449512049
2026-06-26 20:05:19.214385,4092,0,3.0,0,900948,75046,67542,7504,9.999200490365908,7637,308,15,1621579088,288676380,1910255468,1158372,298018514,0.0
2026-06-26 20:05:19.219396,4093,0,3.0,0,900958,75048,67544,7504,9.998934015563373,7637,308,15,1621579421,288676380,1910255801,1158427,298018514,0.5316304130911994
2026-06-26 20:05:19.224381,4094,0,3.0,0,900968,75048,67544,7504,9.998934015563373,7637,308,15,1621579421,288676380,1910255801,1158427,298018514,0.0
2026-06-26 20:05:19.229394,4095,0,3.0,0,900978,75052,67546,7506,10.001065927623515,7638,308,15,1621579967,288676806,1910256773,1158488,298018799,0.8713345302214243
2026-06-26 20:05:19.234380,4096,0,3.0,0,900988,75052,67546,7506,10.001065927623515,7638,308,15,1621579967,288676806,1910256773,1158488,298018799,0.0
2026-06-26 20:05:19.239398,4097,0,3.0,0,900998,75058,67552,7506,10.0002664606038,7639,308,15,1621580582,288676806,1910257388,1158571,298018940,0.9804703068951773
2026-06-26 20:05:19.244375,4098,0,3.0,0,901008,75058,67552,7506,10.0002664606038,7639,308,15,1621580582,288676806,1910257388,1158571,298018940,0.0
2026-06-26 20:05:19.249388,4099,0,3.0,0,901018,75061,67555,7506,9.99986677502298,7639,308,15,1621581013,288676806,1910257819,1158644,298018940,0.6878116896070218
2026-06-26 20:05:19.254380,4100,0,3.0,0,901028,75061,67555,7506,9.99986677502298,7639,308,15,1621581013,288676806,1910257819,1158644,298018940,0.0
2026-06-26 20:05:19.259408,4101,0,3.0,0,901038,75065,67559,7506,9.999333910610805,7639,308,15,1621581655,288676806,1910258461,1158711,298018940,1.0214797136038185
2026-06-26 20:05:19.264373,4102,0,3.0,0,901048,75065,67559,7506,9.999333910610805,7639,308,15,1621581655,288676806,1910258461,1158711,298018940,0.0
2026-06-26 20:05:19.269399,4103,0,3.0,0,901058,75069,67563,7506,9.998801102985254,7639,308,15,1621582246,288676806,1910259052,1158777,298018940,0.940708316752885
2026-06-26 20:05:19.274378,4104,0,3.0,0,901068,75069,67563,7506,9.998801102985254,7639,308,15,1621582246,288676806,1910259052,1158777,298018940,0.0
2026-06-26 20:05:19.279392,4105,0,3.0,0,901078,75072,67566,7506,9.998401534526854,7639,308,15,1621582754,288676806,1910259560,1158843,298018940,0.8105305145592342
2026-06-26 20:05:19.284374,4106,0,3.0,0,901088,75072,67566,7506,9.998401534526854,7639,308,15,1621582754,288676806,1910259560,1158843,298018940,0.0
2026-06-26 20:05:19.289392,4107,0,3.0,0,901098,75074,67567,7507,9.999467192370194,7639,308,15,1621583031,288676907,1910259938,1158880,298018940,0.44161020326823436
2026-06-26 20:05:19.294381,4108,0,3.0,0,901108,75074,67567,7507,9.999467192370194,7639,308,15,1621583031,288676907,1910259938,1158880,298018940,0.0
2026-06-26 20:05:19.299402,4109,0,3.0,0,901118,75078,67571,7507,9.998934441514159,7640,308,15,1621583541,288676907,1910260448,1158945,298019041,0.8125871340370444
2026-06-26 20:05:19.304373,4110,0,3.0,0,901128,75078,67571,7507,9.998934441514159,7640,308,15,1621583541,288676907,1910260448,1158945,298019041,0.0
2026-06-26 20:05:19.309393,4111,0,3.0,0,901138,75083,67576,7507,9.998268582768404,7640,308,15,1621584129,288676907,1910261036,1159000,298019041,0.9370517928286852
2026-06-26 20:05:19.329406,4112,0,3.0,0,901178,75093,67586,7507,9.996937131290533,7640,308,15,1621585028,288676907,1910261935,1159102,298019041,0.359366411832309
2026-06-26 20:05:19.334390,4113,0,3.0,0,901188,75093,67586,7507,9.996937131290533,7640,308,15,1621585028,288676907,1910261935,1159102,298019041,0.0
2026-06-26 20:05:19.339406,4114,0,3.0,0,901198,75095,67588,7507,9.996670883547507,7640,308,15,1621585570,288676907,1910262477,1159164,298019041,0.8644338118022329
2026-06-26 20:05:19.359406,4115,0,3.0,0,901238,75102,67595,7507,9.99573912811909,7640,308,15,1621587120,288676907,1910264027,1159344,298019041,0.62
2026-06-26 20:05:19.364387,4116,0,3.0,0,901248,75102,67595,7507,9.99573912811909,7640,308,15,1621587120,288676907,1910264027,1159344,298019041,0.0
2026-06-26 20:05:19.369413,4117,0,3.0,0,901258,75104,67597,7507,9.995472944184066,7640,308,15,1621587473,288676907,1910264380,1159364,298019041,0.5618782331874254
2026-06-26 20:05:19.374393,4118,0,3.0,0,901268,75104,67597,7507,9.995472944184066,7640,308,15,1621587473,288676907,1910264380,1159364,298019041,0.0
2026-06-26 20:05:19.379423,4119,0,3.0,0,901278,75108,67601,7507,9.9949406188422,7640,308,15,1621588139,288676907,1910265046,1159418,298019041,1.059244532803181
2026-06-26 20:05:19.384403,4120,0,3.0,0,901288,75108,67601,7507,9.9949406188422,7640,308,15,1621588139,288676907,1910265046,1159418,298019041,0.0
2026-06-26 20:05:19.389411,4121,0,3.0,0,901298,75109,67602,7507,9.994807546365948,7640,308,15,1621588400,288676907,1910265307,1159440,298019041,0.4169329073482428
2026-06-26 20:05:19.394406,4122,0,3.0,0,901308,75109,67602,7507,9.994807546365948,7640,308,15,1621588400,288676907,1910265307,1159440,298019041,0.0
2026-06-26 20:05:19.399414,4123,0,3.0,0,901318,75110,67603,7507,9.994674477433097,7640,308,15,1621589457,288676907,1910266364,1159653,298019041,1.6884984025559104
2026-06-26 20:05:19.429409,4124,0,3.0,0,901378,75118,67611,7507,9.993610053515802,7640,308,15,1621590850,288676907,1910267757,1159830,298019041,0.3715285880980163
2026-06-26 20:05:19.434396,4125,0,3.0,0,901388,75118,67611,7507,9.993610053515802,7640,308,15,1621590850,288676907,1910267757,1159830,298019041,0.0
2026-06-26 20:05:19.439410,4126,0,3.0,0,901398,75123,67616,7507,9.99294490369128,7640,308,15,1621591560,288676907,1910268467,1159928,298019041,1.1328280813721578
2026-06-26 20:05:19.459414,4127,0,3.0,0,901438,75128,67621,7507,9.9922798424023,7640,308,15,1621592230,288676907,1910269137,1159987,298019041,0.2679464107178564
2026-06-26 20:05:19.464397,4128,0,3.0,0,901448,75128,67621,7507,9.9922798424023,7640,308,15,1621592230,288676907,1910269137,1159987,298019041,0.0
2026-06-26 20:05:19.469433,4129,0,3.0,0,901458,75131,67624,7507,9.99188084811862,7640,308,15,1621592612,288676907,1910269519,1160044,298019041,0.6068308181096108
2026-06-26 20:05:19.489413,4130,0,3.0,0,901498,75140,67633,7507,9.990684056428002,7640,308,15,1621593809,288676907,1910270716,1160128,298019041,0.47927927927927927
2026-06-26 20:05:19.494393,4131,0,3.0,0,901508,75140,67633,7507,9.990684056428002,7640,308,15,1621593809,288676907,1910270716,1160128,298019041,0.0
2026-06-26 20:05:19.499411,4132,0,3.0,0,901518,75142,67635,7507,9.990418141651807,7640,308,15,1621594287,288676907,1910271194,1160168,298019041,0.7620565962534874
2026-06-26 20:05:19.504389,4133,0,3.0,0,901528,75142,67635,7507,9.990418141651807,7640,308,15,1621594287,288676907,1910271194,1160168,298019041,0.0
2026-06-26 20:05:19.519418,4134,0,3.0,0,901558,75147,67640,7507,9.989753416636725,7640,308,15,1621595587,288676907,1910272494,1160287,298019041,0.6919954754141993
2026-06-26 20:05:19.524393,4135,0,3.0,0,901568,75147,67640,7507,9.989753416636725,7640,308,15,1621595587,288676907,1910272494,1160287,298019041,0.0
2026-06-26 20:05:19.529412,4136,0,3.0,0,901578,75148,67641,7507,9.989620482248364,7640,308,15,1621595912,288676907,1910272819,1160334,298019041,0.5180314803745766
2026-06-26 20:05:19.554388,4137,0,3.0,0,901628,75154,67647,7507,9.988822950208904,7640,308,15,1621597157,288676907,1910274064,1160413,298019041,0.39878283151825755
2026-06-26 20:05:19.559410,4138,0,3.0,0,901638,75159,67652,7507,9.988158437445946,7640,308,15,1621597579,288676907,1910274486,1160455,298019041,0.672242134607726
2026-06-26 20:05:19.569417,4139,0,3.0,0,901658,75163,67656,7507,9.987626890890464,7640,308,15,1621598043,288676907,1910274950,1160551,298019041,0.37094034176076746
2026-06-26 20:05:19.574394,4140,0,3.0,0,901668,75163,67656,7507,9.987626890890464,7640,308,15,1621598043,288676907,1910274950,1160551,298019041,0.0
2026-06-26 20:05:19.579408,4141,0,3.0,0,901678,75164,67657,7507,9.987494013091373,7640,308,15,1621598228,288676907,1910275135,1160576,298019041,0.29517351416035104
2026-06-26 20:05:19.599415,4142,0,3.0,0,901718,75170,67663,7507,9.986696820540109,7640,308,15,1621599475,288676907,1910276382,1160729,298019041,0.4986254810816214
2026-06-26 20:05:19.604390,4143,0,3.0,0,901728,75170,67663,7507,9.986696820540109,7640,308,15,1621599475,288676907,1910276382,1160729,298019041,0.0
2026-06-26 20:05:19.609408,4144,0,3.0,0,901738,75173,67666,7507,9.986298271985952,7640,308,15,1621600146,288676907,1910277053,1160795,298019041,1.069748903945795
2026-06-26 20:05:19.614395,4145,0,3.0,0,901748,75173,67666,7507,9.986298271985952,7640,308,15,1621600146,288676907,1910277053,1160795,298019041,0.0
2026-06-26 20:05:19.634408,4146,0,3.0,0,901788,75182,67674,7508,9.98643292277407,7641,308,15,1621601378,288677003,1910278381,1160940,298019137,0.4924798880727527
2026-06-26 20:05:19.639411,4147,0,3.0,0,901798,75186,67678,7508,9.985901630622722,7641,308,15,1621601956,288677003,1910278959,1160967,298019137,0.924245452728363
2026-06-26 20:05:19.644391,4148,0,3.0,0,901808,75186,67678,7508,9.985901630622722,7641,308,15,1621601956,288677003,1910278959,1160967,298019137,0.0
2026-06-26 20:05:19.649409,4149,0,3.0,0,901818,75190,67682,7508,9.985370394999334,7641,308,15,1621602919,288677003,1910279922,1161084,298019137,1.5352730171383022
2026-06-26 20:05:19.664397,4150,0,3.0,0,901848,75191,67683,7508,9.985237594924925,7641,308,15,1621603104,288677003,1910280107,1161109,298019137,0.09874566319722444
2026-06-26 20:05:19.669416,4151,0,3.0,0,901858,75194,67686,7508,9.984839215894885,7641,308,15,1621603460,288677003,1910280463,1161174,298019137,0.5674437138872286
2026-06-26 20:05:19.674397,4152,0,3.0,0,901868,75194,67686,7508,9.984839215894885,7641,308,15,1621603460,288677003,1910280463,1161174,298019137,0.0
2026-06-26 20:05:19.679408,4153,0,3.0,0,901878,75199,67691,7508,9.98417532148034,7641,308,15,1621604359,288677003,1910281362,1161259,298019137,1.4352424665735382
2026-06-26 20:05:19.684388,4154,0,3.0,0,901888,75199,67691,7508,9.98417532148034,7641,308,15,1621604359,288677003,1910281362,1161259,298019137,0.0
2026-06-26 20:05:19.689412,4155,0,3.0,0,901898,75201,67693,7508,9.983909788433664,7641,308,15,1621604693,288677003,1910281696,1161313,298019137,0.5318471337579618
2026-06-26 20:05:19.694392,4156,0,3.0,0,901908,75201,67693,7508,9.983909788433664,7641,308,15,1621604693,288677003,1910281696,1161313,298019137,0.0
2026-06-26 20:05:19.699412,4157,0,3.0,0,901918,75203,67695,7508,9.983644269510524,7641,308,15,1621604940,288677003,1910281943,1161353,298019137,0.39362549800796814
2026-06-26 20:05:19.704392,4158,0,3.0,0,901928,75203,67695,7508,9.983644269510524,7641,308,15,1621604940,288677003,1910281943,1161353,298019137,0.0
2026-06-26 20:05:19.709402,4159,0,3.0,0,901938,75208,67700,7508,9.982980533985746,7641,308,15,1621605804,288677003,1910282807,1161479,298019137,1.3796407185628743
2026-06-26 20:05:19.714395,4160,0,3.0,0,901948,75208,67700,7508,9.982980533985746,7641,308,15,1621605804,288677003,1910282807,1161479,298019137,0.0
2026-06-26 20:05:19.719415,4161,0,3.0,0,901958,75211,67703,7508,9.98258233503078,7641,308,15,1621606267,288677003,1910283270,1161576,298019137,0.7378486055776893
2026-06-26 20:05:19.724389,4162,0,3.0,0,901968,75211,67703,7508,9.98258233503078,7641,308,15,1621606267,288677003,1910283270,1161576,298019137,0.0
2026-06-26 20:05:19.729428,4163,0,3.0,0,901978,75214,67706,7508,9.982184167841094,7641,308,15,1621606962,288677003,1910283965,1161664,298019137,1.1033935304623934
2026-06-26 20:05:19.734394,4164,0,3.0,0,901988,75214,67706,7508,9.982184167841094,7641,308,15,1621606962,288677003,1910283965,1161664,298019137,0.0
2026-06-26 20:05:19.739417,4165,0,3.0,0,901998,75216,67708,7508,9.98191874069347,7641,308,15,1621607264,288677003,1910284267,1161727,298019137,0.4809874576946048
2026-06-26 20:05:19.744394,4166,0,3.0,0,902008,75216,67708,7508,9.98191874069347,7641,308,15,1621607264,288677003,1910284267,1161727,298019137,0.0
2026-06-26 20:05:19.749416,4167,0,3.0,0,902018,75218,67710,7508,9.981653327660931,7641,308,15,1621607853,288677003,1910284856,1161797,298019137,0.9382716049382716
2026-06-26 20:05:19.754392,4168,0,3.0,0,902028,75218,67710,7508,9.981653327660931,7641,308,15,1621607853,288677003,1910284856,1161797,298019137,0.0
2026-06-26 20:05:19.759405,4169,0,3.0,0,902038,75222,67714,7508,9.981122543936614,7641,308,15,1621608371,288677003,1910285374,1161910,298019137,0.8266507081587872
2026-06-26 20:05:19.764390,4170,0,3.0,0,902048,75222,67714,7508,9.981122543936614,7641,308,15,1621608371,288677003,1910285374,1161910,298019137,0.0
2026-06-26 20:05:19.769406,4171,0,3.0,0,902058,75225,67717,7508,9.980724493187106,7641,308,15,1621608902,288677003,1910285905,1162002,298019137,0.84688995215311
2026-06-26 20:05:19.774395,4172,0,3.0,0,902068,75225,67717,7508,9.980724493187106,7641,308,15,1621608902,288677003,1910285905,1162002,298019137,0.0
2026-06-26 20:05:19.779413,4173,0,3.0,0,902078,75228,67720,7508,9.980326474185144,7641,308,15,1621609385,288677003,1910286388,1162046,298019137,0.7700278995615784
2026-06-26 20:05:19.784389,4174,0,3.0,0,902088,75228,67720,7508,9.980326474185144,7641,308,15,1621609385,288677003,1910286388,1162046,298019137,0.0
2026-06-26 20:05:19.789408,4175,0,3.0,0,902098,75231,67723,7508,9.979928486926932,7641,308,15,1621609827,288677003,1910286830,1162128,298019137,0.7045228133094242
2026-06-26 20:05:19.794390,4176,0,3.0,0,902108,75231,67723,7508,9.979928486926932,7641,308,15,1621609827,288677003,1910286830,1162128,298019137,0.0
2026-06-26 20:05:19.799425,4177,0,3.0,0,902118,75238,67730,7508,9.978999973417688,7641,308,15,1621610625,288677003,1910287628,1162251,298019137,1.2679245283018867
2026-06-26 20:05:19.804392,4178,0,3.0,0,902128,75238,67730,7508,9.978999973417688,7641,308,15,1621610625,288677003,1910287628,1162251,298019137,0.0
2026-06-26 20:05:19.809409,4179,0,3.0,0,902138,75240,67732,7508,9.97873471557682,7641,308,15,1621610979,288677003,1910287982,1162281,298019137,0.564480765397648
2026-06-26 20:05:19.814394,4180,0,3.0,0,902148,75240,67732,7508,9.97873471557682,7641,308,15,1621610979,288677003,1910287982,1162281,298019137,0.0
2026-06-26 20:05:19.819406,4181,0,3.0,0,902158,75242,67734,7508,9.978469471837538,7641,308,15,1621611584,288677003,1910288587,1162367,298019137,0.965682362330407
2026-06-26 20:05:19.824392,4182,0,3.0,0,902168,75242,67734,7508,9.978469471837538,7641,308,15,1621611584,288677003,1910288587,1162367,298019137,0.0
2026-06-26 20:05:19.829414,4183,0,3.0,0,902178,75247,67739,7508,9.977806424176379,7641,308,15,1621613357,288677003,1910290360,1162464,298019137,2.824372759856631
2026-06-26 20:05:19.834396,4184,0,3.0,0,902188,75247,67739,7508,9.977806424176379,7641,308,15,1621613357,288677003,1910290360,1162464,298019137,0.0
2026-06-26 20:05:19.839411,4185,0,3.0,0,902198,75249,67741,7508,9.977541229783785,7641,308,15,1621613811,288677003,1910290814,1162519,298019137,0.7242273180458624
2026-06-26 20:05:19.844391,4186,0,3.0,0,902208,75249,67741,7508,9.977541229783785,7641,308,15,1621613811,288677003,1910290814,1162519,298019137,0.0
2026-06-26 20:05:19.849408,4187,0,3.0,0,902218,75253,67745,7508,9.977010883287045,7641,308,15,1621614854,288677003,1910291857,1162590,298019137,1.663145305959737
2026-06-26 20:05:19.854392,4188,0,3.0,0,902228,75253,67745,7508,9.977010883287045,7641,308,15,1621614854,288677003,1910291857,1162590,298019137,0.0
2026-06-26 20:05:19.859412,4189,0,3.0,0,902238,75258,67750,7508,9.976348029445374,7641,308,15,1621615570,288677003,1910292573,1162665,298019137,1.141035856573705
2026-06-26 20:05:19.864388,4190,0,3.0,0,902248,75258,67750,7508,9.976348029445374,7641,308,15,1621615570,288677003,1910292573,1162665,298019137,0.0
2026-06-26 20:05:19.869409,4191,0,3.0,0,902258,75259,67751,7508,9.976215469246204,7641,308,15,1621615958,288677003,1910292961,1162730,298019137,0.6182035451105358
2026-06-26 20:05:19.874391,4192,0,3.0,0,902268,75259,67751,7508,9.976215469246204,7641,308,15,1621615958,288677003,1910292961,1162730,298019137,0.0
2026-06-26 20:05:19.879411,4193,0,3.0,0,902278,75265,67757,7508,9.975420182023518,7641,308,15,1621616560,288677003,1910293563,1162799,298019137,0.9593625498007968
2026-06-26 20:05:19.884395,4194,0,3.0,0,902288,75265,67757,7508,9.975420182023518,7641,308,15,1621616560,288677003,1910293563,1162799,298019137,0.0
2026-06-26 20:05:19.889412,4195,0,3.0,0,902298,75269,67760,7509,9.976218629183329,7642,308,15,1621617091,288677256,1910294347,1162850,298019390,0.846721148096472
2026-06-26 20:05:19.894392,4196,0,3.0,0,902308,75269,67760,7509,9.976218629183329,7642,308,15,1621617091,288677256,1910294347,1162850,298019390,0.0
2026-06-26 20:05:19.899405,4197,0,3.0,0,902318,75272,67763,7509,9.975821022425338,7642,308,15,1621617648,288677256,1910294904,1162956,298019390,0.8888888888888888
2026-06-26 20:05:19.904397,4198,0,3.0,0,902328,75272,67763,7509,9.975821022425338,7642,308,15,1621617648,288677256,1910294904,1162956,298019390,0.0
2026-06-26 20:05:19.909409,4199,0,3.0,0,902338,75276,67767,7509,9.975290929379883,7642,308,15,1621618258,288677256,1910295514,1163040,298019390,0.9736632083000798
2026-06-26 20:05:19.914390,4200,0,3.0,0,902348,75276,67767,7509,9.975290929379883,7642,308,15,1621618258,288677256,1910295514,1163040,298019390,0.0
2026-06-26 20:05:19.919410,4201,0,3.0,0,902358,75282,67773,7509,9.974495895433172,7642,308,15,1621618791,288677256,1910296047,1163159,298019390,0.8494023904382471
2026-06-26 20:05:19.924392,4202,0,3.0,0,902368,75282,67773,7509,9.974495895433172,7642,308,15,1621618791,288677256,1910296047,1163159,298019390,0.0
2026-06-26 20:05:19.929408,4203,0,3.0,0,902378,75283,67774,7509,9.974363402096092,7642,308,15,1621619108,288677256,1910296364,1163197,298019390,0.5055821371610846
2026-06-26 20:05:19.934392,4204,0,3.0,0,902388,75283,67774,7509,9.974363402096092,7642,308,15,1621619108,288677256,1910296364,1163197,298019390,0.0
2026-06-26 20:05:19.939410,4205,0,3.0,0,902398,75285,67776,7509,9.974098425981271,7642,308,15,1621619510,288677256,1910296766,1163274,298019390,0.6408927859705061
2026-06-26 20:05:19.944392,4206,0,3.0,0,902408,75285,67776,7509,9.974098425981271,7642,308,15,1621619510,288677256,1910296766,1163274,298019390,0.0
2026-06-26 20:05:19.949412,4207,0,3.0,0,902418,75288,67779,7509,9.973700988205291,7642,308,15,1621620139,288677256,1910297395,1163304,298019390,1.002390438247012
2026-06-26 20:05:19.954392,4208,0,3.0,0,902428,75288,67779,7509,9.973700988205291,7642,308,15,1621620139,288677256,1910297395,1163304,298019390,0.0
2026-06-26 20:05:19.959409,4209,0,3.0,0,902438,75291,67782,7509,9.973303582101446,7642,308,15,1621620624,288677256,1910297880,1163343,298019390,0.7733705401634443
2026-06-26 20:05:19.964388,4210,0,3.0,0,902448,75291,67782,7509,9.973303582101446,7642,308,15,1621620624,288677256,1910297880,1163343,298019390,0.0
2026-06-26 20:05:19.969405,4211,0,3.0,0,902458,75293,67784,7509,9.973038662292645,7642,308,15,1621620886,288677256,1910298142,1163365,298019390,0.4177795495315926
2026-06-26 20:05:19.974400,4212,0,3.0,0,902468,75293,67784,7509,9.973038662292645,7642,308,15,1621620886,288677256,1910298142,1163365,298019390,0.0
2026-06-26 20:05:19.979408,4213,0,3.0,0,902478,75296,67787,7509,9.972641308967276,7642,308,15,1621621501,288677256,1910298757,1163456,298019390,0.9824281150159745
2026-06-26 20:05:19.984391,4214,0,3.0,0,902488,75296,67787,7509,9.972641308967276,7642,308,15,1621621501,288677256,1910298757,1163456,298019390,0.0
2026-06-26 20:05:19.989404,4215,0,3.0,0,902498,75300,67790,7510,9.9734395750332,7643,308,15,1621621998,288677597,1910299595,1163493,298019731,0.7931378416118093
2026-06-26 20:05:19.994392,4216,0,3.0,0,902508,75300,67790,7510,9.9734395750332,7643,308,15,1621621998,288677597,1910299595,1163493,298019731,0.0
2026-06-26 20:05:19.999408,4217,0,3.0,0,902518,75303,67793,7510,9.973042242672934,7643,308,15,1621622453,288677597,1910300050,1163550,298019731,0.7256778309409888
2026-06-26 20:05:20.004392,4218,0,3.0,0,902528,75303,67793,7510,9.973042242672934,7643,308,15,1621622453,288677597,1910300050,1163550,298019731,0.0
2026-06-26 20:05:20.009410,4219,0,3.0,0,902538,75305,67795,7510,9.97277737202045,7643,308,15,1621623184,288677597,1910300781,1163602,298019731,1.1654045436428857
2026-06-26 20:05:20.014392,4220,0,3.0,0,902548,75305,67795,7510,9.97277737202045,7643,308,15,1621623184,288677597,1910300781,1163602,298019731,0.0
2026-06-26 20:05:20.019412,4221,0,3.0,0,902558,75309,67799,7510,9.972247672920899,7643,308,15,1621624185,288677597,1910301782,1163677,298019731,1.595219123505976
2026-06-26 20:05:20.024396,4222,0,3.0,0,902568,75309,67799,7510,9.972247672920899,7643,308,15,1621624185,288677597,1910301782,1163677,298019731,0.0
2026-06-26 20:05:20.029413,4223,0,3.0,0,902578,75313,67803,7510,9.971718030087768,7643,308,15,1621624467,288677597,1910302064,1163746,298019731,0.4496711181981264
2026-06-26 20:05:20.034399,4224,0,3.0,0,902588,75313,67803,7510,9.971718030087768,7643,308,15,1621624467,288677597,1910302064,1163746,298019731,0.0
2026-06-26 20:05:20.039408,4225,0,3.0,0,902598,75319,67809,7510,9.970923671317994,7643,308,15,1621625137,288677597,1910302734,1163824,298019731,1.0700738670393293
2026-06-26 20:05:20.044391,4226,0,3.0,0,902608,75319,67809,7510,9.970923671317994,7643,308,15,1621625137,288677597,1910302734,1163824,298019731,0.0
2026-06-26 20:05:20.049406,4227,0,3.0,0,902618,75322,67811,7511,9.971854172751653,7644,308,15,1621625559,288677758,1910303317,1163846,298019892,0.6731804586241276
2026-06-26 20:05:20.054393,4228,0,3.0,0,902628,75322,67811,7511,9.971854172751653,7644,308,15,1621625559,288677758,1910303317,1163846,298019892,0.0
2026-06-26 20:05:20.059407,4229,0,3.0,0,902638,75325,67814,7511,9.971457019581813,7644,308,15,1621626018,288677758,1910303776,1163852,298019892,0.7323494216194655
2026-06-26 20:05:20.064391,4230,0,3.0,0,902648,75325,67814,7511,9.971457019581813,7644,308,15,1621626018,288677758,1910303776,1163852,298019892,0.0
2026-06-26 20:05:20.074394,4231,0,3.0,0,902668,75329,67818,7511,9.970927531229673,7644,308,15,1621626810,288677758,1910304568,1163953,298019892,0.6334099770068979
2026-06-26 20:05:20.079406,4232,0,3.0,0,902678,75331,67820,7511,9.970662808140075,7644,308,15,1621627017,288677758,1910304775,1163993,298019892,0.3304070231444533
2026-06-26 20:05:20.084393,4233,0,3.0,0,902688,75331,67820,7511,9.970662808140075,7644,308,15,1621627017,288677758,1910304775,1163993,298019892,0.0
2026-06-26 20:05:20.089410,4234,0,3.0,0,902698,75335,67824,7511,9.970133404128227,7644,308,15,1621627613,288677758,1910305371,1164056,298019892,0.9503687462627068
2026-06-26 20:05:20.094390,4235,0,3.0,0,902708,75335,67824,7511,9.970133404128227,7644,308,15,1621627613,288677758,1910305371,1164056,298019892,0.0
2026-06-26 20:05:20.099416,4236,0,3.0,0,902718,75337,67826,7511,9.969868723203739,7644,308,15,1621627951,288677758,1910305709,1164066,298019892,0.5380023875845603
2026-06-26 20:05:20.104392,4237,0,3.0,0,902728,75337,67826,7511,9.969868723203739,7644,308,15,1621627951,288677758,1910305709,1164066,298019892,0.0
2026-06-26 20:05:20.109418,4238,0,3.0,0,902738,75341,67830,7511,9.96933940351203,7644,308,15,1621628477,288677758,1910306235,1164107,298019892,0.8372463191404695
2026-06-26 20:05:20.114390,4239,0,3.0,0,902748,75341,67830,7511,9.96933940351203,7644,308,15,1621628477,288677758,1910306235,1164107,298019892,0.0
2026-06-26 20:05:20.119416,4240,0,3.0,0,902758,75347,67836,7511,9.96854552935087,7644,308,15,1621629123,288677758,1910306881,1164161,298019892,1.0282530839633903
2026-06-26 20:05:20.124390,4241,0,3.0,0,902768,75347,67836,7511,9.96854552935087,7644,308,15,1621629123,288677758,1910306881,1164161,298019892,0.0
2026-06-26 20:05:20.129405,4242,0,3.0,0,902778,75348,67837,7511,9.968413229282795,7644,308,15,1621629376,288677758,1910307134,1164174,298019892,0.40358923230309074
2026-06-26 20:05:20.134390,4243,0,3.0,0,902788,75348,67837,7511,9.968413229282795,7644,308,15,1621629376,288677758,1910307134,1164174,298019892,0.0
2026-06-26 20:05:20.139408,4244,0,3.0,0,902798,75351,67840,7511,9.968016350147973,7644,308,15,1621629859,288677758,1910307617,1164211,298019892,0.7700278995615784
2026-06-26 20:05:20.144386,4245,0,3.0,0,902808,75351,67840,7511,9.968016350147973,7644,308,15,1621629859,288677758,1910307617,1164211,298019892,0.0
2026-06-26 20:05:20.149412,4246,0,3.0,0,902818,75354,67843,7511,9.967619502614328,7644,308,15,1621630206,288677758,1910307964,1164264,298019892,0.5523278949462793
2026-06-26 20:05:20.154393,4247,0,3.0,0,902828,75354,67843,7511,9.967619502614328,7644,308,15,1621630206,288677758,1910307964,1164264,298019892,0.0
2026-06-26 20:05:20.159409,4248,0,3.0,0,902838,75359,67847,7512,9.968285141787975,7645,308,15,1621630746,288677859,1910308605,1164318,298019993,0.861244019138756
2026-06-26 20:05:20.164392,4249,0,3.0,0,902848,75359,67847,7512,9.968285141787975,7645,308,15,1621630746,288677859,1910308605,1164318,298019993,0.0
2026-06-26 20:05:20.169410,4250,0,3.0,0,902858,75362,67850,7512,9.967888325681377,7645,308,15,1621631204,288677859,1910309063,1164405,298019993,0.7301713830211239
2026-06-26 20:05:20.174389,4251,0,3.0,0,902868,75362,67850,7512,9.967888325681377,7645,308,15,1621631204,288677859,1910309063,1164405,298019993,0.0
2026-06-26 20:05:20.179413,4252,0,3.0,0,902878,75363,67851,7512,9.967756060666375,7645,308,15,1621631373,288677859,1910309232,1164414,298019993,0.26910828025477707
2026-06-26 20:05:20.184394,4253,0,3.0,0,902888,75363,67851,7512,9.967756060666375,7645,308,15,1621631373,288677859,1910309232,1164414,298019993,0.0
2026-06-26 20:05:20.189406,4254,0,3.0,0,902898,75369,67856,7513,9.968289349732649,7646,308,15,1621631973,288678028,1910310001,1164441,298020162,0.9577015163607342
2026-06-26 20:05:20.204389,4255,0,3.0,0,902928,75373,67860,7513,9.967760338582782,7646,308,15,1621632361,288678028,1910310389,1164496,298020162,0.20716812387372355
2026-06-26 20:05:20.209408,4256,0,3.0,0,902938,75376,67863,7513,9.967363617066441,7646,308,15,1621633487,288678028,1910311515,1164535,298020162,1.7947798366208407
2026-06-26 20:05:20.214399,4257,0,3.0,0,902948,75376,67863,7513,9.967363617066441,7646,308,15,1621633487,288678028,1910311515,1164535,298020162,0.0
2026-06-26 20:05:20.219412,4258,0,3.0,0,902958,75379,67866,7513,9.966966927128246,7646,308,15,1621633857,288678028,1910311885,1164614,298020162,0.5904647915419908
2026-06-26 20:05:20.229407,4259,0,3.0,0,902978,75381,67868,7513,9.966702484711002,7646,308,15,1621634171,288678028,1910312199,1164649,298020162,0.2513256628314157
2026-06-26 20:05:20.234395,4260,0,3.0,0,902988,75381,67868,7513,9.966702484711002,7646,308,15,1621634171,288678028,1910312199,1164649,298020162,0.0
2026-06-26 20:05:20.239413,4261,0,3.0,0,902998,75381,67868,7513,9.966702484711002,7646,308,15,1621634171,288678028,1910312199,1164649,298020162,0.0
2026-06-26 20:05:20.244393,4262,0,3.0,0,903008,75381,67868,7513,9.966702484711002,7646,308,15,1621634171,288678028,1910312199,1164649,298020162,0.0
2026-06-26 20:05:20.249413,4263,0,3.0,0,903018,75384,67871,7513,9.966305847394672,7646,308,15,1621635281,288678028,1910313309,1164719,298020162,1.7689243027888446
2026-06-26 20:05:20.254393,4264,0,3.0,0,903028,75384,67871,7513,9.966305847394672,7646,308,15,1621635281,288678028,1910313309,1164719,298020162,0.0
2026-06-26 20:05:20.259413,4265,0,3.0,0,903038,75387,67874,7513,9.965909241646438,7646,308,15,1621635720,288678028,1910313748,1164746,298020162,0.699601593625498
2026-06-26 20:05:20.264391,4266,0,3.0,0,903048,75387,67874,7513,9.965909241646438,7646,308,15,1621635720,288678028,1910313748,1164746,298020162,0.0
2026-06-26 20:05:20.269415,4267,0,3.0,0,903058,75392,67879,7513,9.96524830220713,7646,308,15,1621636393,288678028,1910314421,1164817,298020162,1.071656050955414
2026-06-26 20:05:20.274396,4268,0,3.0,0,903068,75392,67879,7513,9.96524830220713,7646,308,15,1621636393,288678028,1910314421,1164817,298020162,0.0
2026-06-26 20:05:20.279402,4269,0,3.0,0,903078,75397,67884,7513,9.964587450429061,7646,308,15,1621642186,288678028,1910320214,1164949,298020162,9.25769077107471
2026-06-26 20:05:20.284392,4270,0,3.0,0,903088,75397,67884,7513,9.964587450429061,7646,308,15,1621642186,288678028,1910320214,1164949,298020162,0.0
2026-06-26 20:05:20.289403,4271,0,3.0,0,903098,75400,67887,7513,9.964190981432361,7646,308,15,1621642932,288678028,1910320960,1165009,298020162,1.1909798443424466
2026-06-26 20:05:20.294402,4272,0,3.0,0,903108,75400,67887,7513,9.964190981432361,7646,308,15,1621642932,288678028,1910320960,1165009,298020162,0.0
2026-06-26 20:05:20.299416,4273,0,3.0,0,903118,75404,67891,7513,9.963662405177445,7646,308,15,1621643448,288678028,1910321476,1165071,298020162,0.8232947746310331
2026-06-26 20:05:20.304392,4274,0,3.0,0,903128,75404,67891,7513,9.963662405177445,7646,308,15,1621643448,288678028,1910321476,1165071,298020162,0.0
2026-06-26 20:05:20.309407,4275,0,3.0,0,903138,75406,67892,7514,9.96472429249662,7646,308,15,1621643617,288678213,1910321830,1165076,298020162,0.2695912263210369
2026-06-26 20:05:20.314391,4276,0,3.0,0,903148,75406,67892,7514,9.96472429249662,7646,308,15,1621643617,288678213,1910321830,1165076,298020162,0.0
2026-06-26 20:05:20.319403,4277,0,3.0,0,903158,75409,67895,7514,9.964327865374159,7647,308,15,1621644304,288678213,1910322517,1165164,298020347,1.0965682362330407
2026-06-26 20:05:20.324394,4278,0,3.0,0,903168,75409,67895,7514,9.964327865374159,7647,308,15,1621644304,288678213,1910322517,1165164,298020347,0.0
2026-06-26 20:05:20.329409,4279,0,3.0,0,903178,75412,67898,7514,9.963931469792605,7647,308,15,1621644835,288678213,1910323048,1165248,298020347,0.8470588235294118
2026-06-26 20:05:20.334391,4280,0,3.0,0,903188,75412,67898,7514,9.963931469792605,7647,308,15,1621644835,288678213,1910323048,1165248,298020347,0.0
2026-06-26 20:05:20.339409,4281,0,3.0,0,903198,75415,67901,7514,9.963535105748193,7647,308,15,1621645290,288678213,1910323503,1165304,298020347,0.7253886010362695
2026-06-26 20:05:20.344392,4282,0,3.0,0,903208,75415,67901,7514,9.963535105748193,7647,308,15,1621645290,288678213,1910323503,1165304,298020347,0.0
2026-06-26 20:05:20.349419,4283,0,3.0,0,903218,75420,67905,7515,9.964200477326969,7648,308,15,1621645806,288678382,1910324188,1165381,298020516,0.8211657051919634
2026-06-26 20:05:20.354403,4284,0,3.0,0,903228,75420,67905,7515,9.964200477326969,7648,308,15,1621645806,288678382,1910324188,1165381,298020516,0.0
2026-06-26 20:05:20.359407,4285,0,3.0,0,903238,75425,67910,7515,9.963539940338084,7648,308,15,1621646252,288678382,1910324634,1165445,298020516,0.7130295763389288
2026-06-26 20:05:20.364389,4286,0,3.0,0,903248,75425,67910,7515,9.963539940338084,7648,308,15,1621646252,288678382,1910324634,1165445,298020516,0.0
2026-06-26 20:05:20.369406,4287,0,3.0,0,903258,75426,67911,7515,9.963407843449207,7648,308,15,1621646421,288678382,1910324803,1165454,298020516,0.26948375523221046
2026-06-26 20:05:20.374402,4288,0,3.0,0,903268,75426,67911,7515,9.963407843449207,7648,308,15,1621646421,288678382,1910324803,1165454,298020516,0.0
2026-06-26 20:05:20.379411,4289,0,3.0,0,903278,75428,67913,7515,9.963143660179243,7648,308,15,1621646907,288678382,1910325289,1165501,298020516,0.7762028348971851
2026-06-26 20:05:20.384394,4290,0,3.0,0,903288,75428,67913,7515,9.963143660179243,7648,308,15,1621646907,288678382,1910325289,1165501,298020516,0.0
2026-06-26 20:05:20.389421,4291,0,3.0,0,903298,75429,67914,7515,9.963011573797877,7648,308,15,1621647076,288678382,1910325458,1165510,298020516,0.26894768251442214
2026-06-26 20:05:20.404390,4292,0,3.0,0,903328,75432,67917,7515,9.96261533566656,7648,308,15,1621647655,288678382,1910326037,1165643,298020516,0.30943950831718886
2026-06-26 20:05:20.409416,4293,0,3.0,0,903338,75437,67921,7516,9.963280618264248,7648,308,15,1621648066,288678527,1910326593,1165715,298020516,0.6541981695185037
2026-06-26 20:05:20.414395,4294,0,3.0,0,903348,75437,67921,7516,9.963280618264248,7648,308,15,1621648066,288678527,1910326593,1165715,298020516,0.0
2026-06-26 20:05:20.429420,4295,0,3.0,0,903378,75444,67928,7516,9.962356184719793,7649,308,15,1621650349,288678527,1910328876,1165899,298020661,1.2155740432612312
2026-06-26 20:05:20.434392,4296,0,3.0,0,903388,75444,67928,7516,9.962356184719793,7649,308,15,1621650349,288678527,1910328876,1165899,298020661,0.0
2026-06-26 20:05:20.439409,4297,0,3.0,0,903398,75448,67932,7516,9.961828013996394,7649,308,15,1621650760,288678527,1910329287,1165936,298020661,0.6553717360972693
2026-06-26 20:05:20.459414,4298,0,3.0,0,903438,75454,67938,7516,9.961035862909853,7649,308,15,1621651649,288678527,1910330176,1166054,298020661,0.35551112221944514
2026-06-26 20:05:20.464393,4299,0,3.0,0,903448,75454,67938,7516,9.961035862909853,7649,308,15,1621651649,288678527,1910330176,1166054,298020661,0.0
2026-06-26 20:05:20.469429,4300,0,3.0,0,903458,75460,67944,7516,9.960243837794858,7649,308,15,1621652255,288678527,1910330782,1166167,298020661,0.9626687847498014
2026-06-26 20:05:20.474403,4301,0,3.0,0,903468,75460,67944,7516,9.960243837794858,7649,308,15,1621652255,288678527,1910330782,1166167,298020661,0.0
2026-06-26 20:05:20.479413,4302,0,3.0,0,903478,75463,67947,7516,9.959847872467302,7649,308,15,1621652786,288678527,1910331313,1166237,298020661,0.8479041916167664
2026-06-26 20:05:20.484391,4303,0,3.0,0,903488,75463,67947,7516,9.959847872467302,7649,308,15,1621652786,288678527,1910331313,1166237,298020661,0.0
2026-06-26 20:05:20.489419,4304,0,3.0,0,903498,75467,67951,7516,9.959319967667987,7649,308,15,1621653234,288678527,1910331761,1166319,298020661,0.7128082736674622
2026-06-26 20:05:20.494395,4305,0,3.0,0,903508,75467,67951,7516,9.959319967667987,7649,308,15,1621653234,288678527,1910331761,1166319,298020661,0.0
2026-06-26 20:05:20.499407,4306,0,3.0,0,903518,75471,67955,7516,9.9587921188271,7649,308,15,1621653722,288678527,1910332249,1166392,298020661,0.7789305666400639
2026-06-26 20:05:20.504390,4307,0,3.0,0,903528,75471,67955,7516,9.9587921188271,7649,308,15,1621653722,288678527,1910332249,1166392,298020661,0.0
2026-06-26 20:05:20.509417,4308,0,3.0,0,903538,75474,67958,7516,9.958396268913798,7649,308,15,1621654153,288678527,1910332680,1166460,298020661,0.685896160732047
2026-06-26 20:05:20.514392,4309,0,3.0,0,903548,75474,67958,7516,9.958396268913798,7649,308,15,1621654153,288678527,1910332680,1166460,298020661,0.0
2026-06-26 20:05:20.519406,4310,0,3.0,0,903558,75479,67963,7516,9.957736588985016,7649,308,15,1621654683,288678527,1910333210,1166544,298020661,0.8456322297566813
2026-06-26 20:05:20.524404,4311,0,3.0,0,903568,75479,67963,7516,9.957736588985016,7649,308,15,1621654683,288678527,1910333210,1166544,298020661,0.0
2026-06-26 20:05:20.529404,4312,0,3.0,0,903578,75482,67966,7516,9.957340822977663,7649,308,15,1621655070,288678527,1910333597,1166604,298020661,0.6192
2026-06-26 20:05:20.534391,4313,0,3.0,0,903588,75482,67966,7516,9.957340822977663,7649,308,15,1621655070,288678527,1910333597,1166604,298020661,0.0
2026-06-26 20:05:20.539406,4314,0,3.0,0,903598,75486,67969,7517,9.958137932861723,7649,308,15,1621655573,288679183,1910334756,1166665,298020661,0.8023928215353938
2026-06-26 20:05:20.544395,4315,0,3.0,0,903608,75486,67969,7517,9.958137932861723,7649,308,15,1621655573,288679183,1910334756,1166665,298020661,0.0
2026-06-26 20:05:20.549410,4316,0,3.0,0,903618,75488,67971,7517,9.957874099194573,7650,308,15,1621656398,288679183,1910335581,1166701,298021317,1.3160518444666003
2026-06-26 20:05:20.554392,4317,0,3.0,0,903628,75488,67971,7517,9.957874099194573,7650,308,15,1621656398,288679183,1910335581,1166701,298021317,0.0
2026-06-26 20:05:20.559406,4318,0,3.0,0,903638,75494,67976,7518,9.958407290645614,7651,308,15,1621657091,288679368,1910336459,1166861,298021502,1.1057040287195852
2026-06-26 20:05:20.564389,4319,0,3.0,0,903648,75494,67976,7518,9.958407290645614,7651,308,15,1621657091,288679368,1910336459,1166861,298021502,0.0
2026-06-26 20:05:20.569410,4320,0,3.0,0,903658,75498,67980,7518,9.957879678931892,7651,308,15,1621657546,288679368,1910336914,1166937,298021502,0.72495518820952
2026-06-26 20:05:20.574391,4321,0,3.0,0,903668,75498,67980,7518,9.957879678931892,7651,308,15,1621657546,288679368,1910336914,1166937,298021502,0.0
2026-06-26 20:05:20.579408,4322,0,3.0,0,903678,75501,67983,7518,9.957484006834347,7651,308,15,1621658137,288679368,1910337505,1166969,298021502,0.9423958540960734
2026-06-26 20:05:20.584387,4323,0,3.0,0,903688,75501,67983,7518,9.957484006834347,7651,308,15,1621658137,288679368,1910337505,1166969,298021502,0.0
2026-06-26 20:05:20.589399,4324,0,3.0,0,903698,75505,67987,7518,9.956956492947487,7651,308,15,1621658632,288679368,1910338000,1167018,298021502,0.7901037509976058
2026-06-26 20:05:20.594388,4325,0,3.0,0,903708,75505,67987,7518,9.956956492947487,7651,308,15,1621658632,288679368,1910338000,1167018,298021502,0.0
2026-06-26 20:05:20.599408,4326,0,3.0,0,903718,75508,67990,7518,9.956560894209886,7651,308,15,1621658914,288679368,1910338282,1167052,298021502,0.44940239043824703
2026-06-26 20:05:20.604389,4327,0,3.0,0,903728,75508,67990,7518,9.956560894209886,7651,308,15,1621658914,288679368,1910338282,1167052,298021502,0.0
2026-06-26 20:05:20.609402,4328,0,3.0,0,903738,75512,67994,7518,9.956033478122682,7651,308,15,1621659465,288679368,1910338833,1167160,298021502,0.8793137841611809
2026-06-26 20:05:20.614392,4329,0,3.0,0,903748,75512,67994,7518,9.956033478122682,7651,308,15,1621659465,288679368,1910338833,1167160,298021502,0.0
2026-06-26 20:05:20.619404,4330,0,3.0,0,903758,75514,67996,7518,9.955769791032127,7651,308,15,1621659791,288679368,1910339159,1167200,298021502,0.5203511572226656
2026-06-26 20:05:20.624394,4331,0,3.0,0,903768,75514,67996,7518,9.955769791032127,7651,308,15,1621659791,288679368,1910339159,1167200,298021502,0.0
2026-06-26 20:05:20.629409,4332,0,3.0,0,903778,75517,67999,7518,9.955374286584478,7651,308,15,1621660162,288679368,1910339530,1167244,298021502,0.5918245264207378
2026-06-26 20:05:20.634387,4333,0,3.0,0,903788,75517,67999,7518,9.955374286584478,7651,308,15,1621660162,288679368,1910339530,1167244,298021502,0.0
2026-06-26 20:05:20.639403,4334,0,3.0,0,903798,75520,68002,7518,9.954978813559322,7651,308,15,1621660933,288679368,1910340301,1167337,298021502,1.229665071770335
2026-06-26 20:05:20.644390,4335,0,3.0,0,903808,75520,68002,7518,9.954978813559322,7651,308,15,1621660933,288679368,1910340301,1167337,298021502,0.0
2026-06-26 20:05:20.649403,4336,0,3.0,0,903818,75521,68003,7518,9.954846996199732,7651,308,15,1621661186,288679368,1910340554,1167350,298021502,0.40375024935168563
2026-06-26 20:05:20.654395,4337,0,3.0,0,903828,75521,68003,7518,9.954846996199732,7651,308,15,1621661186,288679368,1910340554,1167350,298021502,0.0
2026-06-26 20:05:20.659410,4338,0,3.0,0,903838,75523,68005,7518,9.954583371952914,7651,308,15,1621661543,288679368,1910340911,1167423,298021502,0.5694915254237288
2026-06-26 20:05:20.664388,4339,0,3.0,0,903848,75523,68005,7518,9.954583371952914,7651,308,15,1621661543,288679368,1910340911,1167423,298021502,0.0
2026-06-26 20:05:20.669409,4340,0,3.0,0,903858,75526,68008,7518,9.954187961761512,7651,308,15,1621661974,288679368,1910341342,1167488,298021502,0.6867157936666003
2026-06-26 20:05:20.674389,4341,0,3.0,0,903868,75526,68008,7518,9.954187961761512,7651,308,15,1621661974,288679368,1910341342,1167488,298021502,0.0
2026-06-26 20:05:20.679410,4342,0,3.0,0,903878,75531,68013,7518,9.953529014576796,7651,308,15,1621662363,288679368,1910341731,1167537,298021502,0.6197968532164907
2026-06-26 20:05:20.684391,4343,0,3.0,0,903888,75531,68013,7518,9.953529014576796,7651,308,15,1621662363,288679368,1910341731,1167537,298021502,0.0
2026-06-26 20:05:20.689404,4344,0,3.0,0,903898,75533,68015,7518,9.953265460130009,7651,308,15,1621662781,288679368,1910342149,1167596,298021502,0.6670656293636545
2026-06-26 20:05:20.694392,4345,0,3.0,0,903908,75533,68015,7518,9.953265460130009,7651,308,15,1621662781,288679368,1910342149,1167596,298021502,0.0
2026-06-26 20:05:20.699408,4346,0,3.0,0,903918,75538,68020,7518,9.95260663507109,7651,308,15,1621663498,288679368,1910342866,1167699,298021502,1.1435406698564594
2026-06-26 20:05:20.704387,4347,0,3.0,0,903928,75538,68020,7518,9.95260663507109,7651,308,15,1621663498,288679368,1910342866,1167699,298021502,0.0
2026-06-26 20:05:20.709401,4348,0,3.0,0,903938,75541,68023,7518,9.952211381898572,7651,308,15,1621663808,288679368,1910343176,1167765,298021502,0.4946150777822098
2026-06-26 20:05:20.714389,4349,0,3.0,0,903948,75541,68023,7518,9.952211381898572,7651,308,15,1621663808,288679368,1910343176,1167765,298021502,0.0
2026-06-26 20:05:20.719412,4350,0,3.0,0,903958,75544,68026,7518,9.951816160118607,7651,308,15,1621664223,288679368,1910343591,1167813,298021502,0.6609595859048377
2026-06-26 20:05:20.724390,4351,0,3.0,0,903968,75544,68026,7518,9.951816160118607,7651,308,15,1621664223,288679368,1910343591,1167813,298021502,0.0
2026-06-26 20:05:20.729403,4352,0,3.0,0,903978,75548,68029,7519,9.952612908349659,7652,308,15,1621665022,288679773,1910344795,1167854,298021907,1.27508477957311
2026-06-26 20:05:20.734387,4353,0,3.0,0,903988,75548,68029,7519,9.952612908349659,7652,308,15,1621665022,288679773,1910344795,1167854,298021907,0.0
2026-06-26 20:05:20.739407,4354,0,3.0,0,903998,75551,68032,7519,9.952217707244113,7652,308,15,1621665325,288679773,1910345098,1167911,298021907,0.4828685258964143
2026-06-26 20:05:20.744387,4355,0,3.0,0,904008,75551,68032,7519,9.952217707244113,7652,308,15,1621665325,288679773,1910345098,1167911,298021907,0.0
2026-06-26 20:05:20.749402,4356,0,3.0,0,904018,75554,68035,7519,9.951822537522832,7652,308,15,1621665907,288679773,1910345680,1167974,298021907,0.9284147557328016
2026-06-26 20:05:20.754391,4357,0,3.0,0,904028,75554,68035,7519,9.951822537522832,7652,308,15,1621665907,288679773,1910345680,1167974,298021907,0.0
2026-06-26 20:05:20.759406,4358,0,3.0,0,904038,75559,68040,7519,9.951163991053349,7652,308,15,1621666286,288679773,1910346059,1168014,298021907,0.6045862412761714
2026-06-26 20:05:20.764388,4359,0,3.0,0,904048,75559,68040,7519,9.951163991053349,7652,308,15,1621666286,288679773,1910346059,1168014,298021907,0.0
2026-06-26 20:05:20.769402,4360,0,3.0,0,904058,75562,68043,7519,9.95076890500516,7652,308,15,1621667146,288679773,1910346919,1168092,298021907,1.3721579577183884
2026-06-26 20:05:20.774391,4361,0,3.0,0,904068,75562,68043,7519,9.95076890500516,7652,308,15,1621667146,288679773,1910346919,1168092,298021907,0.0
2026-06-26 20:05:20.779406,4362,0,3.0,0,904078,75565,68046,7519,9.950373850327534,7652,308,15,1621667817,288679773,1910347590,1168164,298021907,1.0703888334995015
2026-06-26 20:05:20.784389,4363,0,3.0,0,904088,75565,68046,7519,9.950373850327534,7652,308,15,1621667817,288679773,1910347590,1168164,298021907,0.0
2026-06-26 20:05:20.789409,4364,0,3.0,0,904098,75568,68049,7519,9.949978827016727,7652,308,15,1621668204,288679773,1910347977,1168224,298021907,0.6167330677290837
2026-06-26 20:05:20.794388,4365,0,3.0,0,904108,75568,68049,7519,9.949978827016727,7652,308,15,1621668204,288679773,1910347977,1168224,298021907,0.0
2026-06-26 20:05:20.799401,4366,0,3.0,0,904118,75573,68054,7519,9.949320524525955,7652,308,15,1621668828,288679773,1910348601,1168317,298021907,0.9958108916816277
2026-06-26 20:05:20.804392,4367,0,3.0,0,904128,75573,68054,7519,9.949320524525955,7652,308,15,1621668828,288679773,1910348601,1168317,298021907,0.0
2026-06-26 20:05:20.809406,4368,0,3.0,0,904138,75577,68058,7519,9.948793945247893,7652,308,15,1621669600,288679773,1910349373,1168403,298021907,1.2317510969285999
2026-06-26 20:05:20.819410,4369,0,3.0,0,904158,75579,68060,7519,9.948530676510671,7652,308,15,1621669802,288679773,1910349575,1168438,298021907,0.16153538584566174
2026-06-26 20:05:20.824400,4370,0,3.0,0,904168,75579,68060,7519,9.948530676510671,7652,308,15,1621669802,288679773,1910349575,1168438,298021907,0.0
2026-06-26 20:05:20.829402,4371,0,3.0,0,904178,75582,68063,7519,9.948135799528988,7652,308,15,1621670472,288679773,1910350245,1168509,298021907,1.0715713714514195
2026-06-26 20:05:20.844390,4372,0,3.0,0,904208,75585,68066,7519,9.947740953892968,7652,308,15,1621670754,288679773,1910350527,1168551,298021907,0.15052041633306645
2026-06-26 20:05:20.849406,4373,0,3.0,0,904218,75589,68069,7520,9.948537485612986,7652,308,15,1621671036,288679958,1910350994,1168614,298021907,0.44976076555023925
2026-06-26 20:05:20.854388,4374,0,3.0,0,904228,75589,68069,7520,9.948537485612986,7652,308,15,1621671036,288679958,1910350994,1168614,298021907,0.0
2026-06-26 20:05:20.859409,4375,0,3.0,0,904238,75593,68072,7521,9.949333933036128,7653,308,15,1621671519,288680143,1910351662,1168659,298022092,0.7695678151762597
2026-06-26 20:05:20.874391,4376,0,3.0,0,904268,75596,68075,7521,9.948939097306736,7654,308,15,1621672126,288680143,1910352269,1168706,298022277,0.3241222800694166
2026-06-26 20:05:20.879407,4377,0,3.0,0,904278,75600,68078,7522,9.94973544973545,7655,308,15,1621672717,288680328,1910353045,1168778,298022462,0.9425837320574163
2026-06-26 20:05:20.884390,4378,0,3.0,0,904288,75600,68078,7522,9.94973544973545,7655,308,15,1621672717,288680328,1910353045,1168778,298022462,0.0
2026-06-26 20:05:20.889403,4379,0,3.0,0,904298,75604,68082,7522,9.949209036558912,7655,308,15,1621673212,288680328,1910353540,1168854,298022462,0.7899461400359067
2026-06-26 20:05:20.894398,4380,0,3.0,0,904308,75604,68082,7522,9.949209036558912,7655,308,15,1621673212,288680328,1910353540,1168854,298022462,0.0
2026-06-26 20:05:20.899408,4381,0,3.0,0,904318,75606,68084,7522,9.948945850858397,7655,308,15,1621673714,288680328,1910354042,1168917,298022462,0.8015968063872255
2026-06-26 20:05:20.904389,4382,0,3.0,0,904328,75606,68084,7522,9.948945850858397,7655,308,15,1621673714,288680328,1910354042,1168917,298022462,0.0
2026-06-26 20:05:20.909405,4383,0,3.0,0,904338,75609,68086,7523,9.94987369228531,7656,308,15,1621674216,288680513,1910354729,1168977,298022647,0.8006379585326954
2026-06-26 20:05:20.924391,4384,0,3.0,0,904368,75613,68090,7523,9.949347334453071,7656,308,15,1621674646,288680513,1910355159,1169000,298022647,0.22954757773922327
2026-06-26 20:05:20.929404,4385,0,3.0,0,904378,75615,68092,7523,9.949084176420023,7656,308,15,1621674960,288680513,1910355473,1169035,298022647,0.5010971474167165
2026-06-26 20:05:20.934389,4386,0,3.0,0,904388,75615,68092,7523,9.949084176420023,7656,308,15,1621674960,288680513,1910355473,1169035,298022647,0.0
2026-06-26 20:05:20.939402,4387,0,3.0,0,904398,75618,68095,7523,9.948689465471185,7656,308,15,1621675399,288680513,1910355912,1169069,298022647,0.7005784959106324
2026-06-26 20:05:20.949411,4388,0,3.0,0,904418,75620,68096,7524,9.949748743718594,7656,308,15,1621675544,288680766,1910356310,1169095,298022647,0.11589569387551205
2026-06-26 20:05:20.954393,4389,0,3.0,0,904428,75620,68096,7524,9.949748743718594,7656,308,15,1621675544,288680766,1910356310,1169095,298022647,0.0
2026-06-26 20:05:20.959400,4390,0,3.0,0,904438,75624,68100,7524,9.949222469057442,7657,308,15,1621676400,288680766,1910357166,1169185,298022900,1.3676852406630717
2026-06-26 20:05:20.964389,4391,0,3.0,0,904448,75624,68100,7524,9.949222469057442,7657,308,15,1621676400,288680766,1910357166,1169185,298022900,0.0
2026-06-26 20:05:20.969406,4392,0,3.0,0,904458,75626,68102,7524,9.948959352603602,7657,308,15,1621676870,288680766,1910357636,1169247,298022900,0.749451863663544
2026-06-26 20:05:20.974384,4393,0,3.0,0,904468,75626,68102,7524,9.948959352603602,7657,308,15,1621676870,288680766,1910357636,1169247,298022900,0.0
2026-06-26 20:05:20.979402,4394,0,3.0,0,904478,75630,68106,7524,9.948433161443871,7657,308,15,1621677476,288680766,1910358242,1169308,298022900,0.9661219609406138
2026-06-26 20:05:20.989414,4395,0,3.0,0,904498,75633,68109,7524,9.948038554599183,7657,308,15,1621677879,288680766,1910358645,1169356,298022900,0.3220135836995605
2026-06-26 20:05:20.994393,4396,0,3.0,0,904508,75633,68109,7524,9.948038554599183,7657,308,15,1621677879,288680766,1910358645,1169356,298022900,0.0
2026-06-26 20:05:21.019408,4397,0,3.0,0,904558,75641,68117,7524,9.946986422707262,7657,308,15,1621678705,288680766,1910359471,1169559,298022900,0.2641615030981411
2026-06-26 20:05:21.024390,4398,0,3.0,0,904568,75641,68117,7524,9.946986422707262,7657,308,15,1621678705,288680766,1910359471,1169559,298022900,0.0
2026-06-26 20:05:21.029404,4399,0,3.0,0,904578,75643,68119,7524,9.946723424507224,7657,308,15,1621679191,288680766,1910359957,1169606,298022900,0.775428799361787
2026-06-26 20:05:21.034394,4400,0,3.0,0,904588,75643,68119,7524,9.946723424507224,7657,308,15,1621679191,288680766,1910359957,1169606,298022900,0.0
2026-06-26 20:05:21.044390,4401,0,3.0,0,904608,75645,68120,7525,9.947782404653314,7657,308,15,1621679360,288680991,1910360351,1169615,298022900,0.13525410164065627
2026-06-26 20:05:21.049409,4402,0,3.0,0,904618,75647,68122,7525,9.94751939931524,7658,308,15,1621679754,288680991,1910360745,1169645,298023125,0.6280135485156406
2026-06-26 20:05:21.054392,4403,0,3.0,0,904628,75647,68122,7525,9.94751939931524,7658,308,15,1621679754,288680991,1910360745,1169645,298023125,0.0
2026-06-26 20:05:21.059407,4404,0,3.0,0,904638,75651,68126,7525,9.946993430357827,7658,308,15,1621680370,288680991,1910361361,1169735,298023125,0.9826520438683948
2026-06-26 20:05:21.074392,4405,0,3.0,0,904668,75655,68130,7525,9.946467517018043,7658,308,15,1621680886,288680991,1910361877,1169805,298023125,0.27547547547547546
2026-06-26 20:05:21.079397,4406,0,3.0,0,904678,75660,68135,7525,9.945810203542162,7658,308,15,1621681265,288680991,1910362256,1169850,298023125,0.6057942057942058
2026-06-26 20:05:21.084389,4407,0,3.0,0,904688,75660,68135,7525,9.945810203542162,7658,308,15,1621681265,288680991,1910362256,1169850,298023125,0.0
2026-06-26 20:05:21.089404,4408,0,3.0,0,904698,75662,68137,7525,9.945547302476806,7658,308,15,1621681710,288680991,1910362701,1169931,298023125,0.7098703888334995
2026-06-26 20:05:21.099406,4409,0,3.0,0,904718,75665,68140,7525,9.945152976937818,7658,308,15,1621682013,288680991,1910363004,1169987,298023125,0.24235152969406118
2026-06-26 20:05:21.104388,4410,0,3.0,0,904728,75665,68140,7525,9.945152976937818,7658,308,15,1621682013,288680991,1910363004,1169987,298023125,0.0
2026-06-26 20:05:21.109399,4411,0,3.0,0,904738,75668,68143,7525,9.944758682666386,7658,308,15,1621682620,288680991,1910363611,1170065,298023125,0.9690680502893634
2026-06-26 20:05:21.114389,4412,0,3.0,0,904748,75668,68143,7525,9.944758682666386,7658,308,15,1621682620,288680991,1910363611,1170065,298023125,0.0
2026-06-26 20:05:21.119401,4413,0,3.0,0,904758,75670,68145,7525,9.94449583718779,7658,308,15,1621682850,288680991,1910363841,1170089,298023125,0.3671189146049481
2026-06-26 20:05:21.124382,4414,0,3.0,0,904768,75670,68145,7525,9.94449583718779,7658,308,15,1621682850,288680991,1910363841,1170089,298023125,0.0
2026-06-26 20:05:21.129404,4415,0,3.0,0,904778,75672,68147,7525,9.94423300560313,7658,308,15,1621683120,288680991,1910364111,1170111,298023125,0.43010752688172044
2026-06-26 20:05:21.134388,4416,0,3.0,0,904788,75672,68147,7525,9.94423300560313,7658,308,15,1621683120,288680991,1910364111,1170111,298023125,0.0
2026-06-26 20:05:21.139404,4417,0,3.0,0,904798,75677,68152,7525,9.94357598742022,7658,308,15,1621684288,288680991,1910365279,1170244,298023125,1.8628389154704945
2026-06-26 20:05:21.144385,4418,0,3.0,0,904808,75677,68152,7525,9.94357598742022,7658,308,15,1621684288,288680991,1910365279,1170244,298023125,0.0
2026-06-26 20:05:21.149409,4419,0,3.0,0,904818,75681,68155,7526,9.944371770986113,7658,308,15,1621684635,288681092,1910365727,1170297,298023125,0.552547770700637
2026-06-26 20:05:21.154393,4420,0,3.0,0,904828,75681,68155,7526,9.944371770986113,7658,308,15,1621684635,288681092,1910365727,1170297,298023125,0.0
2026-06-26 20:05:21.159409,4421,0,3.0,0,904838,75685,68157,7528,9.946488736209288,7659,308,15,1621684816,288681304,1910366120,1170314,298023226,0.2886762360446571
2026-06-26 20:05:21.179417,4422,0,3.0,0,904878,75696,68167,7529,9.946364404988374,7662,308,15,1621686086,288681489,1910367575,1170517,298023623,0.507796881247501
2026-06-26 20:05:21.184386,4423,0,3.0,0,904888,75696,68167,7529,9.946364404988374,7662,308,15,1621686086,288681489,1910367575,1170517,298023623,0.0
2026-06-26 20:05:21.189404,4424,0,3.0,0,904898,75699,68170,7529,9.945970224177334,7662,308,15,1621686456,288681489,1910367945,1170561,298023623,0.5898764447987246
2026-06-26 20:05:21.194395,4425,0,3.0,0,904908,75699,68170,7529,9.945970224177334,7662,308,15,1621686456,288681489,1910367945,1170561,298023623,0.0
2026-06-26 20:05:21.199407,4426,0,3.0,0,904918,75702,68173,7529,9.945576074608333,7662,308,15,1621686726,288681489,1910368215,1170620,298023623,0.4309656823623304
2026-06-26 20:05:21.204386,4427,0,3.0,0,904928,75702,68173,7529,9.945576074608333,7662,308,15,1621686726,288681489,1910368215,1170620,298023623,0.0
2026-06-26 20:05:21.209406,4428,0,3.0,0,904938,75704,68175,7529,9.945313325583854,7662,308,15,1621687088,288681489,1910368577,1170662,298023623,0.5768924302788845
2026-06-26 20:05:21.214390,4429,0,3.0,0,904948,75704,68175,7529,9.945313325583854,7662,308,15,1621687088,288681489,1910368577,1170662,298023623,0.0
2026-06-26 20:05:21.229411,4430,0,3.0,0,904978,75711,68181,7530,9.945714625351666,7663,308,15,1621688321,288681774,1910370095,1170842,298023908,0.6566806470940683
2026-06-26 20:05:21.234389,4431,0,3.0,0,904988,75711,68181,7530,9.945714625351666,7663,308,15,1621688321,288681774,1910370095,1170842,298023908,0.0
2026-06-26 20:05:21.239403,4432,0,3.0,0,904998,75716,68186,7530,9.945057847746844,7663,308,15,1621688635,288681774,1910370409,1170905,298023908,0.5009972078181093
2026-06-26 20:05:21.254394,4433,0,3.0,0,905028,75719,68188,7531,9.945984495305009,7663,308,15,1621689045,288681866,1910370911,1170948,298023908,0.21879794543392703
2026-06-26 20:05:21.259403,4434,0,3.0,0,905038,75721,68190,7531,9.945721794482376,7664,308,15,1621689486,288681866,1910371352,1170990,298024000,0.7043322020363346
2026-06-26 20:05:21.264389,4435,0,3.0,0,905048,75721,68190,7531,9.945721794482376,7664,308,15,1621689486,288681866,1910371352,1170990,298024000,0.0
2026-06-26 20:05:21.269402,4436,0,3.0,0,905058,75724,68193,7531,9.94532776926734,7664,308,15,1621690014,288681866,1910371880,1171072,298024000,0.8426092160383004
2026-06-26 20:05:21.289405,4437,0,3.0,0,905098,75734,68202,7532,9.945334988248343,7664,308,15,1621691124,288681967,1910373091,1171237,298024000,0.4439334099885017
2026-06-26 20:05:21.294396,4438,0,3.0,0,905108,75734,68202,7532,9.945334988248343,7664,308,15,1621691124,288681967,1910373091,1171237,298024000,0.0
2026-06-26 20:05:21.299409,4439,0,3.0,0,905118,75740,68206,7534,9.947187747557432,7665,308,15,1621691539,288682209,1910373748,1171326,298024101,0.6622780769998006
2026-06-26 20:05:21.314410,4440,0,3.0,0,905148,75745,68211,7534,9.946531124166611,7667,308,15,1621692187,288682209,1910374396,1171400,298024343,0.3455769615358976
2026-06-26 20:05:21.319404,4441,0,3.0,0,905158,75749,68215,7534,9.946005887866507,7667,308,15,1621692491,288682209,1910374700,1171445,298024343,0.48698438125750904
2026-06-26 20:05:21.334399,4442,0,3.0,0,905188,75754,68220,7534,9.945349420492647,7667,308,15,1621693176,288682209,1910375385,1171524,298024343,0.3654551517172391
2026-06-26 20:05:21.339405,4443,0,3.0,0,905198,75757,68223,7534,9.944955581662422,7667,308,15,1621693550,288682209,1910375759,1171573,298024343,0.5976827806632041
2026-06-26 20:05:21.344388,4444,0,3.0,0,905208,75757,68223,7534,9.944955581662422,7667,308,15,1621693550,288682209,1910375759,1171573,298024343,0.0
2026-06-26 20:05:21.349398,4445,0,3.0,0,905218,75759,68225,7534,9.944693039770852,7667,308,15,1621693868,288682209,1910376077,1171612,298024343,0.5077844311377245
2026-06-26 20:05:21.354398,4446,0,3.0,0,905228,75759,68225,7534,9.944693039770852,7667,308,15,1621693868,288682209,1910376077,1171612,298024343,0.0
2026-06-26 20:05:21.359406,4447,0,3.0,0,905238,75762,68227,7535,9.94561917584013,7667,308,15,1621694222,288682350,1910376572,1171646,298024343,0.5654952076677316
2026-06-26 20:05:21.364387,4448,0,3.0,0,905248,75762,68227,7535,9.94561917584013,7667,308,15,1621694222,288682350,1910376572,1171646,298024343,0.0
2026-06-26 20:05:21.384408,4449,0,3.0,0,905288,75771,68236,7535,9.944437845613757,7668,308,15,1621695269,288682350,1910377619,1171794,298024484,0.4183607212426952
2026-06-26 20:05:21.389421,4450,0,3.0,0,905298,75775,68240,7535,9.943912900032991,7668,308,15,1621695615,288682350,1910377965,1171849,298024484,0.552164372631159
2026-06-26 20:05:21.394408,4451,0,3.0,0,905308,75775,68240,7535,9.943912900032991,7668,308,15,1621695615,288682350,1910377965,1171849,298024484,0.0
2026-06-26 20:05:21.399408,4452,0,3.0,0,905318,75777,68242,7535,9.943650448025126,7668,308,15,1621695893,288682350,1910378243,1171879,298024484,0.4448
2026-06-26 20:05:21.409403,4453,0,3.0,0,905338,75781,68246,7535,9.943125585568941,7668,308,15,1621696413,288682350,1910378763,1171946,298024484,0.416208104052026
2026-06-26 20:05:21.414387,4454,0,3.0,0,905348,75781,68246,7535,9.943125585568941,7668,308,15,1621696413,288682350,1910378763,1171946,298024484,0.0
2026-06-26 20:05:21.419404,4455,0,3.0,0,905358,75783,68248,7535,9.942863175118429,7668,308,15,1621696691,288682350,1910379041,1171985,298024484,0.4432928044648196
2026-06-26 20:05:21.434389,4456,0,3.0,0,905388,75787,68252,7535,9.942338395767084,7668,308,15,1621697285,288682350,1910379635,1172052,298024484,0.3171171171171171
2026-06-26 20:05:21.439405,4457,0,3.0,0,905398,75790,68255,7535,9.941944847605225,7668,308,15,1621697780,288682350,1910380130,1172095,298024484,0.7894736842105263
2026-06-26 20:05:21.444385,4458,0,3.0,0,905408,75790,68255,7535,9.941944847605225,7668,308,15,1621697780,288682350,1910380130,1172095,298024484,0.0
2026-06-26 20:05:21.449404,4459,0,3.0,0,905418,75794,68259,7535,9.94142016518458,7668,308,15,1621698344,288682350,1910380694,1172160,298024484,0.8989838613269575
2026-06-26 20:05:21.464398,4460,0,3.0,0,905448,75798,68263,7535,9.940895538140849,7668,308,15,1621698855,288682350,1910381205,1172226,298024484,0.2726423902894491
2026-06-26 20:05:21.469405,4461,0,3.0,0,905458,75800,68265,7535,9.940633245382585,7668,308,15,1621699325,288682350,1910381675,1172271,298024484,0.7509486718593968
2026-06-26 20:05:21.474399,4462,0,3.0,0,905468,75800,68265,7535,9.940633245382585,7668,308,15,1621699325,288682350,1910381675,1172271,298024484,0.0
2026-06-26 20:05:21.489408,4463,0,3.0,0,905498,75809,68274,7535,9.939453099236237,7668,308,15,1621700221,288682350,1910382571,1172434,298024484,0.47758011859550936
2026-06-26 20:05:21.494391,4464,0,3.0,0,905508,75809,68274,7535,9.939453099236237,7668,308,15,1621700221,288682350,1910382571,1172434,298024484,0.0
2026-06-26 20:05:21.499406,4465,0,3.0,0,905518,75812,68277,7535,9.939059779454439,7668,308,15,1621700591,288682350,1910382941,1172477,298024484,0.5902293120638086
2026-06-26 20:05:21.504386,4466,0,3.0,0,905528,75812,68277,7535,9.939059779454439,7668,308,15,1621700591,288682350,1910382941,1172477,298024484,0.0
2026-06-26 20:05:21.509400,4467,0,3.0,0,905538,75816,68281,7535,9.938535401498365,7668,308,15,1621701302,288682350,1910383652,1172582,298024484,1.1344236138811328
2026-06-26 20:05:21.514388,4468,0,3.0,0,905548,75816,68281,7535,9.938535401498365,7668,308,15,1621701302,288682350,1910383652,1172582,298024484,0.0
2026-06-26 20:05:21.519403,4469,0,3.0,0,905558,75819,68284,7535,9.93814215434126,7668,308,15,1621701660,288682350,1910384010,1172654,298024484,0.571086739780658
2026-06-26 20:05:21.529404,4470,0,3.0,0,905578,75822,68287,7535,9.937748938302867,7668,308,15,1621702167,288682350,1910384517,1172741,298024484,0.40555944405559446
2026-06-26 20:05:21.534389,4471,0,3.0,0,905588,75822,68287,7535,9.937748938302867,7668,308,15,1621702167,288682350,1910384517,1172741,298024484,0.0
2026-06-26 20:05:21.539403,4472,0,3.0,0,905598,75825,68290,7535,9.937355753379492,7668,308,15,1621703051,288682350,1910385401,1172868,298024484,1.4104507379337854
2026-06-26 20:05:21.544385,4473,0,3.0,0,905608,75825,68290,7535,9.937355753379492,7668,308,15,1621703051,288682350,1910385401,1172868,298024484,0.0
2026-06-26 20:05:21.559406,4474,0,3.0,0,905638,75834,68299,7535,9.936176385262547,7668,308,15,1621704286,288682350,1910386636,1172996,298024484,0.6577458225151455
2026-06-26 20:05:21.564389,4475,0,3.0,0,905648,75834,68299,7535,9.936176385262547,7668,308,15,1621704286,288682350,1910386636,1172996,298024484,0.0
2026-06-26 20:05:21.569398,4476,0,3.0,0,905658,75840,68305,7535,9.93539029535865,7668,308,15,1621704870,288682350,1910387220,1173119,298024484,0.9327211020163705
2026-06-26 20:05:21.574386,4477,0,3.0,0,905668,75840,68305,7535,9.93539029535865,7668,308,15,1621704870,288682350,1910387220,1173119,298024484,0.0
2026-06-26 20:05:21.584390,4478,0,3.0,0,905688,75841,68306,7535,9.935259292467135,7668,308,15,1621705055,288682350,1910387405,1173144,298024484,0.1479408236705318
2026-06-26 20:05:21.589402,4479,0,3.0,0,905698,75843,68308,7535,9.934997297047849,7668,308,15,1621705381,288682350,1910387731,1173191,298024484,0.5203511572226656
2026-06-26 20:05:21.594388,4480,0,3.0,0,905708,75843,68308,7535,9.934997297047849,7668,308,15,1621705381,288682350,1910387731,1173191,298024484,0.0
2026-06-26 20:05:21.599401,4481,0,3.0,0,905718,75847,68312,7535,9.934473347660422,7668,308,15,1621706068,288682350,1910388418,1173264,298024484,1.0963494913225613
2026-06-26 20:05:21.614397,4482,0,3.0,0,905748,75851,68316,7535,9.933949453533902,7668,308,15,1621706686,288682350,1910389036,1173396,298024484,0.3296879167778074
2026-06-26 20:05:21.619402,4483,0,3.0,0,905758,75852,68317,7535,9.933818488635765,7668,308,15,1621706839,288682350,1910389189,1173425,298024484,0.24455544455544456
2026-06-26 20:05:21.624387,4484,0,3.0,0,905768,75852,68317,7535,9.933818488635765,7668,308,15,1621706839,288682350,1910389189,1173425,298024484,0.0
2026-06-26 20:05:21.629413,4485,0,3.0,0,905778,75858,68323,7535,9.933032771757757,7668,308,15,1621708890,288682350,1910391240,1173604,298024484,3.264623955431755
2026-06-26 20:05:21.644386,4486,0,3.0,0,905808,75864,68329,7535,9.932247179162712,7668,308,15,1621709407,288682350,1910391757,1173665,298024484,0.2762305483203099
2026-06-26 20:05:21.649402,4487,0,3.0,0,905818,75867,68332,7535,9.931854429462085,7668,308,15,1621709826,288682350,1910392176,1173725,298024484,0.6682615629984051
2026-06-26 20:05:21.654389,4488,0,3.0,0,905828,75867,68332,7535,9.931854429462085,7668,308,15,1621709826,288682350,1910392176,1173725,298024484,0.0
2026-06-26 20:05:21.659405,4489,0,3.0,0,905838,75870,68335,7535,9.931461710821141,7668,308,15,1621710196,288682350,1910392546,1173768,298024484,0.5901116427432217
2026-06-26 20:05:21.664385,4490,0,3.0,0,905848,75870,68335,7535,9.931461710821141,7668,308,15,1621710196,288682350,1910392546,1173768,298024484,0.0
2026-06-26 20:05:21.669402,4491,0,3.0,0,905858,75874,68339,7535,9.930938134275245,7668,308,15,1621710976,288682350,1910393326,1173864,298024484,1.2437711779948175
2026-06-26 20:05:21.674389,4492,0,3.0,0,905868,75874,68339,7535,9.930938134275245,7668,308,15,1621710976,288682350,1910393326,1173864,298024484,0.0
2026-06-26 20:05:21.679412,4493,0,3.0,0,905878,75876,68341,7535,9.930676366703569,7668,308,15,1621711218,288682350,1910393568,1173899,298024484,0.38542703563607406
2026-06-26 20:05:21.684387,4494,0,3.0,0,905888,75876,68341,7535,9.930676366703569,7668,308,15,1621711218,288682350,1910393568,1173899,298024484,0.0
2026-06-26 20:05:21.689399,4495,0,3.0,0,905898,75878,68343,7535,9.930414612931285,7668,308,15,1621711572,288682350,1910393922,1173934,298024484,0.5650438946528332
2026-06-26 20:05:21.694387,4496,0,3.0,0,905908,75878,68343,7535,9.930414612931285,7668,308,15,1621711572,288682350,1910393922,1173934,298024484,0.0
2026-06-26 20:05:21.709408,4497,0,3.0,0,905938,75883,68346,7537,9.932395925306063,7670,308,15,1621712067,288682668,1910394735,1173990,298024802,0.2636309167165968
2026-06-26 20:05:21.714386,4498,0,3.0,0,905948,75883,68346,7537,9.932395925306063,7670,308,15,1621712067,288682668,1910394735,1173990,298024802,0.0
2026-06-26 20:05:21.719405,4499,0,3.0,0,905958,75888,68351,7537,9.931741513809826,7670,308,15,1621712514,288682668,1910395182,1174051,298024802,0.71249252839211
2026-06-26 20:05:21.734385,4500,0,3.0,0,905988,75892,68355,7537,9.93121804669794,7670,308,15,1621712958,288682668,1910395626,1174130,298024802,0.23711615487316423
2026-06-26 20:05:21.739403,4501,0,3.0,0,905998,75894,68357,7537,9.930956333834033,7670,308,15,1621713236,288682668,1910395904,1174168,298024802,0.4432044639298525
2026-06-26 20:05:21.744383,4502,0,3.0,0,906008,75894,68357,7537,9.930956333834033,7670,308,15,1621713236,288682668,1910395904,1174168,298024802,0.0
2026-06-26 20:05:21.749409,4503,0,3.0,0,906018,75897,68360,7537,9.930563790400146,7670,308,15,1621713655,288682668,1910396323,1174213,298024802,0.6669319538400318
2026-06-26 20:05:21.759410,4504,0,3.0,0,906038,75901,68364,7537,9.930040447424936,7670,308,15,1621714259,288682668,1910396927,1174291,298024802,0.4831516848315168
2026-06-26 20:05:21.764388,4505,0,3.0,0,906048,75901,68364,7537,9.930040447424936,7670,308,15,1621714259,288682668,1910396927,1174291,298024802,0.0
2026-06-26 20:05:21.769397,4506,0,3.0,0,906058,75904,68367,7537,9.929647976391232,7670,308,15,1621714572,288682668,1910397240,1174353,298024802,0.4999001796765822
2026-06-26 20:05:21.774388,4507,0,3.0,0,906068,75904,68367,7537,9.929647976391232,7670,308,15,1621714572,288682668,1910397240,1174353,298024802,0.0
2026-06-26 20:05:21.784386,4508,0,3.0,0,906088,75906,68369,7537,9.929386346270388,7670,308,15,1621714890,288682668,1910397558,1174392,298024802,0.2544508901780356
2026-06-26 20:05:21.789395,4509,0,3.0,0,906098,75908,68371,7537,9.929124729936238,7670,308,15,1621715244,288682668,1910397912,1174426,298024802,0.5653823118386904
2026-06-26 20:05:21.794387,4510,0,3.0,0,906108,75908,68371,7537,9.929124729936238,7670,308,15,1621715244,288682668,1910397912,1174426,298024802,0.0
2026-06-26 20:05:21.814390,4511,0,3.0,0,906148,75913,68376,7537,9.92847074941051,7670,308,15,1621716384,288682668,1910399052,1174593,298024802,0.45593161025846124
2026-06-26 20:05:21.819401,4512,0,3.0,0,906158,75916,68379,7537,9.928078402444807,7670,308,15,1621716866,288682668,1910399534,1174671,298024802,0.7695070844142886
2026-06-26 20:05:21.824385,4513,0,3.0,0,906168,75916,68379,7537,9.928078402444807,7670,308,15,1621716866,288682668,1910399534,1174671,298024802,0.0
2026-06-26 20:05:21.839404,4514,0,3.0,0,906198,75922,68385,7537,9.927293801533152,7670,308,15,1621717964,288682668,1910400632,1174838,298024802,0.5848591783740595
2026-06-26 20:05:21.844387,4515,0,3.0,0,906208,75922,68385,7537,9.927293801533152,7670,308,15,1621717964,288682668,1910400632,1174838,298024802,0.0
2026-06-26 20:05:21.849400,4516,0,3.0,0,906218,75924,68387,7537,9.927032295453348,7670,308,15,1621718474,288682668,1910401142,1174909,298024802,0.8138839018551766
2026-06-26 20:05:21.854386,4517,0,3.0,0,906228,75924,68387,7537,9.927032295453348,7670,308,15,1621718474,288682668,1910401142,1174909,298024802,0.0
2026-06-26 20:05:21.864387,4518,0,3.0,0,906248,75926,68389,7537,9.926770803150436,7670,308,15,1621718892,288682668,1910401560,1174961,298024802,0.33436656334366566
2026-06-26 20:05:21.869396,4519,0,3.0,0,906258,75929,68392,7537,9.926378590525358,7670,308,15,1621719380,288682668,1910402048,1175032,298024802,0.7793970852465562
2026-06-26 20:05:21.874383,4520,0,3.0,0,906268,75929,68392,7537,9.926378590525358,7670,308,15,1621719380,288682668,1910402048,1175032,298024802,0.0
2026-06-26 20:05:21.879404,4521,0,3.0,0,906278,75931,68394,7537,9.926117132659915,7670,308,15,1621719601,288682668,1910402269,1175059,298024802,0.3521210914160526
2026-06-26 20:05:21.894382,4522,0,3.0,0,906308,75934,68397,7537,9.925724971685938,7670,308,15,1621719998,288682668,1910402666,1175136,298024802,0.2120443316864735
2026-06-26 20:05:21.899400,4523,0,3.0,0,906318,75937,68400,7537,9.925332841697724,7670,308,15,1621720611,288682668,1910403279,1175230,298024802,0.977281785571941
2026-06-26 20:05:21.904386,4524,0,3.0,0,906328,75937,68400,7537,9.925332841697724,7670,308,15,1621720611,288682668,1910403279,1175230,298024802,0.0
2026-06-26 20:05:21.909400,4525,0,3.0,0,906338,75938,68401,7537,9.92520213858674,7670,308,15,1621720836,288682668,1910403504,1175256,298024802,0.35899481451934584
2026-06-26 20:05:21.914392,4526,0,3.0,0,906348,75938,68401,7537,9.92520213858674,7670,308,15,1621720836,288682668,1910403504,1175256,298024802,0.0
2026-06-26 20:05:21.919404,4527,0,3.0,0,906358,75941,68404,7537,9.924810049907165,7670,308,15,1621721260,288682668,1910403928,1175355,298024802,0.6767757382282522
2026-06-26 20:05:21.924385,4528,0,3.0,0,906368,75941,68404,7537,9.924810049907165,7670,308,15,1621721260,288682668,1910403928,1175355,298024802,0.0
2026-06-26 20:05:21.929399,4529,0,3.0,0,906378,75943,68406,7537,9.924548674663892,7670,308,15,1621723757,288682668,1910406425,1175456,298024802,3.984044674910251
2026-06-26 20:05:21.944389,4530,0,3.0,0,906408,75945,68408,7537,9.924287313187175,7670,308,15,1621724127,288682668,1910406795,1175506,298024802,0.19746497665110074
2026-06-26 20:05:21.949399,4531,0,3.0,0,906418,75949,68412,7537,9.923764631529053,7670,308,15,1621724725,288682668,1910407393,1175570,298024802,0.9548902195608783
2026-06-26 20:05:21.954390,4532,0,3.0,0,906428,75949,68412,7537,9.923764631529053,7670,308,15,1621724725,288682668,1910407393,1175570,298024802,0.0
2026-06-26 20:05:21.969399,4533,0,3.0,0,906458,75956,68419,7537,9.92285007109379,7670,308,15,1621725591,288682668,1910408259,1175693,298024802,0.4615897128389633
2026-06-26 20:05:21.974385,4534,0,3.0,0,906468,75956,68419,7537,9.92285007109379,7670,308,15,1621725591,288682668,1910408259,1175693,298024802,0.0
2026-06-26 20:05:21.979398,4535,0,3.0,0,906478,75959,68422,7537,9.92245816822233,7670,308,15,1621725885,288682668,1910408553,1175741,298024802,0.46918013165769
2026-06-26 20:05:21.994385,4536,0,3.0,0,906508,75962,68425,7537,9.922066296306047,7670,308,15,1621726660,288682668,1910409328,1175837,298024802,0.4136918662841129
2026-06-26 20:05:21.999400,4537,0,3.0,0,906518,75963,68426,7537,9.921935679212249,7670,308,15,1621726869,288682668,1910409537,1175886,298024802,0.3333998005982054
2026-06-26 20:05:22.004386,4538,0,3.0,0,906528,75963,68426,7537,9.921935679212249,7670,308,15,1621726869,288682668,1910409537,1175886,298024802,0.0
2026-06-26 20:05:22.019405,4539,0,3.0,0,906558,75973,68433,7540,9.9245784686665,7672,308,15,1621727935,288683215,1910411150,1176054,298025172,0.5678141021372928
2026-06-26 20:05:22.024391,4540,0,3.0,0,906568,75973,68433,7540,9.9245784686665,7672,308,15,1621727935,288683215,1910411150,1176054,298025172,0.0
2026-06-26 20:05:22.029405,4541,0,3.0,0,906578,75978,68436,7542,9.926557687751718,7674,308,15,1621728390,288683569,1910411959,1176111,298025526,0.725967291583566
2026-06-26 20:05:22.049407,4542,0,3.0,0,906618,75987,68442,7545,9.929330016976587,7677,308,15,1621729446,288684064,1910413510,1176194,298026021,0.4223577642235776
2026-06-26 20:05:22.054387,4543,0,3.0,0,906628,75987,68442,7545,9.929330016976587,7677,308,15,1621729446,288684064,1910413510,1176194,298026021,0.0
2026-06-26 20:05:22.059402,4544,0,3.0,0,906638,75989,68444,7545,9.929068680993302,7678,308,15,1621729724,288684064,1910413788,1176227,298026198,0.443469591226321
2026-06-26 20:05:22.074394,4545,0,3.0,0,906668,75994,68448,7546,9.929731294575888,7680,309,15,1621730416,288684413,1910414829,1176291,298026648,0.36926360725720386
2026-06-26 20:05:22.079405,4546,0,3.0,0,906678,75998,68451,7547,9.930524487486512,7681,309,15,1621730782,288684590,1910415372,1176331,298026825,0.5843145080822191
2026-06-26 20:05:22.084383,4547,0,3.0,0,906688,75998,68451,7547,9.930524487486512,7681,309,15,1621730782,288684590,1910415372,1176331,298026825,0.0
2026-06-26 20:05:22.089406,4548,0,3.0,0,906698,76001,68453,7548,9.931448270417494,7681,309,15,1621731228,288684719,1910415947,1176369,298026825,0.7103324706350786
2026-06-26 20:05:22.094395,4549,0,3.0,0,906708,76001,68453,7548,9.931448270417494,7681,309,15,1621731228,288684719,1910415947,1176369,298026825,0.0
2026-06-26 20:05:22.099403,4550,0,3.0,0,906718,76004,68455,7549,9.932371980422083,7683,309,15,1621731534,288684896,1910416430,1176397,298027131,0.48881789137380194
2026-06-26 20:05:22.104385,4551,0,3.0,0,906728,76004,68455,7549,9.932371980422083,7683,309,15,1621731534,288684896,1910416430,1176397,298027131,0.0
2026-06-26 20:05:22.109406,4552,0,3.0,0,906738,76007,68458,7549,9.931979949215204,7683,309,15,1621732051,288684896,1910416947,1176470,298027131,0.8237402907787293
2026-06-26 20:05:22.124381,4553,0,3.0,0,906768,76011,68462,7549,9.931457289076581,7683,309,15,1621732564,288684896,1910417460,1176537,298027131,0.2740567612687813
2026-06-26 20:05:22.129407,4554,0,3.0,0,906778,76012,68463,7549,9.931326632636953,7683,309,15,1621732825,288684896,1910417721,1176558,298027131,0.41543971348985276
2026-06-26 20:05:22.134387,4555,0,3.0,0,906788,76012,68463,7549,9.931326632636953,7683,309,15,1621732825,288684896,1910417721,1176558,298027131,0.0
2026-06-26 20:05:22.139400,4556,0,3.0,0,906798,76015,68466,7549,9.930934683943958,7683,309,15,1621733323,288684896,1910418219,1176610,298027131,0.7947336923997607
2026-06-26 20:05:22.149403,4557,0,3.0,0,906818,76017,68468,7549,9.930673402002183,7683,309,15,1621733801,288684896,1910418697,1176649,298027131,0.3822853144056783
2026-06-26 20:05:22.154385,4558,0,3.0,0,906828,76017,68468,7549,9.930673402002183,7683,309,15,1621733801,288684896,1910418697,1176649,298027131,0.0
2026-06-26 20:05:22.159401,4559,0,3.0,0,906838,76021,68472,7549,9.930150879362282,7683,309,15,1621734307,288684896,1910419203,1176735,298027131,0.8070175438596491
2026-06-26 20:05:22.164387,4560,0,3.0,0,906848,76021,68472,7549,9.930150879362282,7683,309,15,1621734307,288684896,1910419203,1176735,298027131,0.0
2026-06-26 20:05:22.169404,4561,0,3.0,0,906858,76023,68474,7549,9.929889638661985,7683,309,15,1621734633,288684896,1910419529,1176783,298027131,0.5198325692645007
2026-06-26 20:05:22.174385,4562,0,3.0,0,906868,76023,68474,7549,9.929889638661985,7683,309,15,1621734633,288684896,1910419529,1176783,298027131,0.0
2026-06-26 20:05:22.179405,4563,0,3.0,0,906878,76025,68476,7549,9.929628411706675,7683,309,15,1621734951,288684896,1910419847,1176814,298027131,0.5067729083665339
2026-06-26 20:05:22.194391,4564,0,3.0,0,906908,76027,68478,7549,9.929367198495271,7683,309,15,1621735305,288684896,1910420201,1176849,298027131,0.1889763779527559
2026-06-26 20:05:22.199406,4565,0,3.0,0,906918,76034,68485,7549,9.928453060472945,7683,309,15,1621735921,288684896,1910420817,1176920,298027131,0.9826520438683948
2026-06-26 20:05:22.204387,4566,0,3.0,0,906928,76034,68485,7549,9.928453060472945,7683,309,15,1621735921,288684896,1910420817,1176920,298027131,0.0
2026-06-26 20:05:22.209405,4567,0,3.0,0,906938,76038,68489,7549,9.927930771456376,7683,309,15,1621736823,288684896,1910421719,1177015,298027131,1.4380231167795934
2026-06-26 20:05:22.224385,4568,0,3.0,0,906968,76041,68492,7549,9.927539090753672,7683,309,15,1621737326,288684896,1910422222,1177073,298027131,0.2686248331108144
2026-06-26 20:05:22.229400,4569,0,3.0,0,906978,76044,68495,7549,9.927147440955236,7683,309,15,1621737745,288684896,1910422641,1177133,298027131,0.66839481555334
2026-06-26 20:05:22.234385,4570,0,3.0,0,906988,76044,68495,7549,9.927147440955236,7683,309,15,1621737745,288684896,1910422641,1177133,298027131,0.0
2026-06-26 20:05:22.249402,4571,0,3.0,0,907018,76048,68499,7549,9.926625289290975,7683,309,15,1621738669,288684896,1910423565,1177213,298027131,0.4922421255909969
2026-06-26 20:05:22.254385,4572,0,3.0,0,907028,76048,68499,7549,9.926625289290975,7683,309,15,1621738669,288684896,1910423565,1177213,298027131,0.0
2026-06-26 20:05:22.259407,4573,0,3.0,0,907038,76051,68502,7549,9.926233711588276,7683,309,15,1621739416,288684896,1910424312,1177273,298027131,1.189964157706093
2026-06-26 20:05:22.264382,4574,0,3.0,0,907048,76051,68502,7549,9.926233711588276,7683,309,15,1621739416,288684896,1910424312,1177273,298027131,0.0
2026-06-26 20:05:22.274395,4575,0,3.0,0,907068,76053,68504,7549,9.92597267694897,7683,309,15,1621739597,288684896,1910424493,1177295,298027131,0.14461200439428742
2026-06-26 20:05:22.279412,4576,0,3.0,0,907078,76058,68509,7549,9.925320150411528,7683,309,15,1621740108,288684896,1910425004,1177360,298027131,0.8148295794299382
2026-06-26 20:05:22.284384,4577,0,3.0,0,907088,76058,68509,7549,9.925320150411528,7683,309,15,1621740108,288684896,1910425004,1177360,298027131,0.0
2026-06-26 20:05:22.304386,4578,0,3.0,0,907128,76063,68514,7549,9.924667709661728,7683,309,15,1621740903,288684896,1910425799,1177464,298027131,0.31796820317968205
2026-06-26 20:05:22.309401,4579,0,3.0,0,907138,76066,68517,7549,9.924276286382879,7683,309,15,1621741606,288684896,1910426502,1177568,298027131,1.1214356929212363
2026-06-26 20:05:22.314388,4580,0,3.0,0,907148,76066,68517,7549,9.924276286382879,7683,309,15,1621741606,288684896,1910426502,1177568,298027131,0.0
2026-06-26 20:05:22.319401,4581,0,3.0,0,907158,76069,68520,7549,9.923884893977835,7683,309,15,1621741979,288684896,1910426875,1177614,298027131,0.5952523439058448
2026-06-26 20:05:22.324385,4582,0,3.0,0,907168,76069,68520,7549,9.923884893977835,7683,309,15,1621741979,288684896,1910426875,1177614,298027131,0.0
2026-06-26 20:05:22.329402,4583,0,3.0,0,907178,76071,68522,7549,9.92362398285812,7683,309,15,1621742405,288684896,1910427301,1177681,298027131,0.6792904125971696
2026-06-26 20:05:22.334399,4584,0,3.0,0,907188,76071,68522,7549,9.92362398285812,7683,309,15,1621742405,288684896,1910427301,1177681,298027131,0.0
2026-06-26 20:05:22.339402,4585,0,3.0,0,907198,76074,68525,7549,9.923232641901308,7683,309,15,1621742956,288684896,1910427852,1177740,298027131,0.8810713571856886
2026-06-26 20:05:22.344385,4586,0,3.0,0,907208,76074,68525,7549,9.923232641901308,7683,309,15,1621742956,288684896,1910427852,1177740,298027131,0.0
2026-06-26 20:05:22.349405,4587,0,3.0,0,907218,76077,68528,7549,9.922841331808563,7683,309,15,1621743590,288684896,1910428486,1177786,298027131,1.0103585657370517
2026-06-26 20:05:22.354383,4588,0,3.0,0,907228,76077,68528,7549,9.922841331808563,7683,309,15,1621743590,288684896,1910428486,1177786,298027131,0.0
2026-06-26 20:05:22.359409,4589,0,3.0,0,907238,76080,68531,7549,9.922450052576236,7683,309,15,1621744110,288684896,1910429006,1177842,298027131,0.8276959808993235
2026-06-26 20:05:22.364384,4590,0,3.0,0,907248,76080,68531,7549,9.922450052576236,7683,309,15,1621744110,288684896,1910429006,1177842,298027131,0.0
2026-06-26 20:05:22.369411,4591,0,3.0,0,907258,76082,68533,7549,9.922189216897557,7683,309,15,1621744472,288684896,1910429368,1177884,298027131,0.5760891187587031
2026-06-26 20:05:22.374389,4592,0,3.0,0,907268,76082,68533,7549,9.922189216897557,7683,309,15,1621744472,288684896,1910429368,1177884,298027131,0.0
2026-06-26 20:05:22.389403,4593,0,3.0,0,907298,76087,68538,7549,9.921537187693035,7683,309,15,1621745315,288684896,1910430211,1177997,298027131,0.4491807646196883
2026-06-26 20:05:22.394400,4594,0,3.0,0,907308,76087,68538,7549,9.921537187693035,7683,309,15,1621745315,288684896,1910430211,1177997,298027131,0.0
2026-06-26 20:05:22.399397,4595,0,3.0,0,907318,76087,68538,7549,9.921537187693035,7683,309,15,1621745315,288684896,1910430211,1177997,298027131,0.0
2026-06-26 20:05:22.404390,4596,0,3.0,0,907328,76087,68538,7549,9.921537187693035,7683,309,15,1621745315,288684896,1910430211,1177997,298027131,0.0
2026-06-26 20:05:22.414389,4597,0,3.0,0,907348,76089,68540,7549,9.921276400005256,7683,309,15,1621745795,288684896,1910430691,1178031,298027131,0.384038403840384
2026-06-26 20:05:22.419401,4598,0,3.0,0,907358,76090,68541,7549,9.921146011302405,7683,309,15,1621745972,288684896,1910430868,1178043,298027131,0.2825219473264166
2026-06-26 20:05:22.424387,4599,0,3.0,0,907368,76090,68541,7549,9.921146011302405,7683,309,15,1621745972,288684896,1910430868,1178043,298027131,0.0
2026-06-26 20:05:22.439413,4600,0,3.0,0,907398,76101,68552,7549,9.919711961735063,7683,309,15,1621747258,288684896,1910432154,1178168,298027131,0.6846798881937974
2026-06-26 20:05:22.444382,4601,0,3.0,0,907408,76101,68552,7549,9.919711961735063,7683,309,15,1621747258,288684896,1910432154,1178168,298027131,0.0
2026-06-26 20:05:22.449405,4602,0,3.0,0,907418,76103,68554,7549,9.919451269989358,7683,309,15,1621747812,288684896,1910432708,1178209,298027131,0.882341230340434
2026-06-26 20:05:22.454387,4603,0,3.0,0,907428,76103,68554,7549,9.919451269989358,7683,309,15,1621747812,288684896,1910432708,1178209,298027131,0.0
2026-06-26 20:05:22.459403,4604,0,3.0,0,907438,76107,68558,7549,9.918929927601928,7683,309,15,1621748455,288684896,1910433351,1178314,298027131,1.025518341307815
2026-06-26 20:05:22.469414,4605,0,3.0,0,907458,76110,68560,7550,9.919852844567075,7684,309,15,1621748809,288685073,1910433882,1178348,298027308,0.28288882229547496
2026-06-26 20:05:22.474390,4606,0,3.0,0,907468,76110,68560,7550,9.919852844567075,7684,309,15,1621748809,288685073,1910433882,1178348,298027308,0.0
2026-06-26 20:05:22.479406,4607,0,3.0,0,907478,76114,68564,7550,9.919331529022255,7684,309,15,1621749333,288685073,1910434406,1178426,298027308,0.835725677830941
2026-06-26 20:05:22.494385,4608,0,3.0,0,907508,76116,68566,7550,9.919070891796732,7684,309,15,1621750006,288685073,1910435079,1178500,298027308,0.35943654449562723
2026-06-26 20:05:22.499406,4609,0,3.0,0,907518,76120,68570,7550,9.918549658434053,7684,309,15,1621750328,288685073,1910435401,1178562,298027308,0.5130452101175065
2026-06-26 20:05:22.504381,4610,0,3.0,0,907528,76120,68570,7550,9.918549658434053,7684,309,15,1621750328,288685073,1910435401,1178562,298027308,0.0
2026-06-26 20:05:22.509392,4611,0,3.0,0,907538,76122,68572,7550,9.918289062294736,7684,309,15,1621750914,288685073,1910435987,1178630,298027308,0.9355418080223509
2026-06-26 20:05:22.524398,4612,0,3.0,0,907568,76124,68574,7550,9.918028479848667,7684,309,15,1621751144,288685073,1910436217,1178654,298027308,0.12261761961881915
2026-06-26 20:05:22.529401,4613,0,3.0,0,907578,76128,68578,7550,9.917507356031946,7684,309,15,1621751875,288685073,1910436948,1178738,298027308,1.168898660803518
2026-06-26 20:05:22.534383,4614,0,3.0,0,907588,76128,68578,7550,9.917507356031946,7684,309,15,1621751875,288685073,1910436948,1178738,298027308,0.0
2026-06-26 20:05:22.539399,4615,0,3.0,0,907598,76129,68579,7550,9.917377083634356,7684,309,15,1621752016,288685073,1910437089,1178760,298027308,0.22488038277511962
2026-06-26 20:05:22.554385,4616,0,3.0,0,907628,76132,68582,7550,9.916986286975254,7684,309,15,1621752530,288685073,1910437603,1178822,298027308,0.2743894301347925
2026-06-26 20:05:22.559400,4617,0,3.0,0,907638,76135,68585,7550,9.91659552111381,7684,309,15,1621752909,288685073,1910437982,1178882,298027308,0.6045862412761714
2026-06-26 20:05:22.564387,4618,0,3.0,0,907648,76135,68585,7550,9.91659552111381,7684,309,15,1621752909,288685073,1910437982,1178882,298027308,0.0
2026-06-26 20:05:22.569395,4619,0,3.0,0,907658,76137,68587,7550,9.91633502764753,7684,309,15,1621753387,288685073,1910438460,1178921,298027308,0.7635782747603834
2026-06-26 20:05:22.584379,4620,0,3.0,0,907688,76139,68589,7550,9.916074547866401,7684,309,15,1621753741,288685073,1910438814,1178948,298027308,0.18900160170848906
2026-06-26 20:05:22.589406,4621,0,3.0,0,907698,76141,68591,7550,9.91581408176935,7684,309,15,1621754183,288685073,1910439256,1178970,298027308,0.7034016311915655
2026-06-26 20:05:22.594386,4622,0,3.0,0,907708,76141,68591,7550,9.91581408176935,7684,309,15,1621754183,288685073,1910439256,1178970,298027308,0.0
2026-06-26 20:05:22.609411,4623,0,3.0,0,907738,76149,68599,7550,9.914772354200316,7684,309,15,1621755125,288685073,1910440198,1179094,298027308,0.5015640599001664
2026-06-26 20:05:22.614383,4624,0,3.0,0,907748,76149,68599,7550,9.914772354200316,7684,309,15,1621755125,288685073,1910440198,1179094,298027308,0.0
2026-06-26 20:05:22.619401,4625,0,3.0,0,907758,76152,68602,7550,9.914381762790208,7684,309,15,1621755644,288685073,1910440717,1179167,298027308,0.8274212833798326
2026-06-26 20:05:22.624382,4626,0,3.0,0,907768,76152,68602,7550,9.914381762790208,7684,309,15,1621755644,288685073,1910440717,1179167,298027308,0.0
2026-06-26 20:05:22.634382,4627,0,3.0,0,907788,76157,68607,7550,9.913730845490237,7684,309,15,1621756331,288685073,1910441404,1179241,298027308,0.5496
2026-06-26 20:05:22.639401,4628,0,3.0,0,907798,76158,68608,7550,9.913600672286563,7684,309,15,1621756592,288685073,1910441665,1179262,298027308,0.41601912731619844
2026-06-26 20:05:22.644385,4629,0,3.0,0,907808,76158,68608,7550,9.913600672286563,7684,309,15,1621756592,288685073,1910441665,1179262,298027308,0.0
2026-06-26 20:05:22.654386,4630,0,3.0,0,907828,76163,68613,7550,9.912949857542376,7684,309,15,1621757139,288685073,1910442212,1179351,298027308,0.43755624437556245
2026-06-26 20:05:22.659407,4631,0,3.0,0,907838,76165,68615,7550,9.912689555570143,7684,309,15,1621757417,288685073,1910442490,1179381,298027308,0.44293965345548697
2026-06-26 20:05:22.664381,4632,0,3.0,0,907848,76165,68615,7550,9.912689555570143,7684,309,15,1621757417,288685073,1910442490,1179381,298027308,0.0
2026-06-26 20:05:22.669409,4633,0,3.0,0,907858,76168,68618,7550,9.91229912824283,7684,309,15,1621757834,288685073,1910442907,1179431,298027308,0.6634844868735084
2026-06-26 20:05:22.674383,4634,0,3.0,0,907868,76168,68618,7550,9.91229912824283,7684,309,15,1621757834,288685073,1910442907,1179431,298027308,0.0
2026-06-26 20:05:22.679404,4635,0,3.0,0,907878,76173,68623,7550,9.911648484371103,7684,309,15,1621758277,288685073,1910443350,1179508,298027308,0.7058354909380602
2026-06-26 20:05:22.684385,4636,0,3.0,0,907888,76173,68623,7550,9.911648484371103,7684,309,15,1621758277,288685073,1910443350,1179508,298027308,0.0
2026-06-26 20:05:22.689398,4637,0,3.0,0,907898,76178,68627,7551,9.912310640867442,7685,309,15,1621758681,288685174,1910443855,1179577,298027409,0.6447237183323359
2026-06-26 20:05:22.694390,4638,0,3.0,0,907908,76178,68627,7551,9.912310640867442,7685,309,15,1621758681,288685174,1910443855,1179577,298027409,0.0
2026-06-26 20:05:22.699401,4639,0,3.0,0,907918,76183,68631,7552,9.912972710447212,7686,309,15,1621759134,288685266,1910444400,1179653,298027501,0.7232089403312713
2026-06-26 20:05:22.704383,4640,0,3.0,0,907928,76183,68631,7552,9.912972710447212,7686,309,15,1621759134,288685266,1910444400,1179653,298027501,0.0
2026-06-26 20:05:22.709402,4641,0,3.0,0,907938,76187,68634,7553,9.91376481551971,7687,309,15,1621759697,288685443,1910445140,1179736,298027678,0.8973899183104204
2026-06-26 20:05:22.714385,4642,0,3.0,0,907948,76187,68634,7553,9.91376481551971,7687,309,15,1621759697,288685443,1910445140,1179736,298027678,0.0
2026-06-26 20:05:22.719401,4643,0,3.0,0,907958,76190,68637,7553,9.913374458590367,7687,309,15,1621760315,288685443,1910445758,1179828,298027678,0.9856459330143541
2026-06-26 20:05:22.729402,4644,0,3.0,0,907978,76193,68640,7553,9.912984132400613,7687,309,15,1621761002,288685443,1910446445,1179911,298027678,0.5495450454954505
2026-06-26 20:05:22.734382,4645,0,3.0,0,907988,76193,68640,7553,9.912984132400613,7687,309,15,1621761002,288685443,1910446445,1179911,298027678,0.0
2026-06-26 20:05:22.739397,4646,0,3.0,0,907998,76195,68642,7553,9.912723932016537,7687,309,15,1621761280,288685443,1910446723,1179941,298027678,0.443469591226321
2026-06-26 20:05:22.754388,4647,0,3.0,0,908028,76203,68649,7554,9.912995551356246,7687,309,15,1621761980,288685535,1910447515,1180022,298027678,0.37355746781402177
2026-06-26 20:05:22.759398,4648,0,3.0,0,908038,76209,68655,7554,9.912215092705585,7688,309,15,1621762647,288685535,1910448182,1180151,298027770,1.065069860279441
2026-06-26 20:05:22.764385,4649,0,3.0,0,908048,76209,68655,7554,9.912215092705585,7688,309,15,1621762647,288685535,1910448182,1180151,298027770,0.0
2026-06-26 20:05:22.784381,4650,0,3.0,0,908088,76211,68657,7554,9.911954967130729,7688,309,15,1621763149,288685535,1910448684,1180209,298027770,0.20084016803360671
2026-06-26 20:05:22.789400,4651,0,3.0,0,908098,76212,68658,7554,9.911824909463077,7688,309,15,1621763434,288685535,1910448969,1180254,298027770,0.45427375971309025
2026-06-26 20:05:22.794385,4652,0,3.0,0,908108,76212,68658,7554,9.911824909463077,7688,309,15,1621763434,288685535,1910448969,1180254,298027770,0.0
2026-06-26 20:05:22.799404,4653,0,3.0,0,908118,76215,68661,7554,9.911434756937611,7688,309,15,1621763923,288685535,1910449458,1180297,298027770,0.7794381350866707
2026-06-26 20:05:22.814385,4654,0,3.0,0,908148,76219,68664,7555,9.91222661016282,7688,309,15,1621764341,288685712,1910450053,1180341,298027770,0.2232160736933449
2026-06-26 20:05:22.819401,4655,0,3.0,0,908158,76224,68669,7555,9.911576406381192,7689,309,15,1621765287,288685712,1910450999,1180483,298027947,1.5087719298245614
2026-06-26 20:05:22.824392,4656,0,3.0,0,908168,76224,68669,7555,9.911576406381192,7689,309,15,1621765287,288685712,1910450999,1180483,298027947,0.0
2026-06-26 20:05:22.839405,4657,0,3.0,0,908198,76230,68675,7555,9.910796274432638,7689,309,15,1621766164,288685712,1910451876,1180587,298027947,0.4673283154599347
2026-06-26 20:05:22.844383,4658,0,3.0,0,908208,76230,68675,7555,9.910796274432638,7689,309,15,1621766164,288685712,1910451876,1180587,298027947,0.0
2026-06-26 20:05:22.849396,4659,0,3.0,0,908218,76232,68677,7555,9.910536257739532,7689,309,15,1621766642,288685712,1910452354,1180626,298027947,0.762816676640734
2026-06-26 20:05:22.864384,4660,0,3.0,0,908248,76234,68679,7555,9.910276254689508,7689,309,15,1621767315,288685712,1910453027,1180700,298027947,0.3592207099012543
2026-06-26 20:05:22.869398,4661,0,3.0,0,908258,76236,68681,7555,9.910016265281495,7689,309,15,1621767601,288685712,1910453313,1180734,298027947,0.4563222975668129
2026-06-26 20:05:22.874386,4662,0,3.0,0,908268,76236,68681,7555,9.910016265281495,7689,309,15,1621767601,288685712,1910453313,1180734,298027947,0.0
2026-06-26 20:05:22.879400,4663,0,3.0,0,908278,76240,68685,7555,9.909496327387199,7689,309,15,1621769645,288685712,1910455357,1181041,298027947,3.261268448344635
2026-06-26 20:05:22.889397,4664,0,3.0,0,908298,76243,68688,7555,9.909106409768766,7689,309,15,1621770240,288685712,1910455952,1181109,298027947,0.47614284285285585
2026-06-26 20:05:22.894384,4665,0,3.0,0,908308,76243,68688,7555,9.909106409768766,7689,309,15,1621770240,288685712,1910455952,1181109,298027947,0.0
2026-06-26 20:05:22.899398,4666,0,3.0,0,908318,76245,68690,7555,9.908846481736507,7689,309,15,1621770678,288685712,1910456390,1181141,298027947,0.6988432389309932
2026-06-26 20:05:22.914395,4667,0,3.0,0,908348,76249,68694,7555,9.908326666579233,7689,309,15,1621771189,288685712,1910456901,1181208,298027947,0.27258785090351406
2026-06-26 20:05:22.919402,4668,0,3.0,0,908358,76253,68698,7555,9.907806905957798,7689,309,15,1621771543,288685712,1910457255,1181268,298027947,0.5656081485919713
2026-06-26 20:05:22.924385,4669,0,3.0,0,908368,76253,68698,7555,9.907806905957798,7689,309,15,1621771543,288685712,1910457255,1181268,298027947,0.0
2026-06-26 20:05:22.939404,4670,0,3.0,0,908398,76258,68703,7555,9.907157281858952,7689,309,15,1621772248,288685712,1910457960,1181368,298027947,0.3755243358412677
2026-06-26 20:05:22.944381,4671,0,3.0,0,908408,76258,68703,7555,9.907157281858952,7689,309,15,1621772248,288685712,1910457960,1181368,298027947,0.0
2026-06-26 20:05:22.949394,4672,0,3.0,0,908418,76261,68706,7555,9.906767548288116,7689,309,15,1621772618,288685712,1910458330,1181411,298027947,0.5904647915419908
2026-06-26 20:05:22.954385,4673,0,3.0,0,908428,76261,68706,7555,9.906767548288116,7689,309,15,1621772618,288685712,1910458330,1181411,298027947,0.0
2026-06-26 20:05:22.959402,4674,0,3.0,0,908438,76264,68709,7555,9.90637784537921,7689,309,15,1621773113,288685712,1910458825,1181462,298027947,0.7893163244967112
2026-06-26 20:05:22.964384,4675,0,3.0,0,908448,76264,68709,7555,9.90637784537921,7689,309,15,1621773113,288685712,1910458825,1181462,298027947,0.0
2026-06-26 20:05:22.969396,4676,0,3.0,0,908458,76267,68712,7555,9.905988173128614,7689,309,15,1621773612,288685712,1910459324,1181522,298027947,0.7964884277733439
2026-06-26 20:05:22.974380,4677,0,3.0,0,908468,76267,68712,7555,9.905988173128614,7689,309,15,1621773612,288685712,1910459324,1181522,298027947,0.0
2026-06-26 20:05:22.984381,4678,0,3.0,0,908488,76268,68713,7555,9.905858289190748,7689,309,15,1621773797,288685712,1910459509,1181547,298027947,0.147985201479852
2026-06-26 20:05:22.989404,4679,0,3.0,0,908498,76271,68716,7555,9.905468657812275,7689,309,15,1621774368,288685712,1910460080,1181604,298027947,0.9094166832570177
2026-06-26 20:05:22.994381,4680,0,3.0,0,908508,76271,68716,7555,9.905468657812275,7689,309,15,1621774368,288685712,1910460080,1181604,298027947,0.0
2026-06-26 20:05:22.999398,4681,0,3.0,0,908518,76275,68720,7555,9.904949196984596,7689,309,15,1621774775,288685712,1910460487,1181666,298027947,0.6489934223639625
2026-06-26 20:05:23.004385,4682,0,3.0,0,908528,76275,68720,7555,9.904949196984596,7689,309,15,1621774775,288685712,1910460487,1181666,298027947,0.0
2026-06-26 20:05:23.009404,4683,0,3.0,0,908538,76278,68723,7555,9.904559637116863,7689,309,15,1621775550,288685712,1910461262,1181749,298027947,1.235305837816298
2026-06-26 20:05:23.014387,4684,0,3.0,0,908548,76278,68723,7555,9.904559637116863,7689,309,15,1621775550,288685712,1910461262,1181749,298027947,0.0
2026-06-26 20:05:23.019399,4685,0,3.0,0,908558,76282,68727,7555,9.904040271623712,7689,309,15,1621776070,288685712,1910461782,1181823,298027947,0.8300079808459697
2026-06-26 20:05:23.034388,4686,0,3.0,0,908588,76284,68729,7555,9.903780609302082,7689,309,15,1621776424,288685712,1910462136,1181858,298027947,0.18893855494028955
2026-06-26 20:05:23.039397,4687,0,3.0,0,908598,76286,68731,7555,9.903520960595653,7689,309,15,1621776746,288685712,1910462458,1181901,298027947,0.5142743062487523
2026-06-26 20:05:23.044384,4688,0,3.0,0,908608,76286,68731,7555,9.903520960595653,7689,309,15,1621776746,288685712,1910462458,1181901,298027947,0.0
2026-06-26 20:05:23.049409,4689,0,3.0,0,908618,76288,68733,7555,9.903261325503356,7689,309,15,1621777024,288685712,1910462736,1181939,298027947,0.4425870646766169
2026-06-26 20:05:23.054383,4690,0,3.0,0,908628,76288,68733,7555,9.903261325503356,7689,309,15,1621777024,288685712,1910462736,1181939,298027947,0.0
2026-06-26 20:05:23.059406,4691,0,3.0,0,908638,76290,68735,7555,9.903001704024119,7689,309,15,1621777442,288685712,1910463154,1181993,298027947,0.6657376070077643
2026-06-26 20:05:23.064383,4692,0,3.0,0,908648,76290,68735,7555,9.903001704024119,7689,309,15,1621777442,288685712,1910463154,1181993,298027947,0.0
2026-06-26 20:05:23.069399,4693,0,3.0,0,908658,76291,68736,7555,9.902871898389062,7689,309,15,1621777814,288685712,1910463526,1182006,298027947,0.5933014354066986
2026-06-26 20:05:23.074384,4694,0,3.0,0,908668,76291,68736,7555,9.902871898389062,7689,309,15,1621777814,288685712,1910463526,1182006,298027947,0.0
2026-06-26 20:05:23.079398,4695,0,3.0,0,908678,76294,68739,7555,9.902482501900543,7689,309,15,1621778269,288685712,1910463981,1182046,298027947,0.725967291583566
2026-06-26 20:05:23.084381,4696,0,3.0,0,908688,76294,68739,7555,9.902482501900543,7689,309,15,1621778269,288685712,1910463981,1182046,298027947,0.0
2026-06-26 20:05:23.089404,4697,0,3.0,0,908698,76298,68743,7555,9.901963354216361,7689,309,15,1621778701,288685712,1910464413,1182105,298027947,0.6880350388214215
2026-06-26 20:05:23.094380,4698,0,3.0,0,908708,76298,68743,7555,9.901963354216361,7689,309,15,1621778701,288685712,1910464413,1182105,298027947,0.0
2026-06-26 20:05:23.099399,4699,0,3.0,0,908718,76301,68745,7556,9.902884627986527,7689,309,15,1621778947,288685929,1910464876,1182153,298027947,0.39210998206814107
2026-06-26 20:05:23.104379,4700,0,3.0,0,908728,76301,68745,7556,9.902884627986527,7689,309,15,1621778947,288685929,1910464876,1182153,298027947,0.0
2026-06-26 20:05:23.109402,4701,0,3.0,0,908738,76304,68748,7556,9.902495282029776,7690,309,15,1621779452,288685929,1910465381,1182253,298028164,0.8043002189926339
2026-06-26 20:05:23.114383,4702,0,3.0,0,908748,76304,68748,7556,9.902495282029776,7690,309,15,1621779452,288685929,1910465381,1182253,298028164,0.0
2026-06-26 20:05:23.119402,4703,0,3.0,0,908758,76307,68751,7556,9.902105966687198,7690,309,15,1621779970,288685929,1910465899,1182325,298028164,0.8256624825662483
2026-06-26 20:05:23.124378,4704,0,3.0,0,908768,76307,68751,7556,9.902105966687198,7690,309,15,1621779970,288685929,1910465899,1182325,298028164,0.0
2026-06-26 20:05:23.129407,4705,0,3.0,0,908778,76308,68752,7556,9.901976201708864,7690,309,15,1621780147,288685929,1910466076,1182342,298028164,0.2815669119109167
2026-06-26 20:05:23.134384,4706,0,3.0,0,908788,76308,68752,7556,9.901976201708864,7690,309,15,1621780147,288685929,1910466076,1182342,298028164,0.0
2026-06-26 20:05:23.139394,4707,0,3.0,0,908798,76312,68756,7556,9.901457175804591,7690,309,15,1621781107,288685929,1910467036,1182456,298028164,1.532934131736527
2026-06-26 20:05:23.144383,4708,0,3.0,0,908808,76312,68756,7556,9.901457175804591,7690,309,15,1621781107,288685929,1910467036,1182456,298028164,0.0
2026-06-26 20:05:23.149404,4709,0,3.0,0,908818,76314,68758,7556,9.901197683256022,7690,309,15,1621781565,288685929,1910467494,1182478,298028164,0.729735112527385
2026-06-26 20:05:23.154381,4710,0,3.0,0,908828,76314,68758,7556,9.901197683256022,7690,309,15,1621781565,288685929,1910467494,1182478,298028164,0.0
2026-06-26 20:05:23.159405,4711,0,3.0,0,908838,76317,68760,7557,9.90211879397775,7690,309,15,1621781673,288686106,1910467779,1182484,298028164,0.17197452229299362
2026-06-26 20:05:23.164381,4712,0,3.0,0,908848,76317,68760,7557,9.90211879397775,7690,309,15,1621781673,288686106,1910467779,1182484,298028164,0.0
2026-06-26 20:05:23.174383,4713,0,3.0,0,908868,76321,68764,7557,9.90159982180527,7691,309,15,1621782429,288686106,1910468535,1182554,298028341,0.6046790641871626
2026-06-26 20:05:23.179399,4714,0,3.0,0,908878,76324,68766,7558,9.902520832241498,7691,309,15,1621782855,288686283,1910469138,1182621,298028341,0.6794258373205742
2026-06-26 20:05:23.184381,4715,0,3.0,0,908888,76324,68766,7558,9.902520832241498,7691,309,15,1621782855,288686283,1910469138,1182621,298028341,0.0
2026-06-26 20:05:23.189410,4716,0,3.0,0,908898,76327,68769,7558,9.902131617907163,7692,309,15,1621783386,288686283,1910469669,1182672,298028518,0.8447007357327501
2026-06-26 20:05:23.194385,4717,0,3.0,0,908908,76327,68769,7558,9.902131617907163,7692,309,15,1621783386,288686283,1910469669,1182672,298028518,0.0
2026-06-26 20:05:23.199394,4718,0,3.0,0,908918,76332,68774,7558,9.901482995336162,7692,309,15,1621785549,288686283,1910471832,1182924,298028518,3.454581752844879
2026-06-26 20:05:23.204383,4719,0,3.0,0,908928,76332,68774,7558,9.901482995336162,7692,309,15,1621785549,288686283,1910471832,1182924,298028518,0.0
2026-06-26 20:05:23.214385,4720,0,3.0,0,908948,76333,68775,7558,9.901353281018695,7692,309,15,1621785726,288686283,1910472009,1182941,298028518,0.14157168566286743
2026-06-26 20:05:23.219402,4721,0,3.0,0,908958,76335,68777,7558,9.90109386257942,7692,309,15,1621786199,288686283,1910472482,1182967,298028518,0.754235598963524
2026-06-26 20:05:23.224379,4722,0,3.0,0,908968,76335,68777,7558,9.90109386257942,7692,309,15,1621786199,288686283,1910472482,1182967,298028518,0.0
2026-06-26 20:05:23.229404,4723,0,3.0,0,908978,76338,68780,7558,9.900704760407661,7692,309,15,1621786818,288686283,1910473101,1183007,298028518,0.9854726368159203
2026-06-26 20:05:23.279396,4724,0,3.0,0,909078,76356,68798,7558,9.898370789459898,7692,309,15,1621789222,288686283,1910475505,1183295,298028518,0.3847015522483597
2026-06-26 20:05:23.284383,4725,0,3.0,0,909088,76356,68798,7558,9.898370789459898,7692,309,15,1621789222,288686283,1910475505,1183295,298028518,0.0
2026-06-26 20:05:23.289392,4726,0,3.0,0,909098,76360,68801,7559,9.899161864850708,7693,309,15,1621789649,288686384,1910476033,1183357,298028619,0.6819724495907367
2026-06-26 20:05:23.294385,4727,0,3.0,0,909108,76360,68801,7559,9.899161864850708,7693,309,15,1621789649,288686384,1910476033,1183357,298028619,0.0
2026-06-26 20:05:23.309395,4728,0,3.0,0,909138,76368,68809,7559,9.898124869055101,7693,309,15,1621790790,288686384,1910477174,1183524,298028619,0.6081279147235177
2026-06-26 20:05:23.314382,4729,0,3.0,0,909148,76368,68809,7559,9.898124869055101,7693,309,15,1621790790,288686384,1910477174,1183524,298028619,0.0
2026-06-26 20:05:23.319396,4730,0,3.0,0,909158,76370,68811,7559,9.897865654052639,7693,309,15,1621791047,288686384,1910477431,1183541,298028619,0.41005185480654166
2026-06-26 20:05:23.324378,4731,0,3.0,0,909168,76370,68811,7559,9.897865654052639,7693,309,15,1621791047,288686384,1910477431,1183541,298028619,0.0
2026-06-26 20:05:23.329397,4732,0,3.0,0,909178,76372,68813,7559,9.897606452626617,7693,309,15,1621791365,288686384,1910477749,1183580,298028619,0.5068738792588166
2026-06-26 20:05:23.334390,4733,0,3.0,0,909188,76372,68813,7559,9.897606452626617,7693,309,15,1621791365,288686384,1910477749,1183580,298028619,0.0
2026-06-26 20:05:23.339399,4734,0,3.0,0,909198,76375,68816,7559,9.89721767594108,7693,309,15,1621791944,288686384,1910478328,1183632,298028619,0.9247354761429427
2026-06-26 20:05:23.344381,4735,0,3.0,0,909208,76375,68816,7559,9.89721767594108,7693,309,15,1621791944,288686384,1910478328,1183632,298028619,0.0
2026-06-26 20:05:23.349397,4736,0,3.0,0,909218,76377,68818,7559,9.896958508451497,7693,309,15,1621792298,288686384,1910478682,1183662,298028619,0.5645933014354066
2026-06-26 20:05:23.354390,4737,0,3.0,0,909228,76377,68818,7559,9.896958508451497,7693,309,15,1621792298,288686384,1910478682,1183662,298028619,0.0
2026-06-26 20:05:23.359399,4738,0,3.0,0,909238,76380,68821,7559,9.896569782665619,7693,309,15,1621792793,288686384,1910479177,1183711,298028619,0.7905769614693552
2026-06-26 20:05:23.364378,4739,0,3.0,0,909248,76380,68821,7559,9.896569782665619,7693,309,15,1621792793,288686384,1910479177,1183711,298028619,0.0
2026-06-26 20:05:23.369395,4740,0,3.0,0,909258,76382,68823,7559,9.89631064910581,7693,309,15,1621793155,288686384,1910479539,1183745,298028619,0.5772373928642615
2026-06-26 20:05:23.374388,4741,0,3.0,0,909268,76382,68823,7559,9.89631064910581,7693,309,15,1621793155,288686384,1910479539,1183745,298028619,0.0
2026-06-26 20:05:23.379391,4742,0,3.0,0,909278,76385,68826,7559,9.895921974209596,7693,309,15,1621793734,288686384,1910480118,1183806,298028619,0.9258444933040176
2026-06-26 20:05:23.384383,4743,0,3.0,0,909288,76385,68826,7559,9.895921974209596,7693,309,15,1621793734,288686384,1910480118,1183806,298028619,0.0
2026-06-26 20:05:23.389408,4744,0,3.0,0,909298,76389,68830,7559,9.89540378850358,7693,309,15,1621794224,288686384,1910480608,1183850,298028619,0.7800995024875622
2026-06-26 20:05:23.394390,4745,0,3.0,0,909308,76389,68830,7559,9.89540378850358,7693,309,15,1621794224,288686384,1910480608,1183850,298028619,0.0
2026-06-26 20:05:23.399394,4746,0,3.0,0,909318,76394,68834,7560,9.896065136005445,7693,309,15,1621794551,288686476,1910481027,1183917,298028619,0.5227817745803357
2026-06-26 20:05:23.404382,4747,0,3.0,0,909328,76394,68834,7560,9.896065136005445,7693,309,15,1621794551,288686476,1910481027,1183917,298028619,0.0
2026-06-26 20:05:23.409394,4748,0,3.0,0,909338,76398,68838,7560,9.895547003848268,7694,309,15,1621794981,288686476,1910481457,1183982,298028711,0.6863527533918595
2026-06-26 20:05:23.414385,4749,0,3.0,0,909348,76398,68838,7560,9.895547003848268,7694,309,15,1621794981,288686476,1910481457,1183982,298028711,0.0
2026-06-26 20:05:23.419396,4750,0,3.0,0,909358,76402,68842,7560,9.895028925944347,7694,309,15,1621795492,288686476,1910481968,1184047,298028711,0.815805228497306
2026-06-26 20:05:23.424387,4751,0,3.0,0,909368,76402,68842,7560,9.895028925944347,7694,309,15,1621795492,288686476,1910481968,1184047,298028711,0.0
2026-06-26 20:05:23.429393,4752,0,3.0,0,909378,76406,68846,7560,9.89451090228516,7694,309,15,1621795887,288686476,1910482363,1184115,298028711,0.631242508989213
2026-06-26 20:05:23.434380,4753,0,3.0,0,909388,76406,68846,7560,9.89451090228516,7694,309,15,1621795887,288686476,1910482363,1184115,298028711,0.0
2026-06-26 20:05:23.439398,4754,0,3.0,0,909398,76409,68849,7560,9.894122420133753,7694,309,15,1621796381,288686476,1910482857,1184163,298028711,0.7875647668393783
2026-06-26 20:05:23.444376,4755,0,3.0,0,909408,76409,68849,7560,9.894122420133753,7694,309,15,1621796381,288686476,1910482857,1184163,298028711,0.0
2026-06-26 20:05:23.449397,4756,0,3.0,0,909418,76411,68850,7561,9.895172161076285,7694,309,15,1621796409,288686577,1910482986,1184186,298028711,0.04461262696673969
2026-06-26 20:05:23.454382,4757,0,3.0,0,909428,76411,68850,7561,9.895172161076285,7694,309,15,1621796409,288686577,1910482986,1184186,298028711,0.0
2026-06-26 20:05:23.459393,4758,0,3.0,0,909438,76414,68852,7562,9.896092339100166,7696,309,15,1621796882,288686678,1910483560,1184213,298028913,0.7551386948712832
2026-06-26 20:05:23.464377,4759,0,3.0,0,909448,76414,68852,7562,9.896092339100166,7696,309,15,1621796882,288686678,1910483560,1184213,298028913,0.0
2026-06-26 20:05:23.469402,4760,0,3.0,0,909458,76415,68853,7562,9.895962834522019,7696,309,15,1621797231,288686678,1910483909,1184242,298028913,0.5556218905472636
2026-06-26 20:05:23.474378,4761,0,3.0,0,909468,76415,68853,7562,9.895962834522019,7696,309,15,1621797231,288686678,1910483909,1184242,298028913,0.0
2026-06-26 20:05:23.479396,4762,0,3.0,0,909478,76416,68854,7562,9.895833333333332,7696,309,15,1621797709,288686678,1910484387,1184281,298028913,0.7620565962534874
2026-06-26 20:05:23.484377,4763,0,3.0,0,909488,76416,68854,7562,9.895833333333332,7696,309,15,1621797709,288686678,1910484387,1184281,298028913,0.0
2026-06-26 20:05:23.489398,4764,0,3.0,0,909498,76418,68856,7562,9.895574341123819,7696,309,15,1621798187,288686678,1910484865,1184320,298028913,0.7616012746464847
2026-06-26 20:05:23.494381,4765,0,3.0,0,909508,76418,68856,7562,9.895574341123819,7696,309,15,1621798187,288686678,1910484865,1184320,298028913,0.0
2026-06-26 20:05:23.499395,4766,0,3.0,0,909518,76419,68857,7562,9.895444850102724,7696,309,15,1621798536,288686678,1910485214,1184344,298028913,0.5568408456322298
2026-06-26 20:05:23.504381,4767,0,3.0,0,909528,76419,68857,7562,9.895444850102724,7696,309,15,1621798536,288686678,1910485214,1184344,298028913,0.0
2026-06-26 20:05:23.509397,4768,0,3.0,0,909538,76420,68858,7562,9.895315362470559,7696,309,15,1621799024,288686678,1910485702,1184393,298028913,0.7783094098883573
2026-06-26 20:05:23.514380,4769,0,3.0,0,909548,76420,68858,7562,9.895315362470559,7696,309,15,1621799024,288686678,1910485702,1184393,298028913,0.0
2026-06-26 20:05:23.519398,4770,0,3.0,0,909558,76422,68860,7562,9.895056397372484,7696,309,15,1621799330,288686678,1910486008,1184420,298028913,0.4878437624551614
2026-06-26 20:05:23.524382,4771,0,3.0,0,909568,76422,68860,7562,9.895056397372484,7696,309,15,1621799330,288686678,1910486008,1184420,298028913,0.0
2026-06-26 20:05:23.529396,4772,0,3.0,0,909578,76423,68861,7562,9.894926919906311,7696,309,15,1621799615,288686678,1910486293,1184465,298028913,0.45472676505783804
2026-06-26 20:05:23.534386,4773,0,3.0,0,909588,76423,68861,7562,9.894926919906311,7696,309,15,1621799615,288686678,1910486293,1184465,298028913,0.0
2026-06-26 20:05:23.539395,4774,0,3.0,0,909598,76427,68865,7562,9.894409043924268,7696,309,15,1621800126,288686678,1910486804,1184530,298028913,0.8161309642643242
2026-06-26 20:05:23.544389,4775,0,3.0,0,909608,76427,68865,7562,9.894409043924268,7696,309,15,1621800126,288686678,1910486804,1184530,298028913,0.0
2026-06-26 20:05:23.549397,4776,0,3.0,0,909618,76431,68869,7562,9.893891222148081,7696,309,15,1621800901,288686678,1910487579,1184627,298028913,1.2380191693290734
2026-06-26 20:05:23.554387,4777,0,3.0,0,909628,76431,68869,7562,9.893891222148081,7696,309,15,1621800901,288686678,1910487579,1184627,298028913,0.0
2026-06-26 20:05:23.559398,4778,0,3.0,0,909638,76434,68872,7562,9.893502891383415,7696,309,15,1621801125,288686678,1910487803,1184686,298028913,0.3576132508481341
2026-06-26 20:05:23.564380,4779,0,3.0,0,909648,76434,68872,7562,9.893502891383415,7696,309,15,1621801125,288686678,1910487803,1184686,298028913,0.0
2026-06-26 20:05:23.569393,4780,0,3.0,0,909658,76437,68875,7562,9.893114591101169,7696,309,15,1621801544,288686678,1910488222,1184746,298028913,0.6686614801516059
2026-06-26 20:05:23.574380,4781,0,3.0,0,909668,76437,68875,7562,9.893114591101169,7696,309,15,1621801544,288686678,1910488222,1184746,298028913,0.0
2026-06-26 20:05:23.579396,4782,0,3.0,0,909678,76439,68877,7562,9.89285574117924,7696,309,15,1621801830,288686678,1910488508,1184792,298028913,0.45614035087719296
2026-06-26 20:05:23.584377,4783,0,3.0,0,909688,76439,68877,7562,9.89285574117924,7696,309,15,1621801830,288686678,1910488508,1184792,298028913,0.0
2026-06-26 20:05:23.589396,4784,0,3.0,0,909698,76440,68878,7562,9.892726321297749,7696,309,15,1621802131,288686678,1910488809,1184814,298028913,0.4797768479776848
2026-06-26 20:05:23.594382,4785,0,3.0,0,909708,76440,68878,7562,9.892726321297749,7696,309,15,1621802131,288686678,1910488809,1184814,298028913,0.0
2026-06-26 20:05:23.599412,4786,0,3.0,0,909718,76444,68882,7562,9.892208675631835,7696,309,15,1621802727,288686678,1910489405,1184884,298028913,0.9479125248508946
2026-06-26 20:05:23.604367,4787,0,3.0,0,909728,76444,68882,7562,9.892208675631835,7696,309,15,1621802727,288686678,1910489405,1184884,298028913,0.0
2026-06-26 20:05:23.609387,4788,0,3.0,0,909738,76445,68882,7563,9.893387402707829,7696,309,15,1621802727,288686779,1910489506,1184884,298028913,0.0
2026-06-26 20:05:23.614364,4789,0,3.0,0,909748,76445,68882,7563,9.893387402707829,7696,309,15,1621802727,288686779,1910489506,1184884,298028913,0.0
2026-06-26 20:05:23.619391,4790,0,3.0,0,909758,76448,68883,7565,9.895615320217663,7697,309,15,1621802828,288687085,1910489913,1184905,298029014,0.16073204694648896
2026-06-26 20:05:23.624364,4791,0,3.0,0,909768,76448,68883,7565,9.895615320217663,7697,309,15,1621802828,288687085,1910489913,1184905,298029014,0.0
2026-06-26 20:05:23.629386,4792,0,3.0,0,909778,76454,68888,7566,9.896146702592407,7699,309,15,1621803383,288687262,1910490645,1184970,298029320,0.8841099163679809
2026-06-26 20:05:23.634364,4793,0,3.0,0,909788,76454,68888,7566,9.896146702592407,7699,309,15,1621803383,288687262,1910490645,1184970,298029320,0.0
2026-06-26 20:05:23.639382,4794,0,3.0,0,909798,76458,68890,7568,9.898244787988176,7701,309,15,1621803585,288687616,1910491201,1185005,298029674,0.3220406536468713
2026-06-26 20:05:23.644361,4795,0,3.0,0,909808,76458,68890,7568,9.898244787988176,7701,309,15,1621803585,288687616,1910491201,1185005,298029674,0.0
2026-06-26 20:05:23.649378,4796,0,3.0,0,909818,76463,68892,7571,9.901520997083557,7704,309,15,1621803863,288688035,1910491898,1185043,298030129,0.4432928044648196
2026-06-26 20:05:23.654365,4797,0,3.0,0,909828,76463,68892,7571,9.901520997083557,7704,309,15,1621803863,288688035,1910491898,1185043,298030129,0.0
2026-06-26 20:05:23.659380,4798,0,3.0,0,909838,76469,68896,7573,9.903359531313342,7706,309,15,1621804507,288688389,1910492896,1185130,298030447,1.0273180458624127
2026-06-26 20:05:23.664360,4799,0,3.0,0,909848,76469,68896,7573,9.903359531313342,7706,309,15,1621804507,288688389,1910492896,1185130,298030447,0.0
2026-06-26 20:05:23.669380,4800,0,3.0,0,909858,76471,68898,7573,9.90310052176642,7707,309,15,1621804869,288688389,1910493258,1185164,298030624,0.5768924302788845
2026-06-26 20:05:23.674363,4801,0,3.0,0,909868,76471,68898,7573,9.90310052176642,7707,309,15,1621804869,288688389,1910493258,1185164,298030624,0.0
2026-06-26 20:05:23.679379,4802,0,3.0,0,909878,76474,68901,7573,9.902712032847766,7707,309,15,1621805200,288688389,1910493589,1185209,298030624,0.5279106858054227
2026-06-26 20:05:23.684363,4803,0,3.0,0,909888,76474,68901,7573,9.902712032847766,7707,309,15,1621805200,288688389,1910493589,1185209,298030624,0.0
2026-06-26 20:05:23.689376,4804,0,3.0,0,909898,76476,68903,7573,9.902453057168263,7707,309,15,1621805486,288688389,1910493875,1185255,298030624,0.4564133253540794
2026-06-26 20:05:23.694362,4805,0,3.0,0,909908,76476,68903,7573,9.902453057168263,7707,309,15,1621805486,288688389,1910493875,1185255,298030624,0.0
2026-06-26 20:05:23.699378,4806,0,3.0,0,909918,76480,68907,7573,9.901935146443515,7707,309,15,1621805848,288688389,1910494237,1185333,298030624,0.5773524720893142
2026-06-26 20:05:23.704362,4807,0,3.0,0,909928,76480,68907,7573,9.901935146443515,7707,309,15,1621805848,288688389,1910494237,1185333,298030624,0.0
2026-06-26 20:05:23.709381,4808,0,3.0,0,909938,76483,68909,7574,9.902854229044362,7707,309,15,1621806081,288688574,1910494655,1185367,298030624,0.371388722853158
2026-06-26 20:05:23.714370,4809,0,3.0,0,909948,76483,68909,7574,9.902854229044362,7707,309,15,1621806081,288688574,1910494655,1185367,298030624,0.0
2026-06-26 20:05:23.719380,4810,0,3.0,0,909958,76487,68912,7575,9.903643756455345,7708,309,15,1621806468,288688680,1910495148,1185435,298030809,0.6179640718562874
2026-06-26 20:05:23.724359,4811,0,3.0,0,909968,76487,68912,7575,9.903643756455345,7708,309,15,1621806468,288688680,1910495148,1185435,298030809,0.0
2026-06-26 20:05:23.729376,4812,0,3.0,0,909978,76491,68916,7575,9.90312585794407,7709,309,15,1621807008,288688680,1910495688,1185521,298030915,0.8610723539964122
2026-06-26 20:05:23.734361,4813,0,3.0,0,909988,76491,68916,7575,9.90312585794407,7709,309,15,1621807008,288688680,1910495688,1185521,298030915,0.0
2026-06-26 20:05:23.739391,4814,0,3.0,0,909998,76492,68917,7575,9.902996391779533,7709,309,15,1621807225,288688680,1910495905,1185578,298030915,0.34512922465208745
2026-06-26 20:05:23.744358,4815,0,3.0,0,910008,76492,68917,7575,9.902996391779533,7709,309,15,1621807225,288688680,1910495905,1185578,298030915,0.0
2026-06-26 20:05:23.749379,4816,0,3.0,0,910018,76494,68918,7576,9.904044761680654,7709,309,15,1621807466,288688857,1910496323,1185620,298030915,0.38398725353515234
2026-06-26 20:05:23.754360,4817,0,3.0,0,910028,76494,68918,7576,9.904044761680654,7709,309,15,1621807466,288688857,1910496323,1185620,298030915,0.0
2026-06-26 20:05:23.759380,4818,0,3.0,0,910038,76499,68923,7576,9.903397430031765,7710,309,15,1621808166,288688857,1910497023,1185713,298031092,1.1155378486055776
2026-06-26 20:05:23.764359,4819,0,3.0,0,910048,76499,68923,7576,9.903397430031765,7710,309,15,1621808166,288688857,1910497023,1185713,298031092,0.0
2026-06-26 20:05:23.769383,4820,0,3.0,0,910058,76501,68925,7576,9.903138521065085,7710,309,15,1621808452,288688857,1910497309,1185755,298031092,0.4554140127388535
2026-06-26 20:05:23.774363,4821,0,3.0,0,910068,76501,68925,7576,9.903138521065085,7710,309,15,1621808452,288688857,1910497309,1185755,298031092,0.0
2026-06-26 20:05:23.779383,4822,0,3.0,0,910078,76505,68928,7577,9.903927847853081,7710,309,15,1621808786,288689034,1910497820,1185803,298031092,0.5322709163346614
2026-06-26 20:05:23.784362,4823,0,3.0,0,910088,76505,68928,7577,9.903927847853081,7710,309,15,1621808786,288689034,1910497820,1185803,298031092,0.0
2026-06-26 20:05:23.789379,4824,0,3.0,0,910098,76509,68932,7577,9.903410056333243,7711,309,15,1621809342,288689034,1910498376,1185872,298031269,0.8865856089296392
2026-06-26 20:05:23.794361,4825,0,3.0,0,910108,76509,68932,7577,9.903410056333243,7711,309,15,1621809342,288689034,1910498376,1185872,298031269,0.0
2026-06-26 20:05:23.799375,4826,0,3.0,0,910118,76511,68934,7577,9.903151180875952,7711,309,15,1621809836,288689034,1910498870,1185920,298031269,0.788193059433586
2026-06-26 20:05:23.804358,4827,0,3.0,0,910128,76511,68934,7577,9.903151180875952,7711,309,15,1621809836,288689034,1910498870,1185920,298031269,0.0
2026-06-26 20:05:23.809376,4828,0,3.0,0,910138,76513,68936,7577,9.902892318952334,7711,309,15,1621810346,288689034,1910499380,1185984,298031269,0.813072937425269
2026-06-26 20:05:23.814361,4829,0,3.0,0,910148,76513,68936,7577,9.902892318952334,7711,309,15,1621810346,288689034,1910499380,1185984,298031269,0.0
2026-06-26 20:05:23.819376,4830,0,3.0,0,910158,76518,68941,7577,9.902245223346142,7711,309,15,1621811002,288689034,1910500036,1186061,298031269,1.0464606181455633
2026-06-26 20:05:23.824362,4831,0,3.0,0,910168,76518,68941,7577,9.902245223346142,7711,309,15,1621811002,288689034,1910500036,1186061,298031269,0.0
2026-06-26 20:05:23.829378,4832,0,3.0,0,910178,76522,68944,7578,9.903034421473563,7712,309,15,1621811421,288689175,1910500596,1186121,298031410,0.6682615629984051
2026-06-26 20:05:23.834364,4833,0,3.0,0,910188,76522,68944,7578,9.903034421473563,7712,309,15,1621811421,288689175,1910500596,1186121,298031410,0.0
2026-06-26 20:05:23.839376,4834,0,3.0,0,910198,76525,68946,7579,9.903952956550146,7713,309,15,1621811651,288689276,1910500927,1186152,298031511,0.3671189146049481
2026-06-26 20:05:23.844368,4835,0,3.0,0,910208,76525,68946,7579,9.903952956550146,7713,309,15,1621811651,288689276,1910500927,1186152,298031511,0.0
2026-06-26 20:05:23.849376,4836,0,3.0,0,910218,76529,68949,7580,9.904741993231324,7714,309,15,1621812162,288689461,1910501623,1186233,298031696,0.8162939297124601
2026-06-26 20:05:23.854360,4837,0,3.0,0,910228,76529,68949,7580,9.904741993231324,7714,309,15,1621812162,288689461,1910501623,1186233,298031696,0.0
2026-06-26 20:05:23.859377,4838,0,3.0,0,910238,76531,68951,7580,9.904483150618704,7714,309,15,1621812391,288689461,1910501852,1186264,298031696,0.36515846123181184
2026-06-26 20:05:23.864360,4839,0,3.0,0,910248,76531,68951,7580,9.904483150618704,7714,309,15,1621812391,288689461,1910501852,1186264,298031696,0.0
2026-06-26 20:05:23.869384,4840,0,3.0,0,910258,76533,68953,7580,9.904224321534501,7714,309,15,1621812668,288689461,1910502129,1186301,298031696,0.4410828025477707
2026-06-26 20:05:23.874377,4841,0,3.0,0,910268,76533,68953,7580,9.904224321534501,7714,309,15,1621812668,288689461,1910502129,1186301,298031696,0.0
2026-06-26 20:05:23.879379,4842,0,3.0,0,910278,76535,68955,7580,9.903965505977657,7714,309,15,1621812978,288689461,1910502439,1186314,298031696,0.4958016793282687
2026-06-26 20:05:23.884357,4843,0,3.0,0,910288,76535,68955,7580,9.903965505977657,7714,309,15,1621812978,288689461,1910502439,1186314,298031696,0.0
2026-06-26 20:05:23.889376,4844,0,3.0,0,910298,76537,68957,7580,9.90370670394711,7714,309,15,1621813540,288689461,1910503001,1186357,298031696,0.8957959752938832
2026-06-26 20:05:23.894366,4845,0,3.0,0,910308,76537,68957,7580,9.90370670394711,7714,309,15,1621813540,288689461,1910503001,1186357,298031696,0.0
2026-06-26 20:05:23.899391,4846,0,3.0,0,910318,76539,68959,7580,9.903447915441802,7714,309,15,1621813817,288689461,1910503278,1186394,298031696,0.44099502487562187
2026-06-26 20:05:23.904361,4847,0,3.0,0,910328,76539,68959,7580,9.903447915441802,7714,309,15,1621813817,288689461,1910503278,1186394,298031696,0.0
2026-06-26 20:05:23.909380,4848,0,3.0,0,910338,76541,68961,7580,9.903189140460668,7714,309,15,1621814038,288689461,1910503499,1186416,298031696,0.3522614066547121
2026-06-26 20:05:23.914367,4849,0,3.0,0,910348,76541,68961,7580,9.903189140460668,7714,309,15,1621814038,288689461,1910503499,1186416,298031696,0.0
2026-06-26 20:05:23.919383,4850,0,3.0,0,910358,76545,68965,7580,9.902671631066692,7714,309,15,1621814448,288689461,1910503909,1186460,298031696,0.6539074960127592
2026-06-26 20:05:23.924364,4851,0,3.0,0,910368,76545,68965,7580,9.902671631066692,7714,309,15,1621814448,288689461,1910503909,1186460,298031696,0.0
2026-06-26 20:05:23.929378,4852,0,3.0,0,910378,76548,68967,7581,9.903589904373726,7715,309,15,1621814632,288689553,1910504185,1186484,298031788,0.29357798165137616
2026-06-26 20:05:23.934365,4853,0,3.0,0,910388,76548,68967,7581,9.903589904373726,7715,309,15,1621814632,288689553,1910504185,1186484,298031788,0.0
2026-06-26 20:05:23.939379,4854,0,3.0,0,910398,76552,68971,7581,9.903072421360644,7715,309,15,1621815126,288689553,1910504679,1186525,298031788,0.788193059433586
2026-06-26 20:05:23.944363,4855,0,3.0,0,910408,76552,68971,7581,9.903072421360644,7715,309,15,1621815126,288689553,1910504679,1186525,298031788,0.0
2026-06-26 20:05:23.949379,4856,0,3.0,0,910418,76556,68973,7583,9.905167459114898,7716,309,15,1621815403,288689834,1910505237,1186549,298031973,0.44178628389154706
2026-06-26 20:05:23.954365,4857,0,3.0,0,910428,76556,68973,7583,9.905167459114898,7716,309,15,1621815403,288689834,1910505237,1186549,298031973,0.0
2026-06-26 20:05:23.959376,4858,0,3.0,0,910438,76563,68980,7583,9.904261849718532,7717,309,15,1621816094,288689834,1910505928,1186613,298032069,1.1031730193574136
2026-06-26 20:05:23.964359,4859,0,3.0,0,910448,76563,68980,7583,9.904261849718532,7717,309,15,1621816094,288689834,1910505928,1186613,298032069,0.0
2026-06-26 20:05:23.969378,4860,0,3.0,0,910458,76566,68983,7583,9.903873782096491,7717,309,15,1621816692,288689834,1910506526,1186693,298032069,0.953177923889221
2026-06-26 20:05:23.974363,4861,0,3.0,0,910468,76566,68983,7583,9.903873782096491,7717,309,15,1621816692,288689834,1910506526,1186693,298032069,0.0
2026-06-26 20:05:23.979374,4862,0,3.0,0,910478,76567,68984,7583,9.903744432980266,7717,309,15,1621816953,288689834,1910506787,1186714,298032069,0.41668329674715626
2026-06-26 20:05:23.984356,4863,0,3.0,0,910488,76567,68984,7583,9.903744432980266,7717,309,15,1621816953,288689834,1910506787,1186714,298032069,0.0
2026-06-26 20:05:23.989378,4864,0,3.0,0,910498,76570,68986,7584,9.90466240041792,7717,309,15,1621817323,288689975,1910507298,1186764,298032069,0.5894066109119872
2026-06-26 20:05:23.994358,4865,0,3.0,0,910508,76570,68986,7584,9.90466240041792,7717,309,15,1621817323,288689975,1910507298,1186764,298032069,0.0
2026-06-26 20:05:23.999378,4866,0,3.0,0,910518,76574,68990,7584,9.904145010055633,7718,309,15,1621817918,288689975,1910507893,1186876,298032210,0.9482071713147411
2026-06-26 20:05:24.004362,4867,0,3.0,0,910528,76574,68990,7584,9.904145010055633,7718,309,15,1621817918,288689975,1910507893,1186876,298032210,0.0
2026-06-26 20:05:24.009378,4868,0,3.0,0,910538,76575,68991,7584,9.904015670910873,7718,309,15,1621818195,288689975,1910508170,1186913,298032210,0.44178628389154706
2026-06-26 20:05:24.014360,4869,0,3.0,0,910548,76575,68991,7584,9.904015670910873,7718,309,15,1621818195,288689975,1910508170,1186913,298032210,0.0
2026-06-26 20:05:24.019378,4870,0,3.0,0,910558,76578,68994,7584,9.903627673744417,7718,309,15,1621818890,288689975,1910508865,1187009,298032210,1.1080111598246314
2026-06-26 20:05:24.024366,4871,0,3.0,0,910568,76578,68994,7584,9.903627673744417,7718,309,15,1621818890,288689975,1910508865,1187009,298032210,0.0
2026-06-26 20:05:24.029386,4872,0,3.0,0,910578,76582,68998,7584,9.903110391475805,7718,309,15,1621819222,288689975,1910509197,1187056,298032210,0.5290836653386454
2026-06-26 20:05:24.034366,4873,0,3.0,0,910588,76582,68998,7584,9.903110391475805,7718,309,15,1621819222,288689975,1910509197,1187056,298032210,0.0
2026-06-26 20:05:24.039377,4874,0,3.0,0,910598,76587,69003,7584,9.902463864624544,7718,309,15,1621819688,288689975,1910509663,1187093,298032210,0.743963280782279
2026-06-26 20:05:24.044362,4875,0,3.0,0,910608,76587,69003,7584,9.902463864624544,7718,309,15,1621819688,288689975,1910509663,1187093,298032210,0.0
2026-06-26 20:05:24.049383,4876,0,3.0,0,910618,76591,69006,7585,9.903252340353305,7718,309,15,1621820103,288690160,1910510263,1187136,298032210,0.6612228639713205
2026-06-26 20:05:24.054358,4877,0,3.0,0,910628,76591,69006,7585,9.903252340353305,7718,309,15,1621820103,288690160,1910510263,1187136,298032210,0.0
2026-06-26 20:05:24.059389,4878,0,3.0,0,910638,76595,69010,7585,9.902735165480776,7719,309,15,1621820578,288690160,1910510738,1187205,298032395,0.7553170343868019
2026-06-26 20:05:24.064359,4879,0,3.0,0,910648,76595,69010,7585,9.902735165480776,7719,309,15,1621820578,288690160,1910510738,1187205,298032395,0.0
2026-06-26 20:05:24.069384,4880,0,3.0,0,910658,76597,69012,7585,9.902476598300195,7719,309,15,1621820980,288690160,1910511140,1187241,298032395,0.64
2026-06-26 20:05:24.074362,4881,0,3.0,0,910668,76597,69012,7585,9.902476598300195,7719,309,15,1621820980,288690160,1910511140,1187241,298032395,0.0
2026-06-26 20:05:24.079380,4882,0,3.0,0,910678,76600,69015,7585,9.902088772845953,7719,309,15,1621821366,288690160,1910511526,1187300,298032395,0.6153846153846154
2026-06-26 20:05:24.084358,4883,0,3.0,0,910688,76600,69015,7585,9.902088772845953,7719,309,15,1621821366,288690160,1910511526,1187300,298032395,0.0
2026-06-26 20:05:24.089378,4884,0,3.0,0,910698,76602,69017,7585,9.901830239419336,7719,309,15,1621822031,288690160,1910512191,1187366,298032395,1.0597609561752988
2026-06-26 20:05:24.094364,4885,0,3.0,0,910708,76602,69017,7585,9.901830239419336,7719,309,15,1621822031,288690160,1910512191,1187366,298032395,0.0
2026-06-26 20:05:24.099386,4886,0,3.0,0,910718,76605,69019,7586,9.90274786241107,7720,309,15,1621822367,288690271,1910512638,1187418,298032506,0.5352449223416965
2026-06-26 20:05:24.104357,4887,0,3.0,0,910728,76605,69019,7586,9.90274786241107,7720,309,15,1621822367,288690271,1910512638,1187418,298032506,0.0
2026-06-26 20:05:24.109384,4888,0,3.0,0,910738,76607,69021,7586,9.902489328651429,7720,309,15,1621822497,288690271,1910512768,1187430,298032506,0.20688283270340163
2026-06-26 20:05:24.114393,4889,0,3.0,0,910748,76607,69021,7586,9.902489328651429,7720,309,15,1621822497,288690271,1910512768,1187430,298032506,0.0
2026-06-26 20:05:24.119405,4890,0,3.0,0,910758,76614,69028,7586,9.90158456678936,7720,309,15,1621823495,288690271,1910513766,1187478,298032506,1.5929768555466879
2026-06-26 20:05:24.124368,4891,0,3.0,0,910768,76614,69028,7586,9.90158456678936,7720,309,15,1621823495,288690271,1910513766,1187478,298032506,0.0
2026-06-26 20:05:24.129389,4892,0,3.0,0,910778,76614,69028,7586,9.90158456678936,7720,309,15,1621823495,288690271,1910513766,1187478,298032506,0.0
2026-06-26 20:05:24.134376,4893,0,3.0,0,910788,76614,69028,7586,9.90158456678936,7720,309,15,1621823495,288690271,1910513766,1187478,298032506,0.0
2026-06-26 20:05:24.139386,4894,0,3.0,0,910798,76616,69030,7586,9.901326093766315,7720,309,15,1621824085,288690271,1910514356,1187549,298032506,0.9421157684630739
2026-06-26 20:05:24.144375,4895,0,3.0,0,910808,76616,69030,7586,9.901326093766315,7720,309,15,1621824085,288690271,1910514356,1187549,298032506,0.0
2026-06-26 20:05:24.149393,4896,0,3.0,0,910818,76619,69033,7586,9.900938409532884,7720,309,15,1621824676,288690271,1910514947,1187609,298032506,0.9422080510163412
2026-06-26 20:05:24.154375,4897,0,3.0,0,910828,76619,69033,7586,9.900938409532884,7720,309,15,1621824676,288690271,1910514947,1187609,298032506,0.0
2026-06-26 20:05:24.159392,4898,0,3.0,0,910838,76621,69035,7586,9.900679970243145,7720,309,15,1621825046,288690271,1910515317,1187659,298032506,0.589994020330875
2026-06-26 20:05:24.164375,4899,0,3.0,0,910848,76621,69035,7586,9.900679970243145,7720,309,15,1621825046,288690271,1910515317,1187659,298032506,0.0
2026-06-26 20:05:24.169386,4900,0,3.0,0,910858,76623,69037,7586,9.900421544444878,7720,309,15,1621825360,288690271,1910515631,1187694,298032506,0.501297146278188
2026-06-26 20:05:24.174376,4901,0,3.0,0,910868,76623,69037,7586,9.900421544444878,7720,309,15,1621825360,288690271,1910515631,1187694,298032506,0.0
2026-06-26 20:05:24.179389,4902,0,3.0,0,910878,76625,69039,7586,9.900163132137031,7720,309,15,1621825786,288690271,1910516057,1187761,298032506,0.6798324356672651
2026-06-26 20:05:24.184381,4903,0,3.0,0,910888,76625,69039,7586,9.900163132137031,7720,309,15,1621825786,288690271,1910516057,1187761,298032506,0.0
2026-06-26 20:05:24.189399,4904,0,3.0,0,910898,76627,69041,7586,9.899904733318543,7720,309,15,1621826028,288690271,1910516299,1187786,298032506,0.38581108011159826
2026-06-26 20:05:24.194400,4905,0,3.0,0,910908,76627,69041,7586,9.899904733318543,7720,309,15,1621826028,288690271,1910516299,1187786,298032506,0.0
2026-06-26 20:05:24.199402,4906,0,3.0,0,910918,76633,69047,7586,9.899129617788681,7720,309,15,1621826403,288690271,1910516674,1187819,298032506,0.5997600959616154
2026-06-26 20:05:24.204377,4907,0,3.0,0,910928,76633,69047,7586,9.899129617788681,7720,309,15,1621826403,288690271,1910516674,1187819,298032506,0.0
2026-06-26 20:05:24.209397,4908,0,3.0,0,910938,76637,69051,7586,9.898612941529548,7720,309,15,1621826816,288690271,1910517087,1187874,298032506,0.6581673306772908
2026-06-26 20:05:24.214379,4909,0,3.0,0,910948,76637,69051,7586,9.898612941529548,7720,309,15,1621826816,288690271,1910517087,1187874,298032506,0.0
2026-06-26 20:05:24.219399,4910,0,3.0,0,910958,76640,69054,7586,9.898225469728601,7720,309,15,1621827032,288690271,1910517303,1187925,298032506,0.34422310756972113
2026-06-26 20:05:24.224379,4911,0,3.0,0,910968,76640,69054,7586,9.898225469728601,7720,309,15,1621827032,288690271,1910517303,1187925,298032506,0.0
2026-06-26 20:05:24.229398,4912,0,3.0,0,910978,76644,69058,7586,9.897708887845102,7720,309,15,1621827455,288690271,1910517726,1187981,298032506,0.6742378959952182
2026-06-26 20:05:24.234377,4913,0,3.0,0,910988,76644,69058,7586,9.897708887845102,7720,309,15,1621827455,288690271,1910517726,1187981,298032506,0.0
2026-06-26 20:05:24.239398,4914,0,3.0,0,910998,76648,69062,7586,9.897192359878927,7720,309,15,1621827815,288690271,1910518086,1188007,298032506,0.573590918143796
2026-06-26 20:05:24.244377,4915,0,3.0,0,911008,76648,69062,7586,9.897192359878927,7720,309,15,1621827815,288690271,1910518086,1188007,298032506,0.0
2026-06-26 20:05:24.249394,4916,0,3.0,0,911018,76651,69065,7586,9.896804999282462,7720,309,15,1621828132,288690271,1910518403,1188039,298032506,0.5054813633645605
2026-06-26 20:05:24.254385,4917,0,3.0,0,911028,76651,69065,7586,9.896804999282462,7720,309,15,1621828132,288690271,1910518403,1188039,298032506,0.0
2026-06-26 20:05:24.259400,4918,0,3.0,0,911038,76655,69069,7586,9.896288565651295,7720,309,15,1621828646,288690271,1910518917,1188107,298032506,0.8199401794616151
2026-06-26 20:05:24.264377,4919,0,3.0,0,911048,76655,69069,7586,9.896288565651295,7720,309,15,1621828646,288690271,1910518917,1188107,298032506,0.0
2026-06-26 20:05:24.269396,4920,0,3.0,0,911058,76659,69073,7586,9.895772185914243,7720,309,15,1621829039,288690271,1910519310,1188168,298032506,0.6264196054991034
2026-06-26 20:05:24.274380,4921,0,3.0,0,911068,76659,69073,7586,9.895772185914243,7720,309,15,1621829039,288690271,1910519310,1188168,298032506,0.0
2026-06-26 20:05:24.279405,4922,0,3.0,0,911078,76662,69076,7586,9.895384936474393,7720,309,15,1621829445,288690271,1910519716,1188215,298032506,0.64636815920398
2026-06-26 20:05:24.284376,4923,0,3.0,0,911088,76662,69076,7586,9.895384936474393,7720,309,15,1621829445,288690271,1910519716,1188215,298032506,0.0
2026-06-26 20:05:24.289395,4924,0,3.0,0,911098,76664,69078,7586,9.895126787018679,7720,309,15,1621829666,288690271,1910519937,1188237,298032506,0.3522614066547121
2026-06-26 20:05:24.294393,4925,0,3.0,0,911108,76664,69078,7586,9.895126787018679,7720,309,15,1621829666,288690271,1910519937,1188237,298032506,0.0
2026-06-26 20:05:24.299397,4926,0,3.0,0,911118,76666,69080,7586,9.894868651031748,7720,309,15,1621830036,288690271,1910520307,1188287,298032506,0.5915267785771383
2026-06-26 20:05:24.304377,4927,0,3.0,0,911128,76666,69080,7586,9.894868651031748,7720,309,15,1621830036,288690271,1910520307,1188287,298032506,0.0
2026-06-26 20:05:24.309399,4928,0,3.0,0,911138,76670,69084,7586,9.894352419460024,7720,309,15,1621830546,288690271,1910520817,1188343,298032506,0.8124253285543608
2026-06-26 20:05:24.314386,4929,0,3.0,0,911148,76670,69084,7586,9.894352419460024,7720,309,15,1621830546,288690271,1910520817,1188343,298032506,0.0
2026-06-26 20:05:24.319404,4930,0,3.0,0,911158,76673,69087,7586,9.89396528112895,7720,309,15,1621830814,288690271,1910521085,1188365,298032506,0.4272618573136708
2026-06-26 20:05:24.324380,4931,0,3.0,0,911168,76673,69087,7586,9.89396528112895,7720,309,15,1621830814,288690271,1910521085,1188365,298032506,0.0
2026-06-26 20:05:24.329395,4932,0,3.0,0,911178,76679,69092,7587,9.8944952333755,7721,309,15,1621831241,288690394,1910521635,1188413,298032629,0.6811565304087737
2026-06-26 20:05:24.334384,4933,0,3.0,0,911188,76679,69092,7587,9.8944952333755,7721,309,15,1621831241,288690394,1910521635,1188413,298032629,0.0
2026-06-26 20:05:24.339399,4934,0,3.0,0,911198,76681,69094,7587,9.894237164356229,7721,309,15,1621831425,288690394,1910521819,1188438,298032629,0.29351944167497507
2026-06-26 20:05:24.344383,4935,0,3.0,0,911208,76681,69094,7587,9.894237164356229,7721,309,15,1621831425,288690394,1910521819,1188438,298032629,0.0
2026-06-26 20:05:24.349399,4936,0,3.0,0,911218,76684,69097,7587,9.893850086067497,7721,309,15,1621831965,288690394,1910522359,1188485,298032629,0.861244019138756
2026-06-26 20:05:24.354383,4937,0,3.0,0,911228,76684,69097,7587,9.893850086067497,7721,309,15,1621831965,288690394,1910522359,1188485,298032629,0.0
2026-06-26 20:05:24.359397,4938,0,3.0,0,911238,76691,69104,7587,9.892947021162849,7721,309,15,1621832696,288690394,1910523090,1188650,298032629,1.1663342640606302
2026-06-26 20:05:24.364377,4939,0,3.0,0,911248,76691,69104,7587,9.892947021162849,7721,309,15,1621832696,288690394,1910523090,1188650,298032629,0.0
2026-06-26 20:05:24.369393,4940,0,3.0,0,911258,76693,69106,7587,9.892689032897396,7721,309,15,1621833130,288690394,1910523524,1188717,298032629,0.6921850079744817
2026-06-26 20:05:24.374392,4941,0,3.0,0,911268,76693,69106,7587,9.892689032897396,7721,309,15,1621833130,288690394,1910523524,1188717,298032629,0.0
2026-06-26 20:05:24.379414,4942,0,3.0,0,911278,76695,69108,7587,9.892431058087228,7721,309,15,1621833403,288690394,1910523797,1188751,298032629,0.4348864994026284
2026-06-26 20:05:24.384382,4943,0,3.0,0,911288,76695,69108,7587,9.892431058087228,7721,309,15,1621833403,288690394,1910523797,1188751,298032629,0.0
2026-06-26 20:05:24.389419,4944,0,3.0,0,911298,76699,69112,7587,9.891915148828538,7721,309,15,1621834005,288690394,1910524399,1188822,298032629,0.9561246773873338
2026-06-26 20:05:24.394408,4945,0,3.0,0,911308,76699,69112,7587,9.891915148828538,7721,309,15,1621834005,288690394,1910524399,1188822,298032629,0.0
2026-06-26 20:05:24.399397,4946,0,3.0,0,911318,76701,69114,7587,9.89165721437791,7721,309,15,1621834202,288690394,1910524596,1188859,298032629,0.31589496893164964
2026-06-26 20:05:24.404380,4947,0,3.0,0,911328,76701,69114,7587,9.89165721437791,7721,309,15,1621834202,288690394,1910524596,1188859,298032629,0.0
2026-06-26 20:05:24.409399,4948,0,3.0,0,911338,76704,69116,7588,9.892574050896954,7722,309,15,1621834536,288690535,1910525071,1188914,298032770,0.532376967523411
2026-06-26 20:05:24.414379,4949,0,3.0,0,911348,76704,69116,7588,9.892574050896954,7722,309,15,1621834536,288690535,1910525071,1188914,298032770,0.0
2026-06-26 20:05:24.419398,4950,0,3.0,0,911358,76706,69118,7588,9.892316116079575,7722,309,15,1621834825,288690535,1910525360,1188963,298032770,0.4606495317792389
2026-06-26 20:05:24.424374,4951,0,3.0,0,911368,76706,69118,7588,9.892316116079575,7722,309,15,1621834825,288690535,1910525360,1188963,298032770,0.0
2026-06-26 20:05:24.429400,4952,0,3.0,0,911378,76709,69121,7588,9.89192923907234,7722,309,15,1621835375,288690535,1910525910,1189038,298032770,0.8754476721050537
2026-06-26 20:05:24.434380,4953,0,3.0,0,911388,76709,69121,7588,9.89192923907234,7722,309,15,1621835375,288690535,1910525910,1189038,298032770,0.0
2026-06-26 20:05:24.439394,4954,0,3.0,0,911398,76712,69124,7588,9.891542392324538,7722,309,15,1621835825,288690535,1910526360,1189071,298032770,0.7179896290386917
2026-06-26 20:05:24.444376,4955,0,3.0,0,911408,76712,69124,7588,9.891542392324538,7722,309,15,1621835825,288690535,1910526360,1189071,298032770,0.0
2026-06-26 20:05:24.449394,4956,0,3.0,0,911418,76714,69126,7588,9.891284511301718,7722,309,15,1621836048,288690535,1910526583,1189129,298032770,0.35552012754085294
2026-06-26 20:05:24.454379,4957,0,3.0,0,911428,76714,69126,7588,9.891284511301718,7722,309,15,1621836048,288690535,1910526583,1189129,298032770,0.0
2026-06-26 20:05:24.459388,4958,0,3.0,0,911438,76716,69128,7588,9.891026643724908,7722,309,15,1621836382,288690535,1910526917,1189184,298032770,0.5334398083449791
2026-06-26 20:05:24.464383,4959,0,3.0,0,911448,76716,69128,7588,9.891026643724908,7722,309,15,1621836382,288690535,1910526917,1189184,298032770,0.0
2026-06-26 20:05:24.469415,4960,0,3.0,0,911458,76718,69130,7588,9.890768789593055,7722,309,15,1621836876,288690535,1910527411,1189239,298032770,0.7853736089030207
2026-06-26 20:05:24.474397,4961,0,3.0,0,911468,76718,69130,7588,9.890768789593055,7722,309,15,1621836876,288690535,1910527411,1189239,298032770,0.0
2026-06-26 20:05:24.479399,4962,0,3.0,0,911478,76724,69136,7588,9.889995307856733,7722,309,15,1621837949,288690535,1910528484,1189350,298032770,1.7161135545781687
2026-06-26 20:05:24.484381,4963,0,3.0,0,911488,76724,69136,7588,9.889995307856733,7722,309,15,1621837949,288690535,1910528484,1189350,298032770,0.0
2026-06-26 20:05:24.489393,4964,0,3.0,0,911498,76727,69139,7588,9.889608612352887,7722,309,15,1621838282,288690535,1910528817,1189397,298032770,0.5315243415802074
2026-06-26 20:05:24.494383,4965,0,3.0,0,911508,76727,69139,7588,9.889608612352887,7722,309,15,1621838282,288690535,1910528817,1189397,298032770,0.0
2026-06-26 20:05:24.499397,4966,0,3.0,0,911518,76729,69141,7588,9.889350832149512,7722,309,15,1621838571,288690535,1910529106,1189441,298032770,0.46110889509373754
2026-06-26 20:05:24.504380,4967,0,3.0,0,911528,76729,69141,7588,9.889350832149512,7722,309,15,1621838571,288690535,1910529106,1189441,298032770,0.0
2026-06-26 20:05:24.509395,4968,0,3.0,0,911538,76733,69145,7588,9.888835312056091,7722,309,15,1621839120,288690535,1910529655,1189508,298032770,0.8757726819541376
2026-06-26 20:05:24.514384,4969,0,3.0,0,911548,76733,69145,7588,9.888835312056091,7722,309,15,1621839120,288690535,1910529655,1189508,298032770,0.0
2026-06-26 20:05:24.519400,4970,0,3.0,0,911558,76735,69147,7588,9.88857757216394,7722,309,15,1621839413,288690535,1910529948,1189545,298032770,0.46730462519936206
2026-06-26 20:05:24.524378,4971,0,3.0,0,911568,76735,69147,7588,9.88857757216394,7722,309,15,1621839413,288690535,1910529948,1189545,298032770,0.0
2026-06-26 20:05:24.529402,4972,0,3.0,0,911578,76737,69149,7588,9.888319845706766,7722,309,15,1621839783,288690535,1910530318,1189587,298032770,0.589171974522293
2026-06-26 20:05:24.534380,4973,0,3.0,0,911588,76737,69149,7588,9.888319845706766,7722,309,15,1621839783,288690535,1910530318,1189587,298032770,0.0
2026-06-26 20:05:24.539396,4974,0,3.0,0,911598,76740,69152,7588,9.887933281209278,7722,309,15,1621840221,288690535,1910530756,1189660,298032770,0.6985645933014354
2026-06-26 20:05:24.544378,4975,0,3.0,0,911608,76740,69152,7588,9.887933281209278,7722,309,15,1621840221,288690535,1910530756,1189660,298032770,0.0
2026-06-26 20:05:24.549391,4976,0,3.0,0,911618,76744,69156,7588,9.8874179088919,7722,309,15,1621840737,288690535,1910531272,1189733,298032770,0.8234590065828845
2026-06-26 20:05:24.554383,4977,0,3.0,0,911628,76744,69156,7588,9.8874179088919,7722,309,15,1621840737,288690535,1910531272,1189733,298032770,0.0
2026-06-26 20:05:24.559399,4978,0,3.0,0,911638,76747,69159,7588,9.887031414908726,7722,309,15,1621841035,288690535,1910531570,1189779,298032770,0.47527910685805425
2026-06-26 20:05:24.564375,4979,0,3.0,0,911648,76747,69159,7588,9.887031414908726,7722,309,15,1621841035,288690535,1910531570,1189779,298032770,0.0
2026-06-26 20:05:24.569393,4980,0,3.0,0,911658,76750,69162,7588,9.886644951140065,7722,309,15,1621841376,288690535,1910531911,1189841,298032770,0.5436428856117975
2026-06-26 20:05:24.574376,4981,0,3.0,0,911668,76750,69162,7588,9.886644951140065,7722,309,15,1621841376,288690535,1910531911,1189841,298032770,0.0
2026-06-26 20:05:24.579395,4982,0,3.0,0,911678,76752,69164,7588,9.886387325411716,7722,309,15,1621841802,288690535,1910532337,1189908,298032770,0.6790197250448297
2026-06-26 20:05:24.584378,4983,0,3.0,0,911688,76752,69164,7588,9.886387325411716,7722,309,15,1621841802,288690535,1910532337,1189908,298032770,0.0
2026-06-26 20:05:24.589393,4984,0,3.0,0,911698,76754,69166,7588,9.886129713109415,7722,309,15,1621842004,288690535,1910532539,1189950,298032770,0.3222333000997009
2026-06-26 20:05:24.594381,4985,0,3.0,0,911708,76754,69166,7588,9.886129713109415,7722,309,15,1621842004,288690535,1910532539,1189950,298032770,0.0
2026-06-26 20:05:24.599391,4986,0,3.0,0,911718,76761,69173,7588,9.88522817576634,7722,309,15,1621842553,288690535,1910533088,1190032,298032770,0.8766467065868263
2026-06-26 20:05:24.604375,4987,0,3.0,0,911728,76761,69173,7588,9.88522817576634,7722,309,15,1621842553,288690535,1910533088,1190032,298032770,0.0
2026-06-26 20:05:24.609404,4988,0,3.0,0,911738,76763,69175,7588,9.88497062386827,7722,309,15,1621842844,288690535,1910533379,1190083,298032770,0.4629150924637105
2026-06-26 20:05:24.614379,4989,0,3.0,0,911748,76763,69175,7588,9.88497062386827,7722,309,15,1621842844,288690535,1910533379,1190083,298032770,0.0
2026-06-26 20:05:24.619395,4990,0,3.0,0,911758,76767,69179,7588,9.884455560331913,7722,309,15,1621843495,288690535,1910534030,1190151,298032770,1.0382775119617225
2026-06-26 20:05:24.624377,4991,0,3.0,0,911768,76767,69179,7588,9.884455560331913,7722,309,15,1621843495,288690535,1910534030,1190151,298032770,0.0
2026-06-26 20:05:24.629398,4992,0,3.0,0,911778,76770,69182,7588,9.884069297902826,7722,309,15,1621844006,288690535,1910534541,1190218,298032770,0.8141804421429994
2026-06-26 20:05:24.634376,4993,0,3.0,0,911788,76770,69182,7588,9.884069297902826,7722,309,15,1621844006,288690535,1910534541,1190218,298032770,0.0
2026-06-26 20:05:24.639390,4994,0,3.0,0,911798,76772,69184,7588,9.883811806387746,7722,309,15,1621844376,288690535,1910534911,1190268,298032770,0.5903470283207021
2026-06-26 20:05:24.644376,4995,0,3.0,0,911808,76772,69184,7588,9.883811806387746,7722,309,15,1621844376,288690535,1910534911,1190268,298032770,0.0
2026-06-26 20:05:24.649398,4996,0,3.0,0,911818,76775,69187,7588,9.883425594268967,7722,309,15,1621844887,288690535,1910535422,1190333,298032770,0.8140183193946635
2026-06-26 20:05:24.654382,4997,0,3.0,0,911828,76775,69187,7588,9.883425594268967,7722,309,15,1621844887,288690535,1910535422,1190333,298032770,0.0
2026-06-26 20:05:24.659395,4998,0,3.0,0,911838,76780,69190,7590,9.885386819484241,7723,309,15,1621845380,288690816,1910536196,1190380,298032866,0.786754438460004
2026-06-26 20:05:24.664374,4999,0,3.0,0,911848,76780,69190,7590,9.885386819484241,7723,309,15,1621845380,288690816,1910536196,1190380,298032866,0.0
2026-06-26 20:05:24.669389,5000,0,3.0,0,911858,76782,69192,7590,9.88512932718606,7724,309,15,1621845661,288690816,1910536477,1190421,298033051,0.4482552342971087
2026-06-26 20:05:24.674381,5001,0,3.0,0,911868,76782,69192,7590,9.88512932718606,7724,309,15,1621845661,288690816,1910536477,1190421,298033051,0.0
2026-06-26 20:05:24.679400,5002,0,3.0,0,911878,76784,69194,7590,9.88487184830173,7724,309,15,1621846082,288690816,1910536898,1190478,298033051,0.6710500099621438
2026-06-26 20:05:24.684375,5003,0,3.0,0,911888,76784,69194,7590,9.88487184830173,7724,309,15,1621846082,288690816,1910536898,1190478,298033051,0.0
2026-06-26 20:05:24.689392,5004,0,3.0,0,911898,76786,69195,7591,9.885916703565755,7724,309,15,1621846183,288690917,1910537100,1190499,298033051,0.1610524217659956
2026-06-26 20:05:24.694375,5005,0,3.0,0,911908,76786,69195,7591,9.885916703565755,7724,309,15,1621846183,288690917,1910537100,1190499,298033051,0.0
2026-06-26 20:05:24.699395,5006,0,3.0,0,911918,76790,69199,7591,9.885401745018884,7725,309,15,1621846716,288690917,1910537633,1190593,298033152,0.8494023904382471
2026-06-26 20:05:24.704379,5007,0,3.0,0,911928,76790,69199,7591,9.885401745018884,7725,309,15,1621846716,288690917,1910537633,1190593,298033152,0.0
2026-06-26 20:05:24.709391,5008,0,3.0,0,911938,76793,69202,7591,9.885015561314182,7725,309,15,1621847156,288690917,1910538073,1190674,298033152,0.7023144453312051
2026-06-26 20:05:24.714380,5009,0,3.0,0,911948,76793,69202,7591,9.885015561314182,7725,309,15,1621847156,288690917,1910538073,1190674,298033152,0.0
2026-06-26 20:05:24.719395,5010,0,3.0,0,911958,76796,69205,7591,9.884629407781654,7725,309,15,1621847619,288690917,1910538536,1190730,298033152,0.7385842472582254
2026-06-26 20:05:24.724375,5011,0,3.0,0,911968,76796,69205,7591,9.884629407781654,7725,309,15,1621847619,288690917,1910538536,1190730,298033152,0.0
2026-06-26 20:05:24.729390,5012,0,3.0,0,911978,76799,69208,7591,9.884243284417765,7725,309,15,1621848049,288690917,1910538966,1190801,298033152,0.6859421734795613
2026-06-26 20:05:24.734382,5013,0,3.0,0,911988,76799,69208,7591,9.884243284417765,7725,309,15,1621848049,288690917,1910538966,1190801,298033152,0.0
2026-06-26 20:05:24.739395,5014,0,3.0,0,911998,76800,69209,7591,9.884114583333334,7725,309,15,1621848234,288690917,1910539151,1190821,298033152,0.2952323957709954
2026-06-26 20:05:24.744376,5015,0,3.0,0,912008,76800,69209,7591,9.884114583333334,7725,309,15,1621848234,288690917,1910539151,1190821,298033152,0.0
2026-06-26 20:05:24.749396,5016,0,3.0,0,912018,76803,69212,7591,9.883728500188795,7725,309,15,1621848736,288690917,1910539653,1190888,298033152,0.8
2026-06-26 20:05:24.754380,5017,0,3.0,0,912028,76803,69212,7591,9.883728500188795,7725,309,15,1621848736,288690917,1910539653,1190888,298033152,0.0
2026-06-26 20:05:24.759389,5018,0,3.0,0,912038,76808,69217,7591,9.883085095302572,7725,309,15,1621849147,288690917,1910540064,1191002,298033152,0.6564184467957677
2026-06-26 20:05:24.764376,5019,0,3.0,0,912048,76808,69217,7591,9.883085095302572,7725,309,15,1621849147,288690917,1910540064,1191002,298033152,0.0
2026-06-26 20:05:24.769397,5020,0,3.0,0,912058,76811,69220,7591,9.882699092577885,7725,309,15,1621849524,288690917,1910540441,1191052,298033152,0.6006771559450309
2026-06-26 20:05:24.774380,5021,0,3.0,0,912068,76811,69220,7591,9.882699092577885,7725,309,15,1621849524,288690917,1910540441,1191052,298033152,0.0
2026-06-26 20:05:24.779392,5022,0,3.0,0,912078,76814,69223,7591,9.882313120004167,7725,309,15,1621849867,288690917,1910540784,1191116,298033152,0.547486033519553
2026-06-26 20:05:24.784375,5023,0,3.0,0,912088,76814,69223,7591,9.882313120004167,7725,309,15,1621849867,288690917,1910540784,1191116,298033152,0.0
2026-06-26 20:05:24.789391,5024,0,3.0,0,912098,76817,69226,7591,9.88192717757788,7725,309,15,1621850210,288690917,1910541127,1191180,298033152,0.5470494417862839
2026-06-26 20:05:24.794378,5025,0,3.0,0,912108,76817,69226,7591,9.88192717757788,7725,309,15,1621850210,288690917,1910541127,1191180,298033152,0.0
2026-06-26 20:05:24.799394,5026,0,3.0,0,912118,76819,69228,7591,9.881669899373852,7725,309,15,1621850435,288690917,1910541352,1191240,298033152,0.3588516746411483
2026-06-26 20:05:24.804376,5027,0,3.0,0,912128,76819,69228,7591,9.881669899373852,7725,309,15,1621850435,288690917,1910541352,1191240,298033152,0.0
2026-06-26 20:05:24.809390,5028,0,3.0,0,912138,76823,69232,7591,9.881155383153482,7725,309,15,1621851058,288690917,1910541975,1191337,298033152,0.9940167530913442
2026-06-26 20:05:24.814376,5029,0,3.0,0,912148,76823,69232,7591,9.881155383153482,7725,309,15,1621851058,288690917,1910541975,1191337,298033152,0.0
2026-06-26 20:05:24.819397,5030,0,3.0,0,912158,76825,69234,7591,9.880898145135047,7725,309,15,1621851250,288690917,1910542167,1191369,298033152,0.3059151563433579
2026-06-26 20:05:24.824392,5031,0,3.0,0,912168,76825,69234,7591,9.880898145135047,7725,309,15,1621851250,288690917,1910542167,1191369,298033152,0.0
2026-06-26 20:05:24.829397,5032,0,3.0,0,912178,76829,69238,7591,9.880383709276446,7725,309,15,1621851819,288690917,1910542736,1191416,298033152,0.9094905094905095
2026-06-26 20:05:24.834378,5033,0,3.0,0,912188,76829,69238,7591,9.880383709276446,7725,309,15,1621851819,288690917,1910542736,1191416,298033152,0.0
2026-06-26 20:05:24.839396,5034,0,3.0,0,912198,76834,69243,7591,9.879740739776661,7725,309,15,1621852197,288690917,1910543114,1191497,298033152,0.60263053009167
2026-06-26 20:05:24.844378,5035,0,3.0,0,912208,76834,69243,7591,9.879740739776661,7725,309,15,1621852197,288690917,1910543114,1191497,298033152,0.0
2026-06-26 20:05:24.849397,5036,0,3.0,0,912218,76837,69245,7592,9.880656454572668,7726,309,15,1621852389,288691013,1910543402,1191522,298033248,0.30603705917513446
2026-06-26 20:05:24.854375,5037,0,3.0,0,912228,76837,69245,7592,9.880656454572668,7726,309,15,1621852389,288691013,1910543402,1191522,298033248,0.0
2026-06-26 20:05:24.859389,5038,0,3.0,0,912238,76841,69249,7592,9.880142111633113,7726,309,15,1621852841,288691013,1910543854,1191603,298033248,0.7211806940566414
2026-06-26 20:05:24.864374,5039,0,3.0,0,912248,76841,69249,7592,9.880142111633113,7726,309,15,1621852841,288691013,1910543854,1191603,298033248,0.0
2026-06-26 20:05:24.869389,5040,0,3.0,0,912258,76846,69253,7593,9.880800562163287,7726,309,15,1621853320,288691162,1910544482,1191683,298033248,0.7641076769690928
2026-06-26 20:05:24.874383,5041,0,3.0,0,912268,76846,69253,7593,9.880800562163287,7726,309,15,1621853320,288691162,1910544482,1191683,298033248,0.0
2026-06-26 20:05:24.879398,5042,0,3.0,0,912278,76848,69255,7593,9.880543410368519,7727,309,15,1621853654,288691162,1910544816,1191730,298033397,0.5328015952143569
2026-06-26 20:05:24.884376,5043,0,3.0,0,912288,76848,69255,7593,9.880543410368519,7727,309,15,1621853654,288691162,1910544816,1191730,298033397,0.0
2026-06-26 20:05:24.889400,5044,0,3.0,0,912298,76852,69259,7593,9.880029146931765,7727,309,15,1621854253,288691162,1910545415,1191795,298033397,0.9538216560509554
2026-06-26 20:05:24.894376,5045,0,3.0,0,912308,76852,69259,7593,9.880029146931765,7727,309,15,1621854253,288691162,1910545415,1191795,298033397,0.0
2026-06-26 20:05:24.899394,5046,0,3.0,0,912318,76854,69261,7593,9.879772035287688,7727,309,15,1621854455,288691162,1910545617,1191838,298033397,0.3220406536468713
2026-06-26 20:05:24.904376,5047,0,3.0,0,912328,76854,69261,7593,9.879772035287688,7727,309,15,1621854455,288691162,1910545617,1191838,298033397,0.0
2026-06-26 20:05:24.909389,5048,0,3.0,0,912338,76856,69263,7593,9.879514937025085,7727,309,15,1621854941,288691162,1910546103,1191885,298033397,0.7755834829443446
2026-06-26 20:05:24.914380,5049,0,3.0,0,912348,76856,69263,7593,9.879514937025085,7727,309,15,1621854941,288691162,1910546103,1191885,298033397,0.0
2026-06-26 20:05:24.919397,5050,0,3.0,0,912358,76859,69266,7593,9.879129314719162,7727,309,15,1621855284,288691162,1910546446,1191942,298033397,0.5469404026310544
2026-06-26 20:05:24.924374,5051,0,3.0,0,912368,76859,69266,7593,9.879129314719162,7727,309,15,1621855284,288691162,1910546446,1191942,298033397,0.0
2026-06-26 20:05:24.929395,5052,0,3.0,0,912378,76861,69268,7593,9.878872249905674,7727,309,15,1621855513,288691162,1910546675,1192006,298033397,0.3648675562636925
2026-06-26 20:05:24.934382,5053,0,3.0,0,912388,76861,69268,7593,9.878872249905674,7727,309,15,1621855513,288691162,1910546675,1192006,298033397,0.0
2026-06-26 20:05:24.939395,5054,0,3.0,0,912398,76864,69271,7593,9.878486677768526,7727,309,15,1621855956,288691162,1910547118,1192083,298033397,0.7069618990624377
2026-06-26 20:05:24.944378,5055,0,3.0,0,912408,76864,69271,7593,9.878486677768526,7727,309,15,1621855956,288691162,1910547118,1192083,298033397,0.0
2026-06-26 20:05:24.949394,5056,0,3.0,0,912418,76867,69274,7593,9.878101135727945,7727,309,15,1621856343,288691162,1910547505,1192143,298033397,0.6172248803827751
2026-06-26 20:05:24.954377,5057,0,3.0,0,912428,76867,69274,7593,9.878101135727945,7727,309,15,1621856343,288691162,1910547505,1192143,298033397,0.0
2026-06-26 20:05:24.959390,5058,0,3.0,0,912438,76870,69276,7594,9.879016521399766,7727,309,15,1621856590,288691347,1910547937,1192183,298033397,0.3941751446239777
2026-06-26 20:05:24.964378,5059,0,3.0,0,912448,76870,69276,7594,9.879016521399766,7727,309,15,1621856590,288691347,1910547937,1192183,298033397,0.0
2026-06-26 20:05:24.969392,5060,0,3.0,0,912458,76874,69280,7594,9.878502484585166,7728,309,15,1621857197,288691347,1910548544,1192265,298033582,0.9684882329477463
2026-06-26 20:05:24.974377,5061,0,3.0,0,912468,76874,69280,7594,9.878502484585166,7728,309,15,1621857197,288691347,1910548544,1192265,298033582,0.0
2026-06-26 20:05:24.979396,5062,0,3.0,0,912478,76876,69282,7594,9.878245486237578,7728,309,15,1621857399,288691347,1910548746,1192307,298033582,0.3219764893405061
2026-06-26 20:05:24.984377,5063,0,3.0,0,912488,76876,69282,7594,9.878245486237578,7728,309,15,1621857399,288691347,1910548746,1192307,298033582,0.0
2026-06-26 20:05:24.989391,5064,0,3.0,0,912498,76879,69285,7594,9.8778600137879,7728,309,15,1621857910,288691347,1910549257,1192374,298033582,0.8153171120861588
2026-06-26 20:05:24.994375,5065,0,3.0,0,912508,76879,69285,7594,9.8778600137879,7728,309,15,1621857910,288691347,1910549257,1192374,298033582,0.0
2026-06-26 20:05:24.999393,5066,0,3.0,0,912518,76883,69289,7594,9.877346097316703,7728,309,15,1621858270,288691347,1910549617,1192448,298033582,0.5739338381825428
2026-06-26 20:05:25.004372,5067,0,3.0,0,912528,76883,69289,7594,9.877346097316703,7728,309,15,1621858270,288691347,1910549617,1192448,298033582,0.0
2026-06-26 20:05:25.009387,5068,0,3.0,0,912538,76884,69290,7594,9.87721762655429,7728,309,15,1621858471,288691347,1910549818,1192489,298033582,0.3206380857427717
2026-06-26 20:05:25.024387,5069,0,3.0,0,912568,76887,69292,7595,9.878132844303979,7728,309,15,1621858708,288691532,1910550240,1192527,298033582,0.1264
2026-06-26 20:05:25.029397,5070,0,3.0,0,912578,76891,69296,7595,9.877618967109285,7729,309,15,1621859369,288691532,1910550901,1192621,298033767,1.0554890219560877
2026-06-26 20:05:25.034382,5071,0,3.0,0,912588,76891,69296,7595,9.877618967109285,7729,309,15,1621859369,288691532,1910550901,1192621,298033767,0.0
2026-06-26 20:05:25.039397,5072,0,3.0,0,912598,76893,69297,7596,9.87866255705981,7729,309,15,1621859670,288691717,1910551387,1192643,298033767,0.4801595214356929
2026-06-26 20:05:25.049397,5073,0,3.0,0,912618,76899,69303,7596,9.877891780127179,7730,309,15,1621860980,288691717,1910552697,1192794,298033952,1.048
2026-06-26 20:05:25.054372,5074,0,3.0,0,912628,76899,69303,7596,9.877891780127179,7730,309,15,1621860980,288691717,1910552697,1192794,298033952,0.0
2026-06-26 20:05:25.059394,5075,0,3.0,0,912638,76900,69304,7596,9.8777633289987,7730,309,15,1621861076,288691717,1910552793,1192811,298033952,0.15292712066905614
2026-06-26 20:05:25.064372,5076,0,3.0,0,912648,76900,69304,7596,9.8777633289987,7730,309,15,1621861076,288691717,1910552793,1192811,298033952,0.0
2026-06-26 20:05:25.074382,5077,0,3.0,0,912668,76902,69306,7596,9.877506436763674,7730,309,15,1621861402,288691717,1910553119,1192858,298033952,0.26053946053946053
2026-06-26 20:05:25.079395,5078,0,3.0,0,912678,76905,69309,7596,9.877121123464013,7730,309,15,1621861842,288691717,1910553559,1192932,298033952,0.7021743466985837
2026-06-26 20:05:25.084379,5079,0,3.0,0,912688,76905,69309,7596,9.877121123464013,7730,309,15,1621861842,288691717,1910553559,1192932,298033952,0.0
2026-06-26 20:05:25.089397,5080,0,3.0,0,912698,76909,69312,7597,9.87790765710125,7731,309,15,1621862229,288691902,1910554131,1192992,298034137,0.6169788760462336
2026-06-26 20:05:25.094388,5081,0,3.0,0,912708,76909,69312,7597,9.87790765710125,7731,309,15,1621862229,288691902,1910554131,1192992,298034137,0.0
2026-06-26 20:05:25.099395,5082,0,3.0,0,912718,76912,69315,7597,9.877522363220304,7731,309,15,1621862593,288691902,1910554495,1193072,298034137,0.5815857799081287
2026-06-26 20:05:25.104375,5083,0,3.0,0,912728,76912,69315,7597,9.877522363220304,7731,309,15,1621862593,288691902,1910554495,1193072,298034137,0.0
2026-06-26 20:05:25.109396,5084,0,3.0,0,912738,76914,69317,7597,9.877265517331045,7731,309,15,1621862963,288691902,1910554865,1193122,298034137,0.589523999203346
2026-06-26 20:05:25.114378,5085,0,3.0,0,912748,76914,69317,7597,9.877265517331045,7731,309,15,1621862963,288691902,1910554865,1193122,298034137,0.0
2026-06-26 20:05:25.119388,5086,0,3.0,0,912758,76917,69320,7597,9.876880273541609,7731,309,15,1621863456,288691902,1910555358,1193169,298034137,0.7872255489021956
2026-06-26 20:05:25.124376,5087,0,3.0,0,912768,76917,69320,7597,9.876880273541609,7731,309,15,1621863456,288691902,1910555358,1193169,298034137,0.0
2026-06-26 20:05:25.129399,5088,0,3.0,0,912778,76920,69323,7597,9.876495059802393,7731,309,15,1621863964,288691902,1910555866,1193231,298034137,0.8090782400955604
2026-06-26 20:05:25.134380,5089,0,3.0,0,912788,76920,69323,7597,9.876495059802393,7731,309,15,1621863964,288691902,1910555866,1193231,298034137,0.0
2026-06-26 20:05:25.139401,5090,0,3.0,0,912798,76922,69325,7597,9.876238267335742,7731,309,15,1621864245,288691902,1910556147,1193272,298034137,0.4477195777733519
2026-06-26 20:05:25.144377,5091,0,3.0,0,912808,76922,69325,7597,9.876238267335742,7731,309,15,1621864245,288691902,1910556147,1193272,298034137,0.0
2026-06-26 20:05:25.149397,5092,0,3.0,0,912818,76927,69328,7599,9.878196211993188,7732,309,15,1621864663,288692272,1910556935,1193330,298034322,0.6661354581673307
2026-06-26 20:05:25.154377,5093,0,3.0,0,912828,76927,69328,7599,9.878196211993188,7732,309,15,1621864663,288692272,1910556935,1193330,298034322,0.0
2026-06-26 20:05:25.159396,5094,0,3.0,0,912838,76932,69333,7599,9.877554203712368,7733,309,15,1621865377,288692272,1910557649,1193413,298034507,1.1380753138075315
2026-06-26 20:05:25.164375,5095,0,3.0,0,912848,76932,69333,7599,9.877554203712368,7733,309,15,1621865377,288692272,1910557649,1193413,298034507,0.0
2026-06-26 20:05:25.169401,5096,0,3.0,0,912858,76934,69335,7599,9.877297423765825,7733,309,15,1621865731,288692272,1910558003,1193448,298034507,0.5634699562276164
2026-06-26 20:05:25.174381,5097,0,3.0,0,912868,76934,69335,7599,9.877297423765825,7733,309,15,1621865731,288692272,1910558003,1193448,298034507,0.0
2026-06-26 20:05:25.179391,5098,0,3.0,0,912878,76936,69337,7599,9.877040657169596,7733,309,15,1621866304,288692272,1910558576,1193502,298034507,0.9149700598802395
2026-06-26 20:05:25.184375,5099,0,3.0,0,912888,76936,69337,7599,9.877040657169596,7733,309,15,1621866304,288692272,1910558576,1193502,298034507,0.0
2026-06-26 20:05:25.189393,5100,0,3.0,0,912898,76938,69339,7599,9.87678390392264,7733,309,15,1621866774,288692272,1910559046,1193572,298034507,0.749302510960542
2026-06-26 20:05:25.194376,5101,0,3.0,0,912908,76938,69339,7599,9.87678390392264,7733,309,15,1621866774,288692272,1910559046,1193572,298034507,0.0
2026-06-26 20:05:25.199402,5102,0,3.0,0,912918,76941,69342,7599,9.876398799079816,7733,309,15,1621867293,288692272,1910559565,1193639,298034507,0.8261042578591326
2026-06-26 20:05:25.204374,5103,0,3.0,0,912928,76941,69342,7599,9.876398799079816,7733,309,15,1621867293,288692272,1910559565,1193639,298034507,0.0
2026-06-26 20:05:25.209390,5104,0,3.0,0,912938,76943,69344,7599,9.876142079201488,7733,309,15,1621867571,288692272,1910559843,1193678,298034507,0.4433811802232855
2026-06-26 20:05:25.214380,5105,0,3.0,0,912948,76943,69344,7599,9.876142079201488,7733,309,15,1621867571,288692272,1910559843,1193678,298034507,0.0
2026-06-26 20:05:25.219394,5106,0,3.0,0,912958,76946,69347,7599,9.875757024406727,7733,309,15,1621868226,288692272,1910560498,1193726,298034507,1.0450737933785401
2026-06-26 20:05:25.224375,5107,0,3.0,0,912968,76946,69347,7599,9.875757024406727,7733,309,15,1621868226,288692272,1910560498,1193726,298034507,0.0
2026-06-26 20:05:25.229397,5108,0,3.0,0,912978,76950,69351,7599,9.875243664717349,7733,309,15,1621868705,288692272,1910560977,1193771,298034507,0.7630426125049781
2026-06-26 20:05:25.234373,5109,0,3.0,0,912988,76950,69351,7599,9.875243664717349,7733,309,15,1621868705,288692272,1910560977,1193771,298034507,0.0
2026-06-26 20:05:25.239393,5110,0,3.0,0,912998,76954,69355,7599,9.874730358395926,7733,309,15,1621869229,288692272,1910561501,1193826,298034507,0.8350597609561753
2026-06-26 20:05:25.249392,5111,0,3.0,0,913018,76955,69356,7599,9.874602040153336,7733,309,15,1621869406,288692272,1910561678,1193843,298034507,0.1416141614161416
2026-06-26 20:05:25.254376,5112,0,3.0,0,913028,76955,69356,7599,9.874602040153336,7733,309,15,1621869406,288692272,1910561678,1193843,298034507,0.0
2026-06-26 20:05:25.259393,5113,0,3.0,0,913038,76956,69357,7599,9.874473725245595,7733,309,15,1621869547,288692272,1910561819,1193865,298034507,0.2248355590990632
2026-06-26 20:05:25.264380,5114,0,3.0,0,913048,76956,69357,7599,9.874473725245595,7733,309,15,1621869547,288692272,1910561819,1193865,298034507,0.0
2026-06-26 20:05:25.269399,5115,0,3.0,0,913058,76959,69360,7599,9.874088800530153,7733,309,15,1621869926,288692272,1910562198,1193917,298034507,0.6041044032675832
2026-06-26 20:05:25.274372,5116,0,3.0,0,913068,76959,69360,7599,9.874088800530153,7733,309,15,1621869926,288692272,1910562198,1193917,298034507,0.0
2026-06-26 20:05:25.279392,5117,0,3.0,0,913078,76963,69364,7599,9.8735756142562,7733,309,15,1621870437,288692272,1910562709,1193982,298034507,0.8143426294820717
2026-06-26 20:05:25.284377,5118,0,3.0,0,913088,76963,69364,7599,9.8735756142562,7733,309,15,1621870437,288692272,1910562709,1193982,298034507,0.0
2026-06-26 20:05:25.299399,5119,0,3.0,0,913118,76968,69369,7599,9.87293420642345,7733,309,15,1621871069,288692272,1910563341,1194075,298034507,0.3365730262281986
2026-06-26 20:05:25.304377,5120,0,3.0,0,913128,76968,69369,7599,9.87293420642345,7733,309,15,1621871069,288692272,1910563341,1194075,298034507,0.0
2026-06-26 20:05:25.309390,5121,0,3.0,0,913138,76971,69372,7599,9.872549401722727,7733,309,15,1621871572,288692272,1910563844,1194133,298034507,0.8027129463395173
2026-06-26 20:05:25.324375,5122,0,3.0,0,913168,76975,69376,7599,9.872036375446573,7733,309,15,1621872147,288692272,1910564419,1194182,298034507,0.30697364030697366
2026-06-26 20:05:25.329392,5123,0,3.0,0,913178,76976,69377,7599,9.87190812720848,7733,309,15,1621872324,288692272,1910564596,1194199,298034507,0.282240382698824
2026-06-26 20:05:25.334394,5124,0,3.0,0,913188,76976,69377,7599,9.87190812720848,7733,309,15,1621872324,288692272,1910564596,1194199,298034507,0.0
2026-06-26 20:05:25.339392,5125,0,3.0,0,913198,76979,69379,7600,9.872822458072982,7733,309,15,1621872541,288692413,1910564954,1194256,298034507,0.3473389355742297
2026-06-26 20:05:25.349395,5126,0,3.0,0,913218,76982,69382,7600,9.872437712712061,7734,309,15,1621872960,288692413,1910565373,1194316,298034648,0.3350994701589523
2026-06-26 20:05:25.354385,5127,0,3.0,0,913228,76982,69382,7600,9.872437712712061,7734,309,15,1621872960,288692413,1910565373,1194316,298034648,0.0
2026-06-26 20:05:25.359393,5128,0,3.0,0,913238,76987,69387,7600,9.871796537077689,7734,309,15,1621873520,288692413,1910565933,1194417,298034648,0.8945686900958466
2026-06-26 20:05:25.379403,5129,0,3.0,0,913278,76991,69391,7600,9.871283656531283,7734,309,15,1621874031,288692413,1910566444,1194490,298034648,0.20429785107446277
2026-06-26 20:05:25.384391,5130,0,3.0,0,913288,76991,69391,7600,9.871283656531283,7734,309,15,1621874031,288692413,1910566444,1194490,298034648,0.0
2026-06-26 20:05:25.389408,5131,0,3.0,0,913298,76994,69394,7600,9.870899031093332,7734,309,15,1621874534,288692413,1910566947,1194547,298034648,0.8020729519633247
2026-06-26 20:05:25.404382,5132,0,3.0,0,913328,76996,69396,7600,9.870642630786016,7734,309,15,1621874812,288692413,1910567225,1194577,298034648,0.14852410845465475
2026-06-26 20:05:25.409392,5133,0,3.0,0,913338,76999,69399,7600,9.87025805529942,7734,309,15,1621875231,288692413,1910567644,1194638,298034648,0.669061876247505
2026-06-26 20:05:25.414375,5134,0,3.0,0,913348,76999,69399,7600,9.87025805529942,7734,309,15,1621875231,288692413,1910567644,1194638,298034648,0.0
2026-06-26 20:05:25.419392,5135,0,3.0,0,913358,77000,69400,7600,9.87012987012987,7734,309,15,1621875372,288692413,1910567785,1194660,298034648,0.2248355590990632
2026-06-26 20:05:25.429394,5136,0,3.0,0,913378,77002,69402,7600,9.869873509778966,7734,309,15,1621875726,288692413,1910568139,1194689,298034648,0.28314337132573486
2026-06-26 20:05:25.434374,5137,0,3.0,0,913388,77002,69402,7600,9.869873509778966,7734,309,15,1621875726,288692413,1910568139,1194689,298034648,0.0
2026-06-26 20:05:25.439392,5138,0,3.0,0,913398,77003,69403,7600,9.869745334597352,7734,309,15,1621876027,288692413,1910568440,1194711,298034648,0.47987245914707055
2026-06-26 20:05:25.444380,5139,0,3.0,0,913408,77003,69403,7600,9.869745334597352,7734,309,15,1621876027,288692413,1910568440,1194711,298034648,0.0
2026-06-26 20:05:25.459396,5140,0,3.0,0,913438,77008,69408,7600,9.869104508622481,7734,309,15,1621877447,288692413,1910569860,1194836,298034648,0.7565263718700054
2026-06-26 20:05:25.464372,5141,0,3.0,0,913448,77008,69408,7600,9.869104508622481,7734,309,15,1621877447,288692413,1910569860,1194836,298034648,0.0
2026-06-26 20:05:25.469424,5142,0,3.0,0,913458,77012,69411,7601,9.869890406689867,7734,309,15,1621877729,288692638,1910570367,1194863,298034648,0.44655581947743467
2026-06-26 20:05:25.474408,5143,0,3.0,0,913468,77012,69411,7601,9.869890406689867,7734,309,15,1621877729,288692638,1910570367,1194863,298034648,0.0
2026-06-26 20:05:25.479410,5144,0,3.0,0,913478,77017,69416,7601,9.869249646182011,7735,309,15,1621878200,288692638,1910570838,1194952,298034873,0.7532986805277889
2026-06-26 20:05:25.484375,5145,0,3.0,0,913488,77017,69416,7601,9.869249646182011,7735,309,15,1621878200,288692638,1910570838,1194952,298034873,0.0
2026-06-26 20:05:25.489387,5146,0,3.0,0,913498,77021,69420,7601,9.868737097674659,7735,309,15,1621878635,288692638,1910571273,1195029,298034873,0.6943335993615323
2026-06-26 20:05:25.494369,5147,0,3.0,0,913508,77021,69420,7601,9.868737097674659,7735,309,15,1621878635,288692638,1910571273,1195029,298034873,0.0
2026-06-26 20:05:25.499389,5148,0,3.0,0,913518,77024,69423,7601,9.868352721229746,7735,309,15,1621879054,288692638,1910571692,1195082,298034873,0.6677290836653387
2026-06-26 20:05:25.504373,5149,0,3.0,0,913528,77024,69423,7601,9.868352721229746,7735,309,15,1621879054,288692638,1910571692,1195082,298034873,0.0
2026-06-26 20:05:25.509391,5150,0,3.0,0,913538,77028,69427,7601,9.867840265877344,7735,309,15,1621879677,288692638,1910572315,1195138,298034873,0.9932243921881228
2026-06-26 20:05:25.514372,5151,0,3.0,0,913548,77028,69427,7601,9.867840265877344,7735,309,15,1621879677,288692638,1910572315,1195138,298034873,0.0
2026-06-26 20:05:25.519396,5152,0,3.0,0,913558,77029,69428,7601,9.867712160355191,7735,309,15,1621879818,288692638,1910572456,1195160,298034873,0.22452229299363058
2026-06-26 20:05:25.524376,5153,0,3.0,0,913568,77029,69428,7601,9.867712160355191,7735,309,15,1621879818,288692638,1910572456,1195160,298034873,0.0
2026-06-26 20:05:25.529402,5154,0,3.0,0,913578,77032,69431,7601,9.867327863744938,7735,309,15,1621880413,288692638,1910573051,1195228,298034873,0.947075208913649
2026-06-26 20:05:25.534379,5155,0,3.0,0,913588,77032,69431,7601,9.867327863744938,7735,309,15,1621880413,288692638,1910573051,1195228,298034873,0.0
2026-06-26 20:05:25.539390,5156,0,3.0,0,913598,77035,69434,7601,9.86694359706627,7735,309,15,1621880803,288692638,1910573441,1195294,298034873,0.6226302135302335
2026-06-26 20:05:25.544373,5157,0,3.0,0,913608,77035,69434,7601,9.86694359706627,7735,309,15,1621880803,288692638,1910573441,1195294,298034873,0.0
2026-06-26 20:05:25.549387,5158,0,3.0,0,913618,77037,69436,7601,9.866687435907421,7735,309,15,1621881109,288692638,1910573747,1195314,298034873,0.4882329477463103
2026-06-26 20:05:25.554375,5159,0,3.0,0,913628,77037,69436,7601,9.866687435907421,7735,309,15,1621881109,288692638,1910573747,1195314,298034873,0.0
2026-06-26 20:05:25.559399,5160,0,3.0,0,913638,77038,69437,7601,9.866559360315689,7735,309,15,1621881394,288692638,1910574032,1195359,298034873,0.4538216560509554
2026-06-26 20:05:25.564372,5161,0,3.0,0,913648,77038,69437,7601,9.866559360315689,7735,309,15,1621881394,288692638,1910574032,1195359,298034873,0.0
2026-06-26 20:05:25.569389,5162,0,3.0,0,913658,77040,69439,7601,9.866303219106957,7735,309,15,1621881636,288692638,1910574274,1195402,298034873,0.3858879808650588
2026-06-26 20:05:25.574375,5163,0,3.0,0,913668,77040,69439,7601,9.866303219106957,7735,309,15,1621881636,288692638,1910574274,1195402,298034873,0.0
2026-06-26 20:05:25.579394,5164,0,3.0,0,913678,77043,69442,7601,9.865919032228755,7735,309,15,1621882131,288692638,1910574769,1195458,298034873,0.7890017931858936
2026-06-26 20:05:25.584379,5165,0,3.0,0,913688,77043,69442,7601,9.865919032228755,7735,309,15,1621882131,288692638,1910574769,1195458,298034873,0.0
2026-06-26 20:05:25.589396,5166,0,3.0,0,913698,77046,69445,7601,9.865534875269319,7735,309,15,1621882510,288692638,1910575148,1195509,298034873,0.6043452262308152
2026-06-26 20:05:25.594375,5167,0,3.0,0,913708,77046,69445,7601,9.865534875269319,7735,309,15,1621882510,288692638,1910575148,1195509,298034873,0.0
2026-06-26 20:05:25.599391,5168,0,3.0,0,913718,77048,69447,7601,9.865278787249506,7735,309,15,1621882752,288692638,1910575390,1195553,298034873,0.38596491228070173
2026-06-26 20:05:25.604371,5169,0,3.0,0,913728,77048,69447,7601,9.865278787249506,7735,309,15,1621882752,288692638,1910575390,1195553,298034873,0.0
2026-06-26 20:05:25.609389,5170,0,3.0,0,913738,77051,69450,7601,9.864894680146916,7735,309,15,1621883189,288692638,1910575827,1195618,298034873,0.6966919091271423
2026-06-26 20:05:25.614377,5171,0,3.0,0,913748,77051,69450,7601,9.864894680146916,7735,309,15,1621883189,288692638,1910575827,1195618,298034873,0.0
2026-06-26 20:05:25.619392,5172,0,3.0,0,913758,77053,69452,7601,9.864638625361764,7735,309,15,1621883458,288692638,1910576096,1195648,298034873,0.42911266201395815
2026-06-26 20:05:25.624373,5173,0,3.0,0,913768,77053,69452,7601,9.864638625361764,7735,309,15,1621883458,288692638,1910576096,1195648,298034873,0.0
2026-06-26 20:05:25.629392,5174,0,3.0,0,913778,77055,69454,7601,9.864382583868665,7735,309,15,1621883931,288692638,1910576569,1195682,298034873,0.7539350468220761
2026-06-26 20:05:25.634380,5175,0,3.0,0,913788,77055,69454,7601,9.864382583868665,7735,309,15,1621883931,288692638,1910576569,1195682,298034873,0.0
2026-06-26 20:05:25.639402,5176,0,3.0,0,913798,77061,69460,7601,9.863614539131337,7735,309,15,1621884438,288692638,1910577076,1195767,298034873,0.8076463560334528
2026-06-26 20:05:25.644377,5177,0,3.0,0,913808,77061,69460,7601,9.863614539131337,7735,309,15,1621884438,288692638,1910577076,1195767,298034873,0.0
2026-06-26 20:05:25.649393,5178,0,3.0,0,913818,77064,69462,7602,9.864528184366241,7735,309,15,1621884675,288692739,1910577414,1195806,298034873,0.37799043062200954
2026-06-26 20:05:25.654372,5179,0,3.0,0,913828,77064,69462,7602,9.864528184366241,7735,309,15,1621884675,288692739,1910577414,1195806,298034873,0.0
2026-06-26 20:05:25.659390,5180,0,3.0,0,913838,77069,69467,7602,9.863888204076867,7736,309,15,1621885153,288692739,1910577892,1195913,298034974,0.7620565962534874
2026-06-26 20:05:25.664373,5181,0,3.0,0,913848,77069,69467,7602,9.863888204076867,7736,309,15,1621885153,288692739,1910577892,1195913,298034974,0.0
2026-06-26 20:05:25.669388,5182,0,3.0,0,913858,77072,69470,7602,9.863504255760846,7736,309,15,1621885608,288692739,1910578347,1195968,298034974,0.7258225324027916
2026-06-26 20:05:25.674375,5183,0,3.0,0,913868,77072,69470,7602,9.863504255760846,7736,309,15,1621885608,288692739,1910578347,1195968,298034974,0.0
2026-06-26 20:05:25.679388,5184,0,3.0,0,913878,77073,69471,7602,9.863376279631,7736,309,15,1621885909,288692739,1910578648,1195990,298034974,0.4803510871733493
2026-06-26 20:05:25.684373,5185,0,3.0,0,913888,77073,69471,7602,9.863376279631,7736,309,15,1621885909,288692739,1910578648,1195990,298034974,0.0
2026-06-26 20:05:25.689388,5186,0,3.0,0,913898,77075,69473,7602,9.863120337333765,7736,309,15,1621886187,288692739,1910578926,1196028,298034974,0.443469591226321
2026-06-26 20:05:25.694380,5187,0,3.0,0,913908,77075,69473,7602,9.863120337333765,7736,309,15,1621886187,288692739,1910578926,1196028,298034974,0.0
2026-06-26 20:05:25.699394,5188,0,3.0,0,913918,77078,69476,7602,9.862736448792132,7736,309,15,1621886690,288692739,1910579429,1196085,298034974,0.8025528520143598
2026-06-26 20:05:25.704374,5189,0,3.0,0,913928,77078,69476,7602,9.862736448792132,7736,309,15,1621886690,288692739,1910579429,1196085,298034974,0.0
2026-06-26 20:05:25.714375,5190,0,3.0,0,913948,77081,69479,7602,9.862352590132458,7736,309,15,1621887173,288692739,1910579912,1196122,298034974,0.38636136386361364
2026-06-26 20:05:25.719392,5191,0,3.0,0,913958,77084,69482,7602,9.861968761351253,7736,309,15,1621887663,288692739,1910580402,1196207,298034974,0.7813434323300777
2026-06-26 20:05:25.724372,5192,0,3.0,0,913968,77084,69482,7602,9.861968761351253,7736,309,15,1621887663,288692739,1910580402,1196207,298034974,0.0
2026-06-26 20:05:25.739394,5193,0,3.0,0,913998,77089,69486,7603,9.862626315038463,7736,309,15,1621888098,288692980,1910581078,1196269,298034974,0.23166023166023167
2026-06-26 20:05:25.744375,5194,0,3.0,0,914008,77089,69486,7603,9.862626315038463,7736,309,15,1621888098,288692980,1910581078,1196269,298034974,0.0
2026-06-26 20:05:25.749388,5195,0,3.0,0,914018,77092,69488,7604,9.863539666891507,7737,309,15,1621888431,288693157,1910581588,1196316,298035215,0.5314183123877917
2026-06-26 20:05:25.754377,5196,0,3.0,0,914028,77092,69488,7604,9.863539666891507,7737,309,15,1621888431,288693157,1910581588,1196316,298035215,0.0
2026-06-26 20:05:25.764375,5197,0,3.0,0,914048,77097,69492,7605,9.86419705046889,7739,309,15,1621889263,288693334,1910582597,1196389,298035569,0.6657331466293258
2026-06-26 20:05:25.769392,5198,0,3.0,0,914058,77099,69494,7605,9.863941166552095,7739,309,15,1621889541,288693334,1910582875,1196414,298035569,0.4432928044648196
2026-06-26 20:05:25.774373,5199,0,3.0,0,914068,77099,69494,7605,9.863941166552095,7739,309,15,1621889541,288693334,1910582875,1196414,298035569,0.0
2026-06-26 20:05:25.779389,5200,0,3.0,0,914078,77102,69497,7605,9.86355736556769,7739,309,15,1621890024,288693334,1910583358,1196452,298035569,0.7703349282296651
2026-06-26 20:05:25.789400,5201,0,3.0,0,914098,77106,69501,7605,9.863045677379192,7739,309,15,1621890620,288693334,1910583954,1196529,298035569,0.4762760962940765
2026-06-26 20:05:25.794374,5202,0,3.0,0,914108,77106,69501,7605,9.863045677379192,7739,309,15,1621890620,288693334,1910583954,1196529,298035569,0.0
2026-06-26 20:05:25.814376,5203,0,3.0,0,914148,77114,69509,7605,9.86202246025365,7739,309,15,1621891764,288693334,1910585098,1196647,298035569,0.45755424457554245
2026-06-26 20:05:25.819389,5204,0,3.0,0,914158,77118,69513,7605,9.861510931300085,7739,309,15,1621892130,288693334,1910585464,1196721,298035569,0.5840813883901855
2026-06-26 20:05:25.824370,5205,0,3.0,0,914168,77118,69513,7605,9.861510931300085,7739,309,15,1621892130,288693334,1910585464,1196721,298035569,0.0
2026-06-26 20:05:25.829388,5206,0,3.0,0,914178,77121,69516,7605,9.861127319407165,7739,309,15,1621892669,288693334,1910586003,1196781,298035569,0.859306496612196
2026-06-26 20:05:25.839393,5207,0,3.0,0,914198,77125,69519,7606,9.861912479740681,7740,309,15,1621893172,288693435,1910586607,1196845,298035670,0.4021989005497251
2026-06-26 20:05:25.844375,5208,0,3.0,0,914208,77125,69519,7606,9.861912479740681,7740,309,15,1621893172,288693435,1910586607,1196845,298035670,0.0
2026-06-26 20:05:25.849390,5209,0,3.0,0,914218,77129,69523,7606,9.861401029444178,7740,309,15,1621893576,288693435,1910587011,1196922,298035670,0.6444666001994018
2026-06-26 20:05:25.854375,5210,0,3.0,0,914228,77129,69523,7606,9.861401029444178,7740,309,15,1621893576,288693435,1910587011,1196922,298035670,0.0
2026-06-26 20:05:25.864375,5211,0,3.0,0,914248,77132,69526,7606,9.861017476533734,7740,309,15,1621893983,288693435,1910587418,1196963,298035670,0.3256
2026-06-26 20:05:25.869391,5212,0,3.0,0,914258,77136,69530,7606,9.860506119062435,7740,309,15,1621894482,288693435,1910587917,1197021,298035670,0.79585326953748
2026-06-26 20:05:25.874375,5213,0,3.0,0,914268,77136,69530,7606,9.860506119062435,7740,309,15,1621894482,288693435,1910587917,1197021,298035670,0.0
2026-06-26 20:05:25.879392,5214,0,3.0,0,914278,77141,69535,7606,9.85986699679807,7740,309,15,1621894830,288693435,1910588265,1197098,298035670,0.5549132947976878
2026-06-26 20:05:25.894381,5215,0,3.0,0,914308,77144,69538,7606,9.85948356320647,7740,309,15,1621895164,288693435,1910588599,1197146,298035670,0.17826406031089465
2026-06-26 20:05:25.899392,5216,0,3.0,0,914318,77148,69541,7607,9.860268574687614,7740,309,15,1621895449,288693536,1910588985,1197185,298035670,0.45499900219517064
2026-06-26 20:05:25.904372,5217,0,3.0,0,914328,77148,69541,7607,9.860268574687614,7740,309,15,1621895449,288693536,1910588985,1197185,298035670,0.0
2026-06-26 20:05:25.909391,5218,0,3.0,0,914338,77151,69544,7607,9.85988516027012,7741,309,15,1621896112,288693536,1910589648,1197236,298035771,1.0567842199641362
2026-06-26 20:05:25.924372,5219,0,3.0,0,914368,77155,69547,7608,9.860670079709676,7741,309,15,1621897002,288693677,1910590679,1197319,298035771,0.47526867365329417
2026-06-26 20:05:25.929388,5220,0,3.0,0,914378,77157,69549,7608,9.860414479567634,7742,309,15,1621897404,288693677,1910591081,1197363,298035912,0.6411483253588517
2026-06-26 20:05:25.934372,5221,0,3.0,0,914388,77157,69549,7608,9.860414479567634,7742,309,15,1621897404,288693677,1910591081,1197363,298035912,0.0
2026-06-26 20:05:25.949393,5222,0,3.0,0,914418,77162,69554,7608,9.859775537181514,7742,309,15,1621898381,288693677,1910592058,1197496,298035912,0.520338193196192
2026-06-26 20:05:25.954372,5223,0,3.0,0,914428,77162,69554,7608,9.859775537181514,7742,309,15,1621898381,288693677,1910592058,1197496,298035912,0.0
2026-06-26 20:05:25.964370,5224,0,3.0,0,914448,77164,69555,7609,9.86081592452439,7742,309,15,1621898482,288693910,1910592392,1197518,298035912,0.08081616323264652
2026-06-26 20:05:25.969390,5225,0,3.0,0,914458,77165,69556,7609,9.860688135812868,7743,309,15,1621898715,288693910,1910592625,1197544,298036145,0.3713147410358566
2026-06-26 20:05:25.974370,5226,0,3.0,0,914468,77165,69556,7609,9.860688135812868,7743,309,15,1621898715,288693910,1910592625,1197544,298036145,0.0
2026-06-26 20:05:25.989391,5227,0,3.0,0,914498,77170,69561,7609,9.860049241933394,7743,309,15,1621899955,288693910,1910593865,1197659,298036145,0.6604087610678384
2026-06-26 20:05:25.994376,5228,0,3.0,0,914508,77170,69561,7609,9.860049241933394,7743,309,15,1621899955,288693910,1910593865,1197659,298036145,0.0
2026-06-26 20:05:25.999386,5229,0,3.0,0,914518,77174,69565,7609,9.859538186435847,7743,309,15,1621900430,288693910,1910594340,1197763,298036145,0.7584830339321357
2026-06-26 20:05:26.014378,5230,0,3.0,0,914548,77176,69567,7609,9.859282678552917,7743,309,15,1621900632,288693910,1910594542,1197798,298036145,0.10779082177161152
2026-06-26 20:05:26.019392,5231,0,3.0,0,914558,77178,69569,7609,9.859027183912513,7743,309,15,1621900950,288693910,1910594860,1197837,298036145,0.5073793378540088
2026-06-26 20:05:26.024373,5232,0,3.0,0,914568,77178,69569,7609,9.859027183912513,7743,309,15,1621900950,288693910,1910594860,1197837,298036145,0.0
2026-06-26 20:05:26.029394,5233,0,3.0,0,914578,77182,69573,7609,9.858516234355161,7743,309,15,1621901514,288693910,1910595424,1197885,298036145,0.8986257717586138
2026-06-26 20:05:26.044377,5234,0,3.0,0,914608,77187,69578,7609,9.857877621879332,7743,309,15,1621901912,288693910,1910595822,1197925,298036145,0.21250750850964426
2026-06-26 20:05:26.049399,5235,0,3.0,0,914618,77189,69580,7609,9.857622200054413,7743,309,15,1621902238,288693910,1910596148,1197972,298036145,0.5193150139386699
2026-06-26 20:05:26.054373,5236,0,3.0,0,914628,77189,69580,7609,9.857622200054413,7743,309,15,1621902238,288693910,1910596148,1197972,298036145,0.0
2026-06-26 20:05:26.059399,5237,0,3.0,0,914638,77193,69584,7609,9.857111396111046,7743,309,15,1621902785,288693910,1910596695,1198027,298036145,0.8706725029844807
2026-06-26 20:05:26.064373,5238,0,3.0,0,914648,77193,69584,7609,9.857111396111046,7743,309,15,1621902785,288693910,1910596695,1198027,298036145,0.0
2026-06-26 20:05:26.069392,5239,0,3.0,0,914658,77195,69586,7609,9.856856013990543,7743,309,15,1621903103,288693910,1910597013,1198066,298036145,0.5068738792588166
2026-06-26 20:05:26.074374,5240,0,3.0,0,914668,77195,69586,7609,9.856856013990543,7743,309,15,1621903103,288693910,1910597013,1198066,298036145,0.0
2026-06-26 20:05:26.079393,5241,0,3.0,0,914678,77199,69590,7609,9.856345289446756,7743,309,15,1621903703,288693910,1910597613,1198140,298036145,0.9563658099222953
2026-06-26 20:05:26.084372,5242,0,3.0,0,914688,77199,69590,7609,9.856345289446756,7743,309,15,1621903703,288693910,1910597613,1198140,298036145,0.0
2026-06-26 20:05:26.089395,5243,0,3.0,0,914698,77202,69593,7609,9.855962280769928,7743,309,15,1621904166,288693910,1910598076,1198203,298036145,0.7374079235516624
2026-06-26 20:05:26.094373,5244,0,3.0,0,914708,77202,69593,7609,9.855962280769928,7743,309,15,1621904166,288693910,1910598076,1198203,298036145,0.0
2026-06-26 20:05:26.099397,5245,0,3.0,0,914718,77205,69596,7609,9.855579301858688,7743,309,15,1621904667,288693910,1910598577,1198260,298036145,0.7977707006369427
2026-06-26 20:05:26.104369,5246,0,3.0,0,914728,77205,69596,7609,9.855579301858688,7743,309,15,1621904667,288693910,1910598577,1198260,298036145,0.0
2026-06-26 20:05:26.109393,5247,0,3.0,0,914738,77207,69598,7609,9.85532399911925,7743,309,15,1621904993,288693910,1910598903,1198307,298036145,0.5191082802547771
2026-06-26 20:05:26.114378,5248,0,3.0,0,914748,77207,69598,7609,9.85532399911925,7743,309,15,1621904993,288693910,1910598903,1198307,298036145,0.0
2026-06-26 20:05:26.119393,5249,0,3.0,0,914758,77209,69600,7609,9.855068709606392,7743,309,15,1621905258,288693910,1910599168,1198332,298036145,0.42273180458624127
2026-06-26 20:05:26.124377,5250,0,3.0,0,914768,77209,69600,7609,9.855068709606392,7743,309,15,1621905258,288693910,1910599168,1198332,298036145,0.0
2026-06-26 20:05:26.129396,5251,0,3.0,0,914778,77212,69603,7609,9.854685800134694,7743,309,15,1621905592,288693910,1910599502,1198380,298036145,0.532376967523411
2026-06-26 20:05:26.134373,5252,0,3.0,0,914788,77212,69603,7609,9.854685800134694,7743,309,15,1621905592,288693910,1910599502,1198380,298036145,0.0
2026-06-26 20:05:26.139391,5253,0,3.0,0,914798,77215,69606,7609,9.854302920417018,7743,309,15,1621905986,288693910,1910599896,1198454,298036145,0.6281387006775608
2026-06-26 20:05:26.144372,5254,0,3.0,0,914808,77215,69606,7609,9.854302920417018,7743,309,15,1621905986,288693910,1910599896,1198454,298036145,0.0
2026-06-26 20:05:26.149392,5255,0,3.0,0,914818,77220,69611,7609,9.853664853664853,7743,309,15,1621906607,288693910,1910600517,1198541,298036145,0.9896414342629483
2026-06-26 20:05:26.154376,5256,0,3.0,0,914828,77220,69611,7609,9.853664853664853,7743,309,15,1621906607,288693910,1910600517,1198541,298036145,0.0
2026-06-26 20:05:26.159399,5257,0,3.0,0,914838,77223,69614,7609,9.853282053274283,7743,309,15,1621907138,288693910,1910601048,1198629,298036145,0.8457097352179972
2026-06-26 20:05:26.164373,5258,0,3.0,0,914848,77223,69614,7609,9.853282053274283,7743,309,15,1621907138,288693910,1910601048,1198629,298036145,0.0
2026-06-26 20:05:26.169391,5259,0,3.0,0,914858,77226,69617,7609,9.852899282625023,7743,309,15,1621907517,288693910,1910601427,1198680,298036145,0.6042247907532882
2026-06-26 20:05:26.174374,5260,0,3.0,0,914868,77226,69617,7609,9.852899282625023,7743,309,15,1621907517,288693910,1910601427,1198680,298036145,0.0
2026-06-26 20:05:26.179390,5261,0,3.0,0,914878,77229,69620,7609,9.852516541713605,7743,309,15,1621907936,288693910,1910601846,1198741,298036145,0.6682615629984051
2026-06-26 20:05:26.184375,5262,0,3.0,0,914888,77229,69620,7609,9.852516541713605,7743,309,15,1621907936,288693910,1910601846,1198741,298036145,0.0
2026-06-26 20:05:26.189384,5263,0,3.0,0,914898,77233,69624,7609,9.852006266751259,7743,309,15,1621908310,288693910,1910602220,1198781,298036145,0.5973248153324017
2026-06-26 20:05:26.194375,5264,0,3.0,0,914908,77233,69624,7609,9.852006266751259,7743,309,15,1621908310,288693910,1910602220,1198781,298036145,0.0
2026-06-26 20:05:26.204373,5265,0,3.0,0,914928,77236,69627,7609,9.851623595214667,7743,309,15,1621908557,288693910,1910602467,1198815,298036145,0.19763952790558112
2026-06-26 20:05:26.209389,5266,0,3.0,0,914938,77239,69630,7609,9.851240953404368,7743,309,15,1621908891,288693910,1910602801,1198863,298036145,0.532695374800638
2026-06-26 20:05:26.214371,5267,0,3.0,0,914948,77239,69630,7609,9.851240953404368,7743,309,15,1621908891,288693910,1910602801,1198863,298036145,0.0
2026-06-26 20:05:26.219388,5268,0,3.0,0,914958,77241,69632,7609,9.850985875377066,7743,309,15,1621909245,288693910,1910603155,1198892,298036145,0.564480765397648
2026-06-26 20:05:26.229394,5269,0,3.0,0,914978,77244,69635,7609,9.850603283102895,7743,309,15,1621909840,288693910,1910603750,1198968,298036145,0.47571457125724564
2026-06-26 20:05:26.234370,5270,0,3.0,0,914988,77244,69635,7609,9.850603283102895,7743,309,15,1621909840,288693910,1910603750,1198968,298036145,0.0
2026-06-26 20:05:26.239385,5271,0,3.0,0,914998,77245,69636,7609,9.8504757589488,7743,309,15,1621910081,288693910,1910603991,1199002,298036145,0.38444666001994016
2026-06-26 20:05:26.244371,5272,0,3.0,0,915008,77245,69636,7609,9.8504757589488,7743,309,15,1621910081,288693910,1910603991,1199002,298036145,0.0
2026-06-26 20:05:26.249390,5273,0,3.0,0,915018,77247,69638,7609,9.850220720545781,7743,309,15,1621910283,288693910,1910604193,1199037,298036145,0.3219764893405061
2026-06-26 20:05:26.254372,5274,0,3.0,0,915028,77247,69638,7609,9.850220720545781,7743,309,15,1621910283,288693910,1910604193,1199037,298036145,0.0
2026-06-26 20:05:26.259386,5275,0,3.0,0,915038,77249,69640,7609,9.849965695348807,7743,309,15,1621910861,288693910,1910604771,1199097,298036145,0.9222177901874751
2026-06-26 20:05:26.264371,5276,0,3.0,0,915048,77249,69640,7609,9.849965695348807,7743,309,15,1621910861,288693910,1910604771,1199097,298036145,0.0
2026-06-26 20:05:26.269392,5277,0,3.0,0,915058,77250,69641,7609,9.849838187702266,7743,309,15,1621911146,288693910,1910605056,1199142,298036145,0.4540928101971719
2026-06-26 20:05:26.274377,5278,0,3.0,0,915068,77250,69641,7609,9.849838187702266,7743,309,15,1621911146,288693910,1910605056,1199142,298036145,0.0
2026-06-26 20:05:26.294391,5279,0,3.0,0,915108,77254,69645,7609,9.849328190126078,7743,309,15,1621911803,288693910,1910605713,1199181,298036145,0.26261616868192267
2026-06-26 20:05:26.299396,5280,0,3.0,0,915118,77257,69648,7609,9.848945726600826,7743,309,15,1621913643,288693910,1910607553,1199408,298036145,2.941058941058941
2026-06-26 20:05:26.304368,5281,0,3.0,0,915128,77257,69648,7609,9.848945726600826,7743,309,15,1621913643,288693910,1910607553,1199408,298036145,0.0
2026-06-26 20:05:26.309389,5282,0,3.0,0,915138,77260,69651,7609,9.848563292777634,7743,309,15,1621913977,288693910,1910607887,1199456,298036145,0.5321649073889664
2026-06-26 20:05:26.324374,5283,0,3.0,0,915168,77262,69653,7609,9.848308353394943,7743,309,15,1621914271,288693910,1910608181,1199511,298036145,0.15695695695695697
2026-06-26 20:05:26.329388,5284,0,3.0,0,915178,77264,69655,7609,9.848053427210603,7743,309,15,1621914589,288693910,1910608499,1199550,298036145,0.5073793378540088
2026-06-26 20:05:26.334376,5285,0,3.0,0,915188,77264,69655,7609,9.848053427210603,7743,309,15,1621914589,288693910,1910608499,1199550,298036145,0.0
2026-06-26 20:05:26.339394,5286,0,3.0,0,915198,77266,69657,7609,9.84779851422359,7743,309,15,1621914931,288693910,1910608841,1199613,298036145,0.5452371462734157
2026-06-26 20:05:26.349393,5287,0,3.0,0,915218,77270,69661,7609,9.847288727837453,7743,309,15,1621915325,288693910,1910609235,1199667,298036145,0.31523152315231523
2026-06-26 20:05:26.354370,5288,0,3.0,0,915228,77270,69661,7609,9.847288727837453,7743,309,15,1621915325,288693910,1910609235,1199667,298036145,0.0
2026-06-26 20:05:26.359385,5289,0,3.0,0,915238,77273,69664,7609,9.846906422683215,7743,309,15,1621915831,288693910,1910609741,1199735,298036145,0.8071784646061815
2026-06-26 20:05:26.364373,5290,0,3.0,0,915248,77273,69664,7609,9.846906422683215,7743,309,15,1621915831,288693910,1910609741,1199735,298036145,0.0
2026-06-26 20:05:26.374380,5291,0,3.0,0,915268,77275,69666,7609,9.846651569071497,7743,309,15,1621916073,288693910,1910609983,1199770,298036145,0.19346457479764165
2026-06-26 20:05:26.379388,5292,0,3.0,0,915278,77277,69668,7609,9.846396728651474,7743,309,15,1621916351,288693910,1910610261,1199809,298036145,0.4440894568690096
2026-06-26 20:05:26.384380,5293,0,3.0,0,915288,77277,69668,7609,9.846396728651474,7743,309,15,1621916351,288693910,1910610261,1199809,298036145,0.0
2026-06-26 20:05:26.389406,5294,0,3.0,0,915298,77281,69672,7609,9.84588708738241,7743,309,15,1621916795,288693910,1910610705,1199886,298036145,0.706725029844807
2026-06-26 20:05:26.404371,5295,0,3.0,0,915328,77285,69676,7609,9.845377498867828,7743,309,15,1621917306,288693910,1910611216,1199952,298036145,0.2731707317073171
2026-06-26 20:05:26.409390,5296,0,3.0,0,915338,77288,69679,7609,9.844995342097091,7743,309,15,1621917536,288693910,1910611446,1200017,298036145,0.3666068938035465
2026-06-26 20:05:26.414375,5297,0,3.0,0,915348,77288,69679,7609,9.844995342097091,7743,309,15,1621917536,288693910,1910611446,1200017,298036145,0.0
2026-06-26 20:05:26.419391,5298,0,3.0,0,915358,77291,69682,7609,9.84461321499269,7743,309,15,1621918063,288693910,1910611973,1200097,298036145,0.8405103668261563
2026-06-26 20:05:26.424370,5299,0,3.0,0,915368,77291,69682,7609,9.84461321499269,7743,309,15,1621918063,288693910,1910611973,1200097,298036145,0.0
2026-06-26 20:05:26.429387,5300,0,3.0,0,915378,77294,69685,7609,9.844231117551168,7743,309,15,1621918532,288693910,1910612442,1200155,298036145,0.7478572852302172
2026-06-26 20:05:26.444371,5301,0,3.0,0,915408,77299,69690,7609,9.843594354390095,7743,309,15,1621919475,288693910,1910613385,1200233,298036145,0.5034703683929524
2026-06-26 20:05:26.449387,5302,0,3.0,0,915418,77301,69692,7609,9.843339672190528,7743,309,15,1621919785,288693910,1910613695,1200264,298036145,0.4944178628389155
2026-06-26 20:05:26.454369,5303,0,3.0,0,915428,77301,69692,7609,9.843339672190528,7743,309,15,1621919785,288693910,1910613695,1200264,298036145,0.0
2026-06-26 20:05:26.459379,5304,0,3.0,0,915438,77303,69694,7609,9.843085003169346,7743,309,15,1621919990,288693910,1910613900,1200304,298036145,0.3273453093812375
2026-06-26 20:05:26.474383,5305,0,3.0,0,915468,77306,69697,7609,9.842703024344813,7743,309,15,1621920401,288693910,1910614311,1200348,298036145,0.21914156225006665
2026-06-26 20:05:26.479393,5306,0,3.0,0,915478,77309,69700,7609,9.842321075165893,7743,309,15,1621920775,288693910,1910614685,1200395,298036145,0.5972055888223553
2026-06-26 20:05:26.484372,5307,0,3.0,0,915488,77309,69700,7609,9.842321075165893,7743,309,15,1621920775,288693910,1910614685,1200395,298036145,0.0
2026-06-26 20:05:26.499394,5308,0,3.0,0,915518,77315,69706,7609,9.841557265731101,7743,309,15,1621921604,288693910,1910615514,1200500,298036145,0.4414858207961656
2026-06-26 20:05:26.504367,5309,0,3.0,0,915528,77315,69706,7609,9.841557265731101,7743,309,15,1621921604,288693910,1910615514,1200500,298036145,0.0
2026-06-26 20:05:26.509387,5310,0,3.0,0,915538,77318,69709,7609,9.841175405468325,7743,309,15,1621921982,288693910,1910615892,1200551,298036145,0.602390438247012
2026-06-26 20:05:26.524375,5311,0,3.0,0,915568,77327,69718,7609,9.840030002457098,7743,309,15,1621922673,288693910,1910616583,1200690,298036145,0.3688283960501735
2026-06-26 20:05:26.529392,5312,0,3.0,0,915578,77330,69721,7609,9.839648260700892,7743,309,15,1621923026,288693910,1910616936,1200764,298036145,0.5628861869643214
2026-06-26 20:05:26.534367,5313,0,3.0,0,915588,77330,69721,7609,9.839648260700892,7743,309,15,1621923026,288693910,1910616936,1200764,298036145,0.0
2026-06-26 20:05:26.539389,5314,0,3.0,0,915598,77334,69725,7609,9.839139317764502,7743,309,15,1621923526,288693910,1910617436,1200857,298036145,0.7964954201513341
2026-06-26 20:05:26.554376,5315,0,3.0,0,915628,77338,69729,7609,9.838630427474204,7743,309,15,1621924037,288693910,1910617947,1200915,298036145,0.2727697337692667
2026-06-26 20:05:26.559388,5316,0,3.0,0,915638,77341,69732,7609,9.838248794300565,7743,309,15,1621924425,288693910,1910618335,1200976,298036145,0.6193136472466081
2026-06-26 20:05:26.564370,5317,0,3.0,0,915648,77341,69732,7609,9.838248794300565,7743,309,15,1621924425,288693910,1910618335,1200976,298036145,0.0
2026-06-26 20:05:26.569387,5318,0,3.0,0,915658,77343,69734,7609,9.837994388632456,7743,309,15,1621924835,288693910,1910618745,1201027,298036145,0.6537771576639426
2026-06-26 20:05:26.579392,5319,0,3.0,0,915678,77346,69737,7609,9.837612804799214,7743,309,15,1621925346,288693910,1910619256,1201094,298036145,0.40859570214892554
2026-06-26 20:05:26.584371,5320,0,3.0,0,915688,77346,69737,7609,9.837612804799214,7743,309,15,1621925346,288693910,1910619256,1201094,298036145,0.0
2026-06-26 20:05:26.589385,5321,0,3.0,0,915698,77349,69740,7609,9.837231250565619,7743,309,15,1621925716,288693910,1910619626,1201125,298036145,0.5903470283207021
2026-06-26 20:05:26.594371,5322,0,3.0,0,915708,77349,69740,7609,9.837231250565619,7743,309,15,1621925716,288693910,1910619626,1201125,298036145,0.0
2026-06-26 20:05:26.609393,5323,0,3.0,0,915738,77357,69748,7609,9.836213917292552,7743,309,15,1621926779,288693910,1910620689,1201293,298036145,0.5661030488616695
2026-06-26 20:05:26.614372,5324,0,3.0,0,915748,77357,69748,7609,9.836213917292552,7743,309,15,1621926779,288693910,1910620689,1201293,298036145,0.0
2026-06-26 20:05:26.619386,5325,0,3.0,0,915758,77360,69750,7610,9.837125129265772,7743,309,15,1621927149,288694021,1910621170,1201336,298036145,0.5903470283207021
2026-06-26 20:05:26.634371,5326,0,3.0,0,915788,77363,69753,7610,9.836743662991353,7744,309,15,1621927613,288694021,1910621634,1201437,298036256,0.24771438104771437
2026-06-26 20:05:26.639390,5327,0,3.0,0,915798,77364,69754,7610,9.836616514140944,7744,309,15,1621927790,288694021,1910621811,1201454,298036256,0.2821279139270771
2026-06-26 20:05:26.644367,5328,0,3.0,0,915808,77364,69754,7610,9.836616514140944,7744,309,15,1621927790,288694021,1910621811,1201454,298036256,0.0
2026-06-26 20:05:26.649400,5329,0,3.0,0,915818,77367,69757,7610,9.836235087311128,7744,309,15,1621928301,288694021,1910622322,1201519,298036256,0.8122392211404729
2026-06-26 20:05:26.654369,5330,0,3.0,0,915828,77367,69757,7610,9.836235087311128,7744,309,15,1621928301,288694021,1910622322,1201519,298036256,0.0
2026-06-26 20:05:26.659389,5331,0,3.0,0,915838,77369,69759,7610,9.83598081919115,7744,309,15,1621928731,288694021,1910622752,1201590,298036256,0.6852589641434262
2026-06-26 20:05:26.664369,5332,0,3.0,0,915848,77369,69759,7610,9.83598081919115,7744,309,15,1621928731,288694021,1910622752,1201590,298036256,0.0
2026-06-26 20:05:26.679390,5333,0,3.0,0,915878,77374,69763,7611,9.8366376302117,7744,309,15,1621929275,288694162,1910623437,1201647,298036256,0.2897277145329871
2026-06-26 20:05:26.684373,5334,0,3.0,0,915888,77374,69763,7611,9.8366376302117,7744,309,15,1621929275,288694162,1910623437,1201647,298036256,0.0
2026-06-26 20:05:26.689389,5335,0,3.0,0,915898,77378,69767,7611,9.836129132311509,7745,309,15,1621929954,288694162,1910624116,1201755,298036397,1.0829346092503986
2026-06-26 20:05:26.694373,5336,0,3.0,0,915908,77378,69767,7611,9.836129132311509,7745,309,15,1621929954,288694162,1910624116,1201755,298036397,0.0
2026-06-26 20:05:26.699382,5337,0,3.0,0,915918,77381,69769,7612,9.837040100283016,7745,309,15,1621930240,288695443,1910625683,1201802,298036397,0.4567777999600719
2026-06-26 20:05:26.704372,5338,0,3.0,0,915928,77381,69769,7612,9.837040100283016,7745,309,15,1621930240,288695443,1910625683,1201802,298036397,0.0
2026-06-26 20:05:26.709387,5339,0,3.0,0,915938,77383,69771,7612,9.836785857358851,7746,309,15,1621931846,288695443,1910627289,1201963,298037678,2.561914257228315
2026-06-26 20:05:26.714373,5340,0,3.0,0,915948,77383,69771,7612,9.836785857358851,7746,309,15,1621931846,288695443,1910627289,1201963,298037678,0.0
2026-06-26 20:05:26.719387,5341,0,3.0,0,915958,77384,69772,7612,9.836658740824976,7746,309,15,1621932131,288695443,1910627574,1202008,298037678,0.45472676505783804
2026-06-26 20:05:26.724368,5342,0,3.0,0,915968,77384,69772,7612,9.836658740824976,7746,309,15,1621932131,288695443,1910627574,1202008,298037678,0.0
2026-06-26 20:05:26.729390,5343,0,3.0,0,915978,77388,69776,7612,9.83615030754122,7746,309,15,1621932649,288695443,1910628092,1202080,298037678,0.8251692552767822
2026-06-26 20:05:26.734371,5344,0,3.0,0,915988,77388,69776,7612,9.83615030754122,7746,309,15,1621932649,288695443,1910628092,1202080,298037678,0.0
2026-06-26 20:05:26.739388,5345,0,3.0,0,915998,77391,69778,7613,9.83706115698208,7746,309,15,1621932882,288695544,1910628426,1202107,298037678,0.3715367749651186
2026-06-26 20:05:26.744370,5346,0,3.0,0,916008,77391,69778,7613,9.83706115698208,7746,309,15,1621932882,288695544,1910628426,1202107,298037678,0.0
2026-06-26 20:05:26.749384,5347,0,3.0,0,916018,77394,69781,7613,9.836679845982893,7747,309,15,1621933188,288695544,1910628732,1202168,298037779,0.4882329477463103
2026-06-26 20:05:26.754387,5348,0,3.0,0,916028,77394,69781,7613,9.836679845982893,7747,309,15,1621933188,288695544,1910628732,1202168,298037779,0.0
2026-06-26 20:05:26.759395,5349,0,3.0,0,916038,77399,69786,7613,9.836044393338415,7747,309,15,1621933742,288695544,1910629286,1202261,298037779,0.8849840255591054
2026-06-26 20:05:26.764369,5350,0,3.0,0,916048,77399,69786,7613,9.836044393338415,7747,309,15,1621933742,288695544,1910629286,1202261,298037779,0.0
2026-06-26 20:05:26.769389,5351,0,3.0,0,916058,77401,69788,7613,9.835790235268279,7747,309,15,1621934160,288695544,1910629704,1202312,298037779,0.6661354581673307
2026-06-26 20:05:26.774374,5352,0,3.0,0,916068,77401,69788,7613,9.835790235268279,7747,309,15,1621934160,288695544,1910629704,1202312,298037779,0.0
2026-06-26 20:05:26.789388,5353,0,3.0,0,916098,77407,69794,7613,9.835027839859444,7747,309,15,1621935035,288695544,1910630579,1202422,298037779,0.46623151725056616
2026-06-26 20:05:26.794372,5354,0,3.0,0,916108,77407,69794,7613,9.835027839859444,7747,309,15,1621935035,288695544,1910630579,1202422,298037779,0.0
2026-06-26 20:05:26.799390,5355,0,3.0,0,916118,77409,69796,7613,9.834773734320299,7747,309,15,1621935397,288695544,1910630941,1202459,298037779,0.5771223595057792
2026-06-26 20:05:26.804373,5356,0,3.0,0,916128,77409,69796,7613,9.834773734320299,7747,309,15,1621935397,288695544,1910630941,1202459,298037779,0.0
2026-06-26 20:05:26.814378,5357,0,3.0,0,916148,77412,69799,7613,9.834392600630393,7747,309,15,1621935816,288695544,1910631360,1202512,298037779,0.33503248375812095
2026-06-26 20:05:26.819387,5358,0,3.0,0,916158,77417,69804,7613,9.833757443455573,7747,309,15,1621936372,288695544,1910631916,1202615,298037779,0.8880015971251747
2026-06-26 20:05:26.824383,5359,0,3.0,0,916168,77417,69804,7613,9.833757443455573,7747,309,15,1621936372,288695544,1910631916,1202615,298037779,0.0
2026-06-26 20:05:26.844372,5360,0,3.0,0,916208,77423,69810,7613,9.832995363134986,7747,309,15,1621937004,288695544,1910632548,1202707,298037779,0.25293911651408274
2026-06-26 20:05:26.849387,5361,0,3.0,0,916218,77425,69812,7613,9.832741362608976,7747,309,15,1621937300,288695544,1910632844,1202763,298037779,0.47218344965104686
2026-06-26 20:05:26.854370,5362,0,3.0,0,916228,77425,69812,7613,9.832741362608976,7747,309,15,1621937300,288695544,1910632844,1202763,298037779,0.0
2026-06-26 20:05:26.859390,5363,0,3.0,0,916238,77428,69815,7613,9.832360386423517,7747,309,15,1621937838,288695544,1910633382,1202857,298037779,0.8573705179282869
2026-06-26 20:05:26.869386,5364,0,3.0,0,916258,77431,69818,7613,9.83197943975927,7747,309,15,1621938349,288695544,1910633893,1202929,298037779,0.40896358543417366
2026-06-26 20:05:26.874371,5365,0,3.0,0,916268,77431,69818,7613,9.83197943975927,7747,309,15,1621938349,288695544,1910633893,1202929,298037779,0.0
2026-06-26 20:05:26.879386,5366,0,3.0,0,916278,77435,69822,7613,9.831471556789566,7747,309,15,1621938859,288695544,1910634403,1203024,298037779,0.8135593220338984
2026-06-26 20:05:26.894377,5367,0,3.0,0,916308,77439,69826,7613,9.830963726287788,7747,309,15,1621939314,288695544,1910634858,1203107,298037779,0.24281235407911414
2026-06-26 20:05:26.899388,5368,0,3.0,0,916318,77445,69832,7613,9.830202078894699,7747,309,15,1621940056,288695544,1910635600,1203231,298037779,1.1845938934344442
2026-06-26 20:05:26.904369,5369,0,3.0,0,916328,77445,69832,7613,9.830202078894699,7747,309,15,1621940056,288695544,1910635600,1203231,298037779,0.0
2026-06-26 20:05:26.909386,5370,0,3.0,0,916338,77447,69834,7613,9.829948222655494,7747,309,15,1621940526,288695544,1910636070,1203301,298037779,0.749451863663544
2026-06-26 20:05:26.924376,5371,0,3.0,0,916368,77450,69837,7613,9.829567462879277,7747,309,15,1621940839,288695544,1910636383,1203328,298037779,0.16704469646430953
2026-06-26 20:05:26.929389,5372,0,3.0,0,916378,77454,69840,7614,9.83035091796421,7747,309,15,1621941320,288695645,1910636965,1203401,298037779,0.767604229004588
2026-06-26 20:05:26.934372,5373,0,3.0,0,916388,77454,69840,7614,9.83035091796421,7747,309,15,1621941320,288695645,1910636965,1203401,298037779,0.0
2026-06-26 20:05:26.939390,5374,0,3.0,0,916398,77460,69846,7614,9.829589465530598,7748,309,15,1621942558,288695645,1910638203,1203572,298037880,1.9736946990833002
2026-06-26 20:05:26.949392,5375,0,3.0,0,916418,77463,69849,7614,9.829208783548275,7748,309,15,1621943165,288695645,1910638810,1203661,298037880,0.485502899420116
2026-06-26 20:05:26.954370,5376,0,3.0,0,916428,77463,69849,7614,9.829208783548275,7748,309,15,1621943165,288695645,1910638810,1203661,298037880,0.0
2026-06-26 20:05:26.959388,5377,0,3.0,0,916438,77464,69850,7614,9.829081896106578,7748,309,15,1621943350,288695645,1910638995,1203686,298037880,0.2949382223993623
2026-06-26 20:05:26.964372,5378,0,3.0,0,916448,77464,69850,7614,9.829081896106578,7748,309,15,1621943350,288695645,1910638995,1203686,298037880,0.0
2026-06-26 20:05:26.979387,5379,0,3.0,0,916478,77469,69855,7614,9.828447508035472,7748,309,15,1621944422,288695645,1910640067,1203832,298037880,0.5711621711621712
2026-06-26 20:05:26.984371,5380,0,3.0,0,916488,77469,69855,7614,9.828447508035472,7748,309,15,1621944422,288695645,1910640067,1203832,298037880,0.0
2026-06-26 20:05:26.989380,5381,0,3.0,0,916498,77473,69859,7614,9.827940056535825,7748,309,15,1621945077,288695645,1910640722,1203956,298037880,1.0461169894190456
2026-06-26 20:05:27.004371,5382,0,3.0,0,916528,77476,69861,7615,9.828850224585677,7748,309,15,1621945310,288695756,1910641066,1203991,298037880,0.12434127142952438
2026-06-26 20:05:27.009389,5383,0,3.0,0,916538,77478,69863,7615,9.82859650481427,7749,309,15,1621945606,288695756,1910641362,1204039,298037991,0.4719011558389797
2026-06-26 20:05:27.014370,5384,0,3.0,0,916548,77478,69863,7615,9.82859650481427,7749,309,15,1621945606,288695756,1910641362,1204039,298037991,0.0
2026-06-26 20:05:27.019385,5385,0,3.0,0,916558,77481,69866,7615,9.828215949716705,7749,309,15,1621946217,288695756,1910641973,1204131,298037991,0.9746759720837488
2026-06-26 20:05:27.029389,5386,0,3.0,0,916578,77485,69870,7615,9.827708588759116,7749,309,15,1621946865,288695756,1910642621,1204253,298037991,0.5181927229108356
2026-06-26 20:05:27.034373,5387,0,3.0,0,916588,77485,69870,7615,9.827708588759116,7749,309,15,1621946865,288695756,1910642621,1204253,298037991,0.0
2026-06-26 20:05:27.039388,5388,0,3.0,0,916598,77487,69872,7615,9.827454927923393,7749,309,15,1621947161,288695756,1910642917,1204304,298037991,0.47218344965104686
2026-06-26 20:05:27.054373,5389,0,3.0,0,916628,77489,69874,7615,9.827201280181704,7749,309,15,1621947671,288695756,1910643427,1204375,298037991,0.2722722722722723
2026-06-26 20:05:27.059391,5390,0,3.0,0,916638,77491,69876,7615,9.82694764553303,7749,309,15,1621948041,288695756,1910643797,1204425,298037991,0.5898764447987246
2026-06-26 20:05:27.064366,5391,0,3.0,0,916648,77491,69876,7615,9.82694764553303,7749,309,15,1621948041,288695756,1910643797,1204425,298037991,0.0
2026-06-26 20:05:27.069394,5392,0,3.0,0,916658,77493,69878,7615,9.82669402397636,7749,309,15,1621948454,288695756,1910644210,1204479,298037991,0.6571201272871917
2026-06-26 20:05:27.084372,5393,0,3.0,0,916688,77499,69884,7615,9.825933237848231,7749,309,15,1621948991,288695756,1910644747,1204557,298037991,0.28682067031646413
2026-06-26 20:05:27.089391,5394,0,3.0,0,916698,77503,69888,7615,9.82542611253758,7749,309,15,1621949509,288695756,1910645265,1204655,298037991,0.8256624825662483
2026-06-26 20:05:27.094373,5395,0,3.0,0,916708,77503,69888,7615,9.82542611253758,7749,309,15,1621949509,288695756,1910645265,1204655,298037991,0.0
2026-06-26 20:05:27.099387,5396,0,3.0,0,916718,77507,69892,7615,9.824919039570618,7749,309,15,1621950105,288695756,1910645861,1204719,298037991,0.9509373753490228
2026-06-26 20:05:27.104373,5397,0,3.0,0,916728,77507,69892,7615,9.824919039570618,7749,309,15,1621950105,288695756,1910645861,1204719,298037991,0.0
2026-06-26 20:05:27.109385,5398,0,3.0,0,916738,77511,69896,7615,9.824412018939247,7749,309,15,1621950634,288695756,1910646390,1204802,298037991,0.8443735035913806
2026-06-26 20:05:27.114368,5399,0,3.0,0,916748,77511,69896,7615,9.824412018939247,7749,309,15,1621950634,288695756,1910646390,1204802,298037991,0.0
2026-06-26 20:05:27.119406,5400,0,3.0,0,916758,77513,69898,7615,9.824158528246874,7749,309,15,1621951030,288695756,1910646786,1204870,298037991,0.62882096069869
2026-06-26 20:05:27.124367,5401,0,3.0,0,916768,77513,69898,7615,9.824158528246874,7749,309,15,1621951030,288695756,1910646786,1204870,298037991,0.0
2026-06-26 20:05:27.129383,5402,0,3.0,0,916778,77515,69900,7615,9.82390505063536,7749,309,15,1621951282,288695756,1910647038,1204923,298037991,0.4019138755980861
2026-06-26 20:05:27.134372,5403,0,3.0,0,916788,77515,69900,7615,9.82390505063536,7749,309,15,1621951282,288695756,1910647038,1204923,298037991,0.0
2026-06-26 20:05:27.139385,5404,0,3.0,0,916798,77518,69903,7615,9.823524858742486,7749,309,15,1621951596,288695756,1910647352,1204985,298037991,0.5010971474167165
2026-06-26 20:05:27.144369,5405,0,3.0,0,916808,77518,69903,7615,9.823524858742486,7749,309,15,1621951596,288695756,1910647352,1204985,298037991,0.0
2026-06-26 20:05:27.149390,5406,0,3.0,0,916818,77520,69905,7615,9.823271413828689,7749,309,15,1621952186,288695756,1910647942,1205055,298037991,0.9400517825134436
2026-06-26 20:05:27.154370,5407,0,3.0,0,916828,77520,69905,7615,9.823271413828689,7749,309,15,1621952186,288695756,1910647942,1205055,298037991,0.0
2026-06-26 20:05:27.159389,5408,0,3.0,0,916838,77525,69910,7615,9.82263785875524,7749,309,15,1621952787,288695756,1910648543,1205122,298037991,0.9579597529388324
2026-06-26 20:05:27.164370,5409,0,3.0,0,916848,77525,69910,7615,9.82263785875524,7749,309,15,1621952787,288695756,1910648543,1205122,298037991,0.0
2026-06-26 20:05:27.169391,5410,0,3.0,0,916858,77527,69912,7615,9.82238445960762,7749,309,15,1621953257,288695756,1910649013,1205192,298037991,0.7488548097988449
2026-06-26 20:05:27.174368,5411,0,3.0,0,916868,77527,69912,7615,9.82238445960762,7749,309,15,1621953257,288695756,1910649013,1205192,298037991,0.0
2026-06-26 20:05:27.179386,5412,0,3.0,0,916878,77530,69915,7615,9.8220043853992,7749,309,15,1621953980,288695756,1910649736,1205315,298037991,1.1526504583499402
2026-06-26 20:05:27.184370,5413,0,3.0,0,916888,77530,69915,7615,9.8220043853992,7749,309,15,1621953980,288695756,1910649736,1205315,298037991,0.0
2026-06-26 20:05:27.199392,5414,0,3.0,0,916918,77535,69919,7616,9.822660733862126,7749,309,15,1621954445,288695867,1910650312,1205415,298037991,0.2476367993609373
2026-06-26 20:05:27.204369,5415,0,3.0,0,916928,77535,69919,7616,9.822660733862126,7749,309,15,1621954445,288695867,1910650312,1205415,298037991,0.0
2026-06-26 20:05:27.209391,5416,0,3.0,0,916938,77539,69923,7616,9.822154012819356,7750,309,15,1621955177,288695867,1910651044,1205547,298038102,1.1660692951015532
2026-06-26 20:05:27.214371,5417,0,3.0,0,916948,77539,69923,7616,9.822154012819356,7750,309,15,1621955177,288695867,1910651044,1205547,298038102,0.0
2026-06-26 20:05:27.229393,5418,0,3.0,0,916978,77546,69930,7616,9.821267376782814,7750,309,15,1621956124,288695867,1910651991,1205713,298038102,0.5043269870856077
2026-06-26 20:05:27.234373,5419,0,3.0,0,916988,77546,69930,7616,9.821267376782814,7750,309,15,1621956124,288695867,1910651991,1205713,298038102,0.0
2026-06-26 20:05:27.259391,5420,0,3.0,0,917038,77557,69941,7616,9.819874414946426,7750,309,15,1621957519,288695867,1910653386,1205955,298038102,0.44607882324726195
2026-06-26 20:05:27.264370,5421,0,3.0,0,917048,77557,69941,7616,9.819874414946426,7750,309,15,1621957519,288695867,1910653386,1205955,298038102,0.0
2026-06-26 20:05:27.269385,5422,0,3.0,0,917058,77561,69944,7617,9.820657289101481,7750,309,15,1621958021,288696152,1910654173,1206010,298038102,0.8007976071784646
2026-06-26 20:05:27.274371,5423,0,3.0,0,917068,77561,69944,7617,9.820657289101481,7750,309,15,1621958021,288696152,1910654173,1206010,298038102,0.0
2026-06-26 20:05:27.289387,5424,0,3.0,0,917098,77569,69952,7617,9.819644445590377,7751,309,15,1621959066,288696152,1910655218,1206196,298038387,0.5567394778902504
2026-06-26 20:05:27.294374,5425,0,3.0,0,917108,77569,69952,7617,9.819644445590377,7751,309,15,1621959066,288696152,1910655218,1206196,298038387,0.0
2026-06-26 20:05:27.299396,5426,0,3.0,0,917118,77573,69956,7617,9.819138102174724,7751,309,15,1621959800,288696152,1910655952,1206308,298038387,1.1692552767821585
2026-06-26 20:05:27.304370,5427,0,3.0,0,917128,77573,69956,7617,9.819138102174724,7751,309,15,1621959800,288696152,1910655952,1206308,298038387,0.0
2026-06-26 20:05:27.314378,5428,0,3.0,0,917148,77578,69959,7619,9.821083296810952,7752,309,15,1621960144,288696404,1910656548,1206365,298038528,0.2749800159872102
2026-06-26 20:05:27.319389,5429,0,3.0,0,917158,77584,69965,7619,9.820323778098578,7753,309,15,1621960976,288696404,1910657380,1206503,298038639,1.328277788864498
2026-06-26 20:05:27.324370,5430,0,3.0,0,917168,77584,69965,7619,9.820323778098578,7753,309,15,1621960976,288696404,1910657380,1206503,298038639,0.0
2026-06-26 20:05:27.329384,5431,0,3.0,0,917178,77587,69968,7619,9.819944062794026,7753,309,15,1621961290,288696404,1910657694,1206560,298038639,0.5009972078181093
2026-06-26 20:05:27.339388,5432,0,3.0,0,917198,77591,69972,7619,9.819437821396813,7753,309,15,1621962467,288696404,1910658871,1206693,298038639,0.9412235105957617
2026-06-26 20:05:27.344372,5433,0,3.0,0,917208,77591,69972,7619,9.819437821396813,7753,309,15,1621962467,288696404,1910658871,1206693,298038639,0.0
2026-06-26 20:05:27.349385,5434,0,3.0,0,917218,77594,69975,7619,9.81905817460113,7753,309,15,1621962866,288696404,1910659270,1206757,298038639,0.6367444643925793
2026-06-26 20:05:27.354378,5435,0,3.0,0,917228,77594,69975,7619,9.81905817460113,7753,309,15,1621962866,288696404,1910659270,1206757,298038639,0.0
2026-06-26 20:05:27.359389,5436,0,3.0,0,917238,77596,69977,7619,9.818805093046032,7753,309,15,1621963276,288696404,1910659680,1206808,298038639,0.6545599680702454
2026-06-26 20:05:27.364369,5437,0,3.0,0,917248,77596,69977,7619,9.818805093046032,7753,309,15,1621963276,288696404,1910659680,1206808,298038639,0.0
2026-06-26 20:05:27.369387,5438,0,3.0,0,917258,77599,69980,7619,9.818425495173907,7753,309,15,1621963787,288696404,1910660191,1206872,298038639,0.8146671980868873
2026-06-26 20:05:27.374380,5439,0,3.0,0,917268,77599,69980,7619,9.818425495173907,7753,309,15,1621963787,288696404,1910660191,1206872,298038639,0.0
2026-06-26 20:05:27.379390,5440,0,3.0,0,917278,77601,69982,7619,9.818172446231364,7753,309,15,1621964257,288696404,1910660661,1206937,298038639,0.7504990019960079
2026-06-26 20:05:27.384371,5441,0,3.0,0,917288,77601,69982,7619,9.818172446231364,7753,309,15,1621964257,288696404,1910660661,1206937,298038639,0.0
2026-06-26 20:05:27.389394,5442,0,3.0,0,917298,77604,69985,7619,9.817792897273335,7753,309,15,1621964679,288696404,1910661083,1206992,298038639,0.6721083018116664
2026-06-26 20:05:27.409386,5443,0,3.0,0,917338,77610,69990,7620,9.818322381136452,7753,309,15,1621965296,288696589,1910661885,1207075,298038639,0.24689875950380152
2026-06-26 20:05:27.414371,5444,0,3.0,0,917348,77610,69990,7620,9.818322381136452,7753,309,15,1621965296,288696589,1910661885,1207075,298038639,0.0
2026-06-26 20:05:27.419383,5445,0,3.0,0,917358,77612,69992,7620,9.81806937071587,7754,309,15,1621965714,288696589,1910662303,1207133,298038824,0.6671987230646449
2026-06-26 20:05:27.429384,5446,0,3.0,0,917378,77613,69993,7620,9.817942870395424,7754,309,15,1621965999,288696589,1910662588,1207178,298038824,0.22797720227977203
2026-06-26 20:05:27.434367,5447,0,3.0,0,917388,77613,69993,7620,9.817942870395424,7754,309,15,1621965999,288696589,1910662588,1207178,298038824,0.0
2026-06-26 20:05:27.439384,5448,0,3.0,0,917398,77614,69994,7620,9.817816373334708,7754,309,15,1621966404,288696589,1910662993,1207223,298038824,0.6458042654973092
2026-06-26 20:05:27.444367,5449,0,3.0,0,917408,77614,69994,7620,9.817816373334708,7754,309,15,1621966404,288696589,1910662993,1207223,298038824,0.0
2026-06-26 20:05:27.459382,5450,0,3.0,0,917438,77616,69996,7620,9.81756338899196,7754,309,15,1621967027,288696589,1910663616,1207321,298038824,0.33193473193473194
2026-06-26 20:05:27.464365,5451,0,3.0,0,917448,77616,69996,7620,9.81756338899196,7754,309,15,1621967027,288696589,1910663616,1207321,298038824,0.0
2026-06-26 20:05:27.469397,5452,0,3.0,0,917458,77620,70000,7620,9.817057459417676,7754,309,15,1621967641,288696589,1910664230,1207408,298038824,0.9761526232114467
2026-06-26 20:05:27.494380,5453,0,3.0,0,917508,77624,70004,7620,9.816551581984953,7754,309,15,1621968337,288696589,1910664926,1207504,298038824,0.22287155265580594
2026-06-26 20:05:27.499392,5454,0,3.0,0,917518,77627,70007,7620,9.816172208123461,7754,309,15,1621968691,288696589,1910665280,1207573,298038824,0.5650438946528332
2026-06-26 20:05:27.504369,5455,0,3.0,0,917528,77627,70007,7620,9.816172208123461,7754,309,15,1621968691,288696589,1910665280,1207573,298038824,0.0
2026-06-26 20:05:27.509387,5456,0,3.0,0,917538,77631,70010,7621,9.816954567118806,7755,309,15,1621969079,288696681,1910665760,1207634,298038916,0.6185731367078517
2026-06-26 20:05:27.524368,5457,0,3.0,0,917568,77636,70015,7621,9.81632232469473,7755,309,15,1621969746,288696681,1910666427,1207759,298038916,0.3561845003671317
2026-06-26 20:05:27.529387,5458,0,3.0,0,917578,77640,70019,7621,9.815816589386914,7755,309,15,1621970279,288696681,1910666960,1207853,298038916,0.8495716278143056
2026-06-26 20:05:27.534369,5459,0,3.0,0,917588,77640,70019,7621,9.815816589386914,7755,309,15,1621970279,288696681,1910666960,1207853,298038916,0.0
2026-06-26 20:05:27.539388,5460,0,3.0,0,917598,77643,70022,7621,9.815437322102444,7755,309,15,1621970752,288696681,1910667433,1207934,298038916,0.7539350468220761
2026-06-26 20:05:27.549389,5461,0,3.0,0,917618,77647,70026,7621,9.814931677978544,7755,309,15,1621971194,288696681,1910667875,1208003,298038916,0.35356464353564643
2026-06-26 20:05:27.554369,5462,0,3.0,0,917628,77647,70026,7621,9.814931677978544,7755,309,15,1621971194,288696681,1910667875,1208003,298038916,0.0
2026-06-26 20:05:27.579384,5463,0,3.0,0,917678,77657,70036,7621,9.813667795562537,7755,309,15,1621972373,288696681,1910669054,1208202,298038916,0.3770537677393564
2026-06-26 20:05:27.584368,5464,0,3.0,0,917688,77657,70036,7621,9.813667795562537,7755,309,15,1621972373,288696681,1910669054,1208202,298038916,0.0
2026-06-26 20:05:27.589381,5465,0,3.0,0,917698,77659,70038,7621,9.813415058138785,7755,309,15,1621972669,288696681,1910669350,1208258,298038916,0.47237183323359266
2026-06-26 20:05:27.599393,5466,0,3.0,0,917718,77666,70045,7621,9.812530579661628,7755,309,15,1621973440,288696681,1910670121,1208403,298038916,0.6160607271274471
2026-06-26 20:05:27.604370,5467,0,3.0,0,917728,77666,70045,7621,9.812530579661628,7755,309,15,1621973440,288696681,1910670121,1208403,298038916,0.0
2026-06-26 20:05:27.609384,5468,0,3.0,0,917738,77669,70048,7621,9.812151566261958,7755,309,15,1621973877,288696681,1910670558,1208472,298038916,0.6972477064220184
2026-06-26 20:05:27.614376,5469,0,3.0,0,917748,77669,70048,7621,9.812151566261958,7755,309,15,1621973877,288696681,1910670558,1208472,298038916,0.0
2026-06-26 20:05:27.619384,5470,0,3.0,0,917758,77672,70051,7621,9.811772582140282,7755,309,15,1621974257,288696681,1910670938,1208526,298038916,0.6070287539936102
2026-06-26 20:05:27.624366,5471,0,3.0,0,917768,77672,70051,7621,9.811772582140282,7755,309,15,1621974257,288696681,1910670938,1208526,298038916,0.0
2026-06-26 20:05:27.629385,5472,0,3.0,0,917778,77675,70054,7621,9.81139362729321,7755,309,15,1621974613,288696681,1910671294,1208595,298038916,0.5674437138872286
2026-06-26 20:05:27.649392,5473,0,3.0,0,917818,77680,70059,7621,9.81076210092688,7755,309,15,1621975222,288696681,1910671903,1208670,298038916,0.2435147698305593
2026-06-26 20:05:27.654370,5474,0,3.0,0,917828,77680,70059,7621,9.81076210092688,7755,309,15,1621975222,288696681,1910671903,1208670,298038916,0.0
2026-06-26 20:05:27.659384,5475,0,3.0,0,917838,77684,70063,7621,9.810256938365686,7755,309,15,1621975687,288696681,1910672368,1208763,298038916,0.7419226166733147
2026-06-26 20:05:27.674373,5476,0,3.0,0,917868,77685,70064,7621,9.810130655853769,7755,309,15,1621976059,288696681,1910672740,1208815,298038916,0.19854560010674493
2026-06-26 20:05:27.679385,5477,0,3.0,0,917878,77686,70065,7621,9.810004376592952,7755,309,15,1621976408,288696681,1910673089,1208876,298038916,0.5570630486831604
2026-06-26 20:05:27.684365,5478,0,3.0,0,917888,77686,70065,7621,9.810004376592952,7755,309,15,1621976408,288696681,1910673089,1208876,298038916,0.0
2026-06-26 20:05:27.689382,5479,0,3.0,0,917898,77687,70066,7621,9.80987810058311,7755,309,15,1621976593,288696681,1910673274,1208902,298038916,0.2949970101654375
2026-06-26 20:05:27.699386,5480,0,3.0,0,917918,77688,70067,7621,9.809751827824117,7755,309,15,1621977071,288696681,1910673752,1208940,298038916,0.3822471011595362
2026-06-26 20:05:27.704369,5481,0,3.0,0,917928,77688,70067,7621,9.809751827824117,7755,309,15,1621977071,288696681,1910673752,1208940,298038916,0.0
2026-06-26 20:05:27.709391,5482,0,3.0,0,917938,77691,70069,7622,9.810660179428762,7755,309,15,1621977554,288696942,1910674496,1209018,298038916,0.7694145758661888
2026-06-26 20:05:27.729387,5483,0,3.0,0,917978,77696,70074,7622,9.810028830313016,7756,309,15,1621978637,288696942,1910675579,1209121,298039177,0.4332866573314663
2026-06-26 20:05:27.734368,5484,0,3.0,0,917988,77696,70074,7622,9.810028830313016,7756,309,15,1621978637,288696942,1910675579,1209121,298039177,0.0
2026-06-26 20:05:27.739383,5485,0,3.0,0,917998,77700,70078,7622,9.80952380952381,7756,309,15,1621979182,288696942,1910676124,1209226,298039177,0.8693918245264207
2026-06-26 20:05:27.744367,5486,0,3.0,0,918008,77700,70078,7622,9.80952380952381,7756,309,15,1621979182,288696942,1910676124,1209226,298039177,0.0
2026-06-26 20:05:27.749387,5487,0,3.0,0,918018,77701,70079,7622,9.809397562450933,7756,309,15,1621979367,288696942,1910676309,1209251,298039177,0.2948207171314741
2026-06-26 20:05:27.754368,5488,0,3.0,0,918028,77701,70079,7622,9.809397562450933,7756,309,15,1621979367,288696942,1910676309,1209251,298039177,0.0
2026-06-26 20:05:27.759385,5489,0,3.0,0,918038,77704,70082,7622,9.80901884072892,7756,309,15,1621979897,288696942,1910676839,1209336,298039177,0.8451265696631453
2026-06-26 20:05:27.764369,5490,0,3.0,0,918048,77704,70082,7622,9.80901884072892,7756,309,15,1621979897,288696942,1910676839,1209336,298039177,0.0
2026-06-26 20:05:27.784366,5491,0,3.0,0,918088,77709,70087,7622,9.808387702840083,7756,309,15,1621980720,288696942,1910677662,1209472,298039177,0.3292493874081112
2026-06-26 20:05:27.789381,5492,0,3.0,0,918098,77713,70091,7622,9.80788285100305,7756,309,15,1621981319,288696942,1910678261,1209544,298039177,0.9555333998005983
2026-06-26 20:05:27.809394,5493,0,3.0,0,918138,77719,70097,7622,9.807125670685418,7756,309,15,1621982714,288696942,1910679656,1209743,298039177,0.5576375356018588
2026-06-26 20:05:27.814368,5494,0,3.0,0,918148,77719,70097,7622,9.807125670685418,7756,309,15,1621982714,288696942,1910679656,1209743,298039177,0.0
2026-06-26 20:05:27.819385,5495,0,3.0,0,918158,77724,70102,7622,9.806494776388245,7756,309,15,1621983772,288696942,1910680714,1209875,298039177,1.6870639824596372
2026-06-26 20:05:27.824367,5496,0,3.0,0,918168,77724,70102,7622,9.806494776388245,7756,309,15,1621983772,288696942,1910680714,1209875,298039177,0.0
2026-06-26 20:05:27.839391,5497,0,3.0,0,918198,77731,70109,7622,9.80561166072738,7756,309,15,1621984729,288696942,1910681671,1210066,298039177,0.5095846645367412
2026-06-26 20:05:27.844368,5498,0,3.0,0,918208,77731,70109,7622,9.80561166072738,7756,309,15,1621984729,288696942,1910681671,1210066,298039177,0.0
2026-06-26 20:05:27.849383,5499,0,3.0,0,918218,77734,70112,7622,9.805233231275889,7756,309,15,1621985462,288696942,1910682404,1210194,298039177,1.1692921236291127
2026-06-26 20:05:27.854373,5500,0,3.0,0,918228,77734,70112,7622,9.805233231275889,7756,309,15,1621985462,288696942,1910682404,1210194,298039177,0.0
2026-06-26 20:05:27.864368,5501,0,3.0,0,918248,77735,70112,7623,9.806393516434039,7756,309,15,1621985462,288697203,1910682665,1210194,298039177,0.0
2026-06-26 20:05:27.869392,5502,0,3.0,0,918258,77738,70115,7623,9.80601507628187,7757,309,15,1621986183,288697203,1910683386,1210315,298039438,1.1480891719745223
2026-06-26 20:05:27.874372,5503,0,3.0,0,918268,77738,70115,7623,9.80601507628187,7757,309,15,1621986183,288697203,1910683386,1210315,298039438,0.0
2026-06-26 20:05:27.894367,5504,0,3.0,0,918308,77748,70125,7623,9.804753820033955,7757,309,15,1621987262,288697203,1910684465,1210528,298039438,0.4317079269817454
2026-06-26 20:05:27.899384,5505,0,3.0,0,918318,77752,70129,7623,9.804249408375346,7757,309,15,1621987655,288697203,1910684858,1210628,298039438,0.6266693242973889
2026-06-26 20:05:27.904368,5506,0,3.0,0,918328,77752,70129,7623,9.804249408375346,7757,309,15,1621987655,288697203,1910684858,1210628,298039438,0.0
2026-06-26 20:05:27.919389,5507,0,3.0,0,918358,77758,70135,7623,9.803492888191569,7757,309,15,1621988424,288697203,1910685627,1210791,298039438,0.4095599494041675
2026-06-26 20:05:27.924367,5508,0,3.0,0,918368,77758,70135,7623,9.803492888191569,7757,309,15,1621988424,288697203,1910685627,1210791,298039438,0.0
2026-06-26 20:05:27.929383,5509,0,3.0,0,918378,77762,70139,7623,9.802988606260127,7757,309,15,1621989056,288697203,1910686259,1210895,298039438,1.0079744816586922
2026-06-26 20:05:27.934372,5510,0,3.0,0,918388,77762,70139,7623,9.802988606260127,7757,309,15,1621989056,288697203,1910686259,1210895,298039438,0.0
2026-06-26 20:05:27.939386,5511,0,3.0,0,918398,77763,70140,7623,9.802862543883338,7757,309,15,1621989167,288697203,1910686370,1210926,298039438,0.1771041084962106
2026-06-26 20:05:27.944370,5512,0,3.0,0,918408,77763,70140,7623,9.802862543883338,7757,309,15,1621989167,288697203,1910686370,1210926,298039438,0.0
2026-06-26 20:05:27.949383,5513,0,3.0,0,918418,77767,70144,7623,9.802358326796714,7757,309,15,1621989729,288697203,1910686932,1211035,298039438,0.8968681428286456
2026-06-26 20:05:27.964365,5514,0,3.0,0,918448,77773,70150,7623,9.801602098414616,7757,309,15,1621992941,288697203,1910690144,1211132,298039438,1.7151248164464024
2026-06-26 20:05:27.969384,5515,0,3.0,0,918458,77775,70152,7623,9.801350048216008,7757,309,15,1621998128,288697203,1910695331,1211515,298039438,8.267782426778243
2026-06-26 20:05:27.974373,5516,0,3.0,0,918468,77775,70152,7623,9.801350048216008,7757,309,15,1621998128,288697203,1910695331,1211515,298039438,0.0
2026-06-26 20:05:27.979381,5517,0,3.0,0,918478,77779,70156,7623,9.800845986705923,7757,309,15,1621998604,288697203,1910695807,1211623,298039438,0.7603833865814696
2026-06-26 20:05:27.989388,5518,0,3.0,0,918498,77781,70158,7623,9.800593975392449,7757,309,15,1621998900,288697203,1910696103,1211679,298039438,0.23663435595083443
2026-06-26 20:05:27.994369,5519,0,3.0,0,918508,77781,70158,7623,9.800593975392449,7757,309,15,1621998900,288697203,1910696103,1211679,298039438,0.0
2026-06-26 20:05:27.999383,5520,0,3.0,0,918518,77784,70161,7623,9.800215982721381,7757,309,15,1621999423,288697203,1910696626,1211754,298039438,0.8344635021938572
2026-06-26 20:05:28.004369,5521,0,3.0,0,918528,77784,70161,7623,9.800215982721381,7757,309,15,1621999423,288697203,1910696626,1211754,298039438,0.0
2026-06-26 20:05:28.019396,5522,0,3.0,0,918558,77793,70169,7624,9.800367642332859,7757,309,15,1622000506,288697304,1910697810,1211960,298039438,0.5765621880614893
2026-06-26 20:05:28.024368,5523,0,3.0,0,918568,77793,70169,7624,9.800367642332859,7757,309,15,1622000506,288697304,1910697810,1211960,298039438,0.0
2026-06-26 20:05:28.029381,5524,0,3.0,0,918578,77797,70173,7624,9.799863747959431,7758,309,15,1622000968,288697304,1910698272,1212055,298039539,0.7372830640335128
2026-06-26 20:05:28.044369,5525,0,3.0,0,918608,77801,70177,7624,9.799359905399674,7758,309,15,1622001357,288697304,1910698661,1212102,298039539,0.20763277288497464
2026-06-26 20:05:28.049386,5526,0,3.0,0,918618,77805,70180,7625,9.800141379088748,7758,309,15,1622001722,288697489,1910699211,1212171,298039539,0.5820211281642416
2026-06-26 20:05:28.054368,5527,0,3.0,0,918628,77805,70180,7625,9.800141379088748,7758,309,15,1622001722,288697489,1910699211,1212171,298039539,0.0
2026-06-26 20:05:28.059384,5528,0,3.0,0,918638,77809,70183,7626,9.800922772429924,7759,309,15,1622002236,288697682,1910699918,1212281,298039724,0.8197767145135566
2026-06-26 20:05:28.069381,5529,0,3.0,0,918658,77816,70190,7626,9.800041122648299,7760,309,15,1622003289,288697682,1910700971,1212472,298039917,0.8426527958387516
2026-06-26 20:05:28.074370,5530,0,3.0,0,918668,77816,70190,7626,9.800041122648299,7760,309,15,1622003289,288697682,1910700971,1212472,298039917,0.0
2026-06-26 20:05:28.079385,5531,0,3.0,0,918678,77818,70192,7626,9.799789251844047,7760,309,15,1622003611,288697682,1910701293,1212506,298039917,0.5136590229312064
2026-06-26 20:05:28.084368,5532,0,3.0,0,918688,77818,70192,7626,9.799789251844047,7760,309,15,1622003611,288697682,1910701293,1212506,298039917,0.0
2026-06-26 20:05:28.089382,5533,0,3.0,0,918698,77820,70194,7626,9.799537393986121,7760,309,15,1622003823,288697682,1910701505,1212551,298039917,0.3382528919026725
2026-06-26 20:05:28.094373,5534,0,3.0,0,918708,77820,70194,7626,9.799537393986121,7760,309,15,1622003823,288697682,1910701505,1212551,298039917,0.0
2026-06-26 20:05:28.099383,5535,0,3.0,0,918718,77824,70197,7627,9.800318667763158,7761,309,15,1622004260,288697823,1910702083,1212620,298040058,0.6978043912175649
2026-06-26 20:05:28.104366,5536,0,3.0,0,918728,77824,70197,7627,9.800318667763158,7761,309,15,1622004260,288697823,1910702083,1212620,298040058,0.0
2026-06-26 20:05:28.109385,5537,0,3.0,0,918738,77827,70200,7627,9.799940894548165,7761,309,15,1622004771,288697823,1910702594,1212678,298040058,0.8145048814504882
2026-06-26 20:05:28.114367,5538,0,3.0,0,918748,77827,70200,7627,9.799940894548165,7761,309,15,1622004771,288697823,1910702594,1212678,298040058,0.0
2026-06-26 20:05:28.119380,5539,0,3.0,0,918758,77832,70205,7627,9.799311337239182,7761,309,15,1622005372,288697823,1910703195,1212785,298040058,0.9591063235587473
2026-06-26 20:05:28.124364,5540,0,3.0,0,918768,77832,70205,7627,9.799311337239182,7761,309,15,1622005372,288697823,1910703195,1212785,298040058,0.0
2026-06-26 20:05:28.129385,5541,0,3.0,0,918778,77835,70208,7627,9.798933641677907,7761,309,15,1622005821,288697823,1910703644,1212866,298040058,0.7153953395737901
2026-06-26 20:05:28.134368,5542,0,3.0,0,918788,77835,70208,7627,9.798933641677907,7761,309,15,1622005821,288697823,1910703644,1212866,298040058,0.0
2026-06-26 20:05:28.139385,5543,0,3.0,0,918798,77839,70212,7627,9.798430092884029,7761,309,15,1622006297,288697823,1910704120,1212966,298040058,0.7590193342635041
2026-06-26 20:05:28.144367,5544,0,3.0,0,918808,77839,70212,7627,9.798430092884029,7761,309,15,1622006297,288697823,1910704120,1212966,298040058,0.0
2026-06-26 20:05:28.149381,5545,0,3.0,0,918818,77841,70214,7627,9.798178337893912,7761,309,15,1622006870,288697823,1910704693,1213044,298040058,0.9142401276426008
2026-06-26 20:05:28.154370,5546,0,3.0,0,918828,77841,70214,7627,9.798178337893912,7761,309,15,1622006870,288697823,1910704693,1213044,298040058,0.0
2026-06-26 20:05:28.159387,5547,0,3.0,0,918838,77843,70216,7627,9.797926595840345,7761,309,15,1622007208,288697823,1910705031,1213101,298040058,0.5389675104644209
2026-06-26 20:05:28.164368,5548,0,3.0,0,918848,77843,70216,7627,9.797926595840345,7761,309,15,1622007208,288697823,1910705031,1213101,298040058,0.0
2026-06-26 20:05:28.169379,5549,0,3.0,0,918858,77846,70219,7627,9.797549007013847,7761,309,15,1622007458,288697823,1910705281,1213186,298040058,0.39912193175014965
2026-06-26 20:05:28.174365,5550,0,3.0,0,918868,77846,70219,7627,9.797549007013847,7761,309,15,1622007458,288697823,1910705281,1213186,298040058,0.0
2026-06-26 20:05:28.179392,5551,0,3.0,0,918878,77850,70223,7627,9.797045600513808,7761,309,15,1622008008,288697823,1910705831,1213280,298040058,0.87527352297593
2026-06-26 20:05:28.184372,5552,0,3.0,0,918888,77850,70223,7627,9.797045600513808,7761,309,15,1622008008,288697823,1910705831,1213280,298040058,0.0
2026-06-26 20:05:28.189386,5553,0,3.0,0,918898,77854,70227,7627,9.79654224574203,7761,309,15,1622008451,288697823,1910706274,1213356,298040058,0.7068209014758676
2026-06-26 20:05:28.194368,5554,0,3.0,0,918908,77854,70227,7627,9.79654224574203,7761,309,15,1622008451,288697823,1910706274,1213356,298040058,0.0
2026-06-26 20:05:28.199382,5555,0,3.0,0,918918,77855,70228,7627,9.796416415130691,7761,309,15,1622008562,288697823,1910706385,1213387,298040058,0.1771041084962106
2026-06-26 20:05:28.204367,5556,0,3.0,0,918928,77855,70228,7627,9.796416415130691,7761,309,15,1622008562,288697823,1910706385,1213387,298040058,0.0
2026-06-26 20:05:28.209382,5557,0,3.0,0,918938,77856,70229,7627,9.796290587751747,7761,309,15,1622009346,288697823,1910707169,1213478,298040058,1.2506480558325026
2026-06-26 20:05:28.214367,5558,0,3.0,0,918948,77856,70229,7627,9.796290587751747,7761,309,15,1622009346,288697823,1910707169,1213478,298040058,0.0
2026-06-26 20:05:28.219378,5559,0,3.0,0,918958,77857,70230,7627,9.796164763605072,7761,309,15,1622009571,288697823,1910707394,1213543,298040058,0.3592097385751347
2026-06-26 20:05:28.224366,5560,0,3.0,0,918968,77857,70230,7627,9.796164763605072,7761,309,15,1622009571,288697823,1910707394,1213543,298040058,0.0
2026-06-26 20:05:28.229383,5561,0,3.0,0,918978,77860,70233,7627,9.79578731055741,7761,309,15,1622010369,288697823,1910708192,1213655,298040058,1.272473589794698
2026-06-26 20:05:28.234364,5562,0,3.0,0,918988,77860,70233,7627,9.79578731055741,7761,309,15,1622010369,288697823,1910708192,1213655,298040058,0.0
2026-06-26 20:05:28.239385,5563,0,3.0,0,918998,77865,70238,7627,9.795158286778397,7761,309,15,1622011136,288697823,1910708959,1213807,298040058,1.2220673172674765
2026-06-26 20:05:28.244370,5564,0,3.0,0,919008,77865,70238,7627,9.795158286778397,7761,309,15,1622011136,288697823,1910708959,1213807,298040058,0.0
2026-06-26 20:05:28.249383,5565,0,3.0,0,919018,77871,70242,7629,9.79697191509034,7762,309,15,1622011996,288698203,1910710199,1213943,298040169,1.372431677638141
2026-06-26 20:05:28.254366,5566,0,3.0,0,919028,77871,70242,7629,9.79697191509034,7762,309,15,1622011996,288698203,1910710199,1213943,298040169,0.0
2026-06-26 20:05:28.259378,5567,0,3.0,0,919038,77875,70246,7629,9.796468699839487,7763,309,15,1622012684,288698203,1910710887,1214002,298040438,1.0981644054269752
2026-06-26 20:05:28.264367,5568,0,3.0,0,919048,77875,70246,7629,9.796468699839487,7763,309,15,1622012684,288698203,1910710887,1214002,298040438,0.0
2026-06-26 20:05:28.269383,5569,0,3.0,0,919058,77879,70250,7629,9.79596553628064,7763,309,15,1622013149,288698203,1910711352,1214094,298040438,0.7416267942583732
2026-06-26 20:05:28.274364,5570,0,3.0,0,919068,77879,70250,7629,9.79596553628064,7763,309,15,1622013149,288698203,1910711352,1214094,298040438,0.0
2026-06-26 20:05:28.279385,5571,0,3.0,0,919078,77881,70252,7629,9.795713973883233,7763,309,15,1622013340,288698203,1910711543,1214117,298040438,0.3043218482374029
2026-06-26 20:05:28.284365,5572,0,3.0,0,919088,77881,70252,7629,9.795713973883233,7763,309,15,1622013340,288698203,1910711543,1214117,298040438,0.0
2026-06-26 20:05:28.289397,5573,0,3.0,0,919098,77884,70254,7630,9.796620615273998,7763,309,15,1622013594,288698456,1910712050,1214163,298040438,0.40381558028616854
2026-06-26 20:05:28.294372,5574,0,3.0,0,919108,77884,70254,7630,9.796620615273998,7763,309,15,1622013594,288698456,1910712050,1214163,298040438,0.0
2026-06-26 20:05:28.299386,5575,0,3.0,0,919118,77890,70260,7630,9.795865964822186,7764,309,15,1622020235,288698456,1910718691,1214761,298040691,10.595931392102115
2026-06-26 20:05:28.304365,5576,0,3.0,0,919128,77890,70260,7630,9.795865964822186,7764,309,15,1622020235,288698456,1910718691,1214761,298040691,0.0
2026-06-26 20:05:28.309381,5577,0,3.0,0,919138,77893,70262,7631,9.796772495602942,7764,309,15,1622020355,288699352,1910719707,1214797,298040691,0.19138755980861244
2026-06-26 20:05:28.314371,5578,0,3.0,0,919148,77893,70262,7631,9.796772495602942,7764,309,15,1622020355,288699352,1910719707,1214797,298040691,0.0
2026-06-26 20:05:28.319381,5579,0,3.0,0,919158,77897,70266,7631,9.796269432712428,7765,309,15,1622021680,288699352,1910721032,1214903,298041587,2.1157684630738522
2026-06-26 20:05:28.324366,5580,0,3.0,0,919168,77897,70266,7631,9.796269432712428,7765,309,15,1622021680,288699352,1910721032,1214903,298041587,0.0
2026-06-26 20:05:28.329380,5581,0,3.0,0,919178,77899,70268,7631,9.79601792064083,7765,309,15,1622021902,288699352,1910721254,1214958,298041587,0.3542082169924212
2026-06-26 20:05:28.334370,5582,0,3.0,0,919188,77899,70268,7631,9.79601792064083,7765,309,15,1622021902,288699352,1910721254,1214958,298041587,0.0
2026-06-26 20:05:28.339382,5583,0,3.0,0,919198,77903,70272,7631,9.795514935239979,7765,309,15,1622022444,288699352,1910721796,1215052,298041587,0.86512370311253
2026-06-26 20:05:28.344374,5584,0,3.0,0,919208,77903,70272,7631,9.795514935239979,7765,309,15,1622022444,288699352,1910721796,1215052,298041587,0.0
2026-06-26 20:05:28.349389,5585,0,3.0,0,919218,77907,70276,7631,9.795012001488955,7765,309,15,1622022920,288699352,1910722272,1215152,298041587,0.7593220338983051
2026-06-26 20:05:28.354371,5586,0,3.0,0,919228,77907,70276,7631,9.795012001488955,7765,309,15,1622022920,288699352,1910722272,1215152,298041587,0.0
2026-06-26 20:05:28.359390,5587,0,3.0,0,919238,77913,70282,7631,9.794257697688447,7765,309,15,1622023507,288699352,1910722859,1215217,298041587,0.9356445507073122
2026-06-26 20:05:28.364369,5588,0,3.0,0,919248,77913,70282,7631,9.794257697688447,7765,309,15,1622023507,288699352,1910722859,1215217,298041587,0.0
2026-06-26 20:05:28.369384,5589,0,3.0,0,919258,77916,70284,7632,9.795164022793777,7765,309,15,1622023917,288699453,1910723370,1215261,298041587,0.654037886340977
2026-06-26 20:05:28.374372,5590,0,3.0,0,919268,77916,70284,7632,9.795164022793777,7765,309,15,1622023917,288699453,1910723370,1215261,298041587,0.0
2026-06-26 20:05:28.379380,5591,0,3.0,0,919278,77922,70290,7632,9.794409794409795,7766,309,15,1622024627,288699453,1910724080,1215397,298041688,1.134185303514377
2026-06-26 20:05:28.384368,5592,0,3.0,0,919288,77922,70290,7632,9.794409794409795,7766,309,15,1622024627,288699453,1910724080,1215397,298041688,0.0
2026-06-26 20:05:28.389390,5593,0,3.0,0,919298,77926,70294,7632,9.79390704001232,7766,309,15,1622025101,288699453,1910724554,1215495,298041688,0.7550776583034647
2026-06-26 20:05:28.394373,5594,0,3.0,0,919308,77926,70294,7632,9.79390704001232,7766,309,15,1622025101,288699453,1910724554,1215495,298041688,0.0
2026-06-26 20:05:28.399385,5595,0,3.0,0,919318,77930,70298,7632,9.793404337225715,7766,309,15,1622025685,288699453,1910725138,1215631,298041688,0.9321628092577813
2026-06-26 20:05:28.404365,5596,0,3.0,0,919328,77930,70298,7632,9.793404337225715,7766,309,15,1622025685,288699453,1910725138,1215631,298041688,0.0
2026-06-26 20:05:28.409380,5597,0,3.0,0,919338,77933,70301,7632,9.793027344000615,7766,309,15,1622025990,288699453,1910725443,1215684,298041688,0.4865403788634098
2026-06-26 20:05:28.414371,5598,0,3.0,0,919348,77933,70301,7632,9.793027344000615,7766,309,15,1622025990,288699453,1910725443,1215684,298041688,0.0
2026-06-26 20:05:28.419382,5599,0,3.0,0,919358,77935,70303,7632,9.792776031308142,7766,309,15,1622026440,288699453,1910725893,1215774,298041688,0.7184194771502694
2026-06-26 20:05:28.424365,5600,0,3.0,0,919368,77935,70303,7632,9.792776031308142,7766,309,15,1622026440,288699453,1910725893,1215774,298041688,0.0
2026-06-26 20:05:28.429378,5601,0,3.0,0,919378,77938,70306,7632,9.792399086453335,7766,309,15,1622027035,288699453,1910726488,1215848,298041688,0.9495312188310393
2026-06-26 20:05:28.434365,5602,0,3.0,0,919388,77938,70306,7632,9.792399086453335,7766,309,15,1622027035,288699453,1910726488,1215848,298041688,0.0
2026-06-26 20:05:28.439381,5603,0,3.0,0,919398,77943,70311,7632,9.791770909510797,7766,309,15,1622027562,288699453,1910727015,1215909,298041688,0.8405103668261563
2026-06-26 20:05:28.444370,5604,0,3.0,0,919408,77943,70311,7632,9.791770909510797,7766,309,15,1622027562,288699453,1910727015,1215909,298041688,0.0
2026-06-26 20:05:28.449382,5605,0,3.0,0,919418,77947,70315,7632,9.791268425981757,7766,309,15,1622028284,288699453,1910727737,1216024,298041688,1.1524341580207502
2026-06-26 20:05:28.454366,5606,0,3.0,0,919428,77947,70315,7632,9.791268425981757,7766,309,15,1622028284,288699453,1910727737,1216024,298041688,0.0
2026-06-26 20:05:28.459378,5607,0,3.0,0,919438,77950,70317,7633,9.792174470814624,7766,309,15,1622028423,288699564,1910727987,1216078,298041688,0.22186751795690343
2026-06-26 20:05:28.464360,5608,0,3.0,0,919448,77950,70317,7633,9.792174470814624,7766,309,15,1622028423,288699564,1910727987,1216078,298041688,0.0
2026-06-26 20:05:28.469410,5609,0,3.0,0,919458,77955,70322,7633,9.79154640497723,7767,309,15,1622029176,288699564,1910728740,1216207,298041799,1.1928712871287128
2026-06-26 20:05:28.474377,5610,0,3.0,0,919468,77955,70322,7633,9.79154640497723,7767,309,15,1622029176,288699564,1910728740,1216207,298041799,0.0
2026-06-26 20:05:28.479395,5611,0,3.0,0,919478,77957,70324,7633,9.791295201200661,7767,309,15,1622029472,288699564,1910729036,1216256,298041799,0.4719011558389797
2026-06-26 20:05:28.484368,5612,0,3.0,0,919488,77957,70324,7633,9.791295201200661,7767,309,15,1622029472,288699564,1910729036,1216256,298041799,0.0
2026-06-26 20:05:28.489390,5613,0,3.0,0,919498,77960,70327,7633,9.790918419702411,7767,309,15,1622030043,288699564,1910729607,1216379,298041799,0.9095977698128236
2026-06-26 20:05:28.494370,5614,0,3.0,0,919508,77960,70327,7633,9.790918419702411,7767,309,15,1622030043,288699564,1910729607,1216379,298041799,0.0
2026-06-26 20:05:28.499390,5615,0,3.0,0,919518,77966,70333,7633,9.790164943693405,7767,309,15,1622030889,288699564,1910730453,1216516,298041799,1.348207171314741
2026-06-26 20:05:28.504361,5616,0,3.0,0,919528,77966,70333,7633,9.790164943693405,7767,309,15,1622030889,288699564,1910730453,1216516,298041799,0.0
2026-06-26 20:05:28.509382,5617,0,3.0,0,919538,77968,70335,7633,9.789913810794172,7767,309,15,1622031185,288699564,1910730749,1216567,298041799,0.47161919936267677
2026-06-26 20:05:28.514370,5618,0,3.0,0,919548,77968,70335,7633,9.789913810794172,7767,309,15,1622031185,288699564,1910730749,1216567,298041799,0.0
2026-06-26 20:05:28.519380,5619,0,3.0,0,919558,77969,70336,7633,9.789788249175954,7767,309,15,1622031745,288699564,1910731309,1216686,298041799,0.8942115768463074
2026-06-26 20:05:28.524364,5620,0,3.0,0,919568,77969,70336,7633,9.789788249175954,7767,309,15,1622031745,288699564,1910731309,1216686,298041799,0.0
2026-06-26 20:05:28.529380,5621,0,3.0,0,919578,77972,70339,7633,9.789411583645412,7767,309,15,1622032264,288699564,1910731828,1216757,298041799,0.8277511961722488
2026-06-26 20:05:28.534365,5622,0,3.0,0,919588,77972,70339,7633,9.789411583645412,7767,309,15,1622032264,288699564,1910731828,1216757,298041799,0.0
2026-06-26 20:05:28.539377,5623,0,3.0,0,919598,77975,70342,7633,9.789034947098429,7767,309,15,1622032693,288699564,1910732257,1216859,298041799,0.684756584197925
2026-06-26 20:05:28.544364,5624,0,3.0,0,919608,77975,70342,7633,9.789034947098429,7767,309,15,1622032693,288699564,1910732257,1216859,298041799,0.0
2026-06-26 20:05:28.549378,5625,0,3.0,0,919618,77980,70347,7633,9.788407283918954,7767,309,15,1622033548,288699564,1910733112,1216986,298041799,1.3641802951735142
2026-06-26 20:05:28.554363,5626,0,3.0,0,919628,77980,70347,7633,9.788407283918954,7767,309,15,1622033548,288699564,1910733112,1216986,298041799,0.0
2026-06-26 20:05:28.559389,5627,0,3.0,0,919638,77985,70352,7633,9.787779701224594,7767,309,15,1622034114,288699564,1910733678,1217093,298041799,0.9009152407481098
2026-06-26 20:05:28.564365,5628,0,3.0,0,919648,77985,70352,7633,9.787779701224594,7767,309,15,1622034114,288699564,1910733678,1217093,298041799,0.0
2026-06-26 20:05:28.569381,5629,0,3.0,0,919658,77987,70354,7633,9.787528690679217,7767,309,15,1622034336,288699564,1910733900,1217155,298041799,0.35406698564593303
2026-06-26 20:05:28.574365,5630,0,3.0,0,919668,77987,70354,7633,9.787528690679217,7767,309,15,1622034336,288699564,1910733900,1217155,298041799,0.0
2026-06-26 20:05:28.579379,5631,0,3.0,0,919678,77988,70355,7633,9.787403190234395,7767,309,15,1622034489,288699564,1910734053,1217187,298041799,0.24411647387315516
2026-06-26 20:05:28.584361,5632,0,3.0,0,919688,77988,70355,7633,9.787403190234395,7767,309,15,1622034489,288699564,1910734053,1217187,298041799,0.0
2026-06-26 20:05:28.589379,5633,0,3.0,0,919698,77989,70356,7633,9.787277693007988,7767,309,15,1622034790,288699564,1910734354,1217248,298041799,0.47987245914707055
2026-06-26 20:05:28.594368,5634,0,3.0,0,919708,77989,70356,7633,9.787277693007988,7767,309,15,1622034790,288699564,1910734354,1217248,298041799,0.0
2026-06-26 20:05:28.599384,5635,0,3.0,0,919718,77993,70360,7633,9.786775736284026,7767,309,15,1622035518,288699564,1910735082,1217361,298041799,1.161084529505582
2026-06-26 20:05:28.604362,5636,0,3.0,0,919728,77993,70360,7633,9.786775736284026,7767,309,15,1622035518,288699564,1910735082,1217361,298041799,0.0
2026-06-26 20:05:28.609377,5637,0,3.0,0,919738,77996,70363,7633,9.786399302528334,7767,309,15,1622035798,288699564,1910735362,1217420,298041799,0.44666001994017945
2026-06-26 20:05:28.614368,5638,0,3.0,0,919748,77996,70363,7633,9.786399302528334,7767,309,15,1622035798,288699564,1910735362,1217420,298041799,0.0
2026-06-26 20:05:28.619381,5639,0,3.0,0,919758,77999,70366,7633,9.786022897729458,7767,309,15,1622036131,288699564,1910735695,1217506,298041799,0.5314183123877917
2026-06-26 20:05:28.624367,5640,0,3.0,0,919768,77999,70366,7633,9.786022897729458,7767,309,15,1622036131,288699564,1910735695,1217506,298041799,0.0
2026-06-26 20:05:28.629377,5641,0,3.0,0,919778,78003,70370,7633,9.785521069702448,7767,309,15,1622036765,288699564,1910736329,1217620,298041799,1.012375249500998
2026-06-26 20:05:28.634364,5642,0,3.0,0,919788,78003,70370,7633,9.785521069702448,7767,309,15,1622036765,288699564,1910736329,1217620,298041799,0.0
2026-06-26 20:05:28.639378,5643,0,3.0,0,919798,78005,70372,7633,9.785270174988783,7767,309,15,1622037103,288699564,1910736667,1217677,298041799,0.5392899880335061
2026-06-26 20:05:28.644368,5644,0,3.0,0,919808,78005,70372,7633,9.785270174988783,7767,309,15,1622037103,288699564,1910736667,1217677,298041799,0.0
2026-06-26 20:05:28.649381,5645,0,3.0,0,919818,78009,70376,7633,9.784768424156187,7767,309,15,1622037611,288699564,1910737175,1217777,298041799,0.8106922002792739
2026-06-26 20:05:28.654366,5646,0,3.0,0,919828,78009,70376,7633,9.784768424156187,7767,309,15,1622037611,288699564,1910737175,1217777,298041799,0.0
2026-06-26 20:05:28.659376,5647,0,3.0,0,919838,78012,70379,7633,9.784392144798236,7767,309,15,1622038134,288699564,1910737698,1217859,298041799,0.835129740518962
2026-06-26 20:05:28.664366,5648,0,3.0,0,919848,78012,70379,7633,9.784392144798236,7767,309,15,1622038134,288699564,1910737698,1217859,298041799,0.0
2026-06-26 20:05:28.669374,5649,0,3.0,0,919858,78013,70380,7633,9.78426672477664,7767,309,15,1622038162,288699564,1910737726,1217882,298041799,0.04472843450479233
2026-06-26 20:05:28.674362,5650,0,3.0,0,919868,78013,70380,7633,9.78426672477664,7767,309,15,1622038162,288699564,1910737726,1217882,298041799,0.0
2026-06-26 20:05:28.679381,5651,0,3.0,0,919878,78016,70382,7634,9.785172272354389,7767,309,15,1622038384,288699789,1910738173,1217913,298041799,0.35385534967124926
2026-06-26 20:05:28.684361,5652,0,3.0,0,919888,78016,70382,7634,9.785172272354389,7767,309,15,1622038384,288699789,1910738173,1217913,298041799,0.0
2026-06-26 20:05:28.689378,5653,0,3.0,0,919898,78020,70386,7634,9.784670597282748,7768,309,15,1622039657,288699789,1910739446,1218077,298042024,2.0298983456248756
2026-06-26 20:05:28.694366,5654,0,3.0,0,919908,78020,70386,7634,9.784670597282748,7768,309,15,1622039657,288699789,1910739446,1218077,298042024,0.0
2026-06-26 20:05:28.699375,5655,0,3.0,0,919918,78024,70390,7634,9.784168973649134,7768,309,15,1622040091,288699789,1910739880,1218184,298042024,0.6931523258135356
2026-06-26 20:05:28.704362,5656,0,3.0,0,919928,78024,70390,7634,9.784168973649134,7768,309,15,1622040091,288699789,1910739880,1218184,298042024,0.0
2026-06-26 20:05:28.709375,5657,0,3.0,0,919938,78027,70393,7634,9.783792789675369,7768,309,15,1622040532,288699789,1910740321,1218257,298042024,0.703770197486535
2026-06-26 20:05:28.714363,5658,0,3.0,0,919948,78027,70393,7634,9.783792789675369,7768,309,15,1622040532,288699789,1910740321,1218257,298042024,0.0
2026-06-26 20:05:28.719383,5659,0,3.0,0,919958,78029,70395,7634,9.783542016429788,7768,309,15,1622040796,288699789,1910740585,1218320,298042024,0.4207171314741036
2026-06-26 20:05:28.724365,5660,0,3.0,0,919968,78029,70395,7634,9.783542016429788,7768,309,15,1622040796,288699789,1910740585,1218320,298042024,0.0
2026-06-26 20:05:28.729374,5661,0,3.0,0,919978,78032,70398,7634,9.783165880664344,7768,309,15,1622041359,288699789,1910741148,1218398,298042024,0.8991814733479736
2026-06-26 20:05:28.734364,5662,0,3.0,0,919988,78032,70398,7634,9.783165880664344,7768,309,15,1622041359,288699789,1910741148,1218398,298042024,0.0
2026-06-26 20:05:28.739375,5663,0,3.0,0,919998,78034,70400,7634,9.782915139554554,7768,309,15,1622041697,288699789,1910741486,1218455,298042024,0.5396128517262023
2026-06-26 20:05:28.744363,5664,0,3.0,0,920008,78034,70400,7634,9.782915139554554,7768,309,15,1622041697,288699789,1910741486,1218455,298042024,0.0
2026-06-26 20:05:28.749380,5665,0,3.0,0,920018,78037,70402,7635,9.783820495406026,7768,309,15,1622041993,288701166,1910743159,1218480,298042024,0.47199521626470003
2026-06-26 20:05:28.754367,5666,0,3.0,0,920028,78037,70402,7635,9.783820495406026,7768,309,15,1622041993,288701166,1910743159,1218480,298042024,0.0
2026-06-26 20:05:28.759377,5667,0,3.0,0,920038,78041,70406,7635,9.783319024615267,7769,309,15,1622043693,288701166,1910744859,1218636,298043401,2.714570858283433
2026-06-26 20:05:28.764365,5668,0,3.0,0,920048,78041,70406,7635,9.783319024615267,7769,309,15,1622043693,288701166,1910744859,1218636,298043401,0.0
2026-06-26 20:05:28.769381,5669,0,3.0,0,920058,78044,70409,7635,9.78294295525601,7769,309,15,1622044068,288701166,1910745234,1218730,298043401,0.5980861244019139
2026-06-26 20:05:28.774366,5670,0,3.0,0,920068,78044,70409,7635,9.78294295525601,7769,309,15,1622044068,288701166,1910745234,1218730,298043401,0.0
2026-06-26 20:05:28.779380,5671,0,3.0,0,920078,78047,70412,7635,9.782566914807745,7769,309,15,1622044475,288701166,1910745641,1218817,298043401,0.6493817311527722
2026-06-26 20:05:28.784361,5672,0,3.0,0,920088,78047,70412,7635,9.782566914807745,7769,309,15,1622044475,288701166,1910745641,1218817,298043401,0.0
2026-06-26 20:05:28.789378,5673,0,3.0,0,920098,78049,70414,7635,9.782316237235584,7769,309,15,1622044999,288701166,1910746165,1218895,298043401,0.8355590990631852
2026-06-26 20:05:28.794363,5674,0,3.0,0,920108,78049,70414,7635,9.782316237235584,7769,309,15,1622044999,288701166,1910746165,1218895,298043401,0.0
2026-06-26 20:05:28.799382,5675,0,3.0,0,920118,78049,70414,7635,9.782316237235584,7769,309,15,1622044999,288701166,1910746165,1218895,298043401,0.0
2026-06-26 20:05:28.804367,5676,0,3.0,0,920128,78049,70414,7635,9.782316237235584,7769,309,15,1622044999,288701166,1910746165,1218895,298043401,0.0
2026-06-26 20:05:28.809382,5677,0,3.0,0,920138,78051,70415,7636,9.783346786075771,7770,309,15,1622045436,288701603,1910747039,1218971,298043838,0.6971086739780658
2026-06-26 20:05:28.814368,5678,0,3.0,0,920148,78051,70415,7636,9.783346786075771,7770,309,15,1622045436,288701603,1910747039,1218971,298043838,0.0
2026-06-26 20:05:28.819380,5679,0,3.0,0,920158,78055,70419,7636,9.782845429504837,7770,309,15,1622046050,288701603,1910747653,1219050,298043838,0.9800478850758181
2026-06-26 20:05:28.824370,5680,0,3.0,0,920168,78055,70419,7636,9.782845429504837,7770,309,15,1622046050,288701603,1910747653,1219050,298043838,0.0
2026-06-26 20:05:28.829382,5681,0,3.0,0,920178,78057,70421,7636,9.782594770488233,7770,309,15,1622046420,288701603,1910748023,1219100,298043838,0.5905826017557861
2026-06-26 20:05:28.834364,5682,0,3.0,0,920188,78057,70421,7636,9.782594770488233,7770,309,15,1622046420,288701603,1910748023,1219100,298043838,0.0
2026-06-26 20:05:28.839377,5683,0,3.0,0,920198,78061,70425,7636,9.782093490987817,7770,309,15,1622046948,288701603,1910748551,1219175,298043838,0.8426092160383004
2026-06-26 20:05:28.844362,5684,0,3.0,0,920208,78061,70425,7636,9.782093490987817,7770,309,15,1622046948,288701603,1910748551,1219175,298043838,0.0
2026-06-26 20:05:28.849375,5685,0,3.0,0,920218,78063,70427,7636,9.78184287050203,7770,309,15,1622047286,288701603,1910748889,1219232,298043838,0.5393975663275484
2026-06-26 20:05:28.854365,5686,0,3.0,0,920228,78063,70427,7636,9.78184287050203,7770,309,15,1622047286,288701603,1910748889,1219232,298043838,0.0
2026-06-26 20:05:28.859377,5687,0,3.0,0,920238,78066,70429,7637,9.78274793123767,7770,309,15,1622047680,288701704,1910749384,1219298,298043838,0.6288906624102155
2026-06-26 20:05:28.864364,5688,0,3.0,0,920248,78066,70429,7637,9.78274793123767,7770,309,15,1622047680,288701704,1910749384,1219298,298043838,0.0
2026-06-26 20:05:28.869372,5689,0,3.0,0,920258,78068,70431,7637,9.782497310037403,7771,309,15,1622047934,288701704,1910749638,1219352,298043939,0.4057507987220447
2026-06-26 20:05:28.879380,5690,0,3.0,0,920278,78072,70435,7637,9.781996106158418,7771,309,15,1622048363,288701704,1910750067,1219446,298043939,0.34292565947242204
2026-06-26 20:05:28.884364,5691,0,3.0,0,920288,78072,70435,7637,9.781996106158418,7771,309,15,1622048363,288701704,1910750067,1219446,298043939,0.0
2026-06-26 20:05:28.889379,5692,0,3.0,0,920298,78075,70437,7638,9.782901056676273,7771,309,15,1622048699,288701815,1910750514,1219494,298043939,0.5359920239282153
2026-06-26 20:05:28.894360,5693,0,3.0,0,920308,78075,70437,7638,9.782901056676273,7771,309,15,1622048699,288701815,1910750514,1219494,298043939,0.0
2026-06-26 20:05:28.909382,5694,0,3.0,0,920338,78082,70443,7639,9.7833047309239,7773,309,15,1622049314,288701968,1910751282,1219657,298044203,0.3275196378644655
2026-06-26 20:05:28.914367,5695,0,3.0,0,920348,78082,70443,7639,9.7833047309239,7773,309,15,1622049314,288701968,1910751282,1219657,298044203,0.0
2026-06-26 20:05:28.919379,5696,0,3.0,0,920358,78086,70447,7639,9.78280357554491,7773,309,15,1622049744,288701968,1910751712,1219719,298044203,0.6863527533918595
2026-06-26 20:05:28.929378,5697,0,3.0,0,920378,78089,70450,7639,9.782427742703838,7773,309,15,1622050265,288701968,1910752233,1219799,298044203,0.4168416841684168
2026-06-26 20:05:28.934361,5698,0,3.0,0,920388,78089,70450,7639,9.782427742703838,7773,309,15,1622050265,288701968,1910752233,1219799,298044203,0.0
2026-06-26 20:05:28.939373,5699,0,3.0,0,920398,78091,70452,7639,9.782177203518971,7773,309,15,1622050487,288701968,1910752455,1219853,298044203,0.35434956105347165
2026-06-26 20:05:28.944363,5700,0,3.0,0,920408,78091,70452,7639,9.782177203518971,7773,309,15,1622050487,288701968,1910752455,1219853,298044203,0.0
2026-06-26 20:05:28.949376,5701,0,3.0,0,920418,78093,70454,7639,9.781926677166968,7773,309,15,1622050823,288701968,1910752791,1219909,298044203,0.5362058647516457
2026-06-26 20:05:28.954360,5702,0,3.0,0,920428,78093,70454,7639,9.781926677166968,7773,309,15,1622050823,288701968,1910752791,1219909,298044203,0.0
2026-06-26 20:05:28.959380,5703,0,3.0,0,920438,78094,70455,7639,9.781801418802981,7773,309,15,1622051008,288701968,1910752976,1219934,298044203,0.2948207171314741
2026-06-26 20:05:28.964366,5704,0,3.0,0,920448,78094,70455,7639,9.781801418802981,7773,309,15,1622051008,288701968,1910752976,1219934,298044203,0.0
2026-06-26 20:05:28.974367,5705,0,3.0,0,920468,78099,70459,7640,9.782455601224086,7773,309,15,1622051482,288702079,1910753561,1220029,298044203,0.37916208379162086
2026-06-26 20:05:28.979380,5706,0,3.0,0,920478,78104,70463,7641,9.78310969988733,7774,309,15,1622052038,288702180,1910754218,1220132,298044314,0.8872930381009375
2026-06-26 20:05:28.984362,5707,0,3.0,0,920488,78104,70463,7641,9.78310969988733,7774,309,15,1622052038,288702180,1910754218,1220132,298044314,0.0
2026-06-26 20:05:28.989376,5708,0,3.0,0,920498,78107,70466,7641,9.782733941900213,7775,309,15,1622052412,288702180,1910754592,1220179,298044415,0.5967291583566016
2026-06-26 20:05:28.994364,5709,0,3.0,0,920508,78107,70466,7641,9.782733941900213,7775,309,15,1622052412,288702180,1910754592,1220179,298044415,0.0
2026-06-26 20:05:28.999376,5710,0,3.0,0,920518,78111,70470,7641,9.782232976149325,7775,309,15,1622052945,288702180,1910755125,1220266,298044415,0.8507581803671189
2026-06-26 20:05:29.014363,5711,0,3.0,0,920548,78112,70471,7641,9.782107742728389,7775,309,15,1622053294,288702180,1910755474,1220334,298044415,0.1862947888169747
2026-06-26 20:05:29.019380,5712,0,3.0,0,920558,78114,70473,7641,9.781857285505799,7775,309,15,1622053516,288702180,1910755696,1220396,298044415,0.353996412198525
2026-06-26 20:05:29.024363,5713,0,3.0,0,920568,78114,70473,7641,9.781857285505799,7775,309,15,1622053516,288702180,1910755696,1220396,298044415,0.0
2026-06-26 20:05:29.034368,5714,0,3.0,0,920588,78116,70475,7641,9.781606841108095,7775,309,15,1622053976,288702180,1910756156,1220495,298044415,0.367816091954023
2026-06-26 20:05:29.039378,5715,0,3.0,0,920598,78119,70478,7641,9.78123119855605,7775,309,15,1622054374,288702180,1910756554,1220568,298044415,0.6355289421157685
2026-06-26 20:05:29.044360,5716,0,3.0,0,920608,78119,70478,7641,9.78123119855605,7775,309,15,1622054374,288702180,1910756554,1220568,298044415,0.0
2026-06-26 20:05:29.049377,5717,0,3.0,0,920618,78123,70482,7641,9.7807303866979,7775,309,15,1622054848,288702180,1910757028,1220674,298044415,0.7558301773968507
2026-06-26 20:05:29.064363,5718,0,3.0,0,920648,78125,70484,7641,9.780479999999999,7775,309,15,1622055112,288702180,1910757292,1220729,298044415,0.14093153610036033
2026-06-26 20:05:29.069380,5719,0,3.0,0,920658,78127,70486,7641,9.78022962612157,7775,309,15,1622055389,288702180,1910757569,1220755,298044415,0.44169822603149295
2026-06-26 20:05:29.074365,5720,0,3.0,0,920668,78127,70486,7641,9.78022962612157,7775,309,15,1622055389,288702180,1910757569,1220755,298044415,0.0
2026-06-26 20:05:29.079374,5721,0,3.0,0,920678,78132,70491,7641,9.779603747504224,7775,309,15,1622055936,288702180,1910758116,1220859,298044415,0.8736274705530046
2026-06-26 20:05:29.094365,5722,0,3.0,0,920708,78133,70492,7641,9.779478581393265,7775,309,15,1622056221,288702180,1910758401,1220904,298044415,0.1520912547528517
2026-06-26 20:05:29.099376,5723,0,3.0,0,920718,78135,70494,7641,9.779228258782876,7775,309,15,1622056681,288702180,1910758861,1221003,298044415,0.7343843544202754
2026-06-26 20:05:29.104364,5724,0,3.0,0,920728,78135,70494,7641,9.779228258782876,7775,309,15,1622056681,288702180,1910758861,1221003,298044415,0.0
2026-06-26 20:05:29.109376,5725,0,3.0,0,920738,78139,70498,7641,9.778727652004761,7775,309,15,1622057158,288702180,1910759338,1221106,298044415,0.7613727055067837
2026-06-26 20:05:29.114365,5726,0,3.0,0,920748,78139,70498,7641,9.778727652004761,7775,309,15,1622057158,288702180,1910759338,1221106,298044415,0.0
2026-06-26 20:05:29.119381,5727,0,3.0,0,920758,78141,70500,7641,9.778477367835068,7775,309,15,1622057370,288702180,1910759550,1221159,298044415,0.33811802232854865
2026-06-26 20:05:29.124363,5728,0,3.0,0,920768,78141,70500,7641,9.778477367835068,7775,309,15,1622057370,288702180,1910759550,1221159,298044415,0.0
2026-06-26 20:05:29.129389,5729,0,3.0,0,920778,78143,70502,7641,9.778227096476972,7775,309,15,1622057904,288702180,1910760084,1221252,298044415,0.8499801034619976
2026-06-26 20:05:29.134363,5730,0,3.0,0,920788,78143,70502,7641,9.778227096476972,7775,309,15,1622057904,288702180,1910760084,1221252,298044415,0.0
2026-06-26 20:05:29.139378,5731,0,3.0,0,920798,78147,70506,7641,9.77772659219164,7775,309,15,1622058454,288702180,1910760634,1221346,298044415,0.8773678963110668
2026-06-26 20:05:29.144364,5732,0,3.0,0,920808,78147,70506,7641,9.77772659219164,7775,309,15,1622058454,288702180,1910760634,1221346,298044415,0.0
2026-06-26 20:05:29.149379,5733,0,3.0,0,920818,78150,70509,7641,9.777351247600768,7775,309,15,1622058851,288702180,1910761031,1221417,298044415,0.6333000997008973
2026-06-26 20:05:29.154363,5734,0,3.0,0,920828,78150,70509,7641,9.777351247600768,7775,309,15,1622058851,288702180,1910761031,1221417,298044415,0.0
2026-06-26 20:05:29.159378,5735,0,3.0,0,920838,78154,70513,7641,9.776850832970801,7775,309,15,1622059492,288702180,1910761672,1221518,298044415,1.0225324027916252
2026-06-26 20:05:29.164362,5736,0,3.0,0,920848,78154,70513,7641,9.776850832970801,7775,309,15,1622059492,288702180,1910761672,1221518,298044415,0.0
2026-06-26 20:05:29.169378,5737,0,3.0,0,920858,78156,70514,7642,9.777880137161574,7775,309,15,1622059677,288702441,1910762118,1221543,298044415,0.29505582137161085
2026-06-26 20:05:29.174365,5738,0,3.0,0,920868,78156,70514,7642,9.777880137161574,7775,309,15,1622059677,288702441,1910762118,1221543,298044415,0.0
2026-06-26 20:05:29.179376,5739,0,3.0,0,920878,78158,70516,7642,9.777629929117941,7776,309,15,1622060287,288702441,1910762728,1221632,298044676,0.9738575134703652
2026-06-26 20:05:29.184361,5740,0,3.0,0,920888,78158,70516,7642,9.777629929117941,7776,309,15,1622060287,288702441,1910762728,1221632,298044676,0.0
2026-06-26 20:05:29.189380,5741,0,3.0,0,920898,78162,70520,7642,9.777129551444435,7776,309,15,1622060837,288702441,1910763278,1221727,298044676,0.8766686590954373
2026-06-26 20:05:29.194366,5742,0,3.0,0,920908,78162,70520,7642,9.777129551444435,7776,309,15,1622060837,288702441,1910763278,1221727,298044676,0.0
2026-06-26 20:05:29.199374,5743,0,3.0,0,920918,78164,70522,7642,9.776879381812599,7776,309,15,1622061059,288702441,1910763500,1221789,298044676,0.3546325878594249
2026-06-26 20:05:29.204360,5744,0,3.0,0,920928,78164,70522,7642,9.776879381812599,7776,309,15,1622061059,288702441,1910763500,1221789,298044676,0.0
2026-06-26 20:05:29.209374,5745,0,3.0,0,920938,78165,70523,7642,9.77675430179748,7776,309,15,1622061464,288702441,1910763905,1221833,298044676,0.6461906661348225
2026-06-26 20:05:29.214365,5746,0,3.0,0,920948,78165,70523,7642,9.77675430179748,7776,309,15,1622061464,288702441,1910763905,1221833,298044676,0.0
2026-06-26 20:05:29.219375,5747,0,3.0,0,920958,78166,70524,7642,9.77662922498273,7776,309,15,1622061765,288702441,1910764206,1221894,298044676,0.4806387225548902
2026-06-26 20:05:29.224366,5748,0,3.0,0,920968,78166,70524,7642,9.77662922498273,7776,309,15,1622061765,288702441,1910764206,1221894,298044676,0.0
2026-06-26 20:05:29.229373,5749,0,3.0,0,920978,78169,70526,7643,9.777533293249242,7777,309,15,1622062191,288702682,1910764873,1221954,298044917,0.6806470940683044
2026-06-26 20:05:29.234360,5750,0,3.0,0,920988,78169,70526,7643,9.777533293249242,7777,309,15,1622062191,288702682,1910764873,1221954,298044917,0.0
2026-06-26 20:05:29.239381,5751,0,3.0,0,920998,78171,70528,7643,9.777283135689705,7777,309,15,1622062529,288702682,1910765211,1222004,298044917,0.5385381398127863
2026-06-26 20:05:29.244361,5752,0,3.0,0,921008,78171,70528,7643,9.777283135689705,7777,309,15,1622062529,288702682,1910765211,1222004,298044917,0.0
2026-06-26 20:05:29.249381,5753,0,3.0,0,921018,78173,70530,7643,9.777032990930373,7777,309,15,1622062741,288702682,1910765423,1222049,298044917,0.33784860557768925
2026-06-26 20:05:29.254365,5754,0,3.0,0,921028,78173,70530,7643,9.777032990930373,7777,309,15,1622062741,288702682,1910765423,1222049,298044917,0.0
2026-06-26 20:05:29.259377,5755,0,3.0,0,921038,78174,70531,7643,9.776907923350475,7777,309,15,1622063219,288702682,1910765901,1222086,298044917,0.7629688747007183
2026-06-26 20:05:29.264361,5756,0,3.0,0,921048,78174,70531,7643,9.776907923350475,7777,309,15,1622063219,288702682,1910765901,1222086,298044917,0.0
2026-06-26 20:05:29.269375,5757,0,3.0,0,921058,78175,70532,7643,9.77678285897026,7777,309,15,1622063404,288702682,1910766086,1222111,298044917,0.29517351416035104
2026-06-26 20:05:29.274369,5758,0,3.0,0,921068,78175,70532,7643,9.77678285897026,7777,309,15,1622063404,288702682,1910766086,1222111,298044917,0.0
2026-06-26 20:05:29.279380,5759,0,3.0,0,921078,78177,70534,7643,9.776532739808383,7777,309,15,1622063993,288702682,1910766675,1222174,298044917,0.9403312712033526
2026-06-26 20:05:29.284359,5760,0,3.0,0,921088,78177,70534,7643,9.776532739808383,7777,309,15,1622063993,288702682,1910766675,1222174,298044917,0.0
2026-06-26 20:05:29.289379,5761,0,3.0,0,921098,78179,70536,7643,9.776282633443763,7777,309,15,1622064914,288702682,1910767596,1222254,298044917,1.4677290836653387
2026-06-26 20:05:29.294376,5762,0,3.0,0,921108,78179,70536,7643,9.776282633443763,7777,309,15,1622064914,288702682,1910767596,1222254,298044917,0.0
2026-06-26 20:05:29.299377,5763,0,3.0,0,921118,78180,70537,7643,9.776157585060117,7777,309,15,1622065199,288702682,1910767881,1222300,298044917,0.4559088182363527
2026-06-26 20:05:29.304371,5764,0,3.0,0,921128,78180,70537,7643,9.776157585060117,7777,309,15,1622065199,288702682,1910767881,1222300,298044917,0.0
2026-06-26 20:05:29.309381,5765,0,3.0,0,921138,78181,70538,7643,9.776032539875418,7777,309,15,1622065839,288702682,1910768521,1222338,298044917,1.0219560878243512
2026-06-26 20:05:29.314381,5766,0,3.0,0,921148,78181,70538,7643,9.776032539875418,7777,309,15,1622065839,288702682,1910768521,1222338,298044917,0.0
2026-06-26 20:05:29.319379,5767,0,3.0,0,921158,78184,70541,7643,9.775657423513763,7777,309,15,1622066236,288702682,1910768918,1222404,298044917,0.6354541816726691
2026-06-26 20:05:29.324365,5768,0,3.0,0,921168,78184,70541,7643,9.775657423513763,7777,309,15,1622066236,288702682,1910768918,1222404,298044917,0.0
2026-06-26 20:05:29.334369,5769,0,3.0,0,921188,78187,70543,7644,9.776561320935706,7778,309,15,1622066548,288702793,1910769341,1222471,298045028,0.249500199920032
2026-06-26 20:05:29.339380,5770,0,3.0,0,921198,78188,70543,7645,9.77771525042206,7778,309,15,1622066548,288703150,1910769698,1222471,298045028,0.0
2026-06-26 20:05:29.344362,5771,0,3.0,0,921208,78188,70543,7645,9.77771525042206,7778,309,15,1622066548,288703150,1910769698,1222471,298045028,0.0
2026-06-26 20:05:29.349376,5772,0,3.0,0,921218,78189,70544,7645,9.77759019810971,7779,309,15,1622066905,288703150,1910770055,1222508,298045385,0.5696051057040287
2026-06-26 20:05:29.359391,5773,0,3.0,0,921238,78190,70545,7645,9.777465148996036,7779,309,15,1622067326,288703150,1910770476,1222529,298045385,0.3362955566650025
2026-06-26 20:05:29.364361,5774,0,3.0,0,921248,78190,70545,7645,9.777465148996036,7779,309,15,1622067326,288703150,1910770476,1222529,298045385,0.0
2026-06-26 20:05:29.369377,5775,0,3.0,0,921258,78193,70548,7645,9.777090020845856,7779,309,15,1622067640,288703150,1910770790,1222596,298045385,0.5007974481658692
2026-06-26 20:05:29.374366,5776,0,3.0,0,921268,78193,70548,7645,9.777090020845856,7779,309,15,1622067640,288703150,1910770790,1222596,298045385,0.0
2026-06-26 20:05:29.384380,5777,0,3.0,0,921288,78194,70549,7645,9.776964984525668,7779,309,15,1622068093,288703150,1910771243,1222649,298045385,0.3618933493109647
2026-06-26 20:05:29.389394,5778,0,3.0,0,921298,78196,70551,7645,9.77671492147936,7779,309,15,1622068563,288703150,1910771713,1222714,298045385,0.749900279218189
2026-06-26 20:05:29.394380,5779,0,3.0,0,921308,78196,70551,7645,9.77671492147936,7779,309,15,1622068563,288703150,1910771713,1222714,298045385,0.0
2026-06-26 20:05:29.399379,5780,0,3.0,0,921318,78197,70552,7645,9.776589894752997,7779,309,15,1622069016,288703150,1910772166,1222759,298045385,0.7249449889977996
2026-06-26 20:05:29.409386,5781,0,3.0,0,921338,78198,70553,7645,9.776464871224327,7779,309,15,1622069127,288703150,1910772277,1222791,298045385,0.0887378834815629
2026-06-26 20:05:29.414366,5782,0,3.0,0,921348,78198,70553,7645,9.776464871224327,7779,309,15,1622069127,288703150,1910772277,1222791,298045385,0.0
2026-06-26 20:05:29.419380,5783,0,3.0,0,921358,78200,70555,7645,9.77621483375959,7779,309,15,1622069523,288703150,1910772673,1222867,298045385,0.6318308735540487
2026-06-26 20:05:29.424364,5784,0,3.0,0,921368,78200,70555,7645,9.77621483375959,7779,309,15,1622069523,288703150,1910772673,1222867,298045385,0.0
2026-06-26 20:05:29.429382,5785,0,3.0,0,921378,78200,70555,7645,9.77621483375959,7779,309,15,1622069523,288703150,1910772673,1222867,298045385,0.0
2026-06-26 20:05:29.434364,5786,0,3.0,0,921388,78200,70555,7645,9.77621483375959,7779,309,15,1622069523,288703150,1910772673,1222867,298045385,0.0
2026-06-26 20:05:29.439383,5787,0,3.0,0,921398,78204,70559,7645,9.775714797197073,7779,309,15,1622070228,288703150,1910773378,1222997,298045385,1.123729826658697
2026-06-26 20:05:29.444366,5788,0,3.0,0,921408,78204,70559,7645,9.775714797197073,7779,309,15,1622070228,288703150,1910773378,1222997,298045385,0.0
2026-06-26 20:05:29.454368,5789,0,3.0,0,921428,78206,70561,7645,9.775464798097333,7779,309,15,1622070532,288703150,1910773682,1223057,298045385,0.24315136972605478
2026-06-26 20:05:29.459377,5790,0,3.0,0,921438,78210,70565,7645,9.774964838255977,7779,309,15,1622071050,288703150,1910774200,1223167,298045385,0.8273108404871232
2026-06-26 20:05:29.464358,5791,0,3.0,0,921448,78210,70565,7645,9.774964838255977,7779,309,15,1622071050,288703150,1910774200,1223167,298045385,0.0
2026-06-26 20:05:29.479396,5792,0,3.0,0,921478,78217,70572,7645,9.774090031578812,7779,309,15,1622071899,288703150,1910775049,1223263,298045385,0.4516558052932571
2026-06-26 20:05:29.484365,5793,0,3.0,0,921488,78217,70572,7645,9.774090031578812,7779,309,15,1622071899,288703150,1910775049,1223263,298045385,0.0
2026-06-26 20:05:29.489387,5794,0,3.0,0,921498,78218,70573,7645,9.773965071978317,7779,309,15,1622072010,288703150,1910775160,1223295,298045385,0.1768219832735962
2026-06-26 20:05:29.494365,5795,0,3.0,0,921508,78218,70573,7645,9.773965071978317,7779,309,15,1622072010,288703150,1910775160,1223295,298045385,0.0
2026-06-26 20:05:29.499383,5796,0,3.0,0,921518,78221,70575,7646,9.77486864141343,7779,309,15,1622072323,288703343,1910775666,1223363,298045385,0.4990035870864886
2026-06-26 20:05:29.504361,5797,0,3.0,0,921528,78221,70575,7646,9.77486864141343,7779,309,15,1622072323,288703343,1910775666,1223363,298045385,0.0
2026-06-26 20:05:29.509385,5798,0,3.0,0,921538,78223,70577,7646,9.77461871827979,7780,309,15,1622072627,288703343,1910775970,1223427,298045578,0.4840764331210191
2026-06-26 20:05:29.514363,5799,0,3.0,0,921548,78223,70577,7646,9.77461871827979,7780,309,15,1622072627,288703343,1910775970,1223427,298045578,0.0
2026-06-26 20:05:29.519403,5800,0,3.0,0,921558,78224,70578,7646,9.77449376150542,7780,309,15,1622072812,288703343,1910776155,1223452,298045578,0.29365079365079366
2026-06-26 20:05:29.524357,5801,0,3.0,0,921568,78224,70578,7646,9.77449376150542,7780,309,15,1622072812,288703343,1910776155,1223452,298045578,0.0
2026-06-26 20:05:29.529369,5802,0,3.0,0,921578,78226,70579,7647,9.775522204893514,7780,309,15,1622072997,288703528,1910776525,1223477,298045578,0.29529130087789307
2026-06-26 20:05:29.534348,5803,0,3.0,0,921588,78226,70579,7647,9.775522204893514,7780,309,15,1622072997,288703528,1910776525,1223477,298045578,0.0
2026-06-26 20:05:29.539368,5804,0,3.0,0,921598,78228,70580,7648,9.776550595694635,7781,309,15,1622073182,288703813,1910776995,1223502,298045763,0.2948207171314741
2026-06-26 20:05:29.544348,5805,0,3.0,0,921608,78228,70580,7648,9.776550595694635,7781,309,15,1622073182,288703813,1910776995,1223502,298045763,0.0
2026-06-26 20:05:29.549366,5806,0,3.0,0,921618,78231,70581,7650,9.778732216129155,7783,309,15,1622073467,288704283,1910777750,1223547,298046333,0.4543642885611798
2026-06-26 20:05:29.554358,5807,0,3.0,0,921628,78231,70581,7650,9.778732216129155,7783,309,15,1622073467,288704283,1910777750,1223547,298046333,0.0
2026-06-26 20:05:29.559358,5808,0,3.0,0,921638,78235,70585,7650,9.778232248993417,7784,309,15,1622074030,288704283,1910778313,1223618,298046518,0.9008
2026-06-26 20:05:29.564346,5809,0,3.0,0,921648,78235,70585,7650,9.778232248993417,7784,309,15,1622074030,288704283,1910778313,1223618,298046518,0.0
2026-06-26 20:05:29.569362,5810,0,3.0,0,921658,78237,70585,7652,9.780538619834605,7785,309,15,1622074030,288704653,1910778683,1223618,298046703,0.0
2026-06-26 20:05:29.574344,5811,0,3.0,0,921668,78237,70585,7652,9.780538619834605,7785,309,15,1622074030,288704653,1910778683,1223618,298046703,0.0
2026-06-26 20:05:29.579361,5812,0,3.0,0,921678,78239,70586,7653,9.78156673781618,7786,309,15,1622074215,288705025,1910779240,1223643,298046888,0.2949970101654375
2026-06-26 20:05:29.584346,5813,0,3.0,0,921688,78239,70586,7653,9.78156673781618,7786,309,15,1622074215,288705025,1910779240,1223643,298046888,0.0
2026-06-26 20:05:29.589361,5814,0,3.0,0,921698,78243,70587,7656,9.784900885702235,7789,309,15,1622074392,288705946,1910780338,1223660,298047809,0.2823529411764706
2026-06-26 20:05:29.594346,5815,0,3.0,0,921708,78243,70587,7656,9.784900885702235,7789,309,15,1622074392,288705946,1910780338,1223660,298047809,0.0
2026-06-26 20:05:29.599363,5816,0,3.0,0,921718,78247,70588,7659,9.788234692703874,7791,309,15,1622074764,288706617,1910781381,1223712,298048466,0.5931831771975284
2026-06-26 20:05:29.604346,5817,0,3.0,0,921728,78247,70588,7659,9.788234692703874,7791,309,15,1622074764,288706617,1910781381,1223712,298048466,0.0
2026-06-26 20:05:29.609366,5818,0,3.0,0,921738,78256,70594,7662,9.790942547536291,7795,309,15,1622075718,288707168,1910782886,1223843,298049302,1.5203187250996015
2026-06-26 20:05:29.614343,5819,0,3.0,0,921748,78256,70594,7662,9.790942547536291,7795,309,15,1622075718,288707168,1910782886,1223843,298049302,0.0
2026-06-26 20:05:29.619364,5820,0,3.0,0,921758,78257,70595,7662,9.790817434862058,7796,309,15,1622075819,288707168,1910782987,1223856,298049403,0.1609241187014539
2026-06-26 20:05:29.624343,5821,0,3.0,0,921768,78257,70595,7662,9.790817434862058,7796,309,15,1622075819,288707168,1910782987,1223856,298049403,0.0
2026-06-26 20:05:29.629360,5822,0,3.0,0,921778,78260,70597,7663,9.791719907998978,7796,309,15,1622076097,288707345,1910783442,1223891,298049403,0.4432928044648196
2026-06-26 20:05:29.634349,5823,0,3.0,0,921788,78260,70597,7663,9.791719907998978,7796,309,15,1622076097,288707345,1910783442,1223891,298049403,0.0
2026-06-26 20:05:29.639358,5824,0,3.0,0,921798,78263,70600,7663,9.7913445689534,7797,309,15,1622076768,288707345,1910784113,1223980,298049580,1.0716709922140149
2026-06-26 20:05:29.644348,5825,0,3.0,0,921808,78263,70600,7663,9.7913445689534,7797,309,15,1622076768,288707345,1910784113,1223980,298049580,0.0
2026-06-26 20:05:29.649358,5826,0,3.0,0,921818,78266,70600,7666,9.79480234073544,7798,309,15,1622076768,288707724,1910784492,1223980,298049681,0.0
2026-06-26 20:05:29.654341,5827,0,3.0,0,921828,78266,70600,7666,9.79480234073544,7798,309,15,1622076768,288707724,1910784492,1223980,298049681,0.0
2026-06-26 20:05:29.659370,5828,0,3.0,0,921838,78269,70603,7666,9.79442691231522,7800,309,15,1622077223,288707724,1910784947,1224035,298049959,0.7238019486975542
2026-06-26 20:05:29.664343,5829,0,3.0,0,921848,78269,70603,7666,9.79442691231522,7800,309,15,1622077223,288707724,1910784947,1224035,298049959,0.0
2026-06-26 20:05:29.669359,5830,0,3.0,0,921858,78271,70605,7666,9.79417664269014,7800,309,15,1622077501,288707724,1910785225,1224073,298049959,0.4433811802232855
2026-06-26 20:05:29.674348,5831,0,3.0,0,921868,78271,70605,7666,9.79417664269014,7800,309,15,1622077501,288707724,1910785225,1224073,298049959,0.0
2026-06-26 20:05:29.679359,5832,0,3.0,0,921878,78273,70607,7666,9.793926385854638,7800,309,15,1622077789,288707724,1910785513,1224116,298049959,0.4597884653761724
2026-06-26 20:05:29.684343,5833,0,3.0,0,921888,78273,70607,7666,9.793926385854638,7800,309,15,1622077789,288707724,1910785513,1224116,298049959,0.0
2026-06-26 20:05:29.689356,5834,0,3.0,0,921898,78276,70610,7666,9.793551024579692,7800,309,15,1622078092,288707724,1910785816,1224172,298049959,0.48354278874925194
2026-06-26 20:05:29.694343,5835,0,3.0,0,921908,78276,70610,7666,9.793551024579692,7800,309,15,1622078092,288707724,1910785816,1224172,298049959,0.0
2026-06-26 20:05:29.699363,5836,0,3.0,0,921918,78277,70611,7666,9.793425910548436,7800,309,15,1622078193,288707724,1910785917,1224193,298049959,0.1609561752988048
2026-06-26 20:05:29.704341,5837,0,3.0,0,921928,78277,70611,7666,9.793425910548436,7800,309,15,1622078193,288707724,1910785917,1224193,298049959,0.0
2026-06-26 20:05:29.709359,5838,0,3.0,0,921938,78281,70614,7667,9.794202935578237,7800,309,15,1622078635,288707825,1910786460,1224236,298049959,0.7046632124352331
2026-06-26 20:05:29.714346,5839,0,3.0,0,921948,78281,70614,7667,9.794202935578237,7800,309,15,1622078635,288707825,1910786460,1224236,298049959,0.0
2026-06-26 20:05:29.719361,5840,0,3.0,0,921958,78283,70615,7668,9.795230126591981,7801,309,15,1622078736,288708002,1910786738,1224249,298050060,0.16111665004985046
2026-06-26 20:05:29.724341,5841,0,3.0,0,921968,78283,70615,7668,9.795230126591981,7801,309,15,1622078736,288708002,1910786738,1224249,298050060,0.0
2026-06-26 20:05:29.729369,5842,0,3.0,0,921978,78285,70616,7669,9.796257265121032,7802,309,15,1622078913,288708287,1910787200,1224266,298050237,0.28162291169451076
2026-06-26 20:05:29.734346,5843,0,3.0,0,921988,78285,70616,7669,9.796257265121032,7802,309,15,1622078913,288708287,1910787200,1224266,298050237,0.0
2026-06-26 20:05:29.739360,5844,0,3.0,0,921998,78288,70617,7671,9.798436541998774,7804,309,15,1622079198,288708921,1910788119,1224311,298050807,0.45472676505783804
2026-06-26 20:05:29.744346,5845,0,3.0,0,922008,78288,70617,7671,9.798436541998774,7804,309,15,1622079198,288708921,1910788119,1224311,298050807,0.0
2026-06-26 20:05:29.749355,5846,0,3.0,0,922018,78291,70619,7672,9.799338365840264,7806,309,15,1622079575,288709270,1910788845,1224363,298051505,0.6021161908564584
2026-06-26 20:05:29.754342,5847,0,3.0,0,922028,78291,70619,7672,9.799338365840264,7806,309,15,1622079575,288709270,1910788845,1224363,298051505,0.0
2026-06-26 20:05:29.759368,5848,0,3.0,0,922038,78292,70620,7672,9.799213201859706,7806,309,15,1622079760,288709270,1910789030,1224388,298051505,0.29446876243533626
2026-06-26 20:05:29.764345,5849,0,3.0,0,922048,78292,70620,7672,9.799213201859706,7806,309,15,1622079760,288709270,1910789030,1224388,298051505,0.0
2026-06-26 20:05:29.769356,5850,0,3.0,0,922058,78295,70622,7673,9.800114949869085,7807,309,15,1622080137,288709555,1910789692,1224445,298051790,0.6018758730792257
2026-06-26 20:05:29.774348,5851,0,3.0,0,922068,78295,70622,7673,9.800114949869085,7807,309,15,1622080137,288709555,1910789692,1224445,298051790,0.0
2026-06-26 20:05:29.779363,5852,0,3.0,0,922078,78298,70625,7673,9.799739456946538,7807,309,15,1622080515,288709555,1910790070,1224496,298051790,0.6029910269192422
2026-06-26 20:05:29.784341,5853,0,3.0,0,922088,78298,70625,7673,9.799739456946538,7807,309,15,1622080515,288709555,1910790070,1224496,298051790,0.0
2026-06-26 20:05:29.789359,5854,0,3.0,0,922098,78299,70626,7673,9.799614299033193,7807,309,15,1622080607,288709555,1910790162,1224508,298051790,0.14667198086887206
2026-06-26 20:05:29.794342,5855,0,3.0,0,922108,78299,70626,7673,9.799614299033193,7807,309,15,1622080607,288709555,1910790162,1224508,298051790,0.0
2026-06-26 20:05:29.799366,5856,0,3.0,0,922118,78301,70627,7674,9.800641115694564,7807,309,15,1622080723,288709780,1910790503,1224508,298051790,0.18471337579617833
2026-06-26 20:05:29.804349,5857,0,3.0,0,922128,78301,70627,7674,9.800641115694564,7807,309,15,1622080723,288709780,1910790503,1224508,298051790,0.0
2026-06-26 20:05:29.819379,5858,0,3.0,0,922158,78305,70630,7675,9.801417534001661,7808,309,15,1622081310,288710137,1910791447,1224571,298052015,0.3124417831004657
2026-06-26 20:05:29.824346,5859,0,3.0,0,922168,78305,70630,7675,9.801417534001661,7808,309,15,1622081310,288710137,1910791447,1224571,298052015,0.0
2026-06-26 20:05:29.844343,5860,0,3.0,0,922208,78312,70637,7675,9.8005414240474,7809,309,15,1622082504,288710137,1910792641,1224706,298052372,0.47767165074761214
2026-06-26 20:05:29.849362,5861,0,3.0,0,922218,78313,70638,7675,9.800416278267976,7809,309,15,1622082689,288710137,1910792826,1224731,298052372,0.2948794580593744
2026-06-26 20:05:29.854341,5862,0,3.0,0,922228,78313,70638,7675,9.800416278267976,7809,309,15,1622082689,288710137,1910792826,1224731,298052372,0.0
2026-06-26 20:05:29.859363,5863,0,3.0,0,922238,78315,70639,7676,9.801442890889357,7809,309,15,1622083046,288710398,1910793444,1224763,298052372,0.5686977299880526
2026-06-26 20:05:29.874346,5864,0,3.0,0,922268,78317,70641,7676,9.801192589093045,7810,309,15,1622083568,288710398,1910793966,1224805,298052633,0.2787158779950611
2026-06-26 20:05:29.879361,5865,0,3.0,0,922278,78319,70643,7676,9.80094230008044,7810,309,15,1622084230,288710398,1910794628,1224839,298052633,1.0560319042871387
2026-06-26 20:05:29.884341,5866,0,3.0,0,922288,78319,70643,7676,9.80094230008044,7810,309,15,1622084230,288710398,1910794628,1224839,298052633,0.0
2026-06-26 20:05:29.889354,5867,0,3.0,0,922298,78320,70644,7676,9.800817160367723,7810,309,15,1622084587,288710398,1910794985,1224876,298052633,0.5697187312986236
2026-06-26 20:05:29.894341,5868,0,3.0,0,922308,78320,70644,7676,9.800817160367723,7810,309,15,1622084587,288710398,1910794985,1224876,298052633,0.0
2026-06-26 20:05:29.899360,5869,0,3.0,0,922318,78321,70645,7676,9.800692023850564,7810,309,15,1622084944,288710398,1910795342,1224913,298052633,0.5690376569037657
2026-06-26 20:05:29.904341,5870,0,3.0,0,922328,78321,70645,7676,9.800692023850564,7810,309,15,1622084944,288710398,1910795342,1224913,298052633,0.0
2026-06-26 20:05:29.909353,5871,0,3.0,0,922338,78322,70646,7676,9.800566890528842,7810,309,15,1622085381,288710398,1910795779,1224945,298052633,0.6975259377494014
2026-06-26 20:05:29.914346,5872,0,3.0,0,922348,78322,70646,7676,9.800566890528842,7810,309,15,1622085381,288710398,1910795779,1224945,298052633,0.0
2026-06-26 20:05:29.919361,5873,0,3.0,0,922358,78324,70648,7676,9.800316633471223,7810,309,15,1622085827,288710398,1910796225,1224991,298052633,0.7114656031904287
2026-06-26 20:05:29.924341,5874,0,3.0,0,922368,78324,70648,7676,9.800316633471223,7810,309,15,1622085827,288710398,1910796225,1224991,298052633,0.0
2026-06-26 20:05:29.929360,5875,0,3.0,0,922378,78325,70649,7676,9.800191509735077,7810,309,15,1622086012,288710398,1910796410,1225016,298052633,0.2948794580593744
2026-06-26 20:05:29.934341,5876,0,3.0,0,922388,78325,70649,7676,9.800191509735077,7810,309,15,1622086012,288710398,1910796410,1225016,298052633,0.0
2026-06-26 20:05:29.939361,5877,0,3.0,0,922398,78326,70650,7676,9.800066389193882,7810,309,15,1622086273,288710398,1910796671,1225037,298052633,0.4159362549800797
2026-06-26 20:05:29.944343,5878,0,3.0,0,922408,78326,70650,7676,9.800066389193882,7810,309,15,1622086273,288710398,1910796671,1225037,298052633,0.0
2026-06-26 20:05:29.949361,5879,0,3.0,0,922418,78327,70651,7676,9.79994127184751,7810,309,15,1622086534,288710398,1910796932,1225058,298052633,0.4161020326823436
2026-06-26 20:05:29.954346,5880,0,3.0,0,922428,78327,70651,7676,9.79994127184751,7810,309,15,1622086534,288710398,1910796932,1225058,298052633,0.0
2026-06-26 20:05:29.959360,5881,0,3.0,0,922438,78330,70654,7676,9.799565938976126,7810,309,15,1622087068,288710398,1910797466,1225105,298052633,0.8520143597925808
2026-06-26 20:05:29.984341,5882,0,3.0,0,922488,78332,70656,7676,9.799315733033753,7810,309,15,1622087514,288710398,1910797912,1225146,298052633,0.1428285496977703
2026-06-26 20:05:29.989355,5883,0,3.0,0,922498,78333,70657,7676,9.799190634853765,7810,309,15,1622087871,288710398,1910798269,1225183,298052633,0.5696051057040287
2026-06-26 20:05:29.994345,5884,0,3.0,0,922508,78333,70657,7676,9.799190634853765,7810,309,15,1622087871,288710398,1910798269,1225183,298052633,0.0
2026-06-26 20:05:29.999357,5885,0,3.0,0,922518,78337,70661,7676,9.798690274072278,7810,309,15,1622088606,288710398,1910799004,1225257,298052633,1.1731843575418994
2026-06-26 20:05:30.009360,5886,0,3.0,0,922538,78337,70661,7676,9.798690274072278,7810,309,15,1622088606,288710398,1910799004,1225257,298052633,0.0
2026-06-26 20:05:30.014342,5887,0,3.0,0,922548,78337,70661,7676,9.798690274072278,7810,309,15,1622088606,288710398,1910799004,1225257,298052633,0.0
2026-06-26 20:05:30.019359,5888,0,3.0,0,922558,78341,70665,7676,9.798189964386465,7810,309,15,1622089408,288710398,1910799806,1225327,298052633,1.2788519035280048
2026-06-26 20:05:30.024343,5889,0,3.0,0,922568,78341,70665,7676,9.798189964386465,7810,309,15,1622089408,288710398,1910799806,1225327,298052633,0.0
2026-06-26 20:05:30.039370,5890,0,3.0,0,922598,78350,70674,7676,9.79706445437141,7810,309,15,1622090213,288710398,1910800611,1225464,298052633,0.4285619218739602
2026-06-26 20:05:30.044341,5891,0,3.0,0,922608,78350,70674,7676,9.79706445437141,7810,309,15,1622090213,288710398,1910800611,1225464,298052633,0.0
2026-06-26 20:05:30.049359,5892,0,3.0,0,922618,78351,70675,7676,9.796939413664152,7810,309,15,1622090398,288710398,1910800796,1225489,298052633,0.2949382223993623
2026-06-26 20:05:30.054344,5893,0,3.0,0,922628,78351,70675,7676,9.796939413664152,7810,309,15,1622090398,288710398,1910800796,1225489,298052633,0.0
2026-06-26 20:05:30.059363,5894,0,3.0,0,922638,78354,70678,7676,9.7965643106925,7810,309,15,1622090852,288710398,1910801250,1225536,298052633,0.7236501295078701
2026-06-26 20:05:30.069362,5895,0,3.0,0,922658,78356,70680,7676,9.79631425800194,7810,309,15,1622091045,288710398,1910801443,1225564,298052633,0.1544154415441544
2026-06-26 20:05:30.074345,5896,0,3.0,0,922668,78356,70680,7676,9.79631425800194,7810,309,15,1622091045,288710398,1910801443,1225564,298052633,0.0
2026-06-26 20:05:30.079366,5897,0,3.0,0,922678,78359,70683,7676,9.795939202899476,7810,309,15,1622091507,288710398,1910801905,1225626,298052633,0.7361083449512049
2026-06-26 20:05:30.084342,5898,0,3.0,0,922688,78359,70683,7676,9.795939202899476,7810,309,15,1622091507,288710398,1910801905,1225626,298052633,0.0
2026-06-26 20:05:30.099363,5899,0,3.0,0,922718,78365,70689,7676,9.795189178842595,7810,309,15,1622092158,288710398,1910802556,1225703,298052633,0.3467145995606151
2026-06-26 20:05:30.104339,5900,0,3.0,0,922728,78365,70689,7676,9.795189178842595,7810,309,15,1622092158,288710398,1910802556,1225703,298052633,0.0
2026-06-26 20:05:30.109360,5901,0,3.0,0,922738,78367,70691,7676,9.794939196345402,7810,309,15,1622092444,288710398,1910802842,1225749,298052633,0.4556861183031269
2026-06-26 20:05:30.114347,5902,0,3.0,0,922748,78367,70691,7676,9.794939196345402,7810,309,15,1622092444,288710398,1910802842,1225749,298052633,0.0
2026-06-26 20:05:30.119364,5903,0,3.0,0,922758,78369,70693,7676,9.79468922660746,7810,309,15,1622092637,288710398,1910803035,1225782,298052633,0.30775363763205105
2026-06-26 20:05:30.129359,5904,0,3.0,0,922778,78372,70696,7676,9.794314295922014,7810,309,15,1622092940,288710398,1910803338,1225840,298052633,0.24252126063031515
2026-06-26 20:05:30.134352,5905,0,3.0,0,922788,78372,70696,7676,9.794314295922014,7810,309,15,1622092940,288710398,1910803338,1225840,298052633,0.0
2026-06-26 20:05:30.139372,5906,0,3.0,0,922798,78375,70699,7676,9.793939393939393,7810,309,15,1622093314,288710398,1910803712,1225887,298052633,0.5960159362549801
2026-06-26 20:05:30.164340,5907,0,3.0,0,922848,78382,70706,7676,9.79306473425021,7810,309,15,1622094061,288710398,1910804459,1225980,298052633,0.2393463633450817
2026-06-26 20:05:30.169363,5908,0,3.0,0,922858,78385,70709,7676,9.792689927919882,7810,309,15,1622094342,288710398,1910804740,1226006,298052633,0.44754130997411906
2026-06-26 20:05:30.174344,5909,0,3.0,0,922868,78385,70709,7676,9.792689927919882,7810,309,15,1622094342,288710398,1910804740,1226006,298052633,0.0
2026-06-26 20:05:30.179365,5910,0,3.0,0,922878,78388,70712,7676,9.792315150278103,7810,309,15,1622094708,288710398,1910805106,1226046,298052633,0.583150766779526
2026-06-26 20:05:30.189369,5911,0,3.0,0,922898,78391,70715,7676,9.79194040132158,7810,309,15,1622095276,288710398,1910805674,1226103,298052633,0.45421831267493
2026-06-26 20:05:30.194345,5912,0,3.0,0,922908,78391,70715,7676,9.79194040132158,7810,309,15,1622095276,288710398,1910805674,1226103,298052633,0.0
2026-06-26 20:05:30.199358,5913,0,3.0,0,922918,78396,70720,7676,9.791315883463442,7810,309,15,1622095581,288710398,1910805979,1226173,298052633,0.4867344903251546
2026-06-26 20:05:30.204343,5914,0,3.0,0,922928,78396,70720,7676,9.791315883463442,7810,309,15,1622095581,288710398,1910805979,1226173,298052633,0.0
2026-06-26 20:05:30.219365,5915,0,3.0,0,922958,78403,70723,7680,9.795543537874826,7813,309,15,1622096027,288710859,1910806886,1226211,298053002,0.23751830648382372
2026-06-26 20:05:30.224340,5916,0,3.0,0,922968,78403,70723,7680,9.795543537874826,7813,309,15,1622096027,288710859,1910806886,1226211,298053002,0.0
2026-06-26 20:05:30.229357,5917,0,3.0,0,922978,78404,70724,7680,9.79541860109178,7814,309,15,1622096119,288710859,1910806978,1226224,298053094,0.14670121586605542
2026-06-26 20:05:30.234341,5918,0,3.0,0,922988,78404,70724,7680,9.79541860109178,7814,309,15,1622096119,288710859,1910806978,1226224,298053094,0.0
2026-06-26 20:05:30.249359,5919,0,3.0,0,923018,78408,70728,7680,9.794918885827977,7814,309,15,1622096935,288710859,1910807794,1226298,298053094,0.43467838593687574
2026-06-26 20:05:30.254340,5920,0,3.0,0,923028,78408,70728,7680,9.794918885827977,7814,309,15,1622096935,288710859,1910807794,1226298,298053094,0.0
2026-06-26 20:05:30.259361,5921,0,3.0,0,923038,78409,70729,7680,9.79479396497851,7814,309,15,1622097244,288710859,1910808103,1226361,298053094,0.4923322047400916
2026-06-26 20:05:30.264339,5922,0,3.0,0,923048,78409,70729,7680,9.79479396497851,7814,309,15,1622097244,288710859,1910808103,1226361,298053094,0.0
2026-06-26 20:05:30.279358,5923,0,3.0,0,923078,78412,70732,7680,9.794419221547722,7814,309,15,1622098071,288710859,1910808930,1226463,298053094,0.440508688993941
2026-06-26 20:05:30.284342,5924,0,3.0,0,923088,78412,70732,7680,9.794419221547722,7814,309,15,1622098071,288710859,1910808930,1226463,298053094,0.0
2026-06-26 20:05:30.289356,5925,0,3.0,0,923098,78414,70734,7680,9.794169408523988,7814,309,15,1622098549,288710859,1910809408,1226553,298053094,0.762664539289988
2026-06-26 20:05:30.294349,5926,0,3.0,0,923108,78414,70734,7680,9.794169408523988,7814,309,15,1622098549,288710859,1910809408,1226553,298053094,0.0
2026-06-26 20:05:30.309366,5927,0,3.0,0,923138,78416,70735,7681,9.795194858192206,7814,309,15,1622098921,288711296,1910810217,1226600,298053094,0.19817540121195978
2026-06-26 20:05:30.314345,5928,0,3.0,0,923148,78416,70735,7681,9.795194858192206,7814,309,15,1622098921,288711296,1910810217,1226600,298053094,0.0
2026-06-26 20:05:30.319359,5929,0,3.0,0,923158,78420,70738,7682,9.79597041571028,7816,309,15,1622099828,288711733,1910811561,1226707,298053968,1.4471479856402074
2026-06-26 20:05:30.324340,5930,0,3.0,0,923168,78420,70738,7682,9.79597041571028,7816,309,15,1622099828,288711733,1910811561,1226707,298053968,0.0
2026-06-26 20:05:30.329355,5931,0,3.0,0,923178,78422,70740,7682,9.795720588610338,7816,309,15,1622100222,288711733,1910811955,1226781,298053968,0.6285144566301096
2026-06-26 20:05:30.334345,5932,0,3.0,0,923188,78422,70740,7682,9.795720588610338,7816,309,15,1622100222,288711733,1910811955,1226781,298053968,0.0
2026-06-26 20:05:30.339357,5933,0,3.0,0,923198,78424,70742,7682,9.79547077425278,7816,309,15,1622100676,288711733,1910812409,1226822,298053968,0.7246608140462889
2026-06-26 20:05:30.344340,5934,0,3.0,0,923208,78424,70742,7682,9.79547077425278,7816,309,15,1622100676,288711733,1910812409,1226822,298053968,0.0
2026-06-26 20:05:30.354347,5935,0,3.0,0,923228,78425,70743,7682,9.795345871852087,7816,309,15,1622100853,288711733,1910812586,1226840,298053968,0.14150094933546517
2026-06-26 20:05:30.359366,5936,0,3.0,0,923238,78427,70745,7682,9.79509607660627,7816,309,15,1622101187,288711733,1910812920,1226847,298053968,0.532376967523411
2026-06-26 20:05:30.364339,5937,0,3.0,0,923248,78427,70745,7682,9.79509607660627,7816,309,15,1622101187,288711733,1910812920,1226847,298053968,0.0
2026-06-26 20:05:30.369357,5938,0,3.0,0,923258,78428,70746,7682,9.794971183760902,7816,309,15,1622101544,288711733,1910813277,1226884,298053968,0.5691510561976884
2026-06-26 20:05:30.374347,5939,0,3.0,0,923268,78428,70746,7682,9.794971183760902,7816,309,15,1622101544,288711733,1910813277,1226884,298053968,0.0
2026-06-26 20:05:30.379359,5940,0,3.0,0,923278,78429,70747,7682,9.794846294100397,7816,309,15,1622101901,288711733,1910813634,1226921,298053968,0.5698324022346368
2026-06-26 20:05:30.384346,5941,0,3.0,0,923288,78429,70747,7682,9.794846294100397,7816,309,15,1622101901,288711733,1910813634,1226921,298053968,0.0
2026-06-26 20:05:30.389367,5942,0,3.0,0,923298,78430,70748,7682,9.794721407624634,7816,309,15,1622102162,288711733,1910813895,1226942,298053968,0.41585341565425216
2026-06-26 20:05:30.394359,5943,0,3.0,0,923308,78430,70748,7682,9.794721407624634,7816,309,15,1622102162,288711733,1910813895,1226942,298053968,0.0
2026-06-26 20:05:30.399361,5944,0,3.0,0,923318,78432,70750,7682,9.794471644226846,7816,309,15,1622102495,288711733,1910814228,1226967,298053968,0.5325869652139145
2026-06-26 20:05:30.404341,5945,0,3.0,0,923328,78432,70750,7682,9.794471644226846,7816,309,15,1622102495,288711733,1910814228,1226967,298053968,0.0
2026-06-26 20:05:30.409355,5946,0,3.0,0,923338,78433,70751,7682,9.794346767304578,7816,309,15,1622102720,288711733,1910814453,1226988,298053968,0.35899481451934584
2026-06-26 20:05:30.414346,5947,0,3.0,0,923348,78433,70751,7682,9.794346767304578,7816,309,15,1622102720,288711733,1910814453,1226988,298053968,0.0
2026-06-26 20:05:30.419362,5948,0,3.0,0,923358,78434,70752,7682,9.794221893566565,7816,309,15,1622102981,288711733,1910814714,1227009,298053968,0.41626794258373206
2026-06-26 20:05:30.424353,5949,0,3.0,0,923368,78434,70752,7682,9.794221893566565,7816,309,15,1622102981,288711733,1910814714,1227009,298053968,0.0
2026-06-26 20:05:30.429354,5950,0,3.0,0,923378,78436,70754,7682,9.793972155642818,7816,309,15,1622103343,288711733,1910815076,1227063,298053968,0.5790841831633673
2026-06-26 20:05:30.454349,5951,0,3.0,0,923428,78439,70757,7682,9.793597572636061,7816,309,15,1622103946,288711733,1910815679,1227135,298053968,0.192998599719944
2026-06-26 20:05:30.459364,5952,0,3.0,0,923438,78441,70759,7682,9.793347866549382,7816,309,15,1622104528,288711733,1910816261,1227200,298053968,0.9284147557328016
2026-06-26 20:05:30.464341,5953,0,3.0,0,923448,78441,70759,7682,9.793347866549382,7816,309,15,1622104528,288711733,1910816261,1227200,298053968,0.0
2026-06-26 20:05:30.469370,5954,0,3.0,0,923458,78442,70760,7682,9.793223018281024,7816,309,15,1622104805,288711733,1910816538,1227237,298053968,0.4406442632730165
2026-06-26 20:05:30.474360,5955,0,3.0,0,923468,78442,70760,7682,9.793223018281024,7816,309,15,1622104805,288711733,1910816538,1227237,298053968,0.0
2026-06-26 20:05:30.479368,5956,0,3.0,0,923478,78443,70761,7682,9.793098173195823,7816,309,15,1622105082,288711733,1910816815,1227286,298053968,0.4424920127795527
2026-06-26 20:05:30.484337,5957,0,3.0,0,923488,78443,70761,7682,9.793098173195823,7816,309,15,1622105082,288711733,1910816815,1227286,298053968,0.0
2026-06-26 20:05:30.489359,5958,0,3.0,0,923498,78444,70762,7682,9.79297333129366,7816,309,15,1622105407,288711733,1910817140,1227303,298053968,0.5177220230983672
2026-06-26 20:05:30.494341,5959,0,3.0,0,923508,78444,70762,7682,9.79297333129366,7816,309,15,1622105407,288711733,1910817140,1227303,298053968,0.0
2026-06-26 20:05:30.499363,5960,0,3.0,0,923518,78445,70763,7682,9.792848492574416,7816,309,15,1622105764,288711733,1910817497,1227332,298053968,0.5686977299880526
2026-06-26 20:05:30.504337,5961,0,3.0,0,923528,78445,70763,7682,9.792848492574416,7816,309,15,1622105764,288711733,1910817497,1227332,298053968,0.0
2026-06-26 20:05:30.509356,5962,0,3.0,0,923538,78447,70765,7682,9.792598824684182,7816,309,15,1622107306,288711733,1910819039,1227387,298053968,2.457860131500299
2026-06-26 20:05:30.514340,5963,0,3.0,0,923548,78447,70765,7682,9.792598824684182,7816,309,15,1622107306,288711733,1910819039,1227387,298053968,0.0
2026-06-26 20:05:30.519361,5964,0,3.0,0,923558,78449,70767,7682,9.79234916952415,7816,309,15,1622107710,288711733,1910819443,1227491,298053968,0.6436964748058156
2026-06-26 20:05:30.524340,5965,0,3.0,0,923568,78449,70767,7682,9.79234916952415,7816,309,15,1622107710,288711733,1910819443,1227491,298053968,0.0
2026-06-26 20:05:30.529359,5966,0,3.0,0,923578,78451,70769,7682,9.792099527093345,7816,309,15,1622108260,288711733,1910819993,1227533,298053968,0.8766686590954373
2026-06-26 20:05:30.534341,5967,0,3.0,0,923588,78451,70769,7682,9.792099527093345,7816,309,15,1622108260,288711733,1910819993,1227533,298053968,0.0
2026-06-26 20:05:30.539356,5968,0,3.0,0,923598,78452,70770,7682,9.791974710651099,7816,309,15,1622108417,288711733,1910820150,1227555,298053968,0.25044865403788635
2026-06-26 20:05:30.544342,5969,0,3.0,0,923608,78452,70770,7682,9.791974710651099,7816,309,15,1622108417,288711733,1910820150,1227555,298053968,0.0
2026-06-26 20:05:30.549355,5970,0,3.0,0,923618,78453,70771,7682,9.791849897390795,7816,309,15,1622108718,288711733,1910820451,1227584,298053968,0.4803510871733493
2026-06-26 20:05:30.554344,5971,0,3.0,0,923628,78453,70771,7682,9.791849897390795,7816,309,15,1622108718,288711733,1910820451,1227584,298053968,0.0
2026-06-26 20:05:30.559360,5972,0,3.0,0,923638,78454,70772,7682,9.79172508731231,7816,309,15,1622109019,288711733,1910820752,1227608,298053968,0.4800637958532695
2026-06-26 20:05:30.564339,5973,0,3.0,0,923648,78454,70772,7682,9.79172508731231,7816,309,15,1622109019,288711733,1910820752,1227608,298053968,0.0
2026-06-26 20:05:30.569356,5974,0,3.0,0,923658,78455,70773,7682,9.791600280415524,7816,309,15,1622109111,288711733,1910820844,1227620,298053968,0.14670121586605542
2026-06-26 20:05:30.574339,5975,0,3.0,0,923668,78455,70773,7682,9.791600280415524,7816,309,15,1622109111,288711733,1910820844,1227620,298053968,0.0
2026-06-26 20:05:30.579359,5976,0,3.0,0,923678,78456,70774,7682,9.791475476700317,7816,309,15,1622109296,288711733,1910821029,1227645,298053968,0.2948207171314741
2026-06-26 20:05:30.584341,5977,0,3.0,0,923688,78456,70774,7682,9.791475476700317,7816,309,15,1622109296,288711733,1910821029,1227645,298053968,0.0
2026-06-26 20:05:30.589376,5978,0,3.0,0,923698,78459,70777,7682,9.791101084642936,7816,309,15,1622109900,288711733,1910821633,1227723,298053968,0.959682224428997
2026-06-26 20:05:30.594352,5979,0,3.0,0,923708,78459,70777,7682,9.791101084642936,7816,309,15,1622109900,288711733,1910821633,1227723,298053968,0.0
2026-06-26 20:05:30.599362,5980,0,3.0,0,923718,78464,70782,7682,9.790477161500815,7816,309,15,1622110206,288711733,1910821939,1227763,298053968,0.48862275449101794
2026-06-26 20:05:30.604339,5981,0,3.0,0,923728,78464,70782,7682,9.790477161500815,7816,309,15,1622110206,288711733,1910821939,1227763,298053968,0.0
2026-06-26 20:05:30.609353,5982,0,3.0,0,923738,78465,70783,7682,9.790352386414325,7816,309,15,1622110363,288711733,1910822096,1227784,298053968,0.25049860390905465
2026-06-26 20:05:30.614347,5983,0,3.0,0,923748,78465,70783,7682,9.790352386414325,7816,309,15,1622110363,288711733,1910822096,1227784,298053968,0.0
2026-06-26 20:05:30.619371,5984,0,3.0,0,923758,78467,70785,7682,9.790102845782304,7816,309,15,1622110515,288711733,1910822248,1227793,298053968,0.24203821656050956
2026-06-26 20:05:30.624346,5985,0,3.0,0,923768,78467,70785,7682,9.790102845782304,7816,309,15,1622110515,288711733,1910822248,1227793,298053968,0.0
2026-06-26 20:05:30.629359,5986,0,3.0,0,923778,78471,70789,7682,9.789603802678696,7816,309,15,1622111013,288711733,1910822746,1227864,298053968,0.7947336923997607
2026-06-26 20:05:30.634346,5987,0,3.0,0,923788,78471,70789,7682,9.789603802678696,7816,309,15,1622111013,288711733,1910822746,1227864,298053968,0.0
2026-06-26 20:05:30.639358,5988,0,3.0,0,923798,78475,70793,7682,9.789104810449189,7816,309,15,1622111607,288711733,1910823340,1227931,298053968,0.9481245011971269
2026-06-26 20:05:30.644344,5989,0,3.0,0,923808,78475,70793,7682,9.789104810449189,7816,309,15,1622111607,288711733,1910823340,1227931,298053968,0.0
2026-06-26 20:05:30.649363,5990,0,3.0,0,923818,78479,70796,7683,9.789880095312121,7817,309,15,1622111863,288711813,1910823676,1227977,298054048,0.40804941223351265
2026-06-26 20:05:30.654341,5991,0,3.0,0,923828,78479,70796,7683,9.789880095312121,7817,309,15,1622111863,288711813,1910823676,1227977,298054048,0.0
2026-06-26 20:05:30.659359,5992,0,3.0,0,923838,78482,70799,7683,9.78950587395836,7817,309,15,1622112554,288711813,1910824367,1228032,298054048,1.1016341171781587
2026-06-26 20:05:30.664343,5993,0,3.0,0,923848,78482,70799,7683,9.78950587395836,7817,309,15,1622112554,288711813,1910824367,1228032,298054048,0.0
2026-06-26 20:05:30.669362,5994,0,3.0,0,923858,78487,70804,7683,9.788882235274631,7817,309,15,1622113017,288711813,1910824830,1228085,298054048,0.7379956166567045
2026-06-26 20:05:30.674346,5995,0,3.0,0,923868,78487,70804,7683,9.788882235274631,7817,309,15,1622113017,288711813,1910824830,1228085,298054048,0.0
2026-06-26 20:05:30.679360,5996,0,3.0,0,923878,78493,70810,7683,9.788133973730142,7817,309,15,1622113457,288711813,1910825270,1228186,298054048,0.702034303948943
2026-06-26 20:05:30.684341,5997,0,3.0,0,923888,78493,70810,7683,9.788133973730142,7817,309,15,1622113457,288711813,1910825270,1228186,298054048,0.0
2026-06-26 20:05:30.689358,5998,0,3.0,0,923898,78494,70811,7683,9.788009274594236,7817,309,15,1622113614,288711813,1910825427,1228207,298054048,0.2503488140322902
2026-06-26 20:05:30.694338,5999,0,3.0,0,923908,78494,70811,7683,9.788009274594236,7817,309,15,1622113614,288711813,1910825427,1228207,298054048,0.0
2026-06-26 20:05:30.699359,6000,0,3.0,0,923918,78497,70814,7683,9.787635196249537,7817,309,15,1622114064,288711813,1910825877,1228285,298054048,0.716988647679745
2026-06-26 20:05:30.704338,6001,0,3.0,0,923928,78497,70814,7683,9.787635196249537,7817,309,15,1622114064,288711813,1910825877,1228285,298054048,0.0
2026-06-26 20:05:30.709358,6002,0,3.0,0,923938,78500,70817,7683,9.787261146496816,7817,309,15,1622114534,288711813,1910826347,1228341,298054048,0.749003984063745
2026-06-26 20:05:30.714343,6003,0,3.0,0,923948,78500,70817,7683,9.787261146496816,7817,309,15,1622114534,288711813,1910826347,1228341,298054048,0.0
2026-06-26 20:05:30.719357,6004,0,3.0,0,923958,78503,70820,7683,9.78688712533279,7817,309,15,1622114956,288711813,1910826769,1228408,298054048,0.6733147187873952
2026-06-26 20:05:30.724339,6005,0,3.0,0,923968,78503,70820,7683,9.78688712533279,7817,309,15,1622114956,288711813,1910826769,1228408,298054048,0.0
2026-06-26 20:05:30.729359,6006,0,3.0,0,923978,78504,70821,7683,9.786762457963926,7817,309,15,1622115036,288711813,1910826849,1228421,298054048,0.12749003984063745
2026-06-26 20:05:30.734352,6007,0,3.0,0,923988,78504,70821,7683,9.786762457963926,7817,309,15,1622115036,288711813,1910826849,1228421,298054048,0.0
2026-06-26 20:05:30.739357,6008,0,3.0,0,923998,78507,70824,7683,9.786388474913064,7817,309,15,1622115415,288711813,1910827228,1228499,298054048,0.6057942057942058
2026-06-26 20:05:30.744336,6009,0,3.0,0,924008,78507,70824,7683,9.786388474913064,7817,309,15,1622115415,288711813,1910827228,1228499,298054048,0.0
2026-06-26 20:05:30.749357,6010,0,3.0,0,924018,78507,70824,7683,9.786388474913064,7817,309,15,1622115415,288711813,1910827228,1228499,298054048,0.0
2026-06-26 20:05:30.754341,6011,0,3.0,0,924028,78507,70824,7683,9.786388474913064,7817,309,15,1622115415,288711813,1910827228,1228499,298054048,0.0
2026-06-26 20:05:30.759354,6012,0,3.0,0,924038,78509,70826,7683,9.786139168757723,7817,309,15,1622116191,288711813,1910828004,1228589,298054048,1.2383802114502294
2026-06-26 20:05:30.769361,6013,0,3.0,0,924058,78512,70829,7683,9.785765233340127,7817,309,15,1622116569,288711813,1910828382,1228647,298054048,0.30218846807234934
2026-06-26 20:05:30.774343,6014,0,3.0,0,924068,78512,70829,7683,9.785765233340127,7817,309,15,1622116569,288711813,1910828382,1228647,298054048,0.0
2026-06-26 20:05:30.779365,6015,0,3.0,0,924078,78513,70830,7683,9.78564059455122,7817,309,15,1622116657,288711813,1910828470,1228667,298054048,0.1401831939466348
2026-06-26 20:05:30.784341,6016,0,3.0,0,924088,78513,70830,7683,9.78564059455122,7817,309,15,1622116657,288711813,1910828470,1228667,298054048,0.0
2026-06-26 20:05:30.789357,6017,0,3.0,0,924098,78515,70831,7684,9.78666496847736,7817,309,15,1622116882,288711990,1910828872,1228688,298054048,0.3588516746411483
2026-06-26 20:05:30.794341,6018,0,3.0,0,924108,78515,70831,7684,9.78666496847736,7817,309,15,1622116882,288711990,1910828872,1228688,298054048,0.0
2026-06-26 20:05:30.799361,6019,0,3.0,0,924118,78520,70835,7685,9.78731533367295,7818,309,15,1622117388,288712078,1910829466,1228779,298054225,0.8063745019920319
2026-06-26 20:05:30.804339,6020,0,3.0,0,924128,78520,70835,7685,9.78731533367295,7818,309,15,1622117388,288712078,1910829466,1228779,298054225,0.0
2026-06-26 20:05:30.809358,6021,0,3.0,0,924138,78523,70838,7685,9.786941405702787,7819,309,15,1622117584,288712078,1910829662,1228827,298054313,0.3124128312412831
2026-06-26 20:05:30.814343,6022,0,3.0,0,924148,78523,70838,7685,9.786941405702787,7819,309,15,1622117584,288712078,1910829662,1228827,298054313,0.0
2026-06-26 20:05:30.819360,6023,0,3.0,0,924158,78528,70843,7685,9.78631825590872,7819,309,15,1622118089,288712078,1910830167,1228886,298054313,0.8052621088299781
2026-06-26 20:05:30.824349,6024,0,3.0,0,924168,78528,70843,7685,9.78631825590872,7819,309,15,1622118089,288712078,1910830167,1228886,298054313,0.0
2026-06-26 20:05:30.829359,6025,0,3.0,0,924178,78530,70844,7686,9.787342416910736,7819,309,15,1622118127,288712263,1910830390,1228886,298054313,0.06067864271457086
2026-06-26 20:05:30.834339,6026,0,3.0,0,924188,78530,70844,7686,9.787342416910736,7819,309,15,1622118127,288712263,1910830390,1228886,298054313,0.0
2026-06-26 20:05:30.839358,6027,0,3.0,0,924198,78536,70849,7687,9.787867984109198,7820,309,15,1622118695,288712355,1910831050,1228948,298054498,0.9053596333931062
2026-06-26 20:05:30.844347,6028,0,3.0,0,924208,78536,70849,7687,9.787867984109198,7820,309,15,1622118695,288712355,1910831050,1228948,298054498,0.0
2026-06-26 20:05:30.849358,6029,0,3.0,0,924218,78539,70852,7687,9.787494111205898,7821,309,15,1622119032,288712355,1910831387,1228985,298054590,0.5380163639992017
2026-06-26 20:05:30.854340,6030,0,3.0,0,924228,78539,70852,7687,9.787494111205898,7821,309,15,1622119032,288712355,1910831387,1228985,298054590,0.0
2026-06-26 20:05:30.859356,6031,0,3.0,0,924238,78543,70856,7687,9.78699565842914,7821,309,15,1622119320,288712355,1910831675,1229034,298054590,0.45933014354066987
2026-06-26 20:05:30.864338,6032,0,3.0,0,924248,78543,70856,7687,9.78699565842914,7821,309,15,1622119320,288712355,1910831675,1229034,298054590,0.0
2026-06-26 20:05:30.869357,6033,0,3.0,0,924258,78545,70857,7688,9.788019606594945,7821,309,15,1622119477,288712580,1910832057,1229055,298054590,0.2502490535963339
2026-06-26 20:05:30.874343,6034,0,3.0,0,924268,78545,70857,7688,9.788019606594945,7821,309,15,1622119477,288712580,1910832057,1229055,298054590,0.0
2026-06-26 20:05:30.879356,6035,0,3.0,0,924278,78548,70860,7688,9.78764577073891,7822,309,15,1622120044,288712580,1910832624,1229122,298054815,0.9048473967684022
2026-06-26 20:05:30.884340,6036,0,3.0,0,924288,78548,70860,7688,9.78764577073891,7822,309,15,1622120044,288712580,1910832624,1229122,298054815,0.0
2026-06-26 20:05:30.889356,6037,0,3.0,0,924298,78550,70862,7688,9.787396562698918,7822,309,15,1622120313,288712580,1910832893,1229151,298054815,0.42902711323763953
2026-06-26 20:05:30.894338,6038,0,3.0,0,924308,78550,70862,7688,9.787396562698918,7822,309,15,1622120313,288712580,1910832893,1229151,298054815,0.0
2026-06-26 20:05:30.899358,6039,0,3.0,0,924318,78552,70864,7688,9.787147367349016,7822,309,15,1622120582,288712580,1910833162,1229180,298054815,0.42868525896414345
2026-06-26 20:05:30.904346,6040,0,3.0,0,924328,78552,70864,7688,9.787147367349016,7822,309,15,1622120582,288712580,1910833162,1229180,298054815,0.0
2026-06-26 20:05:30.909361,6041,0,3.0,0,924338,78557,70869,7688,9.786524434487061,7822,309,15,1622121023,288712580,1910833603,1229257,298054815,0.7034895314057826
2026-06-26 20:05:30.914347,6042,0,3.0,0,924348,78557,70869,7688,9.786524434487061,7822,309,15,1622121023,288712580,1910833603,1229257,298054815,0.0
2026-06-26 20:05:30.934349,6043,0,3.0,0,924388,78564,70876,7688,9.785652461687286,7822,309,15,1622121664,288712580,1910834244,1229444,298054815,0.25637436256374363
2026-06-26 20:05:30.939372,6044,0,3.0,0,924398,78568,70880,7688,9.785154261276857,7822,309,15,1622122084,288712580,1910834664,1229529,298054815,0.6689229544097153
2026-06-26 20:05:30.944340,6045,0,3.0,0,924408,78568,70880,7688,9.785154261276857,7822,309,15,1622122084,288712580,1910834664,1229529,298054815,0.0
2026-06-26 20:05:30.964338,6046,0,3.0,0,924448,78575,70886,7689,9.78555520203627,7823,309,15,1622122895,288712737,1910835632,1229642,298054972,0.3244324432443244
2026-06-26 20:05:30.969356,6047,0,3.0,0,924458,78579,70890,7689,9.7850570763181,7823,309,15,1622123364,288712737,1910836101,1229699,298054972,0.7477082502989238
2026-06-26 20:05:30.974341,6048,0,3.0,0,924468,78579,70890,7689,9.7850570763181,7823,309,15,1622123364,288712737,1910836101,1229699,298054972,0.0
2026-06-26 20:05:30.979357,6049,0,3.0,0,924478,78582,70893,7689,9.78468351530885,7823,309,15,1622123721,288712737,1910836458,1229729,298054972,0.569377990430622
2026-06-26 20:05:30.994344,6050,0,3.0,0,924508,78583,70894,7689,9.784559001310717,7823,309,15,1622123906,288712737,1910836643,1229754,298054972,0.09875225195169146
2026-06-26 20:05:30.999356,6051,0,3.0,0,924518,78585,70896,7689,9.78430998282115,7823,309,15,1622124175,288712737,1910836912,1229783,298054972,0.42936951316839583
2026-06-26 20:05:31.004341,6052,0,3.0,0,924528,78585,70896,7689,9.78430998282115,7823,309,15,1622124175,288712737,1910836912,1229783,298054972,0.0
2026-06-26 20:05:31.009356,6053,0,3.0,0,924538,78589,70900,7689,9.783811983865426,7823,309,15,1622124653,288712737,1910837390,1229849,298054972,0.7625124626121635
2026-06-26 20:05:31.019364,6054,0,3.0,0,924558,78592,70903,7689,9.78343851791531,7823,309,15,1622124925,288712737,1910837662,1229874,298054972,0.21742605915267785
2026-06-26 20:05:31.024338,6055,0,3.0,0,924568,78592,70903,7689,9.78343851791531,7823,309,15,1622124925,288712737,1910837662,1229874,298054972,0.0
2026-06-26 20:05:31.029357,6056,0,3.0,0,924578,78595,70906,7689,9.783065080475858,7823,309,15,1622125379,288712737,1910838116,1229928,298054972,0.7236501295078701
2026-06-26 20:05:31.034340,6057,0,3.0,0,924588,78595,70906,7689,9.783065080475858,7823,309,15,1622125379,288712737,1910838116,1229928,298054972,0.0
2026-06-26 20:05:31.054347,6058,0,3.0,0,924628,78601,70912,7689,9.782318291115889,7823,309,15,1622126202,288712737,1910838939,1230009,298054972,0.3290848203128905
2026-06-26 20:05:31.059362,6059,0,3.0,0,924638,78603,70914,7689,9.78206938666463,7823,309,15,1622126322,288712737,1910839059,1230045,298054972,0.1914257228315055
2026-06-26 20:05:31.064339,6060,0,3.0,0,924648,78603,70914,7689,9.78206938666463,7823,309,15,1622126322,288712737,1910839059,1230045,298054972,0.0
2026-06-26 20:05:31.069366,6061,0,3.0,0,924658,78607,70918,7689,9.781571615759411,7823,309,15,1622126759,288712737,1910839496,1230075,298054972,0.6954445991645116
2026-06-26 20:05:31.074344,6062,0,3.0,0,924668,78607,70918,7689,9.781571615759411,7823,309,15,1622126759,288712737,1910839496,1230075,298054972,0.0
2026-06-26 20:05:31.079358,6063,0,3.0,0,924678,78613,70924,7689,9.780825054380319,7823,309,15,1622127198,288712737,1910839935,1230148,298054972,0.7004387714399681
2026-06-26 20:05:31.104343,6064,0,3.0,0,924728,78615,70926,7689,9.780576225911087,7823,309,15,1622127439,288712737,1910840176,1230185,298054972,0.07716629977986791
2026-06-26 20:05:31.109360,6065,0,3.0,0,924738,78619,70930,7689,9.780078606952518,7823,309,15,1622127788,288712737,1910840525,1230250,298054972,0.5565078732310146
2026-06-26 20:05:31.114343,6066,0,3.0,0,924748,78619,70930,7689,9.780078606952518,7823,309,15,1622127788,288712737,1910840525,1230250,298054972,0.0
2026-06-26 20:05:31.119366,6067,0,3.0,0,924758,78622,70933,7689,9.779705425962199,7823,309,15,1622128118,288712737,1910840855,1230301,298054972,0.5255823213219192
2026-06-26 20:05:31.124337,6068,0,3.0,0,924768,78622,70933,7689,9.779705425962199,7823,309,15,1622128118,288712737,1910840855,1230301,298054972,0.0
2026-06-26 20:05:31.129359,6069,0,3.0,0,924778,78623,70934,7689,9.779581038627374,7823,309,15,1622128279,288712737,1910841016,1230326,298054972,0.2564715252887296
2026-06-26 20:05:31.134340,6070,0,3.0,0,924788,78623,70934,7689,9.779581038627374,7823,309,15,1622128279,288712737,1910841016,1230326,298054972,0.0
2026-06-26 20:05:31.139361,6071,0,3.0,0,924798,78625,70936,7689,9.77933227344992,7823,309,15,1622128576,288712737,1910841313,1230351,298054972,0.47321250746863175
2026-06-26 20:05:31.144336,6072,0,3.0,0,924808,78625,70936,7689,9.77933227344992,7823,309,15,1622128576,288712737,1910841313,1230351,298054972,0.0
2026-06-26 20:05:31.149362,6073,0,3.0,0,924818,78628,70939,7689,9.778959149412424,7823,309,15,1622128876,288712737,1910841613,1230409,298054972,0.477516912057302
2026-06-26 20:05:31.154339,6074,0,3.0,0,924828,78628,70939,7689,9.778959149412424,7823,309,15,1622128876,288712737,1910841613,1230409,298054972,0.0
2026-06-26 20:05:31.159361,6075,0,3.0,0,924838,78634,70945,7689,9.778212986748734,7823,309,15,1622129153,288712737,1910841890,1230508,298054972,0.4412584627638391
2026-06-26 20:05:31.164338,6076,0,3.0,0,924848,78634,70945,7689,9.778212986748734,7823,309,15,1622129153,288712737,1910841890,1230508,298054972,0.0
2026-06-26 20:05:31.169354,6077,0,3.0,0,924858,78637,70948,7689,9.777839948116027,7823,309,15,1622129555,288712737,1910842292,1230570,298054972,0.6411483253588517
2026-06-26 20:05:31.174341,6078,0,3.0,0,924868,78637,70948,7689,9.777839948116027,7823,309,15,1622129555,288712737,1910842292,1230570,298054972,0.0
2026-06-26 20:05:31.179357,6079,0,3.0,0,924878,78638,70949,7689,9.777715608230118,7823,309,15,1622129772,288712737,1910842509,1230583,298054972,0.34609250398724084
2026-06-26 20:05:31.184340,6080,0,3.0,0,924888,78638,70949,7689,9.777715608230118,7823,309,15,1622129772,288712737,1910842509,1230583,298054972,0.0
2026-06-26 20:05:31.189358,6081,0,3.0,0,924898,78642,70953,7689,9.777218280308233,7823,309,15,1622130254,288712737,1910842991,1230650,298054972,0.7684336388999602
2026-06-26 20:05:31.194339,6082,0,3.0,0,924908,78642,70953,7689,9.777218280308233,7823,309,15,1622130254,288712737,1910842991,1230650,298054972,0.0
2026-06-26 20:05:31.199357,6083,0,3.0,0,924918,78643,70954,7689,9.777093956232594,7823,309,15,1622130415,288712737,1910843152,1230675,298054972,0.2566759665205261
2026-06-26 20:05:31.204338,6084,0,3.0,0,924928,78643,70954,7689,9.777093956232594,7823,309,15,1622130415,288712737,1910843152,1230675,298054972,0.0
2026-06-26 20:05:31.209358,6085,0,3.0,0,924938,78646,70957,7689,9.776721002975359,7823,309,15,1622130736,288712737,1910843473,1230724,298054972,0.5115537848605578
2026-06-26 20:05:31.214344,6086,0,3.0,0,924948,78646,70957,7689,9.776721002975359,7823,309,15,1622130736,288712737,1910843473,1230724,298054972,0.0
2026-06-26 20:05:31.219360,6087,0,3.0,0,924958,78649,70960,7689,9.776348078170098,7823,309,15,1622131005,288712737,1910843742,1230784,298054972,0.42902711323763953
2026-06-26 20:05:31.224339,6088,0,3.0,0,924968,78649,70960,7689,9.776348078170098,7823,309,15,1622131005,288712737,1910843742,1230784,298054972,0.0
2026-06-26 20:05:31.229358,6089,0,3.0,0,924978,78654,70965,7689,9.77572660004577,7823,309,15,1622131661,288712737,1910844398,1230886,298054972,1.0456266188483763
2026-06-26 20:05:31.234341,6090,0,3.0,0,924988,78654,70965,7689,9.77572660004577,7823,309,15,1622131661,288712737,1910844398,1230886,298054972,0.0
2026-06-26 20:05:31.239371,6091,0,3.0,0,924998,78657,70968,7689,9.775353751096533,7823,309,15,1622131805,288712737,1910844542,1230918,298054972,0.2290258449304175
2026-06-26 20:05:31.244336,6092,0,3.0,0,925008,78657,70968,7689,9.775353751096533,7823,309,15,1622131805,288712737,1910844542,1230918,298054972,0.0
2026-06-26 20:05:31.249361,6093,0,3.0,0,925018,78659,70970,7689,9.775105200930598,7823,309,15,1622132287,288712737,1910845024,1230992,298054972,0.767363184079602
2026-06-26 20:05:31.254340,6094,0,3.0,0,925028,78659,70970,7689,9.775105200930598,7823,309,15,1622132287,288712737,1910845024,1230992,298054972,0.0
2026-06-26 20:05:31.259370,6095,0,3.0,0,925038,78663,70974,7689,9.774608138514932,7823,309,15,1622132704,288712737,1910845441,1231055,298054972,0.663220675944334
2026-06-26 20:05:31.264337,6096,0,3.0,0,925048,78663,70974,7689,9.774608138514932,7823,309,15,1622132704,288712737,1910845441,1231055,298054972,0.0
2026-06-26 20:05:31.269363,6097,0,3.0,0,925058,78664,70975,7689,9.77448388080952,7823,309,15,1622133005,288712737,1910845742,1231084,298054972,0.479108635097493
2026-06-26 20:05:31.274340,6098,0,3.0,0,925068,78664,70975,7689,9.77448388080952,7823,309,15,1622133005,288712737,1910845742,1231084,298054972,0.0
2026-06-26 20:05:31.279357,6099,0,3.0,0,925078,78665,70976,7689,9.774359626263267,7823,309,15,1622133033,288712737,1910845770,1231107,298054972,0.0446481961331473
2026-06-26 20:05:31.284337,6100,0,3.0,0,925088,78665,70976,7689,9.774359626263267,7823,309,15,1622133033,288712737,1910845770,1231107,298054972,0.0
2026-06-26 20:05:31.289360,6101,0,3.0,0,925098,78666,70977,7689,9.774235374876058,7823,309,15,1622133358,288712737,1910846095,1231160,298054972,0.5176189528170416
2026-06-26 20:05:31.294349,6102,0,3.0,0,925108,78666,70977,7689,9.774235374876058,7823,309,15,1622133358,288712737,1910846095,1231160,298054972,0.0
2026-06-26 20:05:31.299360,6103,0,3.0,0,925118,78668,70979,7689,9.773986881578278,7823,309,15,1622134183,288712737,1910846920,1231237,298054972,1.317102374775494
2026-06-26 20:05:31.304341,6104,0,3.0,0,925128,78668,70979,7689,9.773986881578278,7823,309,15,1622134183,288712737,1910846920,1231237,298054972,0.0
2026-06-26 20:05:31.309358,6105,0,3.0,0,925138,78669,70980,7689,9.773862639667467,7823,309,15,1622134360,288712737,1910847097,1231278,298054972,0.282240382698824
2026-06-26 20:05:31.314345,6106,0,3.0,0,925148,78669,70980,7689,9.773862639667467,7823,309,15,1622134360,288712737,1910847097,1231278,298054972,0.0
2026-06-26 20:05:31.319358,6107,0,3.0,0,925158,78670,70981,7689,9.773738400915216,7823,309,15,1622134748,288712737,1910847485,1231326,298054972,0.6191901057251147
2026-06-26 20:05:31.324341,6108,0,3.0,0,925168,78670,70981,7689,9.773738400915216,7823,309,15,1622134748,288712737,1910847485,1231326,298054972,0.0
2026-06-26 20:05:31.329356,6109,0,3.0,0,925178,78673,70982,7691,9.775907871823879,7824,309,15,1622134925,288713426,1910848351,1231362,298055149,0.2823529411764706
2026-06-26 20:05:31.334344,6110,0,3.0,0,925188,78673,70982,7691,9.775907871823879,7824,309,15,1622134925,288713426,1910848351,1231362,298055149,0.0
2026-06-26 20:05:31.339356,6111,0,3.0,0,925198,78674,70983,7691,9.775783613391972,7825,309,15,1622135437,288713426,1910848863,1231398,298055661,0.8172386272944933
2026-06-26 20:05:31.344341,6112,0,3.0,0,925208,78674,70983,7691,9.775783613391972,7825,309,15,1622135437,288713426,1910848863,1231398,298055661,0.0
2026-06-26 20:05:31.349359,6113,0,3.0,0,925218,78677,70985,7692,9.776681876533168,7826,309,15,1622136126,288713814,1910849940,1231475,298056049,1.0984455958549222
2026-06-26 20:05:31.354340,6114,0,3.0,0,925228,78677,70985,7692,9.776681876533168,7826,309,15,1622136126,288713814,1910849940,1231475,298056049,0.0
2026-06-26 20:05:31.359357,6115,0,3.0,0,925238,78677,70985,7692,9.776681876533168,7826,309,15,1622136126,288713814,1910849940,1231475,298056049,0.0
2026-06-26 20:05:31.364336,6116,0,3.0,0,925248,78677,70985,7692,9.776681876533168,7826,309,15,1622136126,288713814,1910849940,1231475,298056049,0.0
2026-06-26 20:05:31.369355,6117,0,3.0,0,925258,78680,70988,7692,9.776309100152517,7826,309,15,1622136703,288713814,1910850517,1231571,298056049,0.9197051205419406
2026-06-26 20:05:31.374344,6118,0,3.0,0,925268,78680,70988,7692,9.776309100152517,7826,309,15,1622136703,288713814,1910850517,1231571,298056049,0.0
2026-06-26 20:05:31.379362,6119,0,3.0,0,925278,78681,70989,7692,9.776184847676058,7826,309,15,1622137004,288713814,1910850818,1231600,298056049,0.47987245914707055
2026-06-26 20:05:31.384336,6120,0,3.0,0,925288,78681,70989,7692,9.776184847676058,7826,309,15,1622137004,288713814,1910850818,1231600,298056049,0.0
2026-06-26 20:05:31.389371,6121,0,3.0,0,925298,78681,70989,7692,9.776184847676058,7826,309,15,1622137004,288713814,1910850818,1231600,298056049,0.0
2026-06-26 20:05:31.394346,6122,0,3.0,0,925308,78681,70989,7692,9.776184847676058,7826,309,15,1622137004,288713814,1910850818,1231600,298056049,0.0
2026-06-26 20:05:31.399354,6123,0,3.0,0,925318,78683,70991,7692,9.77593635219806,7826,309,15,1622137219,288713814,1910851033,1231604,298056049,0.34345047923322686
2026-06-26 20:05:31.404336,6124,0,3.0,0,925328,78683,70991,7692,9.77593635219806,7826,309,15,1622137219,288713814,1910851033,1231604,298056049,0.0
2026-06-26 20:05:31.409349,6125,0,3.0,0,925338,78685,70993,7692,9.775687869352481,7826,309,15,1622137605,288713814,1910851419,1231650,298056049,0.615998404149212
2026-06-26 20:05:31.414337,6126,0,3.0,0,925348,78685,70993,7692,9.775687869352481,7826,309,15,1622137605,288713814,1910851419,1231650,298056049,0.0
2026-06-26 20:05:31.419366,6127,0,3.0,0,925358,78688,70996,7692,9.775315168767792,7826,309,15,1622138168,288713814,1910851982,1231732,298056049,0.895605488168622
2026-06-26 20:05:31.424340,6128,0,3.0,0,925368,78688,70996,7692,9.775315168767792,7826,309,15,1622138168,288713814,1910851982,1231732,298056049,0.0
2026-06-26 20:05:31.429356,6129,0,3.0,0,925378,78689,70997,7692,9.775190941554728,7826,309,15,1622138401,288713814,1910852215,1231761,298056049,0.37161084529505584
2026-06-26 20:05:31.434338,6130,0,3.0,0,925388,78689,70997,7692,9.775190941554728,7826,309,15,1622138401,288713814,1910852215,1231761,298056049,0.0
2026-06-26 20:05:31.439353,6131,0,3.0,0,925398,78691,70999,7692,9.774942496600628,7826,309,15,1622138826,288713814,1910852640,1231841,298056049,0.6779661016949152
2026-06-26 20:05:31.444339,6132,0,3.0,0,925408,78691,70999,7692,9.774942496600628,7826,309,15,1622138826,288713814,1910852640,1231841,298056049,0.0
2026-06-26 20:05:31.449353,6133,0,3.0,0,925418,78692,71000,7692,9.77481827885935,7826,309,15,1622139386,288713814,1910853200,1231891,298056049,0.8934982050259274
2026-06-26 20:05:31.454340,6134,0,3.0,0,925428,78692,71000,7692,9.77481827885935,7826,309,15,1622139386,288713814,1910853200,1231891,298056049,0.0
2026-06-26 20:05:31.459353,6135,0,3.0,0,925438,78692,71000,7692,9.77481827885935,7826,309,15,1622139386,288713814,1910853200,1231891,298056049,0.0
2026-06-26 20:05:31.464334,6136,0,3.0,0,925448,78692,71000,7692,9.77481827885935,7826,309,15,1622139386,288713814,1910853200,1231891,298056049,0.0
2026-06-26 20:05:31.469363,6137,0,3.0,0,925458,78692,71000,7692,9.77481827885935,7826,309,15,1622139386,288713814,1910853200,1231891,298056049,0.0
2026-06-26 20:05:31.474346,6138,0,3.0,0,925468,78692,71000,7692,9.77481827885935,7826,309,15,1622139386,288713814,1910853200,1231891,298056049,0.0
2026-06-26 20:05:31.479351,6139,0,3.0,0,925478,78693,71001,7692,9.774694064275094,7826,309,15,1622139416,288713814,1910853230,1231916,298056049,0.04795204795204795
2026-06-26 20:05:31.484339,6140,0,3.0,0,925488,78693,71001,7692,9.774694064275094,7826,309,15,1622139416,288713814,1910853230,1231916,298056049,0.0
2026-06-26 20:05:31.489352,6141,0,3.0,0,925498,78694,71002,7692,9.774569852847739,7826,309,15,1622139527,288713814,1910853341,1231939,298056049,0.17713943746259725
2026-06-26 20:05:31.494336,6142,0,3.0,0,925508,78694,71002,7692,9.774569852847739,7826,309,15,1622139527,288713814,1910853341,1231939,298056049,0.0
2026-06-26 20:05:31.499357,6143,0,3.0,0,925518,78694,71002,7692,9.774569852847739,7826,309,15,1622139527,288713814,1910853341,1231939,298056049,0.0
2026-06-26 20:05:31.504335,6144,0,3.0,0,925528,78694,71002,7692,9.774569852847739,7826,309,15,1622139527,288713814,1910853341,1231939,298056049,0.0
2026-06-26 20:05:31.509356,6145,0,3.0,0,925538,78695,71003,7692,9.774445644577165,7826,309,15,1622139557,288713814,1910853371,1231964,298056049,0.04779924317864967
2026-06-26 20:05:31.514338,6146,0,3.0,0,925548,78695,71003,7692,9.774445644577165,7826,309,15,1622139557,288713814,1910853371,1231964,298056049,0.0
2026-06-26 20:05:31.519352,6147,0,3.0,0,925558,78695,71003,7692,9.774445644577165,7826,309,15,1622139557,288713814,1910853371,1231964,298056049,0.0
2026-06-26 20:05:31.524336,6148,0,3.0,0,925568,78695,71003,7692,9.774445644577165,7826,309,15,1622139557,288713814,1910853371,1231964,298056049,0.0
2026-06-26 20:05:31.529354,6149,0,3.0,0,925578,78695,71003,7692,9.774445644577165,7826,309,15,1622139557,288713814,1910853371,1231964,298056049,0.0
2026-06-26 20:05:31.534335,6150,0,3.0,0,925588,78695,71003,7692,9.774445644577165,7826,309,15,1622139557,288713814,1910853371,1231964,298056049,0.0
2026-06-26 20:05:31.539354,6151,0,3.0,0,925598,78695,71003,7692,9.774445644577165,7826,309,15,1622139557,288713814,1910853371,1231964,298056049,0.0
2026-06-26 20:05:31.544335,6152,0,3.0,0,925608,78695,71003,7692,9.774445644577165,7826,309,15,1622139557,288713814,1910853371,1231964,298056049,0.0
2026-06-26 20:05:31.549349,6153,0,3.0,0,925618,78698,71006,7692,9.774073038704923,7826,309,15,1622143476,288713814,1910857290,1232026,298056049,6.252891902672517
2026-06-26 20:05:31.554347,6154,0,3.0,0,925628,78698,71006,7692,9.774073038704923,7826,309,15,1622143476,288713814,1910857290,1232026,298056049,0.0
2026-06-26 20:05:31.559353,6155,0,3.0,0,925638,78698,71006,7692,9.774073038704923,7826,309,15,1622143476,288713814,1910857290,1232026,298056049,0.0
2026-06-26 20:05:31.564338,6156,0,3.0,0,925648,78698,71006,7692,9.774073038704923,7826,309,15,1622143476,288713814,1910857290,1232026,298056049,0.0
2026-06-26 20:05:31.569351,6157,0,3.0,0,925658,78699,71007,7692,9.773948843060268,7826,309,15,1622143502,288713814,1910857316,1232041,298056049,0.04149212048673449
2026-06-26 20:05:31.574338,6158,0,3.0,0,925668,78699,71007,7692,9.773948843060268,7826,309,15,1622143502,288713814,1910857316,1232041,298056049,0.0
2026-06-26 20:05:31.579371,6159,0,3.0,0,925678,78700,71008,7692,9.773824650571791,7826,309,15,1622143907,288713814,1910857721,1232075,298056049,0.6437512418040929
2026-06-26 20:05:31.584337,6160,0,3.0,0,925688,78700,71008,7692,9.773824650571791,7826,309,15,1622143907,288713814,1910857721,1232075,298056049,0.0
2026-06-26 20:05:31.589357,6161,0,3.0,0,925698,78700,71008,7692,9.773824650571791,7826,309,15,1622143907,288713814,1910857721,1232075,298056049,0.0
2026-06-26 20:05:31.594337,6162,0,3.0,0,925708,78700,71008,7692,9.773824650571791,7826,309,15,1622143907,288713814,1910857721,1232075,298056049,0.0
2026-06-26 20:05:31.599352,6163,0,3.0,0,925718,78700,71008,7692,9.773824650571791,7826,309,15,1622143907,288713814,1910857721,1232075,298056049,0.0
2026-06-26 20:05:31.604337,6164,0,3.0,0,925728,78700,71008,7692,9.773824650571791,7826,309,15,1622143907,288713814,1910857721,1232075,298056049,0.0
2026-06-26 20:05:31.609352,6165,0,3.0,0,925738,78701,71009,7692,9.773700461239375,7826,309,15,1622144008,288713814,1910857822,1232096,298056049,0.16111665004985046
2026-06-26 20:05:31.614336,6166,0,3.0,0,925748,78701,71009,7692,9.773700461239375,7826,309,15,1622144008,288713814,1910857822,1232096,298056049,0.0
2026-06-26 20:05:31.619355,6167,0,3.0,0,925758,78702,71010,7692,9.773576275062895,7826,309,15,1622144209,288713814,1910858023,1232132,298056049,0.3203825463239689
2026-06-26 20:05:31.624334,6168,0,3.0,0,925768,78702,71010,7692,9.773576275062895,7826,309,15,1622144209,288713814,1910858023,1232132,298056049,0.0
2026-06-26 20:05:31.629352,6169,0,3.0,0,925778,78703,71011,7692,9.773452092042234,7826,309,15,1622144378,288713814,1910858192,1232141,298056049,0.2694300518134715
2026-06-26 20:05:31.634342,6170,0,3.0,0,925788,78703,71011,7692,9.773452092042234,7826,309,15,1622144378,288713814,1910858192,1232141,298056049,0.0
2026-06-26 20:05:31.639356,6171,0,3.0,0,925798,78703,71011,7692,9.773452092042234,7826,309,15,1622144378,288713814,1910858192,1232141,298056049,0.0
2026-06-26 20:05:31.644334,6172,0,3.0,0,925808,78703,71011,7692,9.773452092042234,7826,309,15,1622144378,288713814,1910858192,1232141,298056049,0.0
2026-06-26 20:05:31.649352,6173,0,3.0,0,925818,78704,71012,7692,9.773327912177272,7826,309,15,1622144406,288713814,1910858220,1232164,298056049,0.04463929852530889
2026-06-26 20:05:31.654339,6174,0,3.0,0,925828,78704,71012,7692,9.773327912177272,7826,309,15,1622144406,288713814,1910858220,1232164,298056049,0.0
2026-06-26 20:05:31.659351,6175,0,3.0,0,925838,78705,71013,7692,9.773203735467886,7826,309,15,1622144591,288713814,1910858405,1232177,298056049,0.29529130087789307
2026-06-26 20:05:31.664335,6176,0,3.0,0,925848,78705,71013,7692,9.773203735467886,7826,309,15,1622144591,288713814,1910858405,1232177,298056049,0.0
2026-06-26 20:05:31.669359,6177,0,3.0,0,925858,78705,71013,7692,9.773203735467886,7826,309,15,1622144591,288713814,1910858405,1232177,298056049,0.0
2026-06-26 20:05:31.674338,6178,0,3.0,0,925868,78705,71013,7692,9.773203735467886,7826,309,15,1622144591,288713814,1910858405,1232177,298056049,0.0
2026-06-26 20:05:31.679352,6179,0,3.0,0,925878,78705,71013,7692,9.773203735467886,7826,309,15,1622144591,288713814,1910858405,1232177,298056049,0.0
2026-06-26 20:05:31.684337,6180,0,3.0,0,925888,78705,71013,7692,9.773203735467886,7826,309,15,1622144591,288713814,1910858405,1232177,298056049,0.0
2026-06-26 20:05:31.689347,6181,0,3.0,0,925898,78705,71013,7692,9.773203735467886,7826,309,15,1622144591,288713814,1910858405,1232177,298056049,0.0
2026-06-26 20:05:31.694336,6182,0,3.0,0,925908,78705,71013,7692,9.773203735467886,7826,309,15,1622144591,288713814,1910858405,1232177,298056049,0.0
2026-06-26 20:05:31.699354,6183,0,3.0,0,925918,78705,71013,7692,9.773203735467886,7826,309,15,1622144591,288713814,1910858405,1232177,298056049,0.0
2026-06-26 20:05:31.704334,6184,0,3.0,0,925928,78705,71013,7692,9.773203735467886,7826,309,15,1622144591,288713814,1910858405,1232177,298056049,0.0
2026-06-26 20:05:31.709353,6185,0,3.0,0,925938,78705,71013,7692,9.773203735467886,7826,309,15,1622144591,288713814,1910858405,1232177,298056049,0.0
2026-06-26 20:05:31.714343,6186,0,3.0,0,925948,78705,71013,7692,9.773203735467886,7826,309,15,1622144591,288713814,1910858405,1232177,298056049,0.0
2026-06-26 20:05:31.719353,6187,0,3.0,0,925958,78705,71013,7692,9.773203735467886,7826,309,15,1622144591,288713814,1910858405,1232177,298056049,0.0
2026-06-26 20:05:31.724337,6188,0,3.0,0,925968,78705,71013,7692,9.773203735467886,7826,309,15,1622144591,288713814,1910858405,1232177,298056049,0.0
2026-06-26 20:05:31.729354,6189,0,3.0,0,925978,78705,71013,7692,9.773203735467886,7826,309,15,1622144591,288713814,1910858405,1232177,298056049,0.0
2026-06-26 20:05:31.734335,6190,0,3.0,0,925988,78705,71013,7692,9.773203735467886,7826,309,15,1622144591,288713814,1910858405,1232177,298056049,0.0
2026-06-26 20:05:31.739365,6191,0,3.0,0,925998,78705,71013,7692,9.773203735467886,7826,309,15,1622144591,288713814,1910858405,1232177,298056049,0.0
2026-06-26 20:05:31.744334,6192,0,3.0,0,926008,78705,71013,7692,9.773203735467886,7826,309,15,1622144591,288713814,1910858405,1232177,298056049,0.0
2026-06-26 20:05:31.749351,6193,0,3.0,0,926018,78705,71013,7692,9.773203735467886,7826,309,15,1622144591,288713814,1910858405,1232177,298056049,0.0
2026-06-26 20:05:31.754336,6194,0,3.0,0,926028,78705,71013,7692,9.773203735467886,7826,309,15,1622144591,288713814,1910858405,1232177,298056049,0.0
2026-06-26 20:05:31.759359,6195,0,3.0,0,926038,78705,71013,7692,9.773203735467886,7826,309,15,1622144591,288713814,1910858405,1232177,298056049,0.0
2026-06-26 20:05:31.760426,6196,0,3.0,0,926038,78705,71013,7692,9.773203735467886,7826,309,15,1622144591,288713814,1910858405,1232177,298056049,0.0
2026-06-26 20:05:31.764229,6197,0,3.0,0,926048,78705,71013,7692,9.773203735467886,7826,309,15,1622144591,288713814,1910858405,1232177,298056049,0.0
2026-06-26 20:05:31.870459,6198,0,3.0,0,926058,78705,71013,7692,9.773203735467886,7826,309,15,1622144591,288713814,1910858405,1232177,298056049,0.0
2026-06-26 20:05:31.875453,6199,0,3.0,0,926068,78705,71013,7692,9.773203735467886,7826,309,15,1622144591,288713814,1910858405,1232177,298056049,0.0
2026-06-26 20:05:31.880405,6200,0,3.0,0,926078,78705,71013,7692,9.773203735467886,7826,309,15,1622144591,288713814,1910858405,1232177,298056049,0.0
2026-06-26 20:05:31.885424,6201,0,3.0,0,926088,78705,71013,7692,9.773203735467886,7826,309,15,1622144591,288713814,1910858405,1232177,298056049,0.0
2026-06-26 20:05:31.890407,6202,0,3.0,0,926098,78705,71013,7692,9.773203735467886,7826,309,15,1622144591,288713814,1910858405,1232177,298056049,0.0
2026-06-26 20:05:31.895441,6203,0,3.0,0,926108,78705,71013,7692,9.773203735467886,7826,309,15,1622144591,288713814,1910858405,1232177,298056049,0.0
2026-06-26 20:05:31.900405,6204,0,3.0,0,926118,78705,71013,7692,9.773203735467886,7826,309,15,1622144591,288713814,1910858405,1232177,298056049,0.0
2026-06-26 20:05:31.905424,6205,0,3.0,0,926128,78705,71013,7692,9.773203735467886,7826,309,15,1622144591,288713814,1910858405,1232177,298056049,0.0
2026-06-26 20:05:31.910405,6206,0,3.0,0,926138,78705,71013,7692,9.773203735467886,7826,309,15,1622144591,288713814,1910858405,1232177,298056049,0.0
2026-06-26 20:05:31.915445,6207,0,3.0,0,926148,78705,71013,7692,9.773203735467886,7826,309,15,1622144591,288713814,1910858405,1232177,298056049,0.0
2026-06-26 20:05:31.920405,6208,0,3.0,0,926158,78705,71013,7692,9.773203735467886,7826,309,15,1622144591,288713814,1910858405,1232177,298056049,0.0
2026-06-26 20:05:31.925420,6209,0,3.0,0,926168,78705,71013,7692,9.773203735467886,7826,309,15,1622144591,288713814,1910858405,1232177,298056049,0.0
2026-06-26 20:05:31.930405,6210,0,3.0,0,926178,78705,71013,7692,9.773203735467886,7826,309,15,1622144591,288713814,1910858405,1232177,298056049,0.0
2026-06-26 20:05:31.935442,6211,0,3.0,0,926188,78705,71013,7692,9.773203735467886,7826,309,15,1622144591,288713814,1910858405,1232177,298056049,0.0
2026-06-26 20:05:31.940415,6212,0,3.0,0,926198,78705,71013,7692,9.773203735467886,7826,309,15,1622144591,288713814,1910858405,1232177,298056049,0.0
2026-06-26 20:05:31.945425,6213,0,3.0,0,926208,78705,71013,7692,9.773203735467886,7826,309,15,1622144591,288713814,1910858405,1232177,298056049,0.0
2026-06-26 20:05:31.950404,6214,0,3.0,0,926218,78705,71013,7692,9.773203735467886,7826,309,15,1622144591,288713814,1910858405,1232177,298056049,0.0
2026-06-26 20:05:31.955445,6215,0,3.0,0,926228,78705,71013,7692,9.773203735467886,7826,309,15,1622144591,288713814,1910858405,1232177,298056049,0.0
2026-06-26 20:05:31.960404,6216,0,3.0,0,926238,78705,71013,7692,9.773203735467886,7826,309,15,1622144591,288713814,1910858405,1232177,298056049,0.0
2026-06-26 20:05:31.965422,6217,0,3.0,0,926248,78705,71013,7692,9.773203735467886,7826,309,15,1622144591,288713814,1910858405,1232177,298056049,0.0
2026-06-26 20:05:31.970423,6218,0,3.0,0,926256,78705,71013,7692,9.773203735467886,7826,309,15,1622144591,288713814,1910858405,1232177,298056049,0.0
2026-06-26 20:05:32.026420,6219,0,3.0,0,926266,78705,71013,7692,9.773203735467886,7826,309,15,1622144591,288713814,1910858405,1232177,298056049,0.0
2026-06-26 20:05:32.031355,6220,0,3.0,0,926276,78705,71013,7692,9.773203735467886,7826,309,15,1622144591,288713814,1910858405,1232177,298056049,0.0
2026-06-26 20:05:32.036361,6221,0,3.0,0,926286,78705,71013,7692,9.773203735467886,7826,309,15,1622144591,288713814,1910858405,1232177,298056049,0.0
2026-06-26 20:05:32.041355,6222,0,3.0,0,926296,78705,71013,7692,9.773203735467886,7826,309,15,1622144591,288713814,1910858405,1232177,298056049,0.0
2026-06-26 20:05:32.046379,6223,0,3.0,0,926306,78705,71013,7692,9.773203735467886,7826,309,15,1622144591,288713814,1910858405,1232177,298056049,0.0
2026-06-26 20:05:32.051355,6224,0,3.0,0,926316,78705,71013,7692,9.773203735467886,7826,309,15,1622144591,288713814,1910858405,1232177,298056049,0.0
2026-06-26 20:05:32.056370,6225,0,3.0,0,926326,78705,71013,7692,9.773203735467886,7826,309,15,1622144591,288713814,1910858405,1232177,298056049,0.0
2026-06-26 20:05:32.061355,6226,0,3.0,0,926336,78705,71013,7692,9.773203735467886,7826,309,15,1622144591,288713814,1910858405,1232177,298056049,0.0
2026-06-26 20:05:32.066356,6227,0,3.0,0,926346,78705,71013,7692,9.773203735467886,7826,309,15,1622144591,288713814,1910858405,1232177,298056049,0.0
2026-06-26 20:05:32.071354,6228,0,3.0,0,926356,78705,71013,7692,9.773203735467886,7826,309,15,1622144591,288713814,1910858405,1232177,298056049,0.0
2026-06-26 20:05:32.076363,6229,0,3.0,0,926366,78705,71013,7692,9.773203735467886,7826,309,15,1622144591,288713814,1910858405,1232177,298056049,0.0
2026-06-26 20:05:32.081356,6230,0,3.0,0,926376,78705,71013,7692,9.773203735467886,7826,309,15,1622144591,288713814,1910858405,1232177,298056049,0.0
2026-06-26 20:05:32.086358,6231,0,3.0,0,926386,78705,71013,7692,9.773203735467886,7826,309,15,1622144591,288713814,1910858405,1232177,298056049,0.0
2026-06-26 20:05:32.091357,6232,0,3.0,0,926396,78705,71013,7692,9.773203735467886,7826,309,15,1622144591,288713814,1910858405,1232177,298056049,0.0
2026-06-26 20:05:32.096394,6233,0,3.0,0,926406,78705,71013,7692,9.773203735467886,7826,309,15,1622144591,288713814,1910858405,1232177,298056049,0.0
2026-06-26 20:05:32.101357,6234,0,3.0,0,926416,78705,71013,7692,9.773203735467886,7826,309,15,1622144591,288713814,1910858405,1232177,298056049,0.0
2026-06-26 20:05:32.106359,6235,0,3.0,0,926426,78705,71013,7692,9.773203735467886,7826,309,15,1622144591,288713814,1910858405,1232177,298056049,0.0
2026-06-26 20:05:32.111356,6236,0,3.0,0,926436,78705,71013,7692,9.773203735467886,7826,309,15,1622144591,288713814,1910858405,1232177,298056049,0.0
2026-06-26 20:05:32.116365,6237,0,3.0,0,926446,78705,71013,7692,9.773203735467886,7826,309,15,1622144591,288713814,1910858405,1232177,298056049,0.0
2026-06-26 20:05:32.121357,6238,0,3.0,0,926456,78705,71013,7692,9.773203735467886,7826,309,15,1622144591,288713814,1910858405,1232177,298056049,0.0
2026-06-26 20:05:32.126359,6239,0,3.0,0,926466,78705,71013,7692,9.773203735467886,7826,309,15,1622144591,288713814,1910858405,1232177,298056049,0.0
2026-06-26 20:05:32.130421,6240,0,3.0,0,926472,78705,71013,7692,9.773203735467886,7826,309,15,1622144591,288713814,1910858405,1232177,298056049,0.0
2026-06-26 20:05:32.186434,6241,0,3.0,0,926482,78705,71013,7692,9.773203735467886,7826,309,15,1622144591,288713814,1910858405,1232177,298056049,0.0
2026-06-26 20:05:32.191373,6242,0,3.0,0,926492,78705,71013,7692,9.773203735467886,7826,309,15,1622144591,288713814,1910858405,1232177,298056049,0.0
2026-06-26 20:05:32.196376,6243,0,3.0,0,926502,78705,71013,7692,9.773203735467886,7826,309,15,1622144591,288713814,1910858405,1232177,298056049,0.0
2026-06-26 20:05:32.201355,6244,0,3.0,0,926512,78705,71013,7692,9.773203735467886,7826,309,15,1622144591,288713814,1910858405,1232177,298056049,0.0
2026-06-26 20:05:32.206358,6245,0,3.0,0,926522,78705,71013,7692,9.773203735467886,7826,309,15,1622144591,288713814,1910858405,1232177,298056049,0.0
2026-06-26 20:05:32.211355,6246,0,3.0,0,926532,78705,71013,7692,9.773203735467886,7826,309,15,1622144591,288713814,1910858405,1232177,298056049,0.0
2026-06-26 20:05:32.216367,6247,0,3.0,0,926542,78705,71013,7692,9.773203735467886,7826,309,15,1622144591,288713814,1910858405,1232177,298056049,0.0
2026-06-26 20:05:32.221355,6248,0,3.0,0,926552,78705,71013,7692,9.773203735467886,7826,309,15,1622144591,288713814,1910858405,1232177,298056049,0.0
2026-06-26 20:05:32.226357,6249,0,3.0,0,926562,78705,71013,7692,9.773203735467886,7826,309,15,1622144591,288713814,1910858405,1232177,298056049,0.0
2026-06-26 20:05:32.231354,6250,0,3.0,0,926572,78705,71013,7692,9.773203735467886,7826,309,15,1622144591,288713814,1910858405,1232177,298056049,0.0
2026-06-26 20:05:32.236362,6251,0,3.0,0,926582,78705,71013,7692,9.773203735467886,7826,309,15,1622144591,288713814,1910858405,1232177,298056049,0.0
2026-06-26 20:05:32.241355,6252,0,3.0,0,926592,78705,71013,7692,9.773203735467886,7826,309,15,1622144591,288713814,1910858405,1232177,298056049,0.0
2026-06-26 20:05:32.246372,6253,0,3.0,0,926602,78705,71013,7692,9.773203735467886,7826,309,15,1622144591,288713814,1910858405,1232177,298056049,0.0
2026-06-26 20:05:32.251354,6254,0,3.0,0,926612,78705,71013,7692,9.773203735467886,7826,309,15,1622144591,288713814,1910858405,1232177,298056049,0.0
2026-06-26 20:05:32.256377,6255,0,3.0,0,926622,78705,71013,7692,9.773203735467886,7826,309,15,1622144591,288713814,1910858405,1232177,298056049,0.0
2026-06-26 20:05:32.261357,6256,0,3.0,0,926632,78705,71013,7692,9.773203735467886,7826,309,15,1622144591,288713814,1910858405,1232177,298056049,0.0
2026-06-26 20:05:32.266358,6257,0,3.0,0,926642,78705,71013,7692,9.773203735467886,7826,309,15,1622144591,288713814,1910858405,1232177,298056049,0.0
2026-06-26 20:05:32.271358,6258,0,3.0,0,926652,78705,71013,7692,9.773203735467886,7826,309,15,1622144591,288713814,1910858405,1232177,298056049,0.0
2026-06-26 20:05:32.276366,6259,0,3.0,0,926662,78705,71013,7692,9.773203735467886,7826,309,15,1622144591,288713814,1910858405,1232177,298056049,0.0
2026-06-26 20:05:32.281358,6260,0,3.0,0,926672,78705,71013,7692,9.773203735467886,7826,309,15,1622144591,288713814,1910858405,1232177,298056049,0.0
2026-06-26 20:05:32.286360,6261,0,3.0,0,926682,78705,71013,7692,9.773203735467886,7826,309,15,1622144591,288713814,1910858405,1232177,298056049,0.0
2026-06-26 20:05:32.290797,6262,0,3.0,0,926690,78705,71013,7692,9.773203735467886,7826,309,15,1622144591,288713814,1910858405,1232177,298056049,0.0
2026-06-26 20:05:32.347529,6263,0,3.0,0,926700,78705,71013,7692,9.773203735467886,7826,309,15,1622144591,288713814,1910858405,1232177,298056049,0.0
2026-06-26 20:05:32.352529,6264,0,3.0,0,926710,78705,71013,7692,9.773203735467886,7826,309,15,1622144591,288713814,1910858405,1232177,298056049,0.0
2026-06-26 20:05:32.356375,6265,0,3.0,0,926716,78705,71013,7692,9.773203735467886,7826,309,15,1622144591,288713814,1910858405,1232177,298056049,0.0
2026-06-26 20:05:32.507529,6266,0,3.0,0,926726,78705,71013,7692,9.773203735467886,7826,309,15,1622144591,288713814,1910858405,1232177,298056049,0.0
2026-06-26 20:05:32.512531,6267,0,3.0,0,926736,78705,71013,7692,9.773203735467886,7826,309,15,1622144591,288713814,1910858405,1232177,298056049,0.0
2026-06-26 20:05:32.517521,6268,0,3.0,0,926746,78705,71013,7692,9.773203735467886,7826,309,15,1622144591,288713814,1910858405,1232177,298056049,0.0
2026-06-26 20:05:32.522519,6269,0,3.0,0,926756,78705,71013,7692,9.773203735467886,7826,309,15,1622144591,288713814,1910858405,1232177,298056049,0.0
2026-06-26 20:05:32.527517,6270,0,3.0,0,926766,78705,71013,7692,9.773203735467886,7826,309,15,1622144591,288713814,1910858405,1232177,298056049,0.0
2026-06-26 20:05:32.532519,6271,0,3.0,0,926776,78705,71013,7692,9.773203735467886,7826,309,15,1622144591,288713814,1910858405,1232177,298056049,0.0
2026-06-26 20:05:32.537520,6272,0,3.0,0,926786,78705,71013,7692,9.773203735467886,7826,309,15,1622144591,288713814,1910858405,1232177,298056049,0.0
2026-06-26 20:05:32.542518,6273,0,3.0,0,926796,78705,71013,7692,9.773203735467886,7826,309,15,1622144591,288713814,1910858405,1232177,298056049,0.0
2026-06-26 20:05:32.547530,6274,0,3.0,0,926806,78705,71013,7692,9.773203735467886,7826,309,15,1622144591,288713814,1910858405,1232177,298056049,0.0
2026-06-26 20:05:32.552521,6275,0,3.0,0,926816,78705,71013,7692,9.773203735467886,7826,309,15,1622144591,288713814,1910858405,1232177,298056049,0.0
2026-06-26 20:05:32.557518,6276,0,3.0,0,926826,78705,71013,7692,9.773203735467886,7826,309,15,1622144591,288713814,1910858405,1232177,298056049,0.0
2026-06-26 20:05:32.562528,6277,0,3.0,0,926836,78705,71013,7692,9.773203735467886,7826,309,15,1622144591,288713814,1910858405,1232177,298056049,0.0
2026-06-26 20:05:32.567519,6278,0,3.0,0,926846,78705,71013,7692,9.773203735467886,7826,309,15,1622144591,288713814,1910858405,1232177,298056049,0.0
2026-06-26 20:05:32.572522,6279,0,3.0,0,926856,78705,71013,7692,9.773203735467886,7826,309,15,1622144591,288713814,1910858405,1232177,298056049,0.0
2026-06-26 20:05:32.577533,6280,0,3.0,0,926866,78705,71013,7692,9.773203735467886,7826,309,15,1622144591,288713814,1910858405,1232177,298056049,0.0
2026-06-26 20:05:32.582528,6281,0,3.0,0,926876,78705,71013,7692,9.773203735467886,7826,309,15,1622144591,288713814,1910858405,1232177,298056049,0.0
2026-06-26 20:05:32.587521,6282,0,3.0,0,926886,78705,71013,7692,9.773203735467886,7826,309,15,1622144591,288713814,1910858405,1232177,298056049,0.0
2026-06-26 20:05:32.592525,6283,0,3.0,0,926896,78705,71013,7692,9.773203735467886,7826,309,15,1622144591,288713814,1910858405,1232177,298056049,0.0
2026-06-26 20:05:32.597521,6284,0,3.0,0,926906,78705,71013,7692,9.773203735467886,7826,309,15,1622144591,288713814,1910858405,1232177,298056049,0.0
2026-06-26 20:05:32.602520,6285,0,3.0,0,926916,78705,71013,7692,9.773203735467886,7826,309,15,1622144591,288713814,1910858405,1232177,298056049,0.0
2026-06-26 20:05:32.607519,6286,0,3.0,0,926926,78705,71013,7692,9.773203735467886,7826,309,15,1622144591,288713814,1910858405,1232177,298056049,0.0
2026-06-26 20:05:32.610801,6287,0,3.0,0,926932,78705,71013,7692,9.773203735467886,7826,309,15,1622144591,288713814,1910858405,1232177,298056049,0.0
2026-06-26 20:05:32.667532,6288,0,3.0,0,926942,78705,71013,7692,9.773203735467886,7826,309,15,1622144591,288713814,1910858405,1232177,298056049,0.0
2026-06-26 20:05:32.672519,6289,0,3.0,0,926952,78705,71013,7692,9.773203735467886,7826,309,15,1622144591,288713814,1910858405,1232177,298056049,0.0
2026-06-26 20:05:32.676376,6290,0,3.0,0,926958,78705,71013,7692,9.773203735467886,7826,309,15,1622144591,288713814,1910858405,1232177,298056049,0.0
2026-06-26 20:05:32.827529,6291,0,3.0,0,926968,78705,71013,7692,9.773203735467886,7826,309,15,1622144591,288713814,1910858405,1232177,298056049,0.0
2026-06-26 20:05:32.832520,6292,0,3.0,0,926978,78705,71013,7692,9.773203735467886,7826,309,15,1622144591,288713814,1910858405,1232177,298056049,0.0
2026-06-26 20:05:32.836371,6293,0,3.0,0,926984,78705,71013,7692,9.773203735467886,7826,309,15,1622144591,288713814,1910858405,1232177,298056049,0.0
2026-06-26 20:05:32.986436,6294,0,3.0,0,926994,78705,71013,7692,9.773203735467886,7826,309,15,1622144591,288713814,1910858405,1232177,298056049,0.0
2026-06-26 20:05:32.991355,6295,0,3.0,0,927004,78706,71014,7692,9.773079561913958,7826,309,15,1622145295,288713814,1910859109,1232211,298056049,1.1449481601951617
2026-06-26 20:05:32.996400,6296,0,3.0,0,927014,78706,71014,7692,9.773079561913958,7826,309,15,1622145295,288713814,1910859109,1232211,298056049,0.0
2026-06-26 20:05:33.001355,6297,0,3.0,0,927024,78706,71014,7692,9.773079561913958,7826,309,15,1622145295,288713814,1910859109,1232211,298056049,0.0
2026-06-26 20:05:33.006361,6298,0,3.0,0,927034,78706,71014,7692,9.773079561913958,7826,309,15,1622145295,288713814,1910859109,1232211,298056049,0.0
2026-06-26 20:05:33.011352,6299,0,3.0,0,927044,78706,71014,7692,9.773079561913958,7826,309,15,1622145295,288713814,1910859109,1232211,298056049,0.0
2026-06-26 20:05:33.016366,6300,0,3.0,0,927054,78706,71014,7692,9.773079561913958,7826,309,15,1622145295,288713814,1910859109,1232211,298056049,0.0
2026-06-26 20:05:33.021353,6301,0,3.0,0,927064,78707,71015,7692,9.772955391515367,7826,309,15,1622145323,288713814,1910859137,1232234,298056049,0.04491678363745739
2026-06-26 20:05:33.026359,6302,0,3.0,0,927074,78707,71015,7692,9.772955391515367,7826,309,15,1622145323,288713814,1910859137,1232234,298056049,0.0
2026-06-26 20:05:33.031361,6303,0,3.0,0,927084,78707,71015,7692,9.772955391515367,7826,309,15,1622145323,288713814,1910859137,1232234,298056049,0.0
2026-06-26 20:05:33.036364,6304,0,3.0,0,927094,78707,71015,7692,9.772955391515367,7826,309,15,1622145323,288713814,1910859137,1232234,298056049,0.0
2026-06-26 20:05:33.041359,6305,0,3.0,0,927104,78708,71016,7692,9.772831224271993,7826,309,15,1622145351,288713814,1910859165,1232252,298056049,0.04484484484484484
2026-06-26 20:05:33.046371,6306,0,3.0,0,927114,78708,71016,7692,9.772831224271993,7826,309,15,1622145351,288713814,1910859165,1232252,298056049,0.0
2026-06-26 20:05:33.051355,6307,0,3.0,0,927124,78709,71017,7692,9.772707060183714,7826,309,15,1622145652,288713814,1910859466,1232282,298056049,0.48314606741573035
2026-06-26 20:05:33.056360,6308,0,3.0,0,927134,78709,71017,7692,9.772707060183714,7826,309,15,1622145652,288713814,1910859466,1232282,298056049,0.0
2026-06-26 20:05:33.061357,6309,0,3.0,0,927144,78710,71018,7692,9.772582899250413,7826,309,15,1622145680,288713814,1910859494,1232305,298056049,0.044826896137682606
2026-06-26 20:05:33.066357,6310,0,3.0,0,927154,78710,71018,7692,9.772582899250413,7826,309,15,1622145680,288713814,1910859494,1232305,298056049,0.0
2026-06-26 20:05:33.071354,6311,0,3.0,0,927164,78710,71018,7692,9.772582899250413,7826,309,15,1622145680,288713814,1910859494,1232305,298056049,0.0
2026-06-26 20:05:33.076361,6312,0,3.0,0,927174,78710,71018,7692,9.772582899250413,7826,309,15,1622145680,288713814,1910859494,1232305,298056049,0.0
2026-06-26 20:05:33.081362,6313,0,3.0,0,927184,78710,71018,7692,9.772582899250413,7826,309,15,1622145680,288713814,1910859494,1232305,298056049,0.0
2026-06-26 20:05:33.086358,6314,0,3.0,0,927194,78710,71018,7692,9.772582899250413,7826,309,15,1622145680,288713814,1910859494,1232305,298056049,0.0
2026-06-26 20:05:33.091353,6315,0,3.0,0,927204,78710,71018,7692,9.772582899250413,7826,309,15,1622145680,288713814,1910859494,1232305,298056049,0.0
2026-06-26 20:05:33.096372,6316,0,3.0,0,927214,78710,71018,7692,9.772582899250413,7826,309,15,1622145680,288713814,1910859494,1232305,298056049,0.0
2026-06-26 20:05:33.101358,6317,0,3.0,0,927224,78710,71018,7692,9.772582899250413,7826,309,15,1622145680,288713814,1910859494,1232305,298056049,0.0
